Workbook

Sheet REKAPITULASI
A1: BAGIAN PEREKONOMIAN DAN SUMBER DAYA ALAM
A2: LAPORAN HARGA BAHAN POKOK DI KOTA SURABAYA
A3: PERIODE PEBRUARI 2023
B4: NAMA BAHAN POKOK DAN PENTING LAINNYA | C4: SAT | AF4: HET/HAPK (Harga Eceran Tertinggi) | AG4: FLUKTUASI
D5: 1 | E5: 2 | F5: 3 | G5: 4 | H5: 5 | I5: 6 | J5: 7 | K5: 8 | L5: 9 | M5: 10 | N5: 11 | O5: 12 | P5: 13 | Q5: 14 | R5: 15 | S5: 16 | T5: 17 | U5: 18 | V5: 19 | W5: 20 | X5: 21 | Y5: 22 | Z5: 23 | AA5: 24 | AB5: 25 | AC5: 26 | AD5: 27 | AE5: 28
A7: 1 | B7: BERAS
B8: - Beras IR.64 Kwalitas I | C8: Kg | D8: ='1'!K8 -> 12542.857 | E8: ='2'!K8 -> 12542.857 | F8: ='3'!K8 -> 12685.714 | G8: ='4'!K8 -> 12685.714 | H8: ='5'!K8 -> 12685.714 | I8: ='6'!K8 -> 12900 | J8: ='7'!K8 -> 12900 | K8: ='8'!K8 -> 12900 | L8: ='9'!K8 -> 12900 | M8: ='10'!K8 -> 12971.429 | N8: ='11'!K8 -> 12971.429 | O8: ='12'!K8 -> 12828.571 | P8: ='13'!K8 -> 13114.286 | Q8: ='14'!K8 -> 13257.143 | R8: ='15'!K8 -> 13257.143 | S8: ='16'!K8 -> 13328.571 | T8: ='17'!K8 -> 13328.571 | U8: ='18'!K8 -> 13400 | V8: ='19'!K8 -> 13400 | W8: ='20'!K8 -> 13328.571 | X8: ='21'!K8 -> 13328.571 | Y8: ='22'!K8 -> 13328.571 | Z8: ='23'!K8 -> 13328.571 | AA8: ='24'!K8 -> 13328.571 | AB8: ='25'!K8 -> 13328.571 | AC8: ='26'!K8 -> 13328.571 | AD8: ='27'!K8 -> 13328.571 | AE8: ='28'!K8 -> 13328.571 | AF8: 12800 | AG8: =AE8-D8 -> 785.71429 | AH8: =AVERAGE(D8:AE8) -> 13091.327
B9: - Beras IR.64 Kwalitas II | C9: Kg | D9: ='1'!K9 -> 11428.571 | E9: ='2'!K9 -> 11428.571 | F9: ='3'!K9 -> 11500 | G9: ='4'!K9 -> 11357.143 | H9: ='5'!K9 -> 11357.143 | I9: ='6'!K9 -> 11714.286 | J9: ='7'!K9 -> 11714.286 | K9: ='8'!K9 -> 11928.571 | L9: ='9'!K9 -> 11928.571 | M9: ='10'!K9 -> 12000 | N9: ='11'!K9 -> 11714.286 | O9: ='12'!K9 -> 9035.7143 | P9: ='13'!K9 -> 8971.4286 | Q9: ='14'!K9 -> 8971.4286 | R9: ='15'!K9 -> 8971.4286 | S9: ='16'!K9 -> 9028.5714 | T9: ='17'!K9 -> 8971.4286 | U9: ='18'!K9 -> 8971.4286 | V9: ='19'!K9 -> 8971.4286 | W9: ='20'!K9 -> 8971.4286 | X9: ='21'!K9 -> 8971.4286 | Y9: ='22'!K9 -> 8971.4286 | Z9: ='23'!K9 -> 8971.4286 | AA9: ='24'!K9 -> 8971.4286 | AB9: ='25'!K9 -> 8971.4286 | AC9: ='26'!K9 -> 8971.4286 | AD9: ='27'!K9 -> 8971.4286 | AE9: ='28'!K9 -> 8971.4286 | AG9: =AE9-D9 -> -2457.1429 | AH9: =AVERAGE(D9:AE9) -> 10025.255
B10: - Beras IR.64 Kwalitas III | C10: Kg | D10: ='1'!K10 -> 10575 | E10: ='2'!K10 -> 10575 | F10: ='3'!K10 -> 10741.667 | G10: ='4'!K10 -> 6908.3333 | H10: ='5'!K10 -> 8741.6667 | I10: ='6'!K10 -> 7158.3333 | J10: ='7'!K10 -> 7158.3333 | K10: ='8'!K10 -> 7158.3333 | L10: ='9'!K10 -> 7158.3333 | M10: ='10'!K10 -> 7757.1429 | N10: ='11'!K10 -> 7757.1429 | O10: ='12'!K10 -> 9500 | P10: ='13'!K10 -> 9500 | Q10: ='14'!K10 -> 9500 | R10: ='15'!K10 -> 9500 | S10: ='16'!K10 -> 9500 | T10: ='17'!K10 -> 9500 | U10: ='18'!K10 -> 9500 | V10: ='19'!K10 -> 9500 | W10: ='20'!K10 -> 9500 | X10: ='21'!K10 -> 9500 | Y10: ='22'!K10 -> 9500 | Z10: ='23'!K10 -> 9500 | AA10: ='24'!K10 -> 9500 | AB10: ='25'!K10 -> 9500 | AC10: ='26'!K10 -> 9500 | AD10: ='27'!K10 -> 9500 | AE10: ='28'!K10 -> 9500 | AF10: 9450 | AG10: =AE10-D10 -> -1075 | AH10: =AVERAGE(D10:AE10) -> 9042.4745
B11: - Beras Jagung | C11: Kg | D11: ='1'!K11 -> 10000 | E11: ='2'!K11 -> 10000 | F11: ='3'!K11 -> 10000 | G11: ='4'!K11 -> 10000 | H11: ='5'!K11 -> 10000 | I11: ='6'!K11 -> 10000 | J11: ='7'!K11 -> 10000 | K11: ='8'!K11 -> 10000 | L11: ='9'!K11 -> 10000 | M11: ='10'!K11 -> 10333.333 | N11: ='11'!K11 -> 10333.333 | O11: ='12'!K11 -> 20000 | P11: ='13'!K11 -> 20000 | Q11: ='14'!K11 -> 20000 | R11: ='15'!K11 -> 20000 | S11: ='16'!K11 -> 20000 | T11: ='17'!K11 -> 20000 | U11: ='18'!K11 -> 20000 | V11: ='19'!K11 -> 20000 | W11: ='20'!K11 -> 20000 | X11: ='21'!K11 -> 20000 | Y11: ='22'!K11 -> 20000 | Z11: ='23'!K11 -> 20000 | AA11: ='24'!K11 -> 20000 | AB11: ='25'!K11 -> 20000 | AC11: ='26'!K11 -> 20000 | AD11: ='27'!K11 -> 20000 | AE11: ='28'!K11 -> 20000 | AG11: =AE11-D11 -> 10000 | AH11: =AVERAGE(D11:AE11) -> 16095.238
B12: - Beras Ketan (Jenis Siyem) | C12: Kg | D12: ='1'!K12 -> 19250 | E12: ='2'!K12 -> 19250 | F12: ='3'!K12 -> 19250 | G12: ='4'!K12 -> 19250 | H12: ='5'!K12 -> 19250 | I12: ='6'!K12 -> 19250 | J12: ='7'!K12 -> 19250 | K12: ='8'!K12 -> 19750 | L12: ='9'!K12 -> 19750 | M12: ='10'!K12 -> 19750 | N12: ='11'!K12 -> 19750 | O12: ='12'!K12 -> 0 | P12: ='13'!K12 -> 0 | Q12: ='14'!K12 -> 0 | R12: ='15'!K12 -> 0 | S12: ='16'!K12 -> 0 | T12: ='17'!K12 -> 0 | U12: ='18'!K12 -> 0 | V12: ='19'!K12 -> 0 | W12: ='20'!K12 -> 0 | X12: ='21'!K12 -> 0 | Y12: ='22'!K12 -> 0 | Z12: ='23'!K12 -> 0 | AA12: ='24'!K12 -> 0 | AB12: ='25'!K12 -> 0 | AC12: ='26'!K12 -> 0 | AD12: ='27'!K12 -> 0 | AE12: ='28'!K12 -> 0 | AG12: =AE12-D12 -> -19250 | AH12: =AVERAGE(D12:AE12) -> 7633.9286
A13: 2 | B13: GULA | D13: ='1'!K13 -> 0 | E13: ='2'!K13 -> 0 | F13: ='3'!K13 -> 0 | G13: ='4'!K13 -> 0 | H13: ='5'!K13 -> 0 | I13: ='6'!K13 -> 0 | J13: ='7'!K13 -> 0 | K13: ='8'!K13 -> 0 | L13: ='9'!K13 -> 0 | M13: ='10'!K13 -> 0 | N13: ='11'!K13 -> 0 | O13: ='12'!K13 -> 13071.429 | P13: ='13'!K13 -> 13071.429 | Q13: ='14'!K13 -> 13071.429 | R13: ='15'!K13 -> 13000 | S13: ='16'!K13 -> 13000 | T13: ='17'!K13 -> 13000 | U13: ='18'!K13 -> 13000 | V13: ='19'!K13 -> 13000 | W13: ='20'!K13 -> 13000 | X13: ='21'!K13 -> 13071.429 | Y13: ='22'!K13 -> 13000 | Z13: ='23'!K13 -> 13000 | AA13: ='24'!K13 -> 13000 | AB13: ='25'!K13 -> 13000 | AC13: ='26'!K13 -> 13000 | AD13: ='27'!K13 -> 13000 | AE13: ='28'!K13 -> 13000 | AG13: =AE13-D13 -> 13000 | AH13: =AVERAGE(D13:AE13) -> 7903.0612
B14: Gula Pasir Lokal Curah | C14: Kg | D14: ='1'!K14 -> 13142.857 | E14: ='2'!K14 -> 13142.857 | F14: ='3'!K14 -> 13142.857 | G14: ='4'!K14 -> 13142.857 | H14: ='5'!K14 -> 13142.857 | I14: ='6'!K14 -> 13142.857 | J14: ='7'!K14 -> 13142.857 | K14: ='8'!K14 -> 13142.857 | L14: ='9'!K14 -> 13142.857 | M14: ='10'!K14 -> 13071.429 | N14: ='11'!K14 -> 13071.429 | O14: ='12'!K14 -> 16142.857 | P14: ='13'!K14 -> 16142.857 | Q14: ='14'!K14 -> 16142.857 | R14: ='15'!K14 -> 16142.857 | S14: ='16'!K14 -> 16142.857 | T14: ='17'!K14 -> 16142.857 | U14: ='18'!K14 -> 16142.857 | V14: ='19'!K14 -> 16142.857 | W14: ='20'!K14 -> 16142.857 | X14: ='21'!K14 -> 16142.857 | Y14: ='22'!K14 -> 16142.857 | Z14: ='23'!K14 -> 16142.857 | AA14: ='24'!K14 -> 16142.857 | AB14: ='25'!K14 -> 16142.857 | AC14: ='26'!K14 -> 16142.857 | AD14: ='27'!K14 -> 16142.857 | AE14: ='28'!K14 -> 16142.857 | AF14: 13500 | AG14: =AE14-D14 -> 3000 | AH14: =AVERAGE(D14:AE14) -> 14959.184
B15: - Gula Jawa/Merah (Bahan Kelapa) | C15: Kg | D15: ='1'!K15 -> 16285.714 | E15: ='2'!K15 -> 16285.714 | F15: ='3'!K15 -> 16142.857 | G15: ='4'!K15 -> 16142.857 | H15: ='5'!K15 -> 16142.857 | I15: ='6'!K15 -> 16142.857 | J15: ='7'!K15 -> 16142.857 | K15: ='8'!K15 -> 16142.857 | L15: ='9'!K15 -> 16142.857 | M15: ='10'!K15 -> 16142.857 | N15: ='11'!K15 -> 16142.857 | O15: ='12'!K15 -> 0 | P15: ='13'!K15 -> 0 | Q15: ='14'!K15 -> 0 | R15: ='15'!K15 -> 0 | S15: ='16'!K15 -> 0 | T15: ='17'!K15 -> 0 | U15: ='18'!K15 -> 0 | V15: ='19'!K15 -> 0 | W15: ='20'!K15 -> 0 | X15: ='21'!K15 -> 0 | Y15: ='22'!K15 -> 0 | Z15: ='23'!K15 -> 0 | AA15: ='24'!K15 -> 0 | AB15: ='25'!K15 -> 0 | AC15: ='26'!K15 -> 0 | AD15: ='27'!K15 -> 0 | AE15: ='28'!K15 -> 0 | AG15: =AE15-D15 -> -16285.714 | AH15: =AVERAGE(D15:AE15) -> 6352.0408
B16: MINYAK GORENG | D16: ='1'!K16 -> 0 | E16: ='2'!K16 -> 0 | F16: ='3'!K16 -> 0 | G16: ='4'!K16 -> 0 | H16: ='5'!K16 -> 0 | I16: ='6'!K16 -> 0 | J16: ='7'!K16 -> 0 | K16: ='8'!K16 -> 0 | L16: ='9'!K16 -> 0 | M16: ='10'!K16 -> 0 | N16: ='11'!K16 -> 0 | O16: ='12'!K16 -> 16000 | P16: ='13'!K16 -> 15357.143 | Q16: ='14'!K16 -> 15357.143 | R16: ='15'!K16 -> 15071.429 | S16: ='16'!K16 -> 15071.429 | T16: ='17'!K16 -> 15071.429 | U16: ='18'!K16 -> 15071.429 | V16: ='19'!K16 -> 15071.429 | W16: ='20'!K16 -> 15071.429 | X16: ='21'!K16 -> 15071.429 | Y16: ='22'!K16 -> 15142.857 | Z16: ='23'!K16 -> 15142.857 | AA16: ='24'!K16 -> 15142.857 | AB16: ='25'!K16 -> 15142.857 | AC16: ='26'!K16 -> 15142.857 | AD16: ='27'!K16 -> 15357.143 | AE16: ='28'!K16 -> 15428.571 | AG16: =AE16-D16 -> 15428.571 | AH16: =AVERAGE(D16:AE16) -> 9239.7959
B17: - Minyak Goreng Curah (Bening) | C17: Kg | D17: ='1'!K17 -> 16214.286 | E17: ='2'!K17 -> 16214.286 | F17: ='3'!K17 -> 16214.286 | G17: ='4'!K17 -> 16214.286 | H17: ='5'!K17 -> 16214.286 | I17: ='6'!K17 -> 16071.429 | J17: ='7'!K17 -> 16071.429 | K17: ='8'!K17 -> 16000 | L17: ='9'!K17 -> 16000 | M17: ='10'!K17 -> 16000 | N17: ='11'!K17 -> 16000 | O17: ='12'!K17 -> 14000 | P17: ='13'!K17 -> 14000 | Q17: ='14'!K17 -> 14000 | R17: ='15'!K17 -> 14000 | S17: ='16'!K17 -> 14000 | T17: ='17'!K17 -> 14000 | U17: ='18'!K17 -> 14000 | V17: ='19'!K17 -> 14000 | W17: ='20'!K17 -> 14000 | X17: ='21'!K17 -> 14000 | Y17: ='22'!K17 -> 14000 | Z17: ='23'!K17 -> 14000 | AA17: ='24'!K17 -> 14000 | AB17: ='25'!K17 -> 14000 | AC17: ='26'!K17 -> 14000 | AD17: ='27'!K17 -> 14000 | AE17: ='28'!K17 -> 14000 | AF17: 15500 | AG17: =AE17-D17 -> -2214.2857 | AH17: =AVERAGE(D17:AE17) -> 14829.082
A18: 4 | B18: MENTEGA | D18: ='1'!K18 -> 0 | E18: ='2'!K18 -> 0 | F18: ='3'!K18 -> 0 | G18: ='4'!K18 -> 0 | H18: ='5'!K18 -> 0 | I18: ='6'!K18 -> 0 | J18: ='7'!K18 -> 0 | K18: ='8'!K18 -> 0 | L18: ='9'!K18 -> 0 | M18: ='10'!K18 -> 0 | N18: ='11'!K18 -> 0 | O18: ='12'!K18 -> 0 | P18: ='13'!K18 -> 0 | Q18: ='14'!K18 -> 0 | R18: ='15'!K18 -> 0 | S18: ='16'!K18 -> 0 | T18: ='17'!K18 -> 0 | U18: ='18'!K18 -> 0 | V18: ='19'!K18 -> 0 | W18: ='20'!K18 -> 0 | X18: ='21'!K18 -> 0 | Y18: ='22'!K18 -> 0 | Z18: ='23'!K18 -> 0 | AA18: ='24'!K18 -> 0 | AB18: ='25'!K18 -> 0 | AC18: ='26'!K18 -> 0 | AD18: ='27'!K18 -> 0 | AE18: ='28'!K18 -> 0 | AG18: =AE18-D18 -> 0 | AH18: =AVERAGE(D18:AE18) -> 0
B19: - Mentega Curah (Amanda) | C19: Kg | D19: ='1'!K19 -> 19000 | E19: ='2'!K19 -> 19000 | F19: ='3'!K19 -> 19000 | G19: ='4'!K19 -> 19000 | H19: ='5'!K19 -> 19000 | I19: ='6'!K19 -> 19000 | J19: ='7'!K19 -> 19000 | K19: ='8'!K19 -> 19000 | L19: ='9'!K19 -> 19000 | M19: ='10'!K19 -> 19000 | N19: ='11'!K19 -> 19000 | O19: ='12'!K19 -> 19000 | P19: ='13'!K19 -> 19000 | Q19: ='14'!K19 -> 19000 | R19: ='15'!K19 -> 19000 | S19: ='16'!K19 -> 19000 | T19: ='17'!K19 -> 19000 | U19: ='18'!K19 -> 19000 | V19: ='19'!K19 -> 19000 | W19: ='20'!K19 -> 19000 | X19: ='21'!K19 -> 19000 | Y19: ='22'!K19 -> 19000 | Z19: ='23'!K19 -> 19000 | AA19: ='24'!K19 -> 19000 | AB19: ='25'!K19 -> 19000 | AC19: ='26'!K19 -> 19000 | AD19: ='27'!K19 -> 19000 | AE19: ='28'!K19 -> 19000 | AG19: =AE19-D19 -> 0 | AH19: =AVERAGE(D19:AE19) -> 19000
A20: 5 | B20: DAGING | D20: ='1'!K20 -> 0 | E20: ='2'!K20 -> 0 | F20: ='3'!K20 -> 0 | G20: ='4'!K20 -> 0 | H20: ='5'!K20 -> 0 | I20: ='6'!K20 -> 0 | J20: ='7'!K20 -> 0 | K20: ='8'!K20 -> 0 | L20: ='9'!K20 -> 0 | M20: ='10'!K20 -> 0 | N20: ='11'!K20 -> 0 | O20: ='12'!K20 -> 0 | P20: ='13'!K20 -> 0 | Q20: ='14'!K20 -> 0 | R20: ='15'!K20 -> 0 | S20: ='16'!K20 -> 0 | T20: ='17'!K20 -> 0 | U20: ='18'!K20 -> 0 | V20: ='19'!K20 -> 0 | W20: ='20'!K20 -> 0 | X20: ='21'!K20 -> 0 | Y20: ='22'!K20 -> 0 | Z20: ='23'!K20 -> 0 | AA20: ='24'!K20 -> 0 | AB20: ='25'!K20 -> 0 | AC20: ='26'!K20 -> 0 | AD20: ='27'!K20 -> 0 | AE20: ='28'!K20 -> 0 | AG20: =AE20-D20 -> 0 | AH20: =AVERAGE(D20:AE20) -> 0
B21: - Daging Sapi Grade Atas | C21: Kg | D21: ='1'!K21 -> 118142.86 | E21: ='2'!K21 -> 118142.86 | F21: ='3'!K21 -> 118142.86 | G21: ='4'!K21 -> 118142.86 | H21: ='5'!K21 -> 118142.86 | I21: ='6'!K21 -> 118142.86 | J21: ='7'!K21 -> 118142.86 | K21: ='8'!K21 -> 118142.86 | L21: ='9'!K21 -> 118142.86 | M21: ='10'!K21 -> 118142.86 | N21: ='11'!K21 -> 118142.86 | O21: ='12'!K21 -> 118142.86 | P21: ='13'!K21 -> 118142.86 | Q21: ='14'!K21 -> 118142.86 | R21: ='15'!K21 -> 118142.86 | S21: ='16'!K21 -> 118142.86 | T21: ='17'!K21 -> 118142.86 | U21: ='18'!K21 -> 118142.86 | V21: ='19'!K21 -> 118142.86 | W21: ='20'!K21 -> 118142.86 | X21: ='21'!K21 -> 118142.86 | Y21: ='22'!K21 -> 118142.86 | Z21: ='23'!K21 -> 118142.86 | AA21: ='24'!K21 -> 118142.86 | AB21: ='25'!K21 -> 118142.86 | AC21: ='26'!K21 -> 118142.86 | AD21: ='27'!K21 -> 118142.86 | AE21: ='28'!K21 -> 118142.86 | AF21: 105000 | AG21: =AE21-D21 -> 0 | AH21: =AVERAGE(D21:AE21) -> 118142.86
B22: - Daging Sapi Grade Sedang | C22: Kg | D22: ='1'!K22 -> 109142.86 | E22: ='2'!K22 -> 114857.14 | F22: ='3'!K22 -> 114857.14 | G22: ='4'!K22 -> 109857.14 | H22: ='5'!K22 -> 109857.14 | I22: ='6'!K22 -> 109857.14 | J22: ='7'!K22 -> 109857.14 | K22: ='8'!K22 -> 109857.14 | L22: ='9'!K22 -> 109857.14 | M22: ='10'!K22 -> 109857.14 | N22: ='11'!K22 -> 109857.14 | O22: ='12'!K22 -> 109857.14 | P22: ='13'!K22 -> 109857.14 | Q22: ='14'!K22 -> 109857.14 | R22: ='15'!K22 -> 109857.14 | S22: ='16'!K22 -> 109857.14 | T22: ='17'!K22 -> 109857.14 | U22: ='18'!K22 -> 109857.14 | V22: ='19'!K22 -> 109857.14 | W22: ='20'!K22 -> 109857.14 | X22: ='21'!K22 -> 109857.14 | Y22: ='22'!K22 -> 109857.14 | Z22: ='23'!K22 -> 109857.14 | AA22: ='24'!K22 -> 109857.14 | AB22: ='25'!K22 -> 109857.14 | AC22: ='26'!K22 -> 109857.14 | AD22: ='27'!K22 -> 109857.14 | AE22: ='28'!K22 -> 109857.14 | AF22: 80000 | AG22: =AE22-D22 -> 714.28571 | AH22: =AVERAGE(D22:AE22) -> 110188.78
B23: - Daging Sapi Grade Bawah | C23: Kg | D23: ='1'!K23 -> 99166.667 | E23: ='2'!K23 -> 100000 | F23: ='3'!K23 -> 100000 | G23: ='4'!K23 -> 100000 | H23: ='5'!K23 -> 100000 | I23: ='6'!K23 -> 100000 | J23: ='7'!K23 -> 100000 | K23: ='8'!K23 -> 100000 | L23: ='9'!K23 -> 100000 | M23: ='10'!K23 -> 100000 | N23: ='11'!K23 -> 100000 | O23: ='12'!K23 -> 100000 | P23: ='13'!K23 -> 100000 | Q23: ='14'!K23 -> 100000 | R23: ='15'!K23 -> 100000 | S23: ='16'!K23 -> 100000 | T23: ='17'!K23 -> 100000 | U23: ='18'!K23 -> 100000 | V23: ='19'!K23 -> 100000 | W23: ='20'!K23 -> 100000 | X23: ='21'!K23 -> 100000 | Y23: ='22'!K23 -> 100000 | Z23: ='23'!K23 -> 100000 | AA23: ='24'!K23 -> 100000 | AB23: ='25'!K23 -> 100000 | AC23: ='26'!K23 -> 100000 | AD23: ='27'!K23 -> 100000 | AE23: ='28'!K23 -> 100000 | AF23: 80000 | AG23: =AE23-D23 -> 833.33333 | AH23: =AVERAGE(D23:AE23) -> 99970.238
B24: - Daging Ayam Broiler | C24: Kg | D24: ='1'!K24 -> 29714.286 | E24: ='2'!K24 -> 30285.714 | F24: ='3'!K24 -> 30714.286 | G24: ='4'!K24 -> 30714.286 | H24: ='5'!K24 -> 30428.571 | I24: ='6'!K24 -> 30714.286 | J24: ='7'!K24 -> 30714.286 | K24: ='8'!K24 -> 30857.143 | L24: ='9'!K24 -> 31142.857 | M24: ='10'!K24 -> 31142.857 | N24: ='11'!K24 -> 31142.857 | O24: ='12'!K24 -> 30857.143 | P24: ='13'!K24 -> 30857.143 | Q24: ='14'!K24 -> 30857.143 | R24: ='15'!K24 -> 31142.857 | S24: ='16'!K24 -> 31000 | T24: ='17'!K24 -> 30571.429 | U24: ='18'!K24 -> 30571.429 | V24: ='19'!K24 -> 30285.714 | W24: ='20'!K24 -> 30000 | X24: ='21'!K24 -> 30285.714 | Y24: ='22'!K24 -> 30285.714 | Z24: ='23'!K24 -> 30428.571 | AA24: ='24'!K24 -> 31000 | AB24: ='25'!K24 -> 30714.286 | AC24: ='26'!K24 -> 30857.143 | AD24: ='27'!K24 -> 30857.143 | AE24: ='28'!K24 -> 30857.143 | AF24: 36750 | AG24: =AE24-D24 -> 1142.8571 | AH24: =AVERAGE(D24:AE24) -> 30678.571
A25: 6 | B25: I K A N | D25: ='1'!K25 -> 0 | E25: ='2'!K25 -> 0 | F25: ='3'!K25 -> 0 | G25: ='4'!K25 -> 0 | H25: ='5'!K25 -> 0 | I25: ='6'!K25 -> 0 | J25: ='7'!K25 -> 0 | K25: ='8'!K25 -> 0 | L25: ='9'!K25 -> 0 | M25: ='10'!K25 -> 0 | N25: ='11'!K25 -> 0 | O25: ='12'!K25 -> 0 | P25: ='13'!K25 -> 0 | Q25: ='14'!K25 -> 0 | R25: ='15'!K25 -> 0 | S25: ='16'!K25 -> 0 | T25: ='17'!K25 -> 0 | U25: ='18'!K25 -> 0 | V25: ='19'!K25 -> 0 | W25: ='20'!K25 -> 0 | X25: ='21'!K25 -> 0 | Y25: ='22'!K25 -> 0 | Z25: ='23'!K25 -> 0 | AA25: ='24'!K25 -> 0 | AB25: ='25'!K25 -> 0 | AC25: ='26'!K25 -> 0 | AD25: ='27'!K25 -> 0 | AE25: ='28'!K25 -> 0 | AG25: =AE25-D25 -> 0 | AH25: =AVERAGE(D25:AE25) -> 0
B26: - Ikan Tongkol Segar (Uk. Sedang) | C26: Kg | D26: ='1'!K26 -> 37714.286 | E26: ='2'!K26 -> 37714.286 | F26: ='3'!K26 -> 38571.429 | G26: ='4'!K26 -> 38571.429 | H26: ='5'!K26 -> 39571.429 | I26: ='6'!K26 -> 39571.429 | J26: ='7'!K26 -> 38857.143 | K26: ='8'!K26 -> 39571.429 | L26: ='9'!K26 -> 39285.714 | M26: ='10'!K26 -> 38857.143 | N26: ='11'!K26 -> 37714.286 | O26: ='12'!K26 -> 37714.286 | P26: ='13'!K26 -> 37714.286 | Q26: ='14'!K26 -> 37500 | R26: ='15'!K26 -> 37428.571 | S26: ='16'!K26 -> 37428.571 | T26: ='17'!K26 -> 37428.571 | U26: ='18'!K26 -> 36857.143 | V26: ='19'!K26 -> 36857.143 | W26: ='20'!K26 -> 37142.857 | X26: ='21'!K26 -> 37142.857 | Y26: ='22'!K26 -> 37166.667 | Z26: ='23'!K26 -> 38000 | AA26: ='24'!K26 -> 38000 | AB26: ='25'!K26 -> 38666.667 | AC26: ='26'!K26 -> 38666.667 | AD26: ='27'!K26 -> 38666.667 | AE26: ='28'!K26 -> 37000 | AG26: =AE26-D26 -> -714.28571 | AH26: =AVERAGE(D26:AE26) -> 38049.32
B27: - Ikan Mujair Segar (Uk. Sedang) | C27: Kg | D27: ='1'!K27 -> 28500 | E27: ='2'!K27 -> 28500 | F27: ='3'!K27 -> 28500 | G27: ='4'!K27 -> 28500 | H27: ='5'!K27 -> 28500 | I27: ='6'!K27 -> 28166.667 | J27: ='7'!K27 -> 28166.667 | K27: ='8'!K27 -> 28166.667 | L27: ='9'!K27 -> 28166.667 | M27: ='10'!K27 -> 28500 | N27: ='11'!K27 -> 28500 | O27: ='12'!K27 -> 28500 | P27: ='13'!K27 -> 28500 | Q27: ='14'!K27 -> 28500 | R27: ='15'!K27 -> 28500 | S27: ='16'!K27 -> 28166.667 | T27: ='17'!K27 -> 28500 | U27: ='18'!K27 -> 28500 | V27: ='19'!K27 -> 28500 | W27: ='20'!K27 -> 28500 | X27: ='21'!K27 -> 28500 | Y27: ='22'!K27 -> 28500 | Z27: ='23'!K27 -> 28500 | AA27: ='24'!K27 -> 28500 | AB27: ='25'!K27 -> 28500 | AC27: ='26'!K27 -> 28500 | AD27: ='27'!K27 -> 28500 | AE27: ='28'!K27 -> 28500 | AG27: =AE27-D27 -> 0 | AH27: =AVERAGE(D27:AE27) -> 28440.476
B28: - Udang Segar (Uk. Sedang) | C28: Kg | D28: ='1'!K28 -> 64333.333 | E28: ='2'!K28 -> 63833.333 | F28: ='3'!K28 -> 63833.333 | G28: ='4'!K28 -> 63833.333 | H28: ='5'!K28 -> 65500 | I28: ='6'!K28 -> 63833.333 | J28: ='7'!K28 -> 64666.667 | K28: ='8'!K28 -> 66333.333 | L28: ='9'!K28 -> 66333.333 | M28: ='10'!K28 -> 66333.333 | N28: ='11'!K28 -> 66333.333 | O28: ='12'!K28 -> 65500 | P28: ='13'!K28 -> 65500 | Q28: ='14'!K28 -> 65500 | R28: ='15'!K28 -> 65500 | S28: ='16'!K28 -> 65500 | T28: ='17'!K28 -> 67166.667 | U28: ='18'!K28 -> 67166.667 | V28: ='19'!K28 -> 67166.667 | W28: ='20'!K28 -> 67166.667 | X28: ='21'!K28 -> 68000 | Y28: ='22'!K28 -> 66333.333 | Z28: ='23'!K28 -> 66333.333 | AA28: ='24'!K28 -> 66333.333 | AB28: ='25'!K28 -> 67166.667 | AC28: ='26'!K28 -> 67166.667 | AD28: ='27'!K28 -> 67166.667 | AE28: ='28'!K28 -> 67166.667 | AG28: =AE28-D28 -> 2833.3333 | AH28: =AVERAGE(D28:AE28) -> 65964.286
B29: - Ikan Lele Segar (Ukuran Sedang) | C29: Kg | D29: ='1'!K29 -> 24500 | E29: ='2'!K29 -> 24500 | F29: ='3'!K29 -> 24500 | G29: ='4'!K29 -> 24500 | H29: ='5'!K29 -> 24500 | I29: ='6'!K29 -> 24500 | J29: ='7'!K29 -> 24500 | K29: ='8'!K29 -> 24500 | L29: ='9'!K29 -> 24500 | M29: ='10'!K29 -> 24500 | N29: ='11'!K29 -> 24500 | O29: ='12'!K29 -> 24333.333 | P29: ='13'!K29 -> 24333.333 | Q29: ='14'!K29 -> 24333.333 | R29: ='15'!K29 -> 24333.333 | S29: ='16'!K29 -> 24333.333 | T29: ='17'!K29 -> 24333.333 | U29: ='18'!K29 -> 24333.333 | V29: ='19'!K29 -> 24333.333 | W29: ='20'!K29 -> 24333.333 | X29: ='21'!K29 -> 24333.333 | Y29: ='22'!K29 -> 24333.333 | Z29: ='23'!K29 -> 24333.333 | AA29: ='24'!K29 -> 24333.333 | AB29: ='25'!K29 -> 24333.333 | AC29: ='26'!K29 -> 24333.333 | AD29: ='27'!K29 -> 24333.333 | AE29: ='28'!K29 -> 24333.333 | AG29: =AE29-D29 -> -166.66667 | AH29: =AVERAGE(D29:AE29) -> 24398.81
B30: - Ikan Bandeng Segar (Uk. Sedang) | C30: Kg | D30: ='1'!K30 -> 37142.857 | E30: ='2'!K30 -> 37428.571 | F30: ='3'!K30 -> 36000 | G30: ='4'!K30 -> 36000 | H30: ='5'!K30 -> 36000 | I30: ='6'!K30 -> 36285.714 | J30: ='7'!K30 -> 36571.429 | K30: ='8'!K30 -> 36571.429 | L30: ='9'!K30 -> 36571.429 | M30: ='10'!K30 -> 36571.429 | N30: ='11'!K30 -> 36571.429 | O30: ='12'!K30 -> 36571.429 | P30: ='13'!K30 -> 36571.429 | Q30: ='14'!K30 -> 36571.429 | R30: ='15'!K30 -> 38000 | S30: ='16'!K30 -> 37714.286 | T30: ='17'!K30 -> 38571.429 | U30: ='18'!K30 -> 38571.429 | V30: ='19'!K30 -> 38571.429 | W30: ='20'!K30 -> 38285.714 | X30: ='21'!K30 -> 38285.714 | Y30: ='22'!K30 -> 37714.286 | Z30: ='23'!K30 -> 37000 | AA30: ='24'!K30 -> 36714.286 | AB30: ='25'!K30 -> 36428.571 | AC30: ='26'!K30 -> 36428.571 | AD30: ='27'!K30 -> 36428.571 | AE30: ='28'!K30 -> 37142.857 | AG30: =AE30-D30 -> 0 | AH30: =AVERAGE(D30:AE30) -> 37045.918
B31: - Ikan Teri Asin (Bukan Teri Medan) | C31: Kg | D31: ='1'!K31 -> 84000 | E31: ='2'!K31 -> 84000 | F31: ='3'!K31 -> 84000 | G31: ='4'!K31 -> 80000 | H31: ='5'!K31 -> 82000 | I31: ='6'!K31 -> 80000 | J31: ='7'!K31 -> 80000 | K31: ='8'!K31 -> 80000 | L31: ='9'!K31 -> 80000 | M31: ='10'!K31 -> 80000 | N31: ='11'!K31 -> 80000 | O31: ='12'!K31 -> 87500 | P31: ='13'!K31 -> 87500 | Q31: ='14'!K31 -> 85000 | R31: ='15'!K31 -> 85000 | S31: ='16'!K31 -> 85000 | T31: ='17'!K31 -> 85000 | U31: ='18'!K31 -> 85000 | V31: ='19'!K31 -> 85000 | W31: ='20'!K31 -> 85000 | X31: ='21'!K31 -> 87500 | Y31: ='22'!K31 -> 85000 | Z31: ='23'!K31 -> 85000 | AA31: ='24'!K31 -> 85000 | AB31: ='25'!K31 -> 85000 | AC31: ='26'!K31 -> 85000 | AD31: ='27'!K31 -> 85000 | AE31: ='28'!K31 -> 85000 | AG31: =AE31-D31 -> 1000 | AH31: =AVERAGE(D31:AE31) -> 83803.571
A32: 7 | B32: TELUR | D32: ='1'!K32 -> 0 | E32: ='2'!K32 -> 0 | F32: ='3'!K32 -> 0 | G32: ='4'!K32 -> 0 | H32: ='5'!K32 -> 0 | I32: ='6'!K32 -> 0 | J32: ='7'!K32 -> 0 | K32: ='8'!K32 -> 0 | L32: ='9'!K32 -> 0 | M32: ='10'!K32 -> 0 | N32: ='11'!K32 -> 0 | O32: ='12'!K32 -> 0 | P32: ='13'!K32 -> 0 | Q32: ='14'!K32 -> 0 | R32: ='15'!K32 -> 0 | S32: ='16'!K32 -> 0 | T32: ='17'!K32 -> 0 | U32: ='18'!K32 -> 0 | V32: ='19'!K32 -> 0 | W32: ='20'!K32 -> 0 | X32: ='21'!K32 -> 0 | Y32: ='22'!K32 -> 0 | Z32: ='23'!K32 -> 0 | AA32: ='24'!K32 -> 0 | AB32: ='25'!K32 -> 0 | AC32: ='26'!K32 -> 0 | AD32: ='27'!K32 -> 0 | AE32: ='28'!K32 -> 0 | AG32: =AE32-D32 -> 0 | AH32: =AVERAGE(D32:AE32) -> 0
B33: - Telur Ayam Horn | C33: Kg | D33: ='1'!K33 -> 26500 | E33: ='2'!K33 -> 26500 | F33: ='3'!K33 -> 26214.286 | G33: ='4'!K33 -> 26071.429 | H33: ='5'!K33 -> 26071.429 | I33: ='6'!K33 -> 26142.857 | J33: ='7'!K33 -> 26285.714 | K33: ='8'!K33 -> 26571.429 | L33: ='9'!K33 -> 26571.429 | M33: ='10'!K33 -> 26714.286 | N33: ='11'!K33 -> 26857.143 | O33: ='12'!K33 -> 27000 | P33: ='13'!K33 -> 26642.857 | Q33: ='14'!K33 -> 26642.857 | R33: ='15'!K33 -> 26642.857 | S33: ='16'!K33 -> 26642.857 | T33: ='17'!K33 -> 26500 | U33: ='18'!K33 -> 26500 | V33: ='19'!K33 -> 26357.143 | W33: ='20'!K33 -> 26142.857 | X33: ='21'!K33 -> 26142.857 | Y33: ='22'!K33 -> 26142.857 | Z33: ='23'!K33 -> 26142.857 | AA33: ='24'!K33 -> 26142.857 | AB33: ='25'!K33 -> 25928.571 | AC33: ='26'!K33 -> 25928.571 | AD33: ='27'!K33 -> 25714.286 | AE33: ='28'!K33 -> 25714.286 | AF33: 27000 | AG33: =AE33-D33 -> -785.71429 | AH33: =AVERAGE(D33:AE33) -> 26336.735
B34: - Telur Ayam Kampung | C34: Butir | D34: ='1'!K34 -> 2371.4286 | E34: ='2'!K34 -> 2414.2857 | F34: ='3'!K34 -> 2342.8571 | G34: ='4'!K34 -> 2342.8571 | H34: ='5'!K34 -> 2342.8571 | I34: ='6'!K34 -> 2342.8571 | J34: ='7'!K34 -> 2342.8571 | K34: ='8'!K34 -> 2357.1429 | L34: ='9'!K34 -> 2357.1429 | M34: ='10'!K34 -> 2357.1429 | N34: ='11'!K34 -> 2357.1429 | O34: ='12'!K34 -> 2357.1429 | P34: ='13'!K34 -> 2357.1429 | Q34: ='14'!K34 -> 2357.1429 | R34: ='15'!K34 -> 2357.1429 | S34: ='16'!K34 -> 2357.1429 | T34: ='17'!K34 -> 2357.1429 | U34: ='18'!K34 -> 2357.1429 | V34: ='19'!K34 -> 2357.1429 | W34: ='20'!K34 -> 2357.1429 | X34: ='21'!K34 -> 2357.1429 | Y34: ='22'!K34 -> 2357.1429 | Z34: ='23'!K34 -> 2357.1429 | AA34: ='24'!K34 -> 2357.1429 | AB34: ='25'!K34 -> 2357.1429 | AC34: ='26'!K34 -> 2357.1429 | AD34: ='27'!K34 -> 2357.1429 | AE34: ='28'!K34 -> 2357.1429 | AG34: =AE34-D34 -> -14.285714 | AH34: =AVERAGE(D34:AE34) -> 2357.1429
B35: TAHU TEMPE | Y35: ='22'!K35 -> 0 | Z35: ='23'!K35 -> 0 | AA35: ='24'!K35 -> 0 | AB35: ='25'!K35 -> 0 | AC35: ='26'!K35 -> 0 | AD35: ='27'!K35 -> 0 | AE35: ='28'!K35 -> 0 | AH35: =AVERAGE(D35:AE35) -> 0
B36: Tahu | Y36: ='22'!K36 -> 2857.1429 | Z36: ='23'!K36 -> 2428.5714 | AA36: ='24'!K36 -> 2428.5714 | AB36: ='25'!K36 -> 2428.5714 | AC36: ='26'!K36 -> 2314.2857 | AD36: ='27'!K36 -> 2314.2857 | AE36: ='28'!K36 -> 2314.2857 | AH36: =AVERAGE(D36:AE36) -> 2440.8163
B37: Tempe | Y37: ='22'!K37 -> 3000 | Z37: ='23'!K37 -> 3571.4286 | AA37: ='24'!K37 -> 3428.5714 | AB37: ='25'!K37 -> 3428.5714 | AC37: ='26'!K37 -> 3428.5714 | AD37: ='27'!K37 -> 3428.5714 | AE37: ='28'!K37 -> 3428.5714 | AH37: =AVERAGE(D37:AE37) -> 3387.7551
A38: 8 | B38: S U S U | D38: ='1'!K35 -> 0 | E38: ='2'!K35 -> 0 | F38: ='3'!K35 -> 0 | G38: ='4'!K35 -> 0 | H38: ='5'!K35 -> 0 | I38: ='6'!K35 -> 0 | J38: ='7'!K35 -> 0 | K38: ='8'!K35 -> 0 | L38: ='9'!K35 -> 0 | M38: ='10'!K35 -> 0 | N38: ='11'!K35 -> 0 | O38: ='12'!K35 -> 0 | P38: ='13'!K35 -> 0 | Q38: ='14'!K35 -> 0 | R38: ='15'!K35 -> 0 | S38: ='16'!K35 -> 0 | T38: ='17'!K35 -> 0 | U38: ='18'!K35 -> 0 | V38: ='19'!K35 -> 0 | W38: ='20'!K35 -> 0 | X38: ='21'!K35 -> 0 | Y38: ='22'!K38 -> 0 | Z38: ='23'!K38 -> 0 | AA38: ='24'!K38 -> 0 | AB38: ='25'!K38 -> 0 | AC38: ='26'!K38 -> 0 | AD38: ='27'!K38 -> 0 | AE38: ='28'!K38 -> 0 | AG38: =AE38-D38 -> 0 | AH38: =AVERAGE(D38:AE38) -> 0
B39: - Susu Kental Manis "INDOMILK" Putih | C39: 390 Gr/kaleng | D39: ='1'!K36 -> 11500 | E39: ='2'!K36 -> 11500 | F39: ='3'!K36 -> 11500 | G39: ='4'!K36 -> 11500 | H39: ='5'!K36 -> 11500 | I39: ='6'!K36 -> 11500 | J39: ='7'!K36 -> 11500 | K39: ='8'!K36 -> 11500 | L39: ='9'!K36 -> 11500 | M39: ='10'!K36 -> 11500 | N39: ='11'!K36 -> 11500 | O39: ='12'!K36 -> 11500 | P39: ='13'!K36 -> 11500 | Q39: ='14'!K36 -> 11500 | R39: ='15'!K36 -> 11500 | S39: ='16'!K36 -> 11416.667 | T39: ='17'!K36 -> 11416.667 | U39: ='18'!K36 -> 11416.667 | V39: ='19'!K36 -> 11416.667 | W39: ='20'!K36 -> 11416.667 | X39: ='21'!K36 -> 11416.667 | Y39: ='22'!K39 -> 11416.667 | Z39: ='23'!K39 -> 11416.667 | AA39: ='24'!K39 -> 11416.667 | AB39: ='25'!K39 -> 11416.667 | AC39: ='26'!K39 -> 11416.667 | AD39: ='27'!K39 -> 11416.667 | AE39: ='28'!K39 -> 11416.667 | AG39: =AE39-D39 -> -83.333333 | AH39: =AVERAGE(D39:AE39) -> 11461.31
B40: - Susu Bubuk "DANCOW" Full Cream | C40: 400 Gr/Dos | D40: ='1'!K37 -> 40200 | E40: ='2'!K37 -> 40200 | F40: ='3'!K37 -> 40200 | G40: ='4'!K37 -> 40200 | H40: ='5'!K37 -> 40200 | I40: ='6'!K37 -> 40200 | J40: ='7'!K37 -> 40200 | K40: ='8'!K37 -> 40200 | L40: ='9'!K37 -> 40200 | M40: ='10'!K37 -> 40200 | N40: ='11'!K37 -> 40200 | O40: ='12'!K37 -> 40200 | P40: ='13'!K37 -> 40200 | Q40: ='14'!K37 -> 40200 | R40: ='15'!K37 -> 40200 | S40: ='16'!K37 -> 40200 | T40: ='17'!K37 -> 40200 | U40: ='18'!K37 -> 40200 | V40: ='19'!K37 -> 40200 | W40: ='20'!K37 -> 40200 | X40: ='21'!K37 -> 40200 | Y40: ='22'!K40 -> 40200 | Z40: ='23'!K40 -> 40200 | AA40: ='24'!K40 -> 40200 | AB40: ='25'!K40 -> 40200 | AC40: ='26'!K40 -> 40200 | AD40: ='27'!K40 -> 40200 | AE40: ='28'!K40 -> 40200 | AG40: =AE40-D40 -> 0 | AH40: =AVERAGE(D40:AE40) -> 40200
A41: 9 | B41: SABUN CUCI | D41: ='1'!K38 -> 0 | E41: ='2'!K38 -> 0 | F41: ='3'!K38 -> 0 | G41: ='4'!K38 -> 0 | H41: ='5'!K38 -> 0 | I41: ='6'!K38 -> 0 | J41: ='7'!K38 -> 0 | K41: ='8'!K38 -> 0 | L41: ='9'!K38 -> 0 | M41: ='10'!K38 -> 0 | N41: ='11'!K38 -> 0 | O41: ='12'!K38 -> 0 | P41: ='13'!K38 -> 0 | Q41: ='14'!K38 -> 0 | R41: ='15'!K38 -> 0 | S41: ='16'!K38 -> 0 | T41: ='17'!K38 -> 0 | U41: ='18'!K38 -> 0 | V41: ='19'!K38 -> 0 | W41: ='20'!K38 -> 0 | X41: ='21'!K38 -> 0 | Y41: ='22'!K41 -> 0 | Z41: ='23'!K41 -> 0 | AA41: ='24'!K41 -> 0 | AB41: ='25'!K41 -> 0 | AC41: ='26'!K41 -> 0 | AD41: ='27'!K41 -> 0 | AE41: ='28'!K41 -> 0 | AG41: =AE41-D41 -> 0 | AH41: =AVERAGE(D41:AE41) -> 0
B42: - Sabun Detergen Rinso (Anti Noda) | C42: 900 Gram | D42: ='1'!K39 -> 19700 | E42: ='2'!K39 -> 19700 | F42: ='3'!K39 -> 19700 | G42: ='4'!K39 -> 19700 | H42: ='5'!K39 -> 19700 | I42: ='6'!K39 -> 19700 | J42: ='7'!K39 -> 19700 | K42: ='8'!K39 -> 19700 | L42: ='9'!K39 -> 19700 | M42: ='10'!K39 -> 19700 | N42: ='11'!K39 -> 19700 | O42: ='12'!K39 -> 19700 | P42: ='13'!K39 -> 19700 | Q42: ='14'!K39 -> 18666.667 | R42: ='15'!K39 -> 18666.667 | S42: ='16'!K39 -> 18666.667 | T42: ='17'!K39 -> 18666.667 | U42: ='18'!K39 -> 18666.667 | V42: ='19'!K39 -> 18666.667 | W42: ='20'!K39 -> 18666.667 | X42: ='21'!K39 -> 18666.667 | Y42: ='22'!K42 -> 18666.667 | Z42: ='23'!K42 -> 18666.667 | AA42: ='24'!K42 -> 18666.667 | AB42: ='25'!K42 -> 18666.667 | AC42: ='26'!K42 -> 18666.667 | AD42: ='27'!K42 -> 18666.667 | AE42: ='28'!K42 -> 18666.667 | AG42: =AE42-D42 -> -1033.3333 | AH42: =AVERAGE(D42:AE42) -> 19146.429
B43: - Sabun Colek "Wing's Biru" | C43: 350 Gram | D43: ='1'!K40 -> 2000 | E43: ='2'!K40 -> 2000 | F43: ='3'!K40 -> 2000 | G43: ='4'!K40 -> 2000 | H43: ='5'!K40 -> 2000 | I43: ='6'!K40 -> 2000 | J43: ='7'!K40 -> 2000 | K43: ='8'!K40 -> 2000 | L43: ='9'!K40 -> 2000 | M43: ='10'!K40 -> 2000 | N43: ='11'!K40 -> 2000 | O43: ='12'!K40 -> 2000 | P43: ='13'!K40 -> 2000 | Q43: ='14'!K40 -> 2000 | R43: ='15'!K40 -> 2000 | S43: ='16'!K40 -> 2000 | T43: ='17'!K40 -> 2000 | U43: ='18'!K40 -> 2000 | V43: ='19'!K40 -> 2000 | W43: ='20'!K40 -> 2000 | X43: ='21'!K40 -> 2000 | Y43: ='22'!K43 -> 2000 | Z43: ='23'!K43 -> 2000 | AA43: ='24'!K43 -> 2000 | AB43: ='25'!K43 -> 2000 | AC43: ='26'!K43 -> 2000 | AD43: ='27'!K43 -> 2000 | AE43: ='28'!K43 -> 2000 | AG43: =AE43-D43 -> 0 | AH43: =AVERAGE(D43:AE43) -> 2000
A44: 10 | B44: JAGUNG | D44: ='1'!K41 -> 0 | E44: ='2'!K41 -> 0 | F44: ='3'!K41 -> 0 | G44: ='4'!K41 -> 0 | H44: ='5'!K41 -> 0 | I44: ='6'!K41 -> 0 | J44: ='7'!K41 -> 0 | K44: ='8'!K41 -> 0 | L44: ='9'!K41 -> 0 | M44: ='10'!K41 -> 0 | N44: ='11'!K41 -> 0 | O44: ='12'!K41 -> 0 | P44: ='13'!K41 -> 0 | Q44: ='14'!K41 -> 0 | R44: ='15'!K41 -> 0 | S44: ='16'!K41 -> 0 | T44: ='17'!K41 -> 0 | U44: ='18'!K41 -> 0 | V44: ='19'!K41 -> 0 | W44: ='20'!K41 -> 0 | X44: ='21'!K41 -> 0 | Y44: ='22'!K44 -> 0 | Z44: ='23'!K44 -> 0 | AA44: ='24'!K44 -> 0 | AB44: ='25'!K44 -> 0 | AC44: ='26'!K44 -> 0 | AD44: ='27'!K44 -> 0 | AE44: ='28'!K44 -> 0 | AG44: =AE44-D44 -> 0 | AH44: =AVERAGE(D44:AE44) -> 0
B45: - Jagung Pipilan Kering (Jenis Kecil) | C45: Kg | D45: ='1'!K42 -> 9285.7143 | E45: ='2'!K42 -> 9285.7143 | F45: ='3'!K42 -> 9428.5714 | G45: ='4'!K42 -> 9428.5714 | H45: ='5'!K42 -> 9428.5714 | I45: ='6'!K42 -> 9428.5714 | J45: ='7'!K42 -> 9428.5714 | K45: ='8'!K42 -> 9428.5714 | L45: ='9'!K42 -> 9428.5714 | M45: ='10'!K42 -> 9571.4286 | N45: ='11'!K42 -> 9571.4286 | O45: ='12'!K42 -> 9166.6667 | P45: ='13'!K42 -> 9166.6667 | Q45: ='14'!K42 -> 9166.6667 | R45: ='15'!K42 -> 9166.6667 | S45: ='16'!K42 -> 9166.6667 | T45: ='17'!K42 -> 9166.6667 | U45: ='18'!K42 -> 9166.6667 | V45: ='19'!K42 -> 9166.6667 | W45: ='20'!K42 -> 9166.6667 | X45: ='21'!K42 -> 9166.6667 | Y45: ='22'!K45 -> 9166.6667 | Z45: ='23'!K45 -> 9166.6667 | AA45: ='24'!K45 -> 9166.6667 | AB45: ='25'!K45 -> 9166.6667 | AC45: ='26'!K45 -> 9166.6667 | AD45: ='27'!K45 -> 9166.6667 | AE45: ='28'!K45 -> 9166.6667 | AG45: =AE45-D45 -> -119.04762 | AH45: =AVERAGE(D45:AE45) -> 9269.5578
B46: - Jagung Pipilan Kering (Jenis Besar) | C46: Kg | D46: ='1'!K43 -> 8600 | E46: ='2'!K43 -> 8600 | F46: ='3'!K43 -> 8600 | G46: ='4'!K43 -> 8600 | H46: ='5'!K43 -> 8600 | I46: ='6'!K43 -> 8600 | J46: ='7'!K43 -> 8600 | K46: ='8'!K43 -> 8600 | L46: ='9'!K43 -> 8600 | M46: ='10'!K43 -> 6200 | N46: ='11'!K43 -> 6200 | O46: ='12'!K43 -> 8600 | P46: ='13'!K43 -> 8600 | Q46: ='14'!K43 -> 8600 | R46: ='15'!K43 -> 8600 | S46: ='16'!K43 -> 8600 | T46: ='17'!K43 -> 8600 | U46: ='18'!K43 -> 8600 | V46: ='19'!K43 -> 8600 | W46: ='20'!K43 -> 8600 | X46: ='21'!K43 -> 8600 | Y46: ='22'!K46 -> 8600 | Z46: ='23'!K46 -> 8600 | AA46: ='24'!K46 -> 8600 | AB46: ='25'!K46 -> 8600 | AC46: ='26'!K46 -> 8600 | AD46: ='27'!K46 -> 8600 | AE46: ='28'!K46 -> 8600 | AG46: =AE46-D46 -> 0 | AH46: =AVERAGE(D46:AE46) -> 8428.5714
A47: 11 | B47: GARAM BERYODIUM | D47: ='1'!K44 -> 0 | E47: ='2'!K44 -> 0 | F47: ='3'!K44 -> 0 | G47: ='4'!K44 -> 0 | H47: ='5'!K44 -> 0 | I47: ='6'!K44 -> 0 | J47: ='7'!K44 -> 0 | K47: ='8'!K44 -> 0 | L47: ='9'!K44 -> 0 | M47: ='10'!K44 -> 0 | N47: ='11'!K44 -> 0 | O47: ='12'!K44 -> 0 | P47: ='13'!K44 -> 0 | Q47: ='14'!K44 -> 0 | R47: ='15'!K44 -> 0 | S47: ='16'!K44 -> 0 | T47: ='17'!K44 -> 0 | U47: ='18'!K44 -> 0 | V47: ='19'!K44 -> 0 | W47: ='20'!K44 -> 0 | X47: ='21'!K44 -> 0 | Y47: ='22'!K47 -> 0 | Z47: ='23'!K47 -> 0 | AA47: ='24'!K47 -> 0 | AB47: ='25'!K47 -> 0 | AC47: ='26'!K47 -> 0 | AD47: ='27'!K47 -> 0 | AE47: ='28'!K47 -> 0 | AG47: =AE47-D47 -> 0 | AH47: =AVERAGE(D47:AE47) -> 0
B48: - Garam Halus (Cap Kapal) | C48: 250 Gr/Bngks | D48: ='1'!K45 -> 4000 | E48: ='2'!K45 -> 4000 | F48: ='3'!K45 -> 4000 | G48: ='4'!K45 -> 3916.6667 | H48: ='5'!K45 -> 3916.6667 | I48: ='6'!K45 -> 3916.6667 | J48: ='7'!K45 -> 3916.6667 | K48: ='8'!K45 -> 3916.6667 | L48: ='9'!K45 -> 3916.6667 | M48: ='10'!K45 -> 3916.6667 | N48: ='11'!K45 -> 3916.6667 | O48: ='12'!K45 -> 4000 | P48: ='13'!K45 -> 4000 | Q48: ='14'!K45 -> 3916.6667 | R48: ='15'!K45 -> 3916.6667 | S48: ='16'!K45 -> 3916.6667 | T48: ='17'!K45 -> 3916.6667 | U48: ='18'!K45 -> 3916.6667 | V48: ='19'!K45 -> 3916.6667 | W48: ='20'!K45 -> 3916.6667 | X48: ='21'!K45 -> 3916.6667 | Y48: ='22'!K48 -> 3916.6667 | Z48: ='23'!K48 -> 3916.6667 | AA48: ='24'!K48 -> 3916.6667 | AB48: ='25'!K48 -> 3916.6667 | AC48: ='26'!K48 -> 3916.6667 | AD48: ='27'!K48 -> 3916.6667 | AE48: ='28'!K48 -> 3916.6667 | AG48: =AE48-D48 -> -83.333333 | AH48: =AVERAGE(D48:AE48) -> 3931.5476
A49: 12 | B49: TEPUNG TERIGU | D49: ='1'!K46 -> 0 | E49: ='2'!K46 -> 0 | F49: ='3'!K46 -> 0 | G49: ='4'!K46 -> 0 | H49: ='5'!K46 -> 0 | I49: ='6'!K46 -> 0 | J49: ='7'!K46 -> 0 | K49: ='8'!K46 -> 0 | L49: ='9'!K46 -> 0 | M49: ='10'!K46 -> 0 | N49: ='11'!K46 -> 0 | O49: ='12'!K46 -> 0 | P49: ='13'!K46 -> 0 | Q49: ='14'!K46 -> 0 | R49: ='15'!K46 -> 0 | S49: ='16'!K46 -> 0 | T49: ='17'!K46 -> 0 | U49: ='18'!K46 -> 0 | V49: ='19'!K46 -> 0 | W49: ='20'!K46 -> 0 | X49: ='21'!K46 -> 0 | Y49: ='22'!K49 -> 0 | Z49: ='23'!K49 -> 0 | AA49: ='24'!K49 -> 0 | AB49: ='25'!K49 -> 0 | AC49: ='26'!K49 -> 0 | AD49: ='27'!K49 -> 0 | AE49: ='28'!K49 -> 0 | AG49: =AE49-D49 -> 0 | AH49: =AVERAGE(D49:AE49) -> 0
B50: - Tepung Terigu "Segitiga Biru" Curah | C50: Kg | D50: ='1'!K47 -> 10642.857 | E50: ='2'!K47 -> 10642.857 | F50: ='3'!K47 -> 10714.286 | G50: ='4'!K47 -> 10714.286 | H50: ='5'!K47 -> 10714.286 | I50: ='6'!K47 -> 10714.286 | J50: ='7'!K47 -> 10714.286 | K50: ='8'!K47 -> 10714.286 | L50: ='9'!K47 -> 10642.857 | M50: ='10'!K47 -> 10500 | N50: ='11'!K47 -> 10500 | O50: ='12'!K47 -> 10642.857 | P50: ='13'!K47 -> 10642.857 | Q50: ='14'!K47 -> 10642.857 | R50: ='15'!K47 -> 10642.857 | S50: ='16'!K47 -> 10642.857 | T50: ='17'!K47 -> 10642.857 | U50: ='18'!K47 -> 10642.857 | V50: ='19'!K47 -> 10642.857 | W50: ='20'!K47 -> 10642.857 | X50: ='21'!K47 -> 10642.857 | Y50: ='22'!K50 -> 10642.857 | Z50: ='23'!K50 -> 10642.857 | AA50: ='24'!K50 -> 10642.857 | AB50: ='25'!K50 -> 10642.857 | AC50: ='26'!K50 -> 10642.857 | AD50: ='27'!K50 -> 10642.857 | AE50: ='28'!K50 -> 10642.857 | AG50: =AE50-D50 -> 0 | AH50: =AVERAGE(D50:AE50) -> 10647.959
A51: 13 | B51: KACANG-KACANGAN | D51: ='1'!K48 -> 0 | E51: ='2'!K48 -> 0 | F51: ='3'!K48 -> 0 | G51: ='4'!K48 -> 0 | H51: ='5'!K48 -> 0 | I51: ='6'!K48 -> 0 | J51: ='7'!K48 -> 0 | K51: ='8'!K48 -> 0 | L51: ='9'!K48 -> 0 | M51: ='10'!K48 -> 0 | N51: ='11'!K48 -> 0 | O51: ='12'!K48 -> 0 | P51: ='13'!K48 -> 0 | Q51: ='14'!K48 -> 0 | R51: ='15'!K48 -> 0 | S51: ='16'!K48 -> 0 | T51: ='17'!K48 -> 0 | U51: ='18'!K48 -> 0 | V51: ='19'!K48 -> 0 | W51: ='20'!K48 -> 0 | X51: ='21'!K48 -> 0 | Y51: ='22'!K51 -> 0 | Z51: ='23'!K51 -> 0 | AA51: ='24'!K51 -> 0 | AB51: ='25'!K51 -> 0 | AC51: ='26'!K51 -> 0 | AD51: ='27'!K51 -> 0 | AE51: ='28'!K51 -> 0 | AG51: =AE51-D51 -> 0 | AH51: =AVERAGE(D51:AE51) -> 0
B52: - Kacang Kedelai (Kualitas Import) | C52: Kg | D52: ='1'!K49 -> 15583.333 | E52: ='2'!K49 -> 15583.333 | F52: ='3'!K49 -> 15750 | G52: ='4'!K49 -> 15750 | H52: ='5'!K49 -> 15750 | I52: ='6'!K49 -> 15750 | J52: ='7'!K49 -> 15750 | K52: ='8'!K49 -> 16166.667 | L52: ='9'!K49 -> 16166.667 | M52: ='10'!K49 -> 16166.667 | N52: ='11'!K49 -> 16166.667 | O52: ='12'!K49 -> 16166.667 | P52: ='13'!K49 -> 16166.667 | Q52: ='14'!K49 -> 16166.667 | R52: ='15'!K49 -> 15833.333 | S52: ='16'!K49 -> 15833.333 | T52: ='17'!K49 -> 15833.333 | U52: ='18'!K49 -> 15833.333 | V52: ='19'!K49 -> 15833.333 | W52: ='20'!K49 -> 15833.333 | X52: ='21'!K49 -> 15833.333 | Y52: ='22'!K52 -> 16166.667 | Z52: ='23'!K52 -> 16166.667 | AA52: ='24'!K52 -> 15833.333 | AB52: ='25'!K52 -> 15833.333 | AC52: ='26'!K52 -> 15833.333 | AD52: ='27'!K52 -> 15833.333 | AE52: ='28'!K52 -> 16166.667 | AF52: 6800 | AG52: =AE52-D52 -> 583.33333 | AH52: =AVERAGE(D52:AE52) -> 15919.643
B53: - Kacang Kedelai (Kualitas Lokal) | C53: Kg | D53: ='1'!K50 -> 13166.667 | E53: ='2'!K50 -> 13166.667 | F53: ='3'!K50 -> 13166.667 | G53: ='4'!K50 -> 13166.667 | H53: ='5'!K50 -> 13166.667 | I53: ='6'!K50 -> 13166.667 | J53: ='7'!K50 -> 13166.667 | K53: ='8'!K50 -> 13166.667 | L53: ='9'!K50 -> 13166.667 | M53: ='10'!K50 -> 13166.667 | N53: ='11'!K50 -> 13166.667 | O53: ='12'!K50 -> 13166.667 | P53: ='13'!K50 -> 13166.667 | Q53: ='14'!K50 -> 13166.667 | R53: ='15'!K50 -> 13166.667 | S53: ='16'!K50 -> 13166.667 | T53: ='17'!K50 -> 13166.667 | U53: ='18'!K50 -> 13166.667 | V53: ='19'!K50 -> 13166.667 | W53: ='20'!K50 -> 13166.667 | X53: ='21'!K50 -> 13166.667 | Y53: ='22'!K53 -> 13166.667 | Z53: ='23'!K53 -> 13166.667 | AA53: ='24'!K53 -> 13166.667 | AB53: ='25'!K53 -> 13166.667 | AC53: ='26'!K53 -> 13166.667 | AD53: ='27'!K53 -> 13166.667 | AE53: ='28'!K53 -> 13750 | AF53: 9200 | AG53: =AE53-D53 -> 583.33333 | AH53: =AVERAGE(D53:AE53) -> 13187.5
B54: - Kacang Hijau | C54: Kg | D54: ='1'!K51 -> 24571.429 | E54: ='2'!K51 -> 24571.429 | F54: ='3'!K51 -> 24714.286 | G54: ='4'!K51 -> 24714.286 | H54: ='5'!K51 -> 24714.286 | I54: ='6'!K51 -> 24714.286 | J54: ='7'!K51 -> 24428.571 | K54: ='8'!K51 -> 24428.571 | L54: ='9'!K51 -> 24428.571 | M54: ='10'!K51 -> 24142.857 | N54: ='11'!K51 -> 24142.857 | O54: ='12'!K51 -> 24142.857 | P54: ='13'!K51 -> 24142.857 | Q54: ='14'!K51 -> 24142.857 | R54: ='15'!K51 -> 24142.857 | S54: ='16'!K51 -> 24142.857 | T54: ='17'!K51 -> 24142.857 | U54: ='18'!K51 -> 24142.857 | V54: ='19'!K51 -> 24142.857 | W54: ='20'!K51 -> 24142.857 | X54: ='21'!K51 -> 24142.857 | Y54: ='22'!K54 -> 24285.714 | Z54: ='23'!K54 -> 24571.429 | AA54: ='24'!K54 -> 24571.429 | AB54: ='25'!K54 -> 24571.429 | AC54: ='26'!K54 -> 24571.429 | AD54: ='27'!K54 -> 24571.429 | AE54: ='28'!K54 -> 24571.429 | AG54: =AE54-D54 -> 0 | AH54: =AVERAGE(D54:AE54) -> 24382.653
B55: - Kacang Tanah (Jenis Besar) | C55: Kg | D55: ='1'!K52 -> 28571.429 | E55: ='2'!K52 -> 28571.429 | F55: ='3'!K52 -> 28428.571 | G55: ='4'!K52 -> 28428.571 | H55: ='5'!K52 -> 28428.571 | I55: ='6'!K52 -> 28428.571 | J55: ='7'!K52 -> 28142.857 | K55: ='8'!K52 -> 28142.857 | L55: ='9'!K52 -> 28142.857 | M55: ='10'!K52 -> 28285.714 | N55: ='11'!K52 -> 28285.714 | O55: ='12'!K52 -> 28285.714 | P55: ='13'!K52 -> 28285.714 | Q55: ='14'!K52 -> 28285.714 | R55: ='15'!K52 -> 28285.714 | S55: ='16'!K52 -> 28285.714 | T55: ='17'!K52 -> 28285.714 | U55: ='18'!K52 -> 28285.714 | V55: ='19'!K52 -> 28285.714 | W55: ='20'!K52 -> 28285.714 | X55: ='21'!K52 -> 28285.714 | Y55: ='22'!K55 -> 28285.714 | Z55: ='23'!K55 -> 28142.857 | AA55: ='24'!K55 -> 28142.857 | AB55: ='25'!K55 -> 28142.857 | AC55: ='26'!K55 -> 28142.857 | AD55: ='27'!K55 -> 28142.857 | AE55: ='28'!K55 -> 28142.857 | AG55: =AE55-D55 -> -428.57143 | AH55: =AVERAGE(D55:AE55) -> 28280.612
A56: 14 | B56: MIE INSTAN | D56: ='1'!K53 -> 0 | E56: ='2'!K53 -> 0 | F56: ='3'!K53 -> 0 | G56: ='4'!K53 -> 0 | H56: ='5'!K53 -> 0 | I56: ='6'!K53 -> 0 | J56: ='7'!K53 -> 0 | K56: ='8'!K53 -> 0 | L56: ='9'!K53 -> 0 | M56: ='10'!K53 -> 0 | N56: ='11'!K53 -> 0 | O56: ='12'!K53 -> 0 | P56: ='13'!K53 -> 0 | Q56: ='14'!K53 -> 0 | R56: ='15'!K53 -> 0 | S56: ='16'!K53 -> 0 | T56: ='17'!K53 -> 0 | U56: ='18'!K53 -> 0 | V56: ='19'!K53 -> 0 | W56: ='20'!K53 -> 0 | X56: ='21'!K53 -> 0 | Y56: ='22'!K56 -> 0 | Z56: ='23'!K56 -> 0 | AA56: ='24'!K56 -> 0 | AB56: ='25'!K56 -> 0 | AC56: ='26'!K56 -> 0 | AD56: ='27'!K56 -> 0 | AE56: ='28'!K56 -> 0 | AG56: =AE56-D56 -> 0 | AH56: =AVERAGE(D56:AE56) -> 0
B57: - Indomie Goreng | C57: 86 Gr/Bngks | D57: ='1'!K54 -> 3066.6667 | E57: ='2'!K54 -> 3066.6667 | F57: ='3'!K54 -> 3066.6667 | G57: ='4'!K54 -> 3066.6667 | H57: ='5'!K54 -> 3066.6667 | I57: ='6'!K54 -> 3066.6667 | J57: ='7'!K54 -> 3066.6667 | K57: ='8'!K54 -> 3066.6667 | L57: ='9'!K54 -> 3066.6667 | M57: ='10'!K54 -> 3033.3333 | N57: ='11'!K54 -> 3033.3333 | O57: ='12'!K54 -> 3066.6667 | P57: ='13'!K54 -> 3066.6667 | Q57: ='14'!K54 -> 3033.3333 | R57: ='15'!K54 -> 3033.3333 | S57: ='16'!K54 -> 3033.3333 | T57: ='17'!K54 -> 3033.3333 | U57: ='18'!K54 -> 3033.3333 | V57: ='19'!K54 -> 3033.3333 | W57: ='20'!K54 -> 3033.3333 | X57: ='21'!K54 -> 3033.3333 | Y57: ='22'!K57 -> 3200 | Z57: ='23'!K57 -> 3200 | AA57: ='24'!K57 -> 3200 | AB57: ='25'!K57 -> 3200 | AC57: ='26'!K57 -> 3200 | AD57: ='27'!K57 -> 3200 | AE57: ='28'!K57 -> 3200 | AG57: =AE57-D57 -> 133.33333 | AH57: =AVERAGE(D57:AE57) -> 3088.0952
A58: 15 | B58: C A B E | D58: ='1'!K55 -> 0 | E58: ='2'!K55 -> 0 | F58: ='3'!K55 -> 0 | G58: ='4'!K55 -> 0 | H58: ='5'!K55 -> 0 | I58: ='6'!K55 -> 0 | J58: ='7'!K55 -> 0 | K58: ='8'!K55 -> 0 | L58: ='9'!K55 -> 0 | M58: ='10'!K55 -> 0 | N58: ='11'!K55 -> 0 | O58: ='12'!K55 -> 0 | P58: ='13'!K55 -> 0 | Q58: ='14'!K55 -> 0 | R58: ='15'!K55 -> 0 | S58: ='16'!K55 -> 0 | T58: ='17'!K55 -> 0 | U58: ='18'!K55 -> 0 | V58: ='19'!K55 -> 0 | W58: ='20'!K55 -> 0 | X58: ='21'!K55 -> 0 | Y58: ='22'!K58 -> 0 | Z58: ='23'!K58 -> 0 | AA58: ='24'!K58 -> 0 | AB58: ='25'!K58 -> 0 | AC58: ='26'!K58 -> 0 | AD58: ='27'!K58 -> 0 | AE58: ='28'!K58 -> 0 | AG58: =AE58-D58 -> 0 | AH58: =AVERAGE(D58:AE58) -> 0
B59: - Cabe Merah Besar | C59: Kg | D59: ='1'!K56 -> 27714.286 | E59: ='2'!K56 -> 28000 | F59: ='3'!K56 -> 28000 | G59: ='4'!K56 -> 28142.857 | H59: ='5'!K56 -> 28857.143 | I59: ='6'!K56 -> 29142.857 | J59: ='7'!K56 -> 31428.571 | K59: ='8'!K56 -> 32142.857 | L59: ='9'!K56 -> 32571.429 | M59: ='10'!K56 -> 31428.571 | N59: ='11'!K56 -> 31428.571 | O59: ='12'!K56 -> 31428.571 | P59: ='13'!K56 -> 32142.857 | Q59: ='14'!K56 -> 32428.571 | R59: ='15'!K56 -> 33428.571 | S59: ='16'!K56 -> 35285.714 | T59: ='17'!K56 -> 36714.286 | U59: ='18'!K56 -> 37142.857 | V59: ='19'!K56 -> 37142.857 | W59: ='20'!K56 -> 37428.571 | X59: ='21'!K56 -> 37714.286 | Y59: ='22'!K59 -> 38142.857 | Z59: ='23'!K59 -> 36714.286 | AA59: ='24'!K59 -> 35714.286 | AB59: ='25'!K59 -> 35000 | AC59: ='26'!K59 -> 35000 | AD59: ='27'!K59 -> 31000 | AE59: ='28'!K59 -> 29857.143 | AG59: =AE59-D59 -> 2142.8571 | AH59: =AVERAGE(D59:AE59) -> 32897.959
B60: - Cabe Merah Kriting | C60: Kg | D60: ='1'!K57 -> 38750 | E60: ='2'!K57 -> 37500 | F60: ='3'!K57 -> 38750 | G60: ='4'!K57 -> 38750 | H60: ='5'!K57 -> 38750 | I60: ='6'!K57 -> 36750 | J60: ='7'!K57 -> 40000 | K60: ='8'!K57 -> 41250 | L60: ='9'!K57 -> 40000 | M60: ='10'!K57 -> 40000 | N60: ='11'!K57 -> 40000 | O60: ='12'!K57 -> 40000 | P60: ='13'!K57 -> 41250 | Q60: ='14'!K57 -> 46250 | R60: ='15'!K57 -> 47500 | S60: ='16'!K57 -> 51250 | T60: ='17'!K57 -> 51250 | U60: ='18'!K57 -> 51250 | V60: ='19'!K57 -> 52500 | W60: ='20'!K57 -> 50000 | X60: ='21'!K57 -> 50000 | Y60: ='22'!K60 -> 50000 | Z60: ='23'!K60 -> 47500 | AA60: ='24'!K60 -> 46250 | AB60: ='25'!K60 -> 46250 | AC60: ='26'!K60 -> 46250 | AD60: ='27'!K60 -> 42500 | AE60: ='28'!K60 -> 40000 | AG60: =AE60-D60 -> 1250 | AH60: =AVERAGE(D60:AE60) -> 43946.429
B61: - Cabe Merah Kecil-Rawit | C61: Kg | D61: ='1'!K58 -> 51428.571 | E61: ='2'!K58 -> 50000 | F61: ='3'!K58 -> 48428.571 | G61: ='4'!K58 -> 49142.857 | H61: ='5'!K58 -> 49857.143 | I61: ='6'!K58 -> 48428.571 | J61: ='7'!K58 -> 56142.857 | K61: ='8'!K58 -> 57142.857 | L61: ='9'!K58 -> 56428.571 | M61: ='10'!K58 -> 57857.143 | N61: ='11'!K58 -> 55714.286 | O61: ='12'!K58 -> 56428.571 | P61: ='13'!K58 -> 57857.143 | Q61: ='14'!K58 -> 57142.857 | R61: ='15'!K58 -> 56428.571 | S61: ='16'!K58 -> 60714.286 | T61: ='17'!K58 -> 62142.857 | U61: ='18'!K58 -> 61428.571 | V61: ='19'!K58 -> 61428.571 | W61: ='20'!K58 -> 60714.286 | X61: ='21'!K58 -> 59285.714 | Y61: ='22'!K61 -> 61428.571 | Z61: ='23'!K61 -> 60000 | AA61: ='24'!K61 -> 58571.429 | AB61: ='25'!K61 -> 59285.714 | AC61: ='26'!K61 -> 58571.429 | AD61: ='27'!K61 -> 62857.143 | AE61: ='28'!K61 -> 61714.286 | AG61: =AE61-D61 -> 10285.714 | AH61: =AVERAGE(D61:AE61) -> 57020.408
A62: 16 | B62: BAHAN BAKAR GAS LPG | D62: ='1'!K59 -> 0 | E62: ='2'!K59 -> 0 | F62: ='3'!K59 -> 0 | G62: ='4'!K59 -> 0 | H62: ='5'!K59 -> 0 | I62: ='6'!K59 -> 0 | J62: ='7'!K59 -> 0 | K62: ='8'!K59 -> 0 | L62: ='9'!K59 -> 0 | M62: ='10'!K59 -> 0 | N62: ='11'!K59 -> 0 | O62: ='12'!K59 -> 0 | P62: ='13'!K59 -> 0 | Q62: ='14'!K59 -> 0 | R62: ='15'!K59 -> 0 | S62: ='16'!K59 -> 0 | T62: ='17'!K59 -> 0 | U62: ='18'!K59 -> 0 | V62: ='19'!K59 -> 0 | W62: ='20'!K59 -> 0 | X62: ='21'!K59 -> 0 | Y62: ='22'!K62 -> 0 | Z62: ='23'!K62 -> 0 | AA62: ='24'!K62 -> 0 | AB62: ='25'!K62 -> 0 | AC62: ='26'!K62 -> 0 | AD62: ='27'!K62 -> 0 | AE62: ='28'!K62 -> 0 | AG62: =AE62-D62 -> 0 | AH62: =AVERAGE(D62:AE62) -> 0
B63: - Gas LPG Tabung (3 Kg.) | C63: Per Tabung | D63: ='1'!K60 -> 18166.667 | E63: ='2'!K60 -> 18166.667 | F63: ='3'!K60 -> 18166.667 | G63: ='4'!K60 -> 18166.667 | H63: ='5'!K60 -> 18166.667 | I63: ='6'!K60 -> 18166.667 | J63: ='7'!K60 -> 18166.667 | K63: ='8'!K60 -> 18166.667 | L63: ='9'!K60 -> 18166.667 | M63: ='10'!K60 -> 18166.667 | N63: ='11'!K60 -> 18166.667 | O63: ='12'!K60 -> 18166.667 | P63: ='13'!K60 -> 18166.667 | Q63: ='14'!K60 -> 18166.667 | R63: ='15'!K60 -> 18166.667 | S63: ='16'!K60 -> 18166.667 | T63: ='17'!K60 -> 18166.667 | U63: ='18'!K60 -> 18166.667 | V63: ='19'!K60 -> 18166.667 | W63: ='20'!K60 -> 18166.667 | X63: ='21'!K60 -> 18166.667 | Y63: ='22'!K63 -> 18166.667 | Z63: ='23'!K63 -> 18166.667 | AA63: ='24'!K63 -> 18166.667 | AB63: ='25'!K63 -> 18166.667 | AC63: ='26'!K63 -> 18166.667 | AD63: ='27'!K63 -> 18166.667 | AE63: ='28'!K63 -> 18166.667 | AG63: =AE63-D63 -> 0 | AH63: =AVERAGE(D63:AE63) -> 18166.667
A64: 17 | B64: BAWANG | D64: ='1'!K61 -> 0 | E64: ='2'!K61 -> 0 | F64: ='3'!K61 -> 0 | G64: ='4'!K61 -> 0 | H64: ='5'!K61 -> 0 | I64: ='6'!K61 -> 0 | J64: ='7'!K61 -> 0 | K64: ='8'!K61 -> 0 | L64: ='9'!K61 -> 0 | M64: ='10'!K61 -> 0 | N64: ='11'!K61 -> 0 | O64: ='12'!K61 -> 0 | P64: ='13'!K61 -> 0 | Q64: ='14'!K61 -> 0 | R64: ='15'!K61 -> 0 | S64: ='16'!K61 -> 0 | T64: ='17'!K61 -> 0 | U64: ='18'!K61 -> 0 | V64: ='19'!K61 -> 0 | W64: ='20'!K61 -> 0 | X64: ='21'!K61 -> 0 | Y64: ='22'!K64 -> 0 | Z64: ='23'!K64 -> 0 | AA64: ='24'!K64 -> 0 | AB64: ='25'!K64 -> 0 | AC64: ='26'!K64 -> 0 | AD64: ='27'!K64 -> 0 | AE64: ='28'!K64 -> 0 | AG64: =AE64-D64 -> 0 | AH64: =AVERAGE(D64:AE64) -> 0
B65: - Bawang Putih (Jenis Kating) | C65: Kg | D65: ='1'!K62 -> 29714.286 | E65: ='2'!K62 -> 31428.571 | F65: ='3'!K62 -> 31285.714 | G65: ='4'!K62 -> 31142.857 | H65: ='5'!K62 -> 30857.143 | I65: ='6'!K62 -> 31285.714 | J65: ='7'!K62 -> 30714.286 | K65: ='8'!K62 -> 30571.429 | L65: ='9'!K62 -> 30714.286 | M65: ='10'!K62 -> 30571.429 | N65: ='11'!K62 -> 30285.714 | O65: ='12'!K62 -> 30285.714 | P65: ='13'!K62 -> 30285.714 | Q65: ='14'!K62 -> 30142.857 | R65: ='15'!K62 -> 30428.571 | S65: ='16'!K62 -> 30714.286 | T65: ='17'!K62 -> 30285.714 | U65: ='18'!K62 -> 30285.714 | V65: ='19'!K62 -> 30285.714 | W65: ='20'!K62 -> 30285.714 | X65: ='21'!K62 -> 29714.286 | Y65: ='22'!K65 -> 30285.714 | Z65: ='23'!K65 -> 30571.429 | AA65: ='24'!K65 -> 29857.143 | AB65: ='25'!K65 -> 30285.714 | AC65: ='26'!K65 -> 30285.714 | AD65: ='27'!K65 -> 31571.429 | AE65: ='28'!K65 -> 32000 | AG65: =AE65-D65 -> 2285.7143 | AH65: =AVERAGE(D65:AE65) -> 30576.531
B66: - Bawang Putih (Jenis Sinco) | C66: Kg | D66: ='1'!K63 -> 26000 | E66: ='2'!K63 -> 26285.714 | F66: ='3'!K63 -> 26285.714 | G66: ='4'!K63 -> 26000 | H66: ='5'!K63 -> 25714.286 | I66: ='6'!K63 -> 26142.857 | J66: ='7'!K63 -> 26142.857 | K66: ='8'!K63 -> 26000 | L66: ='9'!K63 -> 26142.857 | M66: ='10'!K63 -> 26000 | N66: ='11'!K63 -> 25714.286 | O66: ='12'!K63 -> 25428.571 | P66: ='13'!K63 -> 25714.286 | Q66: ='14'!K63 -> 24857.143 | R66: ='15'!K63 -> 25285.714 | S66: ='16'!K63 -> 25428.571 | T66: ='17'!K63 -> 25428.571 | U66: ='18'!K63 -> 25714.286 | V66: ='19'!K63 -> 25714.286 | W66: ='20'!K63 -> 25714.286 | X66: ='21'!K63 -> 26000 | Y66: ='22'!K66 -> 26285.714 | Z66: ='23'!K66 -> 26000 | AA66: ='24'!K66 -> 26142.857 | AB66: ='25'!K66 -> 26142.857 | AC66: ='26'!K66 -> 26142.857 | AD66: ='27'!K66 -> 27285.714 | AE66: ='28'!K66 -> 27142.857 | AG66: =AE66-D66 -> 1142.8571 | AH66: =AVERAGE(D66:AE66) -> 25959.184
B67: - Bawang Merah (Kualitas Lokal) | C67: Kg | D67: ='1'!K64 -> 37000 | E67: ='2'!K64 -> 39142.857 | F67: ='3'!K64 -> 39714.286 | G67: ='4'!K64 -> 39000 | H67: ='5'!K64 -> 39000 | I67: ='6'!K64 -> 38571.429 | J67: ='7'!K64 -> 37428.571 | K67: ='8'!K64 -> 36857.143 | L67: ='9'!K64 -> 36571.429 | M67: ='10'!K64 -> 35428.571 | N67: ='11'!K64 -> 35000 | O67: ='12'!K64 -> 35857.143 | P67: ='13'!K64 -> 35571.429 | Q67: ='14'!K64 -> 36000 | R67: ='15'!K64 -> 35285.714 | S67: ='16'!K64 -> 34000 | T67: ='17'!K64 -> 33285.714 | U67: ='18'!K64 -> 32714.286 | V67: ='19'!K64 -> 33000 | W67: ='20'!K64 -> 33142.857 | X67: ='21'!K64 -> 30285.714 | Y67: ='22'!K67 -> 30142.857 | Z67: ='23'!K67 -> 29285.714 | AA67: ='24'!K67 -> 29428.571 | AB67: ='25'!K67 -> 29714.286 | AC67: ='26'!K67 -> 29714.286 | AD67: ='27'!K67 -> 30571.429 | AE67: ='28'!K67 -> 31142.857 | AF67: 12000 | AG67: =AE67-D67 -> -5857.1429 | AH67: =AVERAGE(D67:AE67) -> 34387.755
B68: - Bawang Bombay | C68: Kg | D68: ='1'!K65 -> 21714.286 | E68: ='2'!K65 -> 21714.286 | F68: ='3'!K65 -> 21714.286 | G68: ='4'!K65 -> 21714.286 | H68: ='5'!K65 -> 22000 | I68: ='6'!K65 -> 21428.571 | J68: ='7'!K65 -> 21000 | K68: ='8'!K65 -> 21000 | L68: ='9'!K65 -> 21000 | M68: ='10'!K65 -> 21000 | N68: ='11'!K65 -> 21428.571 | O68: ='12'!K65 -> 21428.571 | P68: ='13'!K65 -> 21714.286 | Q68: ='14'!K65 -> 21714.286 | R68: ='15'!K65 -> 21428.571 | S68: ='16'!K65 -> 21428.571 | T68: ='17'!K65 -> 21428.571 | U68: ='18'!K65 -> 21428.571 | V68: ='19'!K65 -> 21428.571 | W68: ='20'!K65 -> 21428.571 | X68: ='21'!K65 -> 21428.571 | Y68: ='22'!K68 -> 21428.571 | Z68: ='23'!K68 -> 21428.571 | AA68: ='24'!K68 -> 21428.571 | AB68: ='25'!K68 -> 21428.571 | AC68: ='26'!K68 -> 21428.571 | AD68: ='27'!K68 -> 21714.286 | AE68: ='28'!K68 -> 22285.714 | AG68: =AE68-D68 -> 571.42857 | AH68: =AVERAGE(D68:AE68) -> 21489.796
A69: 18 | B69: UBI-UBIAN | D69: ='1'!K66 -> 0 | E69: ='2'!K66 -> 0 | F69: ='3'!K66 -> 0 | G69: ='4'!K66 -> 0 | H69: ='5'!K66 -> 0 | I69: ='6'!K66 -> 0 | J69: ='7'!K66 -> 0 | K69: ='8'!K66 -> 0 | L69: ='9'!K66 -> 0 | M69: ='10'!K66 -> 0 | N69: ='11'!K66 -> 0 | O69: ='12'!K66 -> 0 | P69: ='13'!K66 -> 0 | Q69: ='14'!K66 -> 0 | R69: ='15'!K66 -> 0 | S69: ='16'!K66 -> 0 | T69: ='17'!K66 -> 0 | U69: ='18'!K66 -> 0 | V69: ='19'!K66 -> 0 | W69: ='20'!K66 -> 0 | X69: ='21'!K66 -> 0 | Y69: ='22'!K69 -> 0 | Z69: ='23'!K69 -> 0 | AA69: ='24'!K69 -> 0 | AB69: ='25'!K69 -> 0 | AC69: ='26'!K69 -> 0 | AD69: ='27'!K69 -> 0 | AE69: ='28'!K69 -> 0 | AG69: =AE69-D69 -> 0 | AH69: =AVERAGE(D69:AE69) -> 0
B70: - Ketela Pohon | C70: Kg | D70: ='1'!K67 -> 5857.1429 | E70: ='2'!K67 -> 5571.4286 | F70: ='3'!K67 -> 5571.4286 | G70: ='4'!K67 -> 5571.4286 | H70: ='5'!K67 -> 5571.4286 | I70: ='6'!K67 -> 5571.4286 | J70: ='7'!K67 -> 5571.4286 | K70: ='8'!K67 -> 5571.4286 | L70: ='9'!K67 -> 5571.4286 | M70: ='10'!K67 -> 5571.4286 | N70: ='11'!K67 -> 5571.4286 | O70: ='12'!K67 -> 5571.4286 | P70: ='13'!K67 -> 5571.4286 | Q70: ='14'!K67 -> 5571.4286 | R70: ='15'!K67 -> 5571.4286 | S70: ='16'!K67 -> 5571.4286 | T70: ='17'!K67 -> 5571.4286 | U70: ='18'!K67 -> 5571.4286 | V70: ='19'!K67 -> 5571.4286 | W70: ='20'!K67 -> 5571.4286 | X70: ='21'!K67 -> 5571.4286 | Y70: ='22'!K70 -> 5571.4286 | Z70: ='23'!K70 -> 5571.4286 | AA70: ='24'!K70 -> 5571.4286 | AB70: ='25'!K70 -> 5571.4286 | AC70: ='26'!K70 -> 5571.4286 | AD70: ='27'!K70 -> 5571.4286 | AE70: ='28'!K70 -> 5571.4286 | AG70: =AE70-D70 -> -285.71429 | AH70: =AVERAGE(D70:AE70) -> 5581.6327
B71: - Ubi Jalar | C71: Kg | D71: ='1'!K68 -> 5800 | E71: ='2'!K68 -> 5600 | F71: ='3'!K68 -> 5600 | G71: ='4'!K68 -> 5600 | H71: ='5'!K68 -> 5600 | I71: ='6'!K68 -> 5600 | J71: ='7'!K68 -> 5600 | K71: ='8'!K68 -> 5600 | L71: ='9'!K68 -> 5600 | M71: ='10'!K68 -> 5600 | N71: ='11'!K68 -> 5600 | O71: ='12'!K68 -> 5600 | P71: ='13'!K68 -> 5600 | Q71: ='14'!K68 -> 5600 | R71: ='15'!K68 -> 5600 | S71: ='16'!K68 -> 5600 | T71: ='17'!K68 -> 5600 | U71: ='18'!K68 -> 5600 | V71: ='19'!K68 -> 5600 | W71: ='20'!K68 -> 5600 | X71: ='21'!K68 -> 5600 | Y71: ='22'!K71 -> 5600 | Z71: ='23'!K71 -> 5600 | AA71: ='24'!K71 -> 5600 | AB71: ='25'!K71 -> 5600 | AC71: ='26'!K71 -> 5600 | AD71: ='27'!K71 -> 5600 | AE71: ='28'!K71 -> 5600 | AG71: =AE71-D71 -> -200 | AH71: =AVERAGE(D71:AE71) -> 5607.1429
A72: 19 | B72: SAYUR-SAYURAN | D72: ='1'!K69 -> 0 | E72: ='2'!K69 -> 0 | F72: ='3'!K69 -> 0 | G72: ='4'!K69 -> 0 | H72: ='5'!K69 -> 0 | I72: ='6'!K69 -> 0 | J72: ='7'!K69 -> 0 | K72: ='8'!K69 -> 0 | L72: ='9'!K69 -> 0 | M72: ='10'!K69 -> 0 | N72: ='11'!K69 -> 0 | O72: ='12'!K69 -> 0 | P72: ='13'!K69 -> 0 | Q72: ='14'!K69 -> 0 | R72: ='15'!K69 -> 0 | S72: ='16'!K69 -> 0 | T72: ='17'!K69 -> 0 | U72: ='18'!K69 -> 0 | V72: ='19'!K69 -> 0 | W72: ='20'!K69 -> 0 | X72: ='21'!K69 -> 0 | Y72: ='22'!K72 -> 0 | Z72: ='23'!K72 -> 0 | AA72: ='24'!K72 -> 0 | AB72: ='25'!K72 -> 0 | AC72: ='26'!K72 -> 0 | AD72: ='27'!K72 -> 0 | AE72: ='28'!K72 -> 0 | AG72: =AE72-D72 -> 0 | AH72: =AVERAGE(D72:AE72) -> 0
B73: - Kubis | C73: Kg | D73: ='1'!K70 -> 10285.714 | E73: ='2'!K70 -> 10571.429 | F73: ='3'!K70 -> 10571.429 | G73: ='4'!K70 -> 10285.714 | H73: ='5'!K70 -> 10000 | I73: ='6'!K70 -> 10000 | J73: ='7'!K70 -> 8714.2857 | K73: ='8'!K70 -> 8714.2857 | L73: ='9'!K70 -> 8714.2857 | M73: ='10'!K70 -> 9142.8571 | N73: ='11'!K70 -> 9428.5714 | O73: ='12'!K70 -> 9571.4286 | P73: ='13'!K70 -> 9571.4286 | Q73: ='14'!K70 -> 9571.4286 | R73: ='15'!K70 -> 9571.4286 | S73: ='16'!K70 -> 9285.7143 | T73: ='17'!K70 -> 9285.7143 | U73: ='18'!K70 -> 9142.8571 | V73: ='19'!K70 -> 9142.8571 | W73: ='20'!K70 -> 9000 | X73: ='21'!K70 -> 9000 | Y73: ='22'!K73 -> 9000 | Z73: ='23'!K73 -> 9000 | AA73: ='24'!K73 -> 9000 | AB73: ='25'!K73 -> 9000 | AC73: ='26'!K73 -> 9000 | AD73: ='27'!K73 -> 8571.4286 | AE73: ='28'!K73 -> 8571.4286 | AG73: =AE73-D73 -> -1714.2857 | AH73: =AVERAGE(D73:AE73) -> 9346.9388
B74: - Buncis | C74: Kg | D74: ='1'!K71 -> 11285.714 | E74: ='2'!K71 -> 11571.429 | F74: ='3'!K71 -> 11571.429 | G74: ='4'!K71 -> 12285.714 | H74: ='5'!K71 -> 12285.714 | I74: ='6'!K71 -> 11857.143 | J74: ='7'!K71 -> 12142.857 | K74: ='8'!K71 -> 12142.857 | L74: ='9'!K71 -> 12285.714 | M74: ='10'!K71 -> 12142.857 | N74: ='11'!K71 -> 11857.143 | O74: ='12'!K71 -> 11857.143 | P74: ='13'!K71 -> 11857.143 | Q74: ='14'!K71 -> 12000 | R74: ='15'!K71 -> 11857.143 | S74: ='16'!K71 -> 12142.857 | T74: ='17'!K71 -> 12142.857 | U74: ='18'!K71 -> 11857.143 | V74: ='19'!K71 -> 11857.143 | W74: ='20'!K71 -> 11857.143 | X74: ='21'!K71 -> 11857.143 | Y74: ='22'!K74 -> 11857.143 | Z74: ='23'!K74 -> 12000 | AA74: ='24'!K74 -> 11857.143 | AB74: ='25'!K74 -> 11857.143 | AC74: ='26'!K74 -> 11857.143 | AD74: ='27'!K74 -> 11857.143 | AE74: ='28'!K74 -> 11428.571 | AG74: =AE74-D74 -> 142.85714 | AH74: =AVERAGE(D74:AE74) -> 11908.163
B75: - Kentang | C75: Kg | D75: ='1'!K72 -> 16000 | E75: ='2'!K72 -> 16000 | F75: ='3'!K72 -> 15714.286 | G75: ='4'!K72 -> 15714.286 | H75: ='5'!K72 -> 15428.571 | I75: ='6'!K72 -> 15285.714 | J75: ='7'!K72 -> 15857.143 | K75: ='8'!K72 -> 15857.143 | L75: ='9'!K72 -> 15857.143 | M75: ='10'!K72 -> 15857.143 | N75: ='11'!K72 -> 15714.286 | O75: ='12'!K72 -> 15428.571 | P75: ='13'!K72 -> 15571.429 | Q75: ='14'!K72 -> 15571.429 | R75: ='15'!K72 -> 15714.286 | S75: ='16'!K72 -> 15571.429 | T75: ='17'!K72 -> 15571.429 | U75: ='18'!K72 -> 15285.714 | V75: ='19'!K72 -> 15285.714 | W75: ='20'!K72 -> 15285.714 | X75: ='21'!K72 -> 15285.714 | Y75: ='22'!K75 -> 15285.714 | Z75: ='23'!K75 -> 15428.571 | AA75: ='24'!K75 -> 15285.714 | AB75: ='25'!K75 -> 15285.714 | AC75: ='26'!K75 -> 15285.714 | AD75: ='27'!K75 -> 15142.857 | AE75: ='28'!K75 -> 15285.714 | AG75: =AE75-D75 -> -714.28571 | AH75: =AVERAGE(D75:AE75) -> 15530.612
B76: - Tomat | C76: Kg | D76: ='1'!K73 -> 10428.571 | E76: ='2'!K73 -> 11285.714 | F76: ='3'!K73 -> 11285.714 | G76: ='4'!K73 -> 11285.714 | H76: ='5'!K73 -> 11571.429 | I76: ='6'!K73 -> 11000 | J76: ='7'!K73 -> 11857.143 | K76: ='8'!K73 -> 11714.286 | L76: ='9'!K73 -> 11571.429 | M76: ='10'!K73 -> 11142.857 | N76: ='11'!K73 -> 11428.571 | O76: ='12'!K73 -> 11571.429 | P76: ='13'!K73 -> 11428.571 | Q76: ='14'!K73 -> 11571.429 | R76: ='15'!K73 -> 12000 | S76: ='16'!K73 -> 11142.857 | T76: ='17'!K73 -> 11428.571 | U76: ='18'!K73 -> 11285.714 | V76: ='19'!K73 -> 11285.714 | W76: ='20'!K73 -> 10428.571 | X76: ='21'!K73 -> 10571.429 | Y76: ='22'!K76 -> 10285.714 | Z76: ='23'!K76 -> 10285.714 | AA76: ='24'!K76 -> 10142.857 | AB76: ='25'!K76 -> 9857.1429 | AC76: ='26'!K76 -> 9857.1429 | AD76: ='27'!K76 -> 10428.571 | AE76: ='28'!K76 -> 10714.286 | AG76: =AE76-D76 -> 285.71429 | AH76: =AVERAGE(D76:AE76) -> 11030.612
B77: - Wortel (Kualitas Lokal) | C77: Kg | D77: ='1'!K74 -> 11000 | E77: ='2'!K74 -> 11000 | F77: ='3'!K74 -> 11000 | G77: ='4'!K74 -> 11000 | H77: ='5'!K74 -> 11000 | I77: ='6'!K74 -> 10571.429 | J77: ='7'!K74 -> 10571.429 | K77: ='8'!K74 -> 10571.429 | L77: ='9'!K74 -> 10571.429 | M77: ='10'!K74 -> 10571.429 | N77: ='11'!K74 -> 10714.286 | O77: ='12'!K74 -> 10714.286 | P77: ='13'!K74 -> 10714.286 | Q77: ='14'!K74 -> 10714.286 | R77: ='15'!K74 -> 10714.286 | S77: ='16'!K74 -> 10571.429 | T77: ='17'!K74 -> 10857.143 | U77: ='18'!K74 -> 10714.286 | V77: ='19'!K74 -> 10714.286 | W77: ='20'!K74 -> 10428.571 | X77: ='21'!K74 -> 10428.571 | Y77: ='22'!K77 -> 10428.571 | Z77: ='23'!K77 -> 10428.571 | AA77: ='24'!K77 -> 11000 | AB77: ='25'!K77 -> 11000 | AC77: ='26'!K77 -> 11000 | AD77: ='27'!K77 -> 10714.286 | AE77: ='28'!K77 -> 10714.286 | AG77: =AE77-D77 -> -285.71429 | AH77: =AVERAGE(D77:AE77) -> 10729.592
B78: - Terong Ungu (Jenis Sayur) | C78: Kg | D78: ='1'!K75 -> 9600 | E78: ='2'!K75 -> 9600 | F78: ='3'!K75 -> 9600 | G78: ='4'!K75 -> 9600 | H78: ='5'!K75 -> 9600 | I78: ='6'!K75 -> 9600 | J78: ='7'!K75 -> 8800 | K78: ='8'!K75 -> 8800 | L78: ='9'!K75 -> 8800 | M78: ='10'!K75 -> 8800 | N78: ='11'!K75 -> 8800 | O78: ='12'!K75 -> 8500 | P78: ='13'!K75 -> 8500 | Q78: ='14'!K75 -> 8500 | R78: ='15'!K75 -> 8500 | S78: ='16'!K75 -> 9000 | T78: ='17'!K75 -> 9250 | U78: ='18'!K75 -> 9250 | V78: ='19'!K75 -> 9250 | W78: ='20'!K75 -> 9250 | X78: ='21'!K75 -> 9250 | Y78: ='22'!K78 -> 9250 | Z78: ='23'!K78 -> 8750 | AA78: ='24'!K78 -> 9250 | AB78: ='25'!K78 -> 9250 | AC78: ='26'!K78 -> 9250 | AD78: ='27'!K78 -> 9250 | AE78: ='28'!K78 -> 9250 | AG78: =AE78-D78 -> -350 | AH78: =AVERAGE(D78:AE78) -> 9110.7143
B79: - Bayam (Jenis Sayur) | C79: Ikat Kecil | D79: ='1'!K76 -> 1500 | E79: ='2'!K76 -> 1700 | F79: ='3'!K76 -> 1700 | G79: ='4'!K76 -> 1700 | H79: ='5'!K76 -> 1700 | I79: ='6'!K76 -> 1800 | J79: ='7'!K76 -> 1800 | K79: ='8'!K76 -> 1800 | L79: ='9'!K76 -> 1800 | M79: ='10'!K76 -> 1800 | N79: ='11'!K76 -> 1800 | O79: ='12'!K76 -> 1800 | P79: ='13'!K76 -> 1800 | Q79: ='14'!K76 -> 1800 | R79: ='15'!K76 -> 1800 | S79: ='16'!K76 -> 1800 | T79: ='17'!K76 -> 1800 | U79: ='18'!K76 -> 1800 | V79: ='19'!K76 -> 1800 | W79: ='20'!K76 -> 1800 | X79: ='21'!K76 -> 1800 | Y79: ='22'!K79 -> 1800 | Z79: ='23'!K79 -> 1800 | AA79: ='24'!K79 -> 1800 | AB79: ='25'!K79 -> 1800 | AC79: ='26'!K79 -> 1800 | AD79: ='27'!K79 -> 1900 | AE79: ='28'!K79 -> 1900 | AG79: =AE79-D79 -> 400 | AH79: =AVERAGE(D79:AE79) -> 1782.1429
B80: - Kangkung (Jenis Panjang) | C80: Ikat Kecil | D80: ='1'!K77 -> 1400 | E80: ='2'!K77 -> 1500 | F80: ='3'!K77 -> 1500 | G80: ='4'!K77 -> 1500 | H80: ='5'!K77 -> 1500 | I80: ='6'!K77 -> 1500 | J80: ='7'!K77 -> 1500 | K80: ='8'!K77 -> 1500 | L80: ='9'!K77 -> 1500 | M80: ='10'!K77 -> 1500 | N80: ='11'!K77 -> 1500 | O80: ='12'!K77 -> 1500 | P80: ='13'!K77 -> 1500 | Q80: ='14'!K77 -> 1500 | R80: ='15'!K77 -> 1500 | S80: ='16'!K77 -> 1500 | T80: ='17'!K77 -> 1500 | U80: ='18'!K77 -> 1500 | V80: ='19'!K77 -> 1500 | W80: ='20'!K77 -> 1500 | X80: ='21'!K77 -> 1500 | Y80: ='22'!K80 -> 1500 | Z80: ='23'!K80 -> 1500 | AA80: ='24'!K80 -> 1500 | AB80: ='25'!K80 -> 1500 | AC80: ='26'!K80 -> 1500 | AD80: ='27'!K80 -> 1600 | AE80: ='28'!K80 -> 1600 | AG80: =AE80-D80 -> 200 | AH80: =AVERAGE(D80:AE80) -> 1503.5714
B81: - Sawi (Jenis Hijau) | C81: Ikat Kecil | D81: ='1'!K78 -> 1700 | E81: ='2'!K78 -> 1900 | F81: ='3'!K78 -> 1900 | G81: ='4'!K78 -> 1900 | H81: ='5'!K78 -> 1900 | I81: ='6'!K78 -> 1900 | J81: ='7'!K78 -> 1900 | K81: ='8'!K78 -> 1900 | L81: ='9'!K78 -> 1900 | M81: ='10'!K78 -> 1900 | N81: ='11'!K78 -> 1900 | O81: ='12'!K78 -> 1900 | P81: ='13'!K78 -> 1900 | Q81: ='14'!K78 -> 1900 | R81: ='15'!K78 -> 1900 | S81: ='16'!K78 -> 1900 | T81: ='17'!K78 -> 1900 | U81: ='18'!K78 -> 1900 | V81: ='19'!K78 -> 1900 | W81: ='20'!K78 -> 1900 | X81: ='21'!K78 -> 2000 | Y81: ='22'!K81 -> 2000 | Z81: ='23'!K81 -> 2000 | AA81: ='24'!K81 -> 2000 | AB81: ='25'!K81 -> 2000 | AC81: ='26'!K81 -> 2000 | AD81: ='27'!K81 -> 2000 | AE81: ='28'!K81 -> 2000 | AG81: =AE81-D81 -> 300 | AH81: =AVERAGE(D81:AE81) -> 1921.4286
A82: 20 | B82: AIR MINERAL | D82: ='1'!K79 -> 0 | E82: ='2'!K79 -> 0 | F82: ='3'!K79 -> 0 | G82: ='4'!K79 -> 0 | H82: ='5'!K79 -> 0 | I82: ='6'!K79 -> 0 | J82: ='7'!K79 -> 0 | K82: ='8'!K79 -> 0 | L82: ='9'!K79 -> 0 | M82: ='10'!K79 -> 0 | N82: ='11'!K79 -> 0 | O82: ='12'!K79 -> 0 | P82: ='13'!K79 -> 0 | Q82: ='14'!K79 -> 0 | R82: ='15'!K79 -> 0 | S82: ='16'!K79 -> 0 | T82: ='17'!K79 -> 0 | U82: ='18'!K79 -> 0 | V82: ='19'!K79 -> 0 | W82: ='20'!K79 -> 0 | X82: ='21'!K79 -> 0 | Y82: ='22'!K82 -> 0 | Z82: ='23'!K82 -> 0 | AA82: ='24'!K82 -> 0 | AB82: ='25'!K82 -> 0 | AC82: ='26'!K82 -> 0 | AD82: ='27'!K82 -> 0 | AE82: ='28'!K82 -> 0 | AG82: =AE82-D82 -> 0 | AH82: =AVERAGE(D82:AE82) -> 0
B83: - Air Mineral (Aqua Galon) | C83: 19 Ltr/Galon | D83: ='1'!K80 -> 18000 | E83: ='2'!K80 -> 18000 | F83: ='3'!K80 -> 18000 | G83: ='4'!K80 -> 18000 | H83: ='5'!K80 -> 18000 | I83: ='6'!K80 -> 18000 | J83: ='7'!K80 -> 18000 | K83: ='8'!K80 -> 18000 | L83: ='9'!K80 -> 18000 | M83: ='10'!K80 -> 18000 | N83: ='11'!K80 -> 18000 | O83: ='12'!K80 -> 18000 | P83: ='13'!K80 -> 18000 | Q83: ='14'!K80 -> 18000 | R83: ='15'!K80 -> 18000 | S83: ='16'!K80 -> 18000 | T83: ='17'!K80 -> 18000 | U83: ='18'!K80 -> 18000 | V83: ='19'!K80 -> 18000 | W83: ='20'!K80 -> 18000 | X83: ='21'!K80 -> 18000 | Y83: ='22'!K83 -> 18000 | Z83: ='23'!K83 -> 18000 | AA83: ='24'!K83 -> 18000 | AB83: ='25'!K83 -> 18000 | AC83: ='26'!K83 -> 18000 | AD83: ='27'!K83 -> 18000 | AE83: ='28'!K83 -> 18000 | AG83: =AE83-D83 -> 0 | AH83: =AVERAGE(D83:AE83) -> 18000
B85: Catatan : Sumber PD Pasar Surya

Sheet GRAFIK
C2: 1 | D2: 2 | E2: 3 | F2: 4 | G2: 5 | H2: 6 | I2: 7 | J2: 8 | K2: 9 | L2: 10 | M2: 11 | N2: 12 | O2: 13 | P2: 14 | Q2: 15 | R2: 16 | S2: 17 | T2: 18 | U2: 19 | V2: 20 | W2: 21 | X2: 22 | Y2: 23 | Z2: 24 | AA2: 25 | AB2: 26 | AC2: 27 | AD2: 28 | AE2: 29 | AF2: 30 | AG2: 31
A3: - Beras IR.64 Kwalitas I | B3: Kg | C3: ='1'!K8 -> 12542.857 | D3: ='2'!K8 -> 12542.857 | E3: ='3'!K8 -> 12685.714 | F3: ='4'!K8 -> 12685.714 | G3: ='5'!K8 -> 12685.714 | H3: ='6'!K8 -> 12900 | I3: ='7'!K8 -> 12900 | J3: ='8'!K8 -> 12900 | K3: ='9'!K8 -> 12900 | L3: ='10'!K8 -> 12971.429 | M3: ='11'!K8 -> 12971.429 | N3: ='12'!K8 -> 12828.571 | O3: ='13'!K8 -> 13114.286 | P3: ='14'!K8 -> 13257.143 | Q3: ='15'!K8 -> 13257.143 | R3: ='16'!K8 -> 13328.571 | S3: ='17'!K8 -> 13328.571 | T3: ='18'!K8 -> 13400 | U3: ='19'!K8 -> 13400 | V3: ='20'!K8 -> 13328.571 | W3: ='21'!K8 -> 13328.571 | X3: ='22'!K8 -> 13328.571 | Y3: ='23'!K8 -> 13328.571 | Z3: ='24'!K8 -> 13328.571 | AA3: ='25'!K8 -> 13328.571 | AB3: ='26'!K8 -> 13328.571 | AC3: ='27'!K8 -> 13328.571 | AD3: ='28'!K8 -> 13328.571 | AE3: =#REF! -> #REF! | AF3: =#REF! -> #REF! | AG3: =#REF! -> #REF!
A4: - Beras IR.64 Kwalitas II | B4: Kg | C4: ='1'!K9 -> 11428.571 | D4: ='2'!K9 -> 11428.571 | E4: ='3'!K9 -> 11500 | F4: ='4'!K9 -> 11357.143 | G4: ='5'!K9 -> 11357.143 | H4: ='6'!K9 -> 11714.286 | I4: ='7'!K9 -> 11714.286 | J4: ='8'!K9 -> 11928.571 | K4: ='9'!K9 -> 11928.571 | L4: ='10'!K9 -> 12000 | M4: ='11'!K9 -> 11714.286 | N4: ='12'!K9 -> 9035.7143 | O4: ='13'!K9 -> 8971.4286 | P4: ='14'!K9 -> 8971.4286 | Q4: ='15'!K9 -> 8971.4286 | R4: ='16'!K9 -> 9028.5714 | S4: ='17'!K9 -> 8971.4286 | T4: ='18'!K9 -> 8971.4286 | U4: ='19'!K9 -> 8971.4286 | V4: ='20'!K9 -> 8971.4286 | W4: ='21'!K9 -> 8971.4286 | X4: ='22'!K9 -> 8971.4286 | Y4: ='23'!K9 -> 8971.4286 | Z4: ='24'!K9 -> 8971.4286 | AA4: ='25'!K9 -> 8971.4286 | AB4: ='26'!K9 -> 8971.4286 | AC4: ='27'!K9 -> 8971.4286 | AD4: ='28'!K9 -> 8971.4286 | AE4: =#REF! -> #REF! | AF4: =#REF! -> #REF! | AG4: =#REF! -> #REF!
A5: - Beras IR.64 Kwalitas III | B5: Kg | C5: ='1'!K10 -> 10575 | D5: ='2'!K10 -> 10575 | E5: ='3'!K10 -> 10741.667 | F5: ='4'!K10 -> 6908.3333 | G5: ='5'!K10 -> 8741.6667 | H5: ='6'!K10 -> 7158.3333 | I5: ='7'!K10 -> 7158.3333 | J5: ='8'!K10 -> 7158.3333 | K5: ='9'!K10 -> 7158.3333 | L5: ='10'!K10 -> 7757.1429 | M5: ='11'!K10 -> 7757.1429 | N5: ='12'!K10 -> 9500 | O5: ='13'!K10 -> 9500 | P5: ='14'!K10 -> 9500 | Q5: ='15'!K10 -> 9500 | R5: ='16'!K10 -> 9500 | S5: ='17'!K10 -> 9500 | T5: ='18'!K10 -> 9500 | U5: ='19'!K10 -> 9500 | V5: ='20'!K10 -> 9500 | W5: ='21'!K10 -> 9500 | X5: ='22'!K10 -> 9500 | Y5: ='23'!K10 -> 9500 | Z5: ='24'!K10 -> 9500 | AA5: ='25'!K10 -> 9500 | AB5: ='26'!K10 -> 9500 | AC5: ='27'!K10 -> 9500 | AD5: ='28'!K10 -> 9500 | AE5: =#REF! -> #REF! | AF5: =#REF! -> #REF! | AG5: =#REF! -> #REF!
C24: 1 | D24: 2 | E24: 3 | F24: 4 | G24: 5 | H24: 6 | I24: 7 | J24: 8 | K24: 9 | L24: 10 | M24: 11 | N24: 12 | O24: 13 | P24: 14 | Q24: 15 | R24: 16 | S24: 17 | T24: 18 | U24: 19 | V24: 20 | W24: 21 | X24: 22 | Y24: 23 | Z24: 24 | AA24: 25 | AB24: 26 | AC24: 27 | AD24: 28 | AE24: 29 | AF24: 30 | AG24: 31
A25: Gula Pasir Lokal Curah | B25: Kg | C25: ='1'!K14 -> 13142.857 | D25: ='2'!K14 -> 13142.857 | E25: ='3'!K14 -> 13142.857 | F25: ='4'!K14 -> 13142.857 | G25: ='5'!K14 -> 13142.857 | H25: ='6'!K14 -> 13142.857 | I25: ='7'!K14 -> 13142.857 | J25: ='8'!K14 -> 13142.857 | K25: ='9'!K14 -> 13142.857 | L25: ='10'!K14 -> 13071.429 | M25: ='11'!K14 -> 13071.429 | N25: ='12'!K14 -> 16142.857 | O25: ='13'!K14 -> 16142.857 | P25: ='14'!K14 -> 16142.857 | Q25: ='15'!K14 -> 16142.857 | R25: ='16'!K14 -> 16142.857 | S25: ='17'!K14 -> 16142.857 | T25: ='18'!K14 -> 16142.857 | U25: ='19'!K14 -> 16142.857 | V25: ='20'!K14 -> 16142.857 | W25: ='21'!K14 -> 16142.857 | X25: ='22'!K14 -> 16142.857 | Y25: ='23'!K14 -> 16142.857 | Z25: ='24'!K14 -> 16142.857 | AA25: ='25'!K14 -> 16142.857 | AB25: ='26'!K14 -> 16142.857 | AC25: ='27'!K14 -> 16142.857 | AD25: ='28'!K14 -> 16142.857 | AE25: =#REF! -> #REF! | AF25: =#REF! -> #REF! | AG25: =#REF! -> #REF!
C46: 1 | D46: 2 | E46: 3 | F46: 4 | G46: 5 | H46: 6 | I46: 7 | J46: 8 | K46: 9 | L46: 10 | M46: 11 | N46: 12 | O46: 13 | P46: 14 | Q46: 15 | R46: 16 | S46: 17 | T46: 18 | U46: 19 | V46: 20 | W46: 21 | X46: 22 | Y46: 23 | Z46: 24 | AA46: 25 | AB46: 26 | AC46: 27 | AD46: 28 | AE46: 29 | AF46: 30 | AG46: 31
A47: - Minyak Goreng Curah (Bening) | B47: Kg | C47: ='1'!K17 -> 16214.286 | D47: ='2'!K17 -> 16214.286 | E47: ='3'!K17 -> 16214.286 | F47: ='4'!K17 -> 16214.286 | G47: ='5'!K17 -> 16214.286 | H47: ='6'!K17 -> 16071.429 | I47: ='7'!K17 -> 16071.429 | J47: ='8'!K17 -> 16000 | K47: ='9'!K17 -> 16000 | L47: ='10'!K17 -> 16000 | M47: ='11'!K17 -> 16000 | N47: ='12'!K17 -> 14000 | O47: ='13'!K17 -> 14000 | P47: ='14'!K17 -> 14000 | Q47: ='15'!K17 -> 14000 | R47: ='16'!K17 -> 14000 | S47: ='17'!K17 -> 14000 | T47: ='18'!K17 -> 14000 | U47: ='19'!K17 -> 14000 | V47: ='20'!K17 -> 14000 | W47: ='21'!K17 -> 14000 | X47: ='22'!K17 -> 14000 | Y47: ='23'!K17 -> 14000 | Z47: ='24'!K17 -> 14000 | AA47: ='25'!K17 -> 14000 | AB47: ='26'!K17 -> 14000 | AC47: ='27'!K17 -> 14000 | AD47: ='28'!K17 -> 14000 | AE47: =#REF! -> #REF! | AF47: =#REF! -> #REF! | AG47: =#REF! -> #REF!
C75: 1 | D75: 2 | E75: 3 | F75: 4 | G75: 5 | H75: 6 | I75: 7 | J75: 8 | K75: 9 | L75: 10 | M75: 11 | N75: 12 | O75: 13 | P75: 14 | Q75: 15 | R75: 16 | S75: 17 | T75: 18 | U75: 19 | V75: 20 | W75: 21 | X75: 22 | Y75: 23 | Z75: 24 | AA75: 25 | AB75: 26 | AC75: 27 | AD75: 28 | AE75: 29 | AF75: 30 | AG75: 31
A76: - Daging Ayam Broiler | B76: Kg | C76: ='1'!K24 -> 29714.286 | D76: ='2'!K24 -> 30285.714 | E76: ='3'!K24 -> 30714.286 | F76: ='4'!K24 -> 30714.286 | G76: ='5'!K24 -> 30428.571 | H76: ='6'!K24 -> 30714.286 | I76: ='7'!K24 -> 30714.286 | J76: ='8'!K24 -> 30857.143 | K76: ='9'!K24 -> 31142.857 | L76: ='10'!K24 -> 31142.857 | M76: ='11'!K24 -> 31142.857 | N76: ='12'!K24 -> 30857.143 | O76: ='13'!K24 -> 30857.143 | P76: ='14'!K24 -> 30857.143 | Q76: ='15'!K24 -> 31142.857 | R76: ='16'!K24 -> 31000 | S76: ='17'!K24 -> 30571.429 | T76: ='18'!K24 -> 30571.429 | U76: ='19'!K24 -> 30285.714 | V76: ='20'!K24 -> 30000 | W76: ='21'!K24 -> 30285.714 | X76: ='22'!K24 -> 30285.714 | Y76: ='23'!K24 -> 30428.571 | Z76: ='24'!K24 -> 31000 | AA76: ='25'!K24 -> 30714.286 | AB76: ='26'!K24 -> 30857.143 | AC76: ='27'!K24 -> 30857.143 | AD76: ='28'!K24 -> 30857.143 | AE76: =#REF! -> #REF! | AF76: =#REF! -> #REF! | AG76: =#REF! -> #REF!
C96: 1 | D96: 2 | E96: 3 | F96: 4 | G96: 5 | H96: 6 | I96: 7 | J96: 8 | K96: 9 | L96: 10 | M96: 11 | N96: 12 | O96: 13 | P96: 14 | Q96: 15 | R96: 16 | S96: 17 | T96: 18 | U96: 19 | V96: 20 | W96: 21 | X96: 22 | Y96: 23 | Z96: 24 | AA96: 25 | AB96: 26 | AC96: 27 | AD96: 28 | AE96: 29 | AF96: 30 | AG96: 31
A97: - Telur Ayam Horn | B97: Kg | C97: ='1'!K33 -> 26500 | D97: ='2'!K33 -> 26500 | E97: ='3'!K33 -> 26214.286 | F97: ='4'!K33 -> 26071.429 | G97: ='5'!K33 -> 26071.429 | H97: ='6'!K33 -> 26142.857 | I97: ='7'!K33 -> 26285.714 | J97: ='8'!K33 -> 26571.429 | K97: ='9'!K33 -> 26571.429 | L97: ='10'!K33 -> 26714.286 | M97: ='11'!K33 -> 26857.143 | N97: ='12'!K33 -> 27000 | O97: ='13'!K33 -> 26642.857 | P97: ='14'!K33 -> 26642.857 | Q97: ='15'!K33 -> 26642.857 | R97: ='16'!K33 -> 26642.857 | S97: ='17'!K33 -> 26500 | T97: ='18'!K33 -> 26500 | U97: ='19'!K33 -> 26357.143 | V97: ='20'!K33 -> 26142.857 | W97: ='21'!K33 -> 26142.857 | X97: ='22'!K33 -> 26142.857 | Y97: ='23'!K33 -> 26142.857 | Z97: ='24'!K33 -> 26142.857 | AA97: ='25'!K33 -> 25928.571 | AB97: ='26'!K33 -> 25928.571 | AC97: ='27'!K33 -> 25714.286 | AD97: ='28'!K33 -> 25714.286 | AE97: =#REF! -> #REF! | AF97: =#REF! -> #REF! | AG97: =#REF! -> #REF!
C116: 1 | D116: 2 | E116: 3 | F116: 4 | G116: 5 | H116: 6 | I116: 7 | J116: 8 | K116: 9 | L116: 10 | M116: 11 | N116: 12 | O116: 13 | P116: 14 | Q116: 15 | R116: 16 | S116: 17 | T116: 18 | U116: 19 | V116: 20 | W116: 21 | X116: 22 | Y116: 23 | Z116: 24 | AA116: 25 | AB116: 26 | AC116: 27 | AD116: 28 | AE116: 29 | AF116: 30 | AG116: 31
A117: - Garam Halus (Cap Kapal) | B117: 250 Gr/Bngks | C117: ='1'!K45 -> 4000 | D117: ='2'!K45 -> 4000 | E117: ='3'!K45 -> 4000 | F117: ='4'!K45 -> 3916.6667 | G117: ='5'!K45 -> 3916.6667 | H117: ='6'!K45 -> 3916.6667 | I117: ='7'!K45 -> 3916.6667 | J117: ='8'!K45 -> 3916.6667 | K117: ='9'!K45 -> 3916.6667 | L117: ='10'!K45 -> 3916.6667 | M117: ='11'!K45 -> 3916.6667 | N117: ='12'!K45 -> 4000 | O117: ='13'!K45 -> 4000 | P117: ='14'!K45 -> 3916.6667 | Q117: ='15'!K45 -> 3916.6667 | R117: ='16'!K45 -> 3916.6667 | S117: ='17'!K45 -> 3916.6667 | T117: ='18'!K45 -> 3916.6667 | U117: ='19'!K45 -> 3916.6667 | V117: ='20'!K45 -> 3916.6667 | W117: ='21'!K45 -> 3916.6667 | X117: ='22'!K45 -> 9166.6667 | Y117: ='23'!K45 -> 9166.6667 | Z117: ='24'!K45 -> 9166.6667 | AA117: ='25'!K45 -> 9166.6667 | AB117: ='26'!K45 -> 9166.6667 | AC117: ='27'!K45 -> 9166.6667 | AD117: ='28'!K45 -> 9166.6667 | AE117: =#REF! -> #REF! | AF117: =#REF! -> #REF! | AG117: =#REF! -> #REF!
C149: 1 | D149: 2 | E149: 3 | F149: 4 | G149: 5 | H149: 6 | I149: 7 | J149: 8 | K149: 9 | L149: 10 | M149: 11 | N149: 12 | O149: 13 | P149: 14 | Q149: 15 | R149: 16 | S149: 17 | T149: 18 | U149: 19 | V149: 20 | W149: 21 | X149: 22 | Y149: 23 | Z149: 24 | AA149: 25 | AB149: 26 | AC149: 27 | AD149: 28 | AE149: 29 | AF149: 30 | AG149: 31
A150: - Kacang Kedelai (Kualitas Import) | B150: Kg | C150: ='1'!K49 -> 15583.333 | D150: ='2'!K49 -> 15583.333 | E150: ='3'!K49 -> 15750 | F150: ='4'!K49 -> 15750 | G150: ='5'!K49 -> 15750 | H150: ='6'!K49 -> 15750 | I150: ='7'!K49 -> 15750 | J150: ='8'!K49 -> 16166.667 | K150: ='9'!K49 -> 16166.667 | L150: ='10'!K49 -> 16166.667 | M150: ='11'!K49 -> 16166.667 | N150: ='12'!K49 -> 16166.667 | O150: ='13'!K49 -> 16166.667 | P150: ='14'!K49 -> 16166.667 | Q150: ='15'!K49 -> 15833.333 | R150: ='16'!K49 -> 15833.333 | S150: ='17'!K49 -> 15833.333 | T150: ='18'!K49 -> 15833.333 | U150: ='19'!K49 -> 15833.333 | V150: ='20'!K49 -> 15833.333 | W150: ='21'!K49 -> 15833.333 | X150: ='22'!K49 -> 0 | Y150: ='23'!K49 -> 0 | Z150: ='24'!K49 -> 0 | AA150: ='25'!K49 -> 0 | AB150: ='26'!K49 -> 0 | AC150: ='27'!K49 -> 0 | AD150: ='28'!K49 -> 0 | AE150: =#REF! -> #REF! | AF150: =#REF! -> #REF! | AG150: =#REF! -> #REF!
C169: 1 | D169: 2 | E169: 3 | F169: 4 | G169: 5 | H169: 6 | I169: 7 | J169: 8 | K169: 9 | L169: 10 | M169: 11 | N169: 12 | O169: 13 | P169: 14 | Q169: 15 | R169: 16 | S169: 17 | T169: 18 | U169: 19 | V169: 20 | W169: 21 | X169: 22 | Y169: 23 | Z169: 24 | AA169: 25 | AB169: 26 | AC169: 27 | AD169: 28 | AE169: 29 | AF169: 30 | AG169: 31
A170: - Cabe Merah Besar | B170: Kg | C170: ='1'!K56 -> 27714.286 | D170: ='2'!K56 -> 28000 | E170: ='3'!K56 -> 28000 | F170: ='4'!K56 -> 28142.857 | G170: ='5'!K56 -> 28857.143 | H170: ='6'!K56 -> 29142.857 | I170: ='7'!K56 -> 31428.571 | J170: ='8'!K56 -> 32142.857 | K170: ='9'!K56 -> 32571.429 | L170: ='10'!K56 -> 31428.571 | M170: ='11'!K56 -> 31428.571 | N170: ='12'!K56 -> 31428.571 | O170: ='13'!K56 -> 32142.857 | P170: ='14'!K56 -> 32428.571 | Q170: ='15'!K56 -> 33428.571 | R170: ='16'!K56 -> 35285.714 | S170: ='17'!K56 -> 36714.286 | T170: ='18'!K56 -> 37142.857 | U170: ='19'!K56 -> 37142.857 | V170: ='20'!K56 -> 37428.571 | W170: ='21'!K56 -> 37714.286 | X170: ='22'!K56 -> 0 | Y170: ='23'!K56 -> 0 | Z170: ='24'!K56 -> 0 | AA170: ='25'!K56 -> 0 | AB170: ='26'!K56 -> 0 | AC170: ='27'!K56 -> 0 | AD170: ='28'!K56 -> 0 | AE170: =#REF! -> #REF! | AF170: =#REF! -> #REF! | AG170: =#REF! -> #REF!
A171: - Cabe Merah Kriting | B171: Kg | C171: ='1'!K57 -> 38750 | D171: ='2'!K57 -> 37500 | E171: ='3'!K57 -> 38750 | F171: ='4'!K57 -> 38750 | G171: ='5'!K57 -> 38750 | H171: ='6'!K57 -> 36750 | I171: ='7'!K57 -> 40000 | J171: ='8'!K57 -> 41250 | K171: ='9'!K57 -> 40000 | L171: ='10'!K57 -> 40000 | M171: ='11'!K57 -> 40000 | N171: ='12'!K57 -> 40000 | O171: ='13'!K57 -> 41250 | P171: ='14'!K57 -> 46250 | Q171: ='15'!K57 -> 47500 | R171: ='16'!K57 -> 51250 | S171: ='17'!K57 -> 51250 | T171: ='18'!K57 -> 51250 | U171: ='19'!K57 -> 52500 | V171: ='20'!K57 -> 50000 | W171: ='21'!K57 -> 50000 | X171: ='22'!K57 -> 3200 | Y171: ='23'!K57 -> 3200 | Z171: ='24'!K57 -> 3200 | AA171: ='25'!K57 -> 3200 | AB171: ='26'!K57 -> 3200 | AC171: ='27'!K57 -> 3200 | AD171: ='28'!K57 -> 3200 | AE171: =#REF! -> #REF! | AF171: =#REF! -> #REF! | AG171: =#REF! -> #REF!
A172: - Cabe Merah Kecil-Rawit | B172: Kg | C172: ='1'!K58 -> 51428.571 | D172: ='2'!K58 -> 50000 | E172: ='3'!K58 -> 48428.571 | F172: ='4'!K58 -> 49142.857 | G172: ='5'!K58 -> 49857.143 | H172: ='6'!K58 -> 48428.571 | I172: ='7'!K58 -> 56142.857 | J172: ='8'!K58 -> 57142.857 | K172: ='9'!K58 -> 56428.571 | L172: ='10'!K58 -> 57857.143 | M172: ='11'!K58 -> 55714.286 | N172: ='12'!K58 -> 56428.571 | O172: ='13'!K58 -> 57857.143 | P172: ='14'!K58 -> 57142.857 | Q172: ='15'!K58 -> 56428.571 | R172: ='16'!K58 -> 60714.286 | S172: ='17'!K58 -> 62142.857 | T172: ='18'!K58 -> 61428.571 | U172: ='19'!K58 -> 61428.571 | V172: ='20'!K58 -> 60714.286 | W172: ='21'!K58 -> 59285.714 | X172: ='22'!K58 -> 0 | Y172: ='23'!K58 -> 0 | Z172: ='24'!K58 -> 0 | AA172: ='25'!K58 -> 0 | AB172: ='26'!K58 -> 0 | AC172: ='27'!K58 -> 0 | AD172: ='28'!K58 -> 0 | AE172: =#REF! -> #REF! | AF172: =#REF! -> #REF! | AG172: =#REF! -> #REF!
C193: 1 | D193: 2 | E193: 3 | F193: 4 | G193: 5 | H193: 6 | I193: 7 | J193: 8 | K193: 9 | L193: 10 | M193: 11 | N193: 12 | O193: 13 | P193: 14 | Q193: 15 | R193: 16 | S193: 17 | T193: 18 | U193: 19 | V193: 20 | W193: 21 | X193: 22 | Y193: 23 | Z193: 24 | AA193: 25 | AB193: 26 | AC193: 27 | AD193: 28 | AE193: 29 | AF193: 30 | AG193: 31
A194: - Bawang Putih (Jenis Kating) | B194: Kg | C194: ='1'!K62 -> 29714.286 | D194: ='2'!K62 -> 31428.571 | E194: ='3'!K62 -> 31285.714 | F194: ='4'!K62 -> 31142.857 | G194: ='5'!K62 -> 30857.143 | H194: ='6'!K62 -> 31285.714 | I194: ='7'!K62 -> 30714.286 | J194: ='8'!K62 -> 30571.429 | K194: ='9'!K62 -> 30714.286 | L194: ='10'!K62 -> 30571.429 | M194: ='11'!K62 -> 30285.714 | N194: ='12'!K62 -> 30285.714 | O194: ='13'!K62 -> 30285.714 | P194: ='14'!K62 -> 30142.857 | Q194: ='15'!K62 -> 30428.571 | R194: ='16'!K62 -> 30714.286 | S194: ='17'!K62 -> 30285.714 | T194: ='18'!K62 -> 30285.714 | U194: ='19'!K62 -> 30285.714 | V194: ='20'!K62 -> 30285.714 | W194: ='21'!K62 -> 29714.286 | X194: ='22'!K62 -> 0 | Y194: ='23'!K62 -> 0 | Z194: ='24'!K62 -> 0 | AA194: ='25'!K62 -> 0 | AB194: ='26'!K62 -> 0 | AC194: ='27'!K62 -> 0 | AD194: ='28'!K62 -> 0 | AE194: =#REF! -> #REF! | AF194: =#REF! -> #REF! | AG194: =#REF! -> #REF!
A195: - Bawang Putih (Jenis Sinco) | B195: Kg | C195: ='1'!K63 -> 26000 | D195: ='2'!K63 -> 26285.714 | E195: ='3'!K63 -> 26285.714 | F195: ='4'!K63 -> 26000 | G195: ='5'!K63 -> 25714.286 | H195: ='6'!K63 -> 26142.857 | I195: ='7'!K63 -> 26142.857 | J195: ='8'!K63 -> 26000 | K195: ='9'!K63 -> 26142.857 | L195: ='10'!K63 -> 26000 | M195: ='11'!K63 -> 25714.286 | N195: ='12'!K63 -> 25428.571 | O195: ='13'!K63 -> 25714.286 | P195: ='14'!K63 -> 24857.143 | Q195: ='15'!K63 -> 25285.714 | R195: ='16'!K63 -> 25428.571 | S195: ='17'!K63 -> 25428.571 | T195: ='18'!K63 -> 25714.286 | U195: ='19'!K63 -> 25714.286 | V195: ='20'!K63 -> 25714.286 | W195: ='21'!K63 -> 26000 | X195: ='22'!K63 -> 18166.667 | Y195: ='23'!K63 -> 18166.667 | Z195: ='24'!K63 -> 18166.667 | AA195: ='25'!K63 -> 18166.667 | AB195: ='26'!K63 -> 18166.667 | AC195: ='27'!K63 -> 18166.667 | AD195: ='28'!K63 -> 18166.667 | AE195: =#REF! -> #REF! | AF195: =#REF! -> #REF! | AG195: =#REF! -> #REF!
A196: - Bawang Merah (Kualitas Lokal) | B196: Kg | C196: ='1'!K64 -> 37000 | D196: ='2'!K64 -> 39142.857 | E196: ='3'!K64 -> 39714.286 | F196: ='4'!K64 -> 39000 | G196: ='5'!K64 -> 39000 | H196: ='6'!K64 -> 38571.429 | I196: ='7'!K64 -> 37428.571 | J196: ='8'!K64 -> 36857.143 | K196: ='9'!K64 -> 36571.429 | L196: ='10'!K64 -> 35428.571 | M196: ='11'!K64 -> 35000 | N196: ='12'!K64 -> 35857.143 | O196: ='13'!K64 -> 35571.429 | P196: ='14'!K64 -> 36000 | Q196: ='15'!K64 -> 35285.714 | R196: ='16'!K64 -> 34000 | S196: ='17'!K64 -> 33285.714 | T196: ='18'!K64 -> 32714.286 | U196: ='19'!K64 -> 33000 | V196: ='20'!K64 -> 33142.857 | W196: ='21'!K64 -> 30285.714 | X196: ='22'!K64 -> 0 | Y196: ='23'!K64 -> 0 | Z196: ='24'!K64 -> 0 | AA196: ='25'!K64 -> 0 | AB196: ='26'!K64 -> 0 | AC196: ='27'!K64 -> 0 | AD196: ='28'!K64 -> 0 | AE196: =#REF! -> #REF! | AF196: =#REF! -> #REF! | AG196: =#REF! -> #REF!
A197: - Bawang Bombay | B197: Kg | C197: ='1'!K65 -> 21714.286 | D197: ='2'!K65 -> 21714.286 | E197: ='3'!K65 -> 21714.286 | F197: ='4'!K65 -> 21714.286 | G197: ='5'!K65 -> 22000 | H197: ='6'!K65 -> 21428.571 | I197: ='7'!K65 -> 21000 | J197: ='8'!K65 -> 21000 | K197: ='9'!K65 -> 21000 | L197: ='10'!K65 -> 21000 | M197: ='11'!K65 -> 21428.571 | N197: ='12'!K65 -> 21428.571 | O197: ='13'!K65 -> 21714.286 | P197: ='14'!K65 -> 21714.286 | Q197: ='15'!K65 -> 21428.571 | R197: ='16'!K65 -> 21428.571 | S197: ='17'!K65 -> 21428.571 | T197: ='18'!K65 -> 21428.571 | U197: ='19'!K65 -> 21428.571 | V197: ='20'!K65 -> 21428.571 | W197: ='21'!K65 -> 21428.571 | X197: ='22'!K65 -> 30285.714 | Y197: ='23'!K65 -> 30571.429 | Z197: ='24'!K65 -> 29857.143 | AA197: ='25'!K65 -> 30285.714 | AB197: ='26'!K65 -> 30285.714 | AC197: ='27'!K65 -> 31571.429 | AD197: ='28'!K65 -> 32000 | AE197: =#REF! -> #REF! | AF197: =#REF! -> #REF! | AG197: =#REF! -> #REF!

Sheet 1
A1: HARGA BAHAN-BAHAN POKOK
A2: DI PASAR TRADISIONAL KOTA SURABAYA
A3: HARI / TANGGAL : Rabu / 01 Februari 2023
B4: NAMA BAHAN POKOK DAN PENTING LAINNYA | C4: SATUAN | D4: Pasar Tambahrejo | E4: Pasar Pucang Anom | F4: Pasar Wonokromo | G4: Pasar Genteng Baru | H4: Pasar Pabean | I4: Pasar Kembang | J4: Pasar Balongsari | K4: Rata-Rata
A7: 1 | B7: BERAS
B8: - Beras IR.64 Kwalitas I | C8: Kg | D8: 12500 | E8: 12500 | F8: 12000 | G8: 12800 | H8: 12500 | I8: 13000 | J8: 12500 | K8: =AVERAGE(D8:J8) -> 12542.857
B9: - Beras IR.64 Kwalitas II | C9: Kg | D9: 11000 | E9: 12500 | F9: 11500 | G9: 12000 | H9: 10500 | I9: 11500 | J9: 11000 | K9: =AVERAGE(D9:J9) -> 11428.571
B10: - Beras IR.64 Kwalitas III | C10: Kg | D10: 12000 | E10: 11500 | F10: 10500 | G10: 9450 | H10: 9500 | I10: 10500 | J10: - | K10: =AVERAGE(D10:J10) -> 10575
B11: - Beras Jagung | C11: Kg | D11: - | E11: - | F11: - | G11: 11000 | H11: - | I11: 11000 | J11: 8000 | K11: =AVERAGE(D11:J11) -> 10000
B12: - Beras Ketan (Jenis Siyem) | C12: Kg | D12: - | E12: 23000 | F12: - | G12: 18000 | H12: - | I12: 18000 | J12: 18000 | K12: =AVERAGE(D12:J12) -> 19250
A13: 2 | B13: GULA
B14: Gula Pasir Lokal Curah | C14: Kg | D14: 13000 | E14: 13000 | F14: 13500 | G14: 13000 | H14: 13000 | I14: 13500 | J14: 13000 | K14: =AVERAGE(D14:J14) -> 13142.857
B15: - Gula Jawa/Merah (Bahan Kelapa) | C15: Kg | D15: 15000 | E15: 16000 | F15: 17000 | G15: 19000 | H15: 15000 | I15: 16000 | J15: 16000 | K15: =AVERAGE(D15:J15) -> 16285.714
B16: MINYAK GORENG
B17: - Minyak Goreng Curah (Bening) | C17: Kg | D17: 16000 | E17: 16000 | F17: 17000 | G17: 16000 | H17: 16000 | I17: 16500 | J17: 16000 | K17: =AVERAGE(D17:J17) -> 16214.286
A18: 4 | B18: MENTEGA
B19: - Mentega Curah (Amanda) | C19: Kg | D19: - | E19: - | F19: - | G19: 14000 | H19: - | I19: 24000 | J19: - | K19: =AVERAGE(D19:J19) -> 19000
A20: 5 | B20: DAGING
B21: - Daging Sapi Grade Atas | C21: Kg | D21: 120000 | E21: 120000 | F21: 120000 | G21: 120000 | H21: 117000 | I21: 120000 | J21: 110000 | K21: =AVERAGE(D21:J21) -> 118142.86
B22: - Daging Sapi Grade Sedang | C22: Kg | D22: 110000 | E22: 110000 | F22: 110000 | G22: 110000 | H22: 114000 | I22: 110000 | J22: 100000 | K22: =AVERAGE(D22:J22) -> 109142.86
B23: - Daging Sapi Grade Bawah | C23: Kg | D23: 100000 | E23: 95000 | F23: 100000 | G23: 100000 | H23: 100000 | I23: 100000 | J23: - | K23: =AVERAGE(D23:J23) -> 99166.667
B24: - Daging Ayam Broiler | C24: Kg | D24: 30000 | E24: 28000 | F24: 30000 | G24: 30000 | H24: 31000 | I24: 29000 | J24: 30000 | K24: =AVERAGE(D24:J24) -> 29714.286
A25: 6 | B25: I K A N
B26: - Ikan Tongkol Segar (Uk. Sedang) | C26: Kg | D26: 42000 | E26: 44000 | F26: 35000 | G26: 40000 | H26: 30000 | I26: 38000 | J26: 35000 | K26: =AVERAGE(D26:J26) -> 37714.286
B27: - Ikan Mujair Segar (Uk. Sedang) | C27: Kg | D27: - | E27: 30000 | F27: 30000 | G27: 30000 | H27: 23000 | I27: 30000 | J27: 28000 | K27: =AVERAGE(D27:J27) -> 28500
B28: - Udang Segar (Uk. Sedang) | C28: Kg | D28: - | E28: 60000 | F28: 60000 | G28: 85000 | H28: 58000 | I28: 68000 | J28: 55000 | K28: =AVERAGE(D28:J28) -> 64333.333
B29: - Ikan Lele Segar (Ukuran Sedang) | C29: Kg | D29: - | E29: - | F29: - | G29: 25000 | H29: 23000 | I29: 24000 | J29: 26000 | K29: =AVERAGE(D29:J29) -> 24500
B30: - Ikan Bandeng Segar (Uk. Sedang) | C30: Kg | D30: 40000 | E30: 36000 | F30: 38000 | G30: 40000 | H30: 28000 | I30: 38000 | J30: 40000 | K30: =AVERAGE(D30:J30) -> 37142.857
B31: - Ikan Teri Asin (Bukan Teri Medan) | C31: Kg | D31: 80000 | E31: 100000 | F31: 100000 | G31: 60000 | H31: 80000 | I31: - | J31: - | K31: =AVERAGE(D31:J31) -> 84000
A32: 7 | B32: TELUR
B33: - Telur Ayam Broiler | C33: Kg | D33: 26000 | E33: 26000 | F33: 27000 | G33: 27000 | H33: 26000 | I33: 27000 | J33: 26500 | K33: =AVERAGE(D33:J33) -> 26500
B34: - Telur Ayam Kampung | C34: Butir | D34: 2500 | E34: 2000 | F34: 2200 | G34: 2400 | H34: 2000 | I34: 2500 | J34: 3000 | K34: =AVERAGE(D34:J34) -> 2371.4286
A35: 8 | B35: S U S U
B36: - Susu Kental Manis "INDOMILK" Putih | C36: 390 Gr/kaleng | D36: 12500 | E36: 12000 | F36: 10000 | G36: 12500 | H36: - | I36: 12000 | J36: 10000 | K36: =AVERAGE(D36:J36) -> 11500
B37: - Susu Bubuk "DANCOW" Full Cream | C37: 400 Gr/Dos | D37: - | E37: 37900 | F37: - | G37: 42500 | H37: - | I37: - | J37: - | K37: =AVERAGE(D37:J37) -> 40200
A38: 9 | B38: SABUN CUCI
B39: - Sabun Detergen Rinso (Anti Noda) | C39: 900 Gram | D39: 22000 | E39: - | F39: - | G39: 20500 | H39: 17500 | I39: 21000 | J39: 17500 | K39: =AVERAGE(D39:J39) -> 19700
B40: - Sabun Colek "Wing's Biru" | C40: 350 Gram | D40: 2000 | E40: - | F40: - | G40: 2000 | H40: 2000 | I40: 2000 | J40: 2000 | K40: =AVERAGE(D40:J40) -> 2000
A41: 10 | B41: JAGUNG
B42: - Jagung Pipilan Kering (Jenis Kecil) | C42: Kg | D42: 11000 | E42: 8000 | F42: 8000 | G42: 11000 | H42: 9000 | I42: 10000 | J42: 8000 | K42: =AVERAGE(D42:J42) -> 9285.7143
B43: - Jagung Pipilan Kering (Jenis Besar) | C43: Kg | D43: 9000 | E43: 10000 | F43: - | G43: 12000 | H43: 6000 | I43: - | J43: 6000 | K43: =AVERAGE(D43:J43) -> 8600
A44: 11 | B44: GARAM BERYODIUM
B45: - Garam Halus (Cap Kapal) | C45: 250 Gr/Bngks | D45: 3000 | E45: 8000 | F45: 2500 | G45: 4000 | H45: 2500 | I45: 4000 | J45: - | K45: =AVERAGE(D45:J45) -> 4000
A46: 12 | B46: TEPUNG TERIGU
B47: - Tepung Terigu "Segitiga Biru" Curah | C47: Kg | D47: 10000 | E47: 10500 | F47: 12500 | G47: 12000 | H47: 11500 | I47: 11000 | J47: 7000 | K47: =AVERAGE(D47:J47) -> 10642.857
A48: 13 | B48: KACANG-KACANGAN
B49: - Kacang Kedelai (Kualitas Import) | C49: Kg | D49: 15000 | E49: 16000 | F49: 16000 | G49: 18000 | H49: 11500 | I49: 17000 | J49: - | K49: =AVERAGE(D49:J49) -> 15583.333
B50: - Kacang Kedelai (Kualitas Lokal) | C50: Kg | D50: 12000 | E50: 14000 | F50: - | G50: - | H50: - | I50: - | J50: 13500 | K50: =AVERAGE(D50:J50) -> 13166.667
B51: - Kacang Hijau | C51: Kg | D51: 24000 | E51: 23000 | F51: 25000 | G51: 26000 | H51: 23000 | I51: 26000 | J51: 25000 | K51: =AVERAGE(D51:J51) -> 24571.429
B52: - Kacang Tanah (Jenis Besar) | C52: Kg | D52: 28000 | E52: 30000 | F52: 28000 | G52: 30000 | H52: 26000 | I52: 30000 | J52: 28000 | K52: =AVERAGE(D52:J52) -> 28571.429
A53: 14 | B53: MIE INSTAN
B54: - Indomie Goreng | C54: 86 Gr/Bngks | D54: 3000 | E54: 3200 | F54: 3000 | G54: 3200 | H54: - | I54: 3500 | J54: 2500 | K54: =AVERAGE(D54:J54) -> 3066.6667
A55: 15 | B55: C A B E
B56: - Cabe Merah Besar | C56: Kg | D56: 24000 | E56: 30000 | F56: 25000 | G56: 35000 | H56: 20000 | I56: 35000 | J56: 25000 | K56: =AVERAGE(D56:J56) -> 27714.286
B57: - Cabe Merah Kriting | C57: Kg | D57: 40000 | E57: 35000 | F57: 40000 | G57: 40000 | H57: - | I57: - | J57: - | K57: =AVERAGE(D57:J57) -> 38750
B58: - Cabe Merah Kecil-Rawit | C58: Kg | D58: 45000 | E58: 55000 | F58: 50000 | G58: 55000 | H58: 50000 | I58: 50000 | J58: 55000 | K58: =AVERAGE(D58:J58) -> 51428.571
A59: 16 | B59: BAHAN BAKAR GAS LPG
B60: - Gas LPG Tabung (3 Kg.) | C60: Per Tabung | D60: 19000 | E60: 18000 | F60: 18000 | G60: 18000 | H60: - | I60: 18000 | J60: 18000 | K60: =AVERAGE(D60:J60) -> 18166.667
A61: 17 | B61: BAWANG
B62: - Bawang Putih (Jenis Kating) | C62: Kg | D62: 28000 | E62: 28000 | F62: 30000 | G62: 30000 | H62: 27000 | I62: 35000 | J62: 30000 | K62: =AVERAGE(D62:J62) -> 29714.286
B63: - Bawang Putih (Jenis Sinco) | C63: Kg | D63: 26000 | E63: 26000 | F63: 28000 | G63: 25000 | H63: 25000 | I63: 27000 | J63: 25000 | K63: =AVERAGE(D63:J63) -> 26000
B64: - Bawang Merah (Kualitas Lokal) | C64: Kg | D64: 36000 | E64: 28000 | F64: 40000 | G64: 35000 | H64: 35000 | I64: 40000 | J64: 45000 | K64: =AVERAGE(D64:J64) -> 37000
B65: - Bawang Bombay | C65: Kg | D65: 18000 | E65: 22000 | F65: 20000 | G65: 25000 | H65: 20000 | I65: 25000 | J65: 22000 | K65: =AVERAGE(D65:J65) -> 21714.286
A66: 18 | B66: UBI-UBIAN
B67: - Ketela Pohon | C67: Kg | D67: 6000 | E67: 7000 | F67: 5000 | G67: 6000 | H67: 6000 | I67: 6000 | J67: 5000 | K67: =AVERAGE(D67:J67) -> 5857.1429
B68: - Ubi Jalar | C68: Kg | D68: - | E68: - | F68: 5000 | G68: 6000 | H68: 6000 | I68: 6000 | J68: 6000 | K68: =AVERAGE(D68:J68) -> 5800
A69: 19 | B69: SAYUR-SAYURAN
B70: - Kubis | C70: Kg | D70: 10000 | E70: 13000 | F70: 10000 | G70: 8000 | H70: 11000 | I70: 10000 | J70: 10000 | K70: =AVERAGE(D70:J70) -> 10285.714
B71: - Buncis | C71: Kg | D71: 10000 | E71: 12000 | F71: 12000 | G71: 12000 | H71: 5000 | I71: 13000 | J71: 15000 | K71: =AVERAGE(D71:J71) -> 11285.714
B72: - Kentang | C72: Kg | D72: 15000 | E72: 15000 | F72: 18000 | G72: 15000 | H72: 15000 | I72: 14000 | J72: 20000 | K72: =AVERAGE(D72:J72) -> 16000
B73: - Tomat | C73: Kg | D73: 14000 | E73: 8000 | F73: 8000 | G73: 20000 | H73: 5000 | I73: 10000 | J73: 8000 | K73: =AVERAGE(D73:J73) -> 10428.571
B74: - Wortel (Kualitas Lokal) | C74: Kg | D74: 9000 | E74: 10000 | F74: 12000 | G74: 13000 | H74: 10000 | I74: 13000 | J74: 10000 | K74: =AVERAGE(D74:J74) -> 11000
B75: - Terong Ungu (Jenis Sayur) | C75: Kg | D75: - | E75: 12000 | F75: - | G75: 10000 | H75: 9000 | I75: 10000 | J75: 7000 | K75: =AVERAGE(D75:J75) -> 9600
B76: - Bayam (Jenis Sayur) | C76: Ikat Kecil | D76: - | E76: - | F76: 1000 | G76: 2000 | H76: 1500 | I76: 2000 | J76: 1000 | K76: =AVERAGE(D76:J76) -> 1500
B77: - Kangkung (Jenis Panjang) | C77: Ikat Kecil | D77: - | E77: - | F77: 1000 | G77: 2000 | H77: 1500 | I77: 1500 | J77: 1000 | K77: =AVERAGE(D77:J77) -> 1400
B78: - Sawi (Jenis Hijau) | C78: Ikat Kecil | D78: - | E78: - | F78: 1000 | G78: 2000 | H78: 2000 | I78: 2000 | J78: 1500 | K78: =AVERAGE(D78:J78) -> 1700
A79: 20 | B79: AIR MINERAL
B80: - Air Mineral (Aqua Galon) | C80: 19 Ltr/Galon | D80: 18000 | E80: - | F80: - | G80: 17000 | H80: - | I80: 19000 | J80: 18000 | K80: =AVERAGE(D80:J80) -> 18000

Sheet 2
A1: HARGA BAHAN-BAHAN POKOK
A2: DI PASAR TRADISIONAL KOTA SURABAYA
A3: HARI / TANGGAL : Kamis / 02 Februari 2023
B4: NAMA BAHAN POKOK DAN PENTING LAINNYA | C4: SATUAN | D4: Pasar Tambahrejo | E4: Pasar Pucang Anom | F4: Pasar Wonokromo | G4: Pasar Genteng Baru | H4: Pasar Pabean | I4: Pasar Kembang | J4: Pasar Balongsari | K4: Rata-Rata
A7: 1 | B7: BERAS
B8: - Beras IR.64 Kwalitas I | C8: Kg | D8: 12500 | E8: 12500 | F8: 12000 | G8: 12800 | H8: 12500 | I8: 13000 | J8: 12500 | K8: =AVERAGE(D8:J8) -> 12542.857
B9: - Beras IR.64 Kwalitas II | C9: Kg | D9: 11000 | E9: 12500 | F9: 11500 | G9: 12000 | H9: 10500 | I9: 11500 | J9: 11000 | K9: =AVERAGE(D9:J9) -> 11428.571
B10: - Beras IR.64 Kwalitas III | C10: Kg | D10: 12000 | E10: 11500 | F10: 10500 | G10: 9450 | H10: 9500 | I10: 10500 | J10: - | K10: =AVERAGE(D10:J10) -> 10575
B11: - Beras Jagung | C11: Kg | D11: - | E11: - | F11: - | G11: 11000 | H11: - | I11: 11000 | J11: 8000 | K11: =AVERAGE(D11:J11) -> 10000
B12: - Beras Ketan (Jenis Siyem) | C12: Kg | D12: - | E12: 23000 | F12: - | G12: 18000 | H12: - | I12: 18000 | J12: 18000 | K12: =AVERAGE(D12:J12) -> 19250
A13: 2 | B13: GULA
B14: Gula Pasir Lokal Curah | C14: Kg | D14: 13000 | E14: 13000 | F14: 13500 | G14: 13000 | H14: 13000 | I14: 13500 | J14: 13000 | K14: =AVERAGE(D14:J14) -> 13142.857
B15: - Gula Jawa/Merah (Bahan Kelapa) | C15: Kg | D15: 15000 | E15: 16000 | F15: 17000 | G15: 19000 | H15: 15000 | I15: 16000 | J15: 16000 | K15: =AVERAGE(D15:J15) -> 16285.714
B16: MINYAK GORENG
B17: - Minyak Goreng Curah (Bening) | C17: Kg | D17: 16000 | E17: 16000 | F17: 17000 | G17: 16000 | H17: 16000 | I17: 16500 | J17: 16000 | K17: =AVERAGE(D17:J17) -> 16214.286
A18: 4 | B18: MENTEGA
B19: - Mentega Curah (Amanda) | C19: Kg | D19: - | E19: - | F19: - | G19: 14000 | H19: - | I19: 24000 | J19: - | K19: =AVERAGE(D19:J19) -> 19000
A20: 5 | B20: DAGING
B21: - Daging Sapi Grade Atas | C21: Kg | D21: 120000 | E21: 120000 | F21: 120000 | G21: 120000 | H21: 117000 | I21: 120000 | J21: 110000 | K21: =AVERAGE(D21:J21) -> 118142.86
B22: - Daging Sapi Grade Sedang | C22: Kg | D22: 110000 | E22: 110000 | F22: 150000 | G22: 110000 | H22: 114000 | I22: 110000 | J22: 100000 | K22: =AVERAGE(D22:J22) -> 114857.14
B23: - Daging Sapi Grade Bawah | C23: Kg | D23: 100000 | E23: 95000 | F23: 105000 | G23: 100000 | H23: 100000 | I23: 100000 | J23: - | K23: =AVERAGE(D23:J23) -> 100000
B24: - Daging Ayam Broiler | C24: Kg | D24: 30000 | E24: 29000 | F24: 31000 | G24: 30000 | H24: 32000 | I24: 30000 | J24: 30000 | K24: =AVERAGE(D24:J24) -> 30285.714
A25: 6 | B25: I K A N
B26: - Ikan Tongkol Segar (Uk. Sedang) | C26: Kg | D26: 42000 | E26: 44000 | F26: 35000 | G26: 40000 | H26: 30000 | I26: 38000 | J26: 35000 | K26: =AVERAGE(D26:J26) -> 37714.286
B27: - Ikan Mujair Segar (Uk. Sedang) | C27: Kg | D27: - | E27: 30000 | F27: 30000 | G27: 30000 | H27: 23000 | I27: 30000 | J27: 28000 | K27: =AVERAGE(D27:J27) -> 28500
B28: - Udang Segar (Uk. Sedang) | C28: Kg | D28: - | E28: 60000 | F28: 60000 | G28: 85000 | H28: 58000 | I28: 65000 | J28: 55000 | K28: =AVERAGE(D28:J28) -> 63833.333
B29: - Ikan Lele Segar (Ukuran Sedang) | C29: Kg | D29: - | E29: - | F29: - | G29: 25000 | H29: 23000 | I29: 24000 | J29: 26000 | K29: =AVERAGE(D29:J29) -> 24500
B30: - Ikan Bandeng Segar (Uk. Sedang) | C30: Kg | D30: 40000 | E30: 36000 | F30: 40000 | G30: 40000 | H30: 28000 | I30: 38000 | J30: 40000 | K30: =AVERAGE(D30:J30) -> 37428.571
B31: - Ikan Teri Asin (Bukan Teri Medan) | C31: Kg | D31: 80000 | E31: 100000 | F31: 100000 | G31: 60000 | H31: 80000 | I31: - | J31: - | K31: =AVERAGE(D31:J31) -> 84000
A32: 7 | B32: TELUR
B33: - Telur Ayam Broiler | C33: Kg | D33: 26000 | E33: 27000 | F33: 27000 | G33: 27000 | H33: 25000 | I33: 27000 | J33: 26500 | K33: =AVERAGE(D33:J33) -> 26500
B34: - Telur Ayam Kampung | C34: Butir | D34: 2500 | E34: 2000 | F34: 2500 | G34: 2400 | H34: 2000 | I34: 2500 | J34: 3000 | K34: =AVERAGE(D34:J34) -> 2414.2857
A35: 8 | B35: S U S U
B36: - Susu Kental Manis "INDOMILK" Putih | C36: 390 Gr/kaleng | D36: 12500 | E36: 12000 | F36: 10000 | G36: 12500 | H36: - | I36: 12000 | J36: 10000 | K36: =AVERAGE(D36:J36) -> 11500
B37: - Susu Bubuk "DANCOW" Full Cream | C37: 400 Gr/Dos | D37: - | E37: 37900 | F37: - | G37: 42500 | H37: - | I37: - | J37: - | K37: =AVERAGE(D37:J37) -> 40200
A38: 9 | B38: SABUN CUCI
B39: - Sabun Detergen Rinso (Anti Noda) | C39: 900 Gram | D39: 22000 | E39: - | F39: - | G39: 20500 | H39: 17500 | I39: 21000 | J39: 17500 | K39: =AVERAGE(D39:J39) -> 19700
B40: - Sabun Colek "Wing's Biru" | C40: 350 Gram | D40: 2000 | E40: - | F40: - | G40: 2000 | H40: 2000 | I40: 2000 | J40: 2000 | K40: =AVERAGE(D40:J40) -> 2000
A41: 10 | B41: JAGUNG
B42: - Jagung Pipilan Kering (Jenis Kecil) | C42: Kg | D42: 11000 | E42: 8000 | F42: 8000 | G42: 11000 | H42: 9000 | I42: 10000 | J42: 8000 | K42: =AVERAGE(D42:J42) -> 9285.7143
B43: - Jagung Pipilan Kering (Jenis Besar) | C43: Kg | D43: 9000 | E43: 10000 | F43: - | G43: 12000 | H43: 6000 | I43: - | J43: 6000 | K43: =AVERAGE(D43:J43) -> 8600
A44: 11 | B44: GARAM BERYODIUM
B45: - Garam Halus (Cap Kapal) | C45: 250 Gr/Bngks | D45: 3000 | E45: 8000 | F45: 2500 | G45: 4000 | H45: 2500 | I45: 4000 | J45: - | K45: =AVERAGE(D45:J45) -> 4000
A46: 12 | B46: TEPUNG TERIGU
B47: - Tepung Terigu "Segitiga Biru" Curah | C47: Kg | D47: 10000 | E47: 10500 | F47: 12500 | G47: 12000 | H47: 11500 | I47: 11000 | J47: 7000 | K47: =AVERAGE(D47:J47) -> 10642.857
A48: 13 | B48: KACANG-KACANGAN
B49: - Kacang Kedelai (Kualitas Import) | C49: Kg | D49: 15000 | E49: 16000 | F49: 16000 | G49: 18000 | H49: 11500 | I49: 17000 | J49: - | K49: =AVERAGE(D49:J49) -> 15583.333
B50: - Kacang Kedelai (Kualitas Lokal) | C50: Kg | D50: 12000 | E50: 14000 | F50: - | G50: - | H50: - | I50: - | J50: 13500 | K50: =AVERAGE(D50:J50) -> 13166.667
B51: - Kacang Hijau | C51: Kg | D51: 24000 | E51: 23000 | F51: 25000 | G51: 26000 | H51: 23000 | I51: 26000 | J51: 25000 | K51: =AVERAGE(D51:J51) -> 24571.429
B52: - Kacang Tanah (Jenis Besar) | C52: Kg | D52: 28000 | E52: 30000 | F52: 28000 | G52: 30000 | H52: 26000 | I52: 30000 | J52: 28000 | K52: =AVERAGE(D52:J52) -> 28571.429
A53: 14 | B53: MIE INSTAN
B54: - Indomie Goreng | C54: 86 Gr/Bngks | D54: 3000 | E54: 3200 | F54: 3000 | G54: 3200 | H54: - | I54: 3500 | J54: 2500 | K54: =AVERAGE(D54:J54) -> 3066.6667
A55: 15 | B55: C A B E
B56: - Cabe Merah Besar | C56: Kg | D56: 24000 | E56: 30000 | F56: 25000 | G56: 35000 | H56: 22000 | I56: 35000 | J56: 25000 | K56: =AVERAGE(D56:J56) -> 28000
B57: - Cabe Merah Kriting | C57: Kg | D57: 40000 | E57: 35000 | F57: 35000 | G57: 40000 | H57: - | I57: - | J57: - | K57: =AVERAGE(D57:J57) -> 37500
B58: - Cabe Merah Kecil-Rawit | C58: Kg | D58: 45000 | E58: 55000 | F58: 50000 | G58: 55000 | H58: 40000 | I58: 50000 | J58: 55000 | K58: =AVERAGE(D58:J58) -> 50000
A59: 16 | B59: BAHAN BAKAR GAS LPG
B60: - Gas LPG Tabung (3 Kg.) | C60: Per Tabung | D60: 19000 | E60: 18000 | F60: 18000 | G60: 18000 | H60: - | I60: 18000 | J60: 18000 | K60: =AVERAGE(D60:J60) -> 18166.667
A61: 17 | B61: BAWANG
B62: - Bawang Putih (Jenis Kating) | C62: Kg | D62: 28000 | E62: 40000 | F62: 30000 | G62: 30000 | H62: 27000 | I62: 35000 | J62: 30000 | K62: =AVERAGE(D62:J62) -> 31428.571
B63: - Bawang Putih (Jenis Sinco) | C63: Kg | D63: 26000 | E63: 28000 | F63: 28000 | G63: 25000 | H63: 25000 | I63: 27000 | J63: 25000 | K63: =AVERAGE(D63:J63) -> 26285.714
B64: - Bawang Merah (Kualitas Lokal) | C64: Kg | D64: 36000 | E64: 38000 | F64: 42000 | G64: 35000 | H64: 38000 | I64: 40000 | J64: 45000 | K64: =AVERAGE(D64:J64) -> 39142.857
B65: - Bawang Bombay | C65: Kg | D65: 18000 | E65: 22000 | F65: 20000 | G65: 25000 | H65: 20000 | I65: 25000 | J65: 22000 | K65: =AVERAGE(D65:J65) -> 21714.286
A66: 18 | B66: UBI-UBIAN
B67: - Ketela Pohon | C67: Kg | D67: 6000 | E67: 7000 | F67: 5000 | G67: 6000 | H67: 4000 | I67: 6000 | J67: 5000 | K67: =AVERAGE(D67:J67) -> 5571.4286
B68: - Ubi Jalar | C68: Kg | D68: - | E68: - | F68: 5000 | G68: 6000 | H68: 5000 | I68: 6000 | J68: 6000 | K68: =AVERAGE(D68:J68) -> 5600
A69: 19 | B69: SAYUR-SAYURAN
B70: - Kubis | C70: Kg | D70: 10000 | E70: 13000 | F70: 12000 | G70: 8000 | H70: 11000 | I70: 10000 | J70: 10000 | K70: =AVERAGE(D70:J70) -> 10571.429
B71: - Buncis | C71: Kg | D71: 10000 | E71: 12000 | F71: 12000 | G71: 12000 | H71: 5000 | I71: 15000 | J71: 15000 | K71: =AVERAGE(D71:J71) -> 11571.429
B72: - Kentang | C72: Kg | D72: 15000 | E72: 15000 | F72: 18000 | G72: 15000 | H72: 15000 | I72: 14000 | J72: 20000 | K72: =AVERAGE(D72:J72) -> 16000
B73: - Tomat | C73: Kg | D73: 14000 | E73: 8000 | F73: 16000 | G73: 20000 | H73: 5000 | I73: 8000 | J73: 8000 | K73: =AVERAGE(D73:J73) -> 11285.714
B74: - Wortel (Kualitas Lokal) | C74: Kg | D74: 9000 | E74: 10000 | F74: 12000 | G74: 13000 | H74: 10000 | I74: 13000 | J74: 10000 | K74: =AVERAGE(D74:J74) -> 11000
B75: - Terong Ungu (Jenis Sayur) | C75: Kg | D75: - | E75: 12000 | F75: - | G75: 10000 | H75: 9000 | I75: 10000 | J75: 7000 | K75: =AVERAGE(D75:J75) -> 9600
B76: - Bayam (Jenis Sayur) | C76: Ikat Kecil | D76: - | E76: - | F76: 2000 | G76: 2000 | H76: 1500 | I76: 2000 | J76: 1000 | K76: =AVERAGE(D76:J76) -> 1700
B77: - Kangkung (Jenis Panjang) | C77: Ikat Kecil | D77: - | E77: - | F77: 1500 | G77: 2000 | H77: 1500 | I77: 1500 | J77: 1000 | K77: =AVERAGE(D77:J77) -> 1500
B78: - Sawi (Jenis Hijau) | C78: Ikat Kecil | D78: - | E78: - | F78: 2000 | G78: 2000 | H78: 2000 | I78: 2000 | J78: 1500 | K78: =AVERAGE(D78:J78) -> 1900
A79: 20 | B79: AIR MINERAL
B80: - Air Mineral (Aqua Galon) | C80: 19 Ltr/Galon | D80: 18000 | E80: - | F80: - | G80: 17000 | H80: - | I80: 19000 | J80: 18000 | K80: =AVERAGE(D80:J80) -> 18000

Sheet 3
A1: HARGA BAHAN-BAHAN POKOK
A2: DI PASAR TRADISIONAL KOTA SURABAYA
A3: HARI / TANGGAL : Jumat / 03 Februari 2023
B4: NAMA BAHAN POKOK DAN PENTING LAINNYA | C4: SATUAN | D4: Pasar Tambahrejo | E4: Pasar Pucang Anom | F4: Pasar Wonokromo | G4: Pasar Genteng Baru | H4: Pasar Pabean | I4: Pasar Kembang | J4: Pasar Balongsari | K4: Rata-Rata
A7: 1 | B7: BERAS
B8: - Beras IR.64 Kwalitas I | C8: Kg | D8: 12000 | E8: 12500 | F8: 13500 | G8: 12800 | H8: 12500 | I8: 13000 | J8: 12500 | K8: =AVERAGE(D8:J8) -> 12685.714
B9: - Beras IR.64 Kwalitas II | C9: Kg | D9: 11000 | E9: 12500 | F9: 12000 | G9: 12000 | H9: 10500 | I9: 11500 | J9: 11000 | K9: =AVERAGE(D9:J9) -> 11500
B10: - Beras IR.64 Kwalitas III | C10: Kg | D10: 11000 | E10: 12000 | F10: 12000 | G10: 9450 | H10: 9500 | I10: 10500 | J10: - | K10: =AVERAGE(D10:J10) -> 10741.667
B11: - Beras Jagung | C11: Kg | D11: - | E11: - | F11: - | G11: 11000 | H11: - | I11: 11000 | J11: 8000 | K11: =AVERAGE(D11:J11) -> 10000
B12: - Beras Ketan (Jenis Siyem) | C12: Kg | D12: - | E12: 23000 | F12: - | G12: 18000 | H12: - | I12: 18000 | J12: 18000 | K12: =AVERAGE(D12:J12) -> 19250
A13: 2 | B13: GULA
B14: Gula Pasir Lokal Curah | C14: Kg | D14: 13000 | E14: 13000 | F14: 13500 | G14: 13000 | H14: 13000 | I14: 13500 | J14: 13000 | K14: =AVERAGE(D14:J14) -> 13142.857
B15: - Gula Jawa/Merah (Bahan Kelapa) | C15: Kg | D15: 15000 | E15: 16000 | F15: 16000 | G15: 19000 | H15: 15000 | I15: 16000 | J15: 16000 | K15: =AVERAGE(D15:J15) -> 16142.857
B16: MINYAK GORENG
B17: - Minyak Goreng Curah (Bening) | C17: Kg | D17: 16000 | E17: 16000 | F17: 17000 | G17: 16000 | H17: 16000 | I17: 16500 | J17: 16000 | K17: =AVERAGE(D17:J17) -> 16214.286
A18: 4 | B18: MENTEGA
B19: - Mentega Curah (Amanda) | C19: Kg | D19: - | E19: - | F19: - | G19: 14000 | H19: - | I19: 24000 | J19: - | K19: =AVERAGE(D19:J19) -> 19000
A20: 5 | B20: DAGING
B21: - Daging Sapi Grade Atas | C21: Kg | D21: 120000 | E21: 120000 | F21: 120000 | G21: 120000 | H21: 117000 | I21: 120000 | J21: 110000 | K21: =AVERAGE(D21:J21) -> 118142.86
B22: - Daging Sapi Grade Sedang | C22: Kg | D22: 110000 | E22: 110000 | F22: 150000 | G22: 110000 | H22: 114000 | I22: 110000 | J22: 100000 | K22: =AVERAGE(D22:J22) -> 114857.14
B23: - Daging Sapi Grade Bawah | C23: Kg | D23: 100000 | E23: 95000 | F23: 105000 | G23: 100000 | H23: 100000 | I23: 100000 | J23: - | K23: =AVERAGE(D23:J23) -> 100000
B24: - Daging Ayam Broiler | C24: Kg | D24: 30000 | E24: 29000 | F24: 32000 | G24: 30000 | H24: 32000 | I24: 30000 | J24: 32000 | K24: =AVERAGE(D24:J24) -> 30714.286
A25: 6 | B25: I K A N
B26: - Ikan Tongkol Segar (Uk. Sedang) | C26: Kg | D26: 48000 | E26: 44000 | F26: 35000 | G26: 40000 | H26: 30000 | I26: 38000 | J26: 35000 | K26: =AVERAGE(D26:J26) -> 38571.429
B27: - Ikan Mujair Segar (Uk. Sedang) | C27: Kg | D27: - | E27: 30000 | F27: 30000 | G27: 30000 | H27: 23000 | I27: 30000 | J27: 28000 | K27: =AVERAGE(D27:J27) -> 28500
B28: - Udang Segar (Uk. Sedang) | C28: Kg | D28: - | E28: 60000 | F28: 60000 | G28: 85000 | H28: 58000 | I28: 65000 | J28: 55000 | K28: =AVERAGE(D28:J28) -> 63833.333
B29: - Ikan Lele Segar (Ukuran Sedang) | C29: Kg | D29: - | E29: - | F29: - | G29: 25000 | H29: 23000 | I29: 24000 | J29: 26000 | K29: =AVERAGE(D29:J29) -> 24500
B30: - Ikan Bandeng Segar (Uk. Sedang) | C30: Kg | D30: 40000 | E30: 36000 | F30: 40000 | G30: 40000 | H30: 28000 | I30: 38000 | J30: 30000 | K30: =AVERAGE(D30:J30) -> 36000
B31: - Ikan Teri Asin (Bukan Teri Medan) | C31: Kg | D31: 80000 | E31: 100000 | F31: 100000 | G31: 60000 | H31: 80000 | I31: - | J31: - | K31: =AVERAGE(D31:J31) -> 84000
A32: 7 | B32: TELUR
B33: - Telur Ayam Broiler | C33: Kg | D33: 26000 | E33: 27000 | F33: 26000 | G33: 26000 | H33: 25000 | I33: 27000 | J33: 26500 | K33: =AVERAGE(D33:J33) -> 26214.286
B34: - Telur Ayam Kampung | C34: Butir | D34: 2500 | E34: 2000 | F34: 2000 | G34: 2400 | H34: 2000 | I34: 2500 | J34: 3000 | K34: =AVERAGE(D34:J34) -> 2342.8571
A35: 8 | B35: S U S U
B36: - Susu Kental Manis "INDOMILK" Putih | C36: 390 Gr/kaleng | D36: 12500 | E36: 12000 | F36: 10000 | G36: 12500 | H36: - | I36: 12000 | J36: 10000 | K36: =AVERAGE(D36:J36) -> 11500
B37: - Susu Bubuk "DANCOW" Full Cream | C37: 400 Gr/Dos | D37: - | E37: 37900 | F37: - | G37: 42500 | H37: - | I37: - | J37: - | K37: =AVERAGE(D37:J37) -> 40200
A38: 9 | B38: SABUN CUCI
B39: - Sabun Detergen Rinso (Anti Noda) | C39: 900 Gram | D39: 22000 | E39: - | F39: - | G39: 20500 | H39: 17500 | I39: 21000 | J39: 17500 | K39: =AVERAGE(D39:J39) -> 19700
B40: - Sabun Colek "Wing's Biru" | C40: 350 Gram | D40: 2000 | E40: - | F40: - | G40: 2000 | H40: 2000 | I40: 2000 | J40: 2000 | K40: =AVERAGE(D40:J40) -> 2000
A41: 10 | B41: JAGUNG
B42: - Jagung Pipilan Kering (Jenis Kecil) | C42: Kg | D42: 11000 | E42: 8000 | F42: 9000 | G42: 11000 | H42: 9000 | I42: 10000 | J42: 8000 | K42: =AVERAGE(D42:J42) -> 9428.5714
B43: - Jagung Pipilan Kering (Jenis Besar) | C43: Kg | D43: 9000 | E43: 10000 | F43: - | G43: 12000 | H43: 6000 | I43: - | J43: 6000 | K43: =AVERAGE(D43:J43) -> 8600
A44: 11 | B44: GARAM BERYODIUM
B45: - Garam Halus (Cap Kapal) | C45: 250 Gr/Bngks | D45: 3000 | E45: 8000 | F45: 2500 | G45: 4000 | H45: 2500 | I45: 4000 | J45: - | K45: =AVERAGE(D45:J45) -> 4000
A46: 12 | B46: TEPUNG TERIGU
B47: - Tepung Terigu "Segitiga Biru" Curah | C47: Kg | D47: 10000 | E47: 10500 | F47: 12500 | G47: 12000 | H47: 11500 | I47: 11500 | J47: 7000 | K47: =AVERAGE(D47:J47) -> 10714.286
A48: 13 | B48: KACANG-KACANGAN
B49: - Kacang Kedelai (Kualitas Import) | C49: Kg | D49: 15000 | E49: 16000 | F49: 17000 | G49: 18000 | H49: 11500 | I49: 17000 | J49: - | K49: =AVERAGE(D49:J49) -> 15750
B50: - Kacang Kedelai (Kualitas Lokal) | C50: Kg | D50: 12000 | E50: 14000 | F50: - | G50: - | H50: - | I50: - | J50: 13500 | K50: =AVERAGE(D50:J50) -> 13166.667
B51: - Kacang Hijau | C51: Kg | D51: 24000 | E51: 23000 | F51: 26000 | G51: 26000 | H51: 23000 | I51: 26000 | J51: 25000 | K51: =AVERAGE(D51:J51) -> 24714.286
B52: - Kacang Tanah (Jenis Besar) | C52: Kg | D52: 28000 | E52: 30000 | F52: 28000 | G52: 30000 | H52: 26000 | I52: 29000 | J52: 28000 | K52: =AVERAGE(D52:J52) -> 28428.571
A53: 14 | B53: MIE INSTAN
B54: - Indomie Goreng | C54: 86 Gr/Bngks | D54: 3000 | E54: 3200 | F54: 3000 | G54: 3200 | H54: - | I54: 3500 | J54: 2500 | K54: =AVERAGE(D54:J54) -> 3066.6667
A55: 15 | B55: C A B E
B56: - Cabe Merah Besar | C56: Kg | D56: 24000 | E56: 40000 | F56: 25000 | G56: 30000 | H56: 22000 | I56: 30000 | J56: 25000 | K56: =AVERAGE(D56:J56) -> 28000
B57: - Cabe Merah Kriting | C57: Kg | D57: 45000 | E57: 35000 | F57: 35000 | G57: 40000 | H57: - | I57: - | J57: - | K57: =AVERAGE(D57:J57) -> 38750
B58: - Cabe Merah Kecil-Rawit | C58: Kg | D58: 44000 | E58: 45000 | F58: 50000 | G58: 55000 | H58: 40000 | I58: 50000 | J58: 55000 | K58: =AVERAGE(D58:J58) -> 48428.571
A59: 16 | B59: BAHAN BAKAR GAS LPG
B60: - Gas LPG Tabung (3 Kg.) | C60: Per Tabung | D60: 19000 | E60: 18000 | F60: 18000 | G60: 18000 | H60: - | I60: 18000 | J60: 18000 | K60: =AVERAGE(D60:J60) -> 18166.667
A61: 17 | B61: BAWANG
B62: - Bawang Putih (Jenis Kating) | C62: Kg | D62: 27000 | E62: 40000 | F62: 30000 | G62: 30000 | H62: 27000 | I62: 35000 | J62: 30000 | K62: =AVERAGE(D62:J62) -> 31285.714
B63: - Bawang Putih (Jenis Sinco) | C63: Kg | D63: 26000 | E63: 28000 | F63: 28000 | G63: 25000 | H63: 25000 | I63: 27000 | J63: 25000 | K63: =AVERAGE(D63:J63) -> 26285.714
B64: - Bawang Merah (Kualitas Lokal) | C64: Kg | D64: 40000 | E64: 38000 | F64: 42000 | G64: 35000 | H64: 38000 | I64: 40000 | J64: 45000 | K64: =AVERAGE(D64:J64) -> 39714.286
B65: - Bawang Bombay | C65: Kg | D65: 18000 | E65: 22000 | F65: 20000 | G65: 25000 | H65: 20000 | I65: 25000 | J65: 22000 | K65: =AVERAGE(D65:J65) -> 21714.286
A66: 18 | B66: UBI-UBIAN
B67: - Ketela Pohon | C67: Kg | D67: 6000 | E67: 7000 | F67: 5000 | G67: 6000 | H67: 4000 | I67: 6000 | J67: 5000 | K67: =AVERAGE(D67:J67) -> 5571.4286
B68: - Ubi Jalar | C68: Kg | D68: - | E68: - | F68: 5000 | G68: 6000 | H68: 5000 | I68: 6000 | J68: 6000 | K68: =AVERAGE(D68:J68) -> 5600
A69: 19 | B69: SAYUR-SAYURAN
B70: - Kubis | C70: Kg | D70: 10000 | E70: 13000 | F70: 12000 | G70: 8000 | H70: 11000 | I70: 10000 | J70: 10000 | K70: =AVERAGE(D70:J70) -> 10571.429
B71: - Buncis | C71: Kg | D71: 10000 | E71: 12000 | F71: 12000 | G71: 12000 | H71: 5000 | I71: 15000 | J71: 15000 | K71: =AVERAGE(D71:J71) -> 11571.429
B72: - Kentang | C72: Kg | D72: 13000 | E72: 15000 | F72: 18000 | G72: 15000 | H72: 15000 | I72: 14000 | J72: 20000 | K72: =AVERAGE(D72:J72) -> 15714.286
B73: - Tomat | C73: Kg | D73: 14000 | E73: 8000 | F73: 16000 | G73: 20000 | H73: 5000 | I73: 8000 | J73: 8000 | K73: =AVERAGE(D73:J73) -> 11285.714
B74: - Wortel (Kualitas Lokal) | C74: Kg | D74: 9000 | E74: 10000 | F74: 12000 | G74: 13000 | H74: 10000 | I74: 13000 | J74: 10000 | K74: =AVERAGE(D74:J74) -> 11000
B75: - Terong Ungu (Jenis Sayur) | C75: Kg | D75: - | E75: 12000 | F75: - | G75: 10000 | H75: 9000 | I75: 10000 | J75: 7000 | K75: =AVERAGE(D75:J75) -> 9600
B76: - Bayam (Jenis Sayur) | C76: Ikat Kecil | D76: - | E76: - | F76: 2000 | G76: 2000 | H76: 1500 | I76: 2000 | J76: 1000 | K76: =AVERAGE(D76:J76) -> 1700
B77: - Kangkung (Jenis Panjang) | C77: Ikat Kecil | D77: - | E77: - | F77: 1500 | G77: 2000 | H77: 1500 | I77: 1500 | J77: 1000 | K77: =AVERAGE(D77:J77) -> 1500
B78: - Sawi (Jenis Hijau) | C78: Ikat Kecil | D78: - | E78: - | F78: 2000 | G78: 2000 | H78: 2000 | I78: 2000 | J78: 1500 | K78: =AVERAGE(D78:J78) -> 1900
A79: 20 | B79: AIR MINERAL
B80: - Air Mineral (Aqua Galon) | C80: 19 Ltr/Galon | D80: 18000 | E80: - | F80: - | G80: 17000 | H80: - | I80: 19000 | J80: 18000 | K80: =AVERAGE(D80:J80) -> 18000

Sheet 4
A1: HARGA BAHAN-BAHAN POKOK
A2: DI PASAR TRADISIONAL KOTA SURABAYA
A3: HARI / TANGGAL : Sabtu / 04 Februari 2023
B4: NAMA BAHAN POKOK DAN PENTING LAINNYA | C4: SATUAN | D4: Pasar Tambahrejo | E4: Pasar Pucang Anom | F4: Pasar Wonokromo | G4: Pasar Genteng Baru | H4: Pasar Pabean | I4: Pasar Kembang | J4: Pasar Balongsari | K4: Rata-Rata
A7: 1 | B7: BERAS
B8: - Beras IR.64 Kwalitas I | C8: Kg | D8: 12000 | E8: 12500 | F8: 13500 | G8: 12800 | H8: 12500 | I8: 13000 | J8: 12500 | K8: =AVERAGE(D8:J8) -> 12685.714
B9: - Beras IR.64 Kwalitas II | C9: Kg | D9: 11000 | E9: 11500 | F9: 12000 | G9: 12000 | H9: 10500 | I9: 11500 | J9: 11000 | K9: =AVERAGE(D9:J9) -> 11357.143
B10: - Beras IR.64 Kwalitas III | C10: Kg | D10: 0 | E10: 0 | F10: 12000 | G10: 9450 | H10: 9500 | I10: 10500 | J10: - | K10: =AVERAGE(D10:J10) -> 6908.3333
B11: - Beras Jagung | C11: Kg | D11: - | E11: - | F11: - | G11: 11000 | H11: - | I11: 11000 | J11: 8000 | K11: =AVERAGE(D11:J11) -> 10000
B12: - Beras Ketan (Jenis Siyem) | C12: Kg | D12: - | E12: 23000 | F12: - | G12: 18000 | H12: - | I12: 18000 | J12: 18000 | K12: =AVERAGE(D12:J12) -> 19250
A13: 2 | B13: GULA
B14: Gula Pasir Lokal Curah | C14: Kg | D14: 13000 | E14: 13000 | F14: 13500 | G14: 13000 | H14: 13000 | I14: 13500 | J14: 13000 | K14: =AVERAGE(D14:J14) -> 13142.857
B15: - Gula Jawa/Merah (Bahan Kelapa) | C15: Kg | D15: 15000 | E15: 16000 | F15: 16000 | G15: 19000 | H15: 15000 | I15: 16000 | J15: 16000 | K15: =AVERAGE(D15:J15) -> 16142.857
B16: MINYAK GORENG
B17: - Minyak Goreng Curah (Bening) | C17: Kg | D17: 16000 | E17: 16000 | F17: 17000 | G17: 16000 | H17: 16000 | I17: 16500 | J17: 16000 | K17: =AVERAGE(D17:J17) -> 16214.286
A18: 4 | B18: MENTEGA
B19: - Mentega Curah (Amanda) | C19: Kg | D19: - | E19: - | F19: - | G19: 14000 | H19: - | I19: 24000 | J19: - | K19: =AVERAGE(D19:J19) -> 19000
A20: 5 | B20: DAGING
B21: - Daging Sapi Grade Atas | C21: Kg | D21: 120000 | E21: 120000 | F21: 120000 | G21: 120000 | H21: 117000 | I21: 120000 | J21: 110000 | K21: =AVERAGE(D21:J21) -> 118142.86
B22: - Daging Sapi Grade Sedang | C22: Kg | D22: 110000 | E22: 110000 | F22: 115000 | G22: 110000 | H22: 114000 | I22: 110000 | J22: 100000 | K22: =AVERAGE(D22:J22) -> 109857.14
B23: - Daging Sapi Grade Bawah | C23: Kg | D23: 100000 | E23: 95000 | F23: 105000 | G23: 100000 | H23: 100000 | I23: 100000 | J23: - | K23: =AVERAGE(D23:J23) -> 100000
B24: - Daging Ayam Broiler | C24: Kg | D24: 30000 | E24: 29000 | F24: 32000 | G24: 30000 | H24: 32000 | I24: 30000 | J24: 32000 | K24: =AVERAGE(D24:J24) -> 30714.286
A25: 6 | B25: I K A N
B26: - Ikan Tongkol Segar (Uk. Sedang) | C26: Kg | D26: 48000 | E26: 44000 | F26: 35000 | G26: 40000 | H26: 30000 | I26: 38000 | J26: 35000 | K26: =AVERAGE(D26:J26) -> 38571.429
B27: - Ikan Mujair Segar (Uk. Sedang) | C27: Kg | D27: - | E27: 30000 | F27: 30000 | G27: 30000 | H27: 23000 | I27: 30000 | J27: 28000 | K27: =AVERAGE(D27:J27) -> 28500
B28: - Udang Segar (Uk. Sedang) | C28: Kg | D28: - | E28: 60000 | F28: 60000 | G28: 85000 | H28: 58000 | I28: 65000 | J28: 55000 | K28: =AVERAGE(D28:J28) -> 63833.333
B29: - Ikan Lele Segar (Ukuran Sedang) | C29: Kg | D29: - | E29: - | F29: - | G29: 25000 | H29: 23000 | I29: 24000 | J29: 26000 | K29: =AVERAGE(D29:J29) -> 24500
B30: - Ikan Bandeng Segar (Uk. Sedang) | C30: Kg | D30: 40000 | E30: 36000 | F30: 40000 | G30: 40000 | H30: 28000 | I30: 38000 | J30: 30000 | K30: =AVERAGE(D30:J30) -> 36000
B31: - Ikan Teri Asin (Bukan Teri Medan) | C31: Kg | D31: 80000 | E31: 100000 | F31: 80000 | G31: 60000 | H31: 80000 | I31: - | J31: - | K31: =AVERAGE(D31:J31) -> 80000
A32: 7 | B32: TELUR
B33: - Telur Ayam Broiler | C33: Kg | D33: 26000 | E33: 27000 | F33: 26000 | G33: 26000 | H33: 25000 | I33: 26000 | J33: 26500 | K33: =AVERAGE(D33:J33) -> 26071.429
B34: - Telur Ayam Kampung | C34: Butir | D34: 2500 | E34: 2000 | F34: 2000 | G34: 2400 | H34: 2000 | I34: 2500 | J34: 3000 | K34: =AVERAGE(D34:J34) -> 2342.8571
A35: 8 | B35: S U S U
B36: - Susu Kental Manis "INDOMILK" Putih | C36: 390 Gr/kaleng | D36: 12500 | E36: 12000 | F36: 10000 | G36: 12500 | H36: - | I36: 12000 | J36: 10000 | K36: =AVERAGE(D36:J36) -> 11500
B37: - Susu Bubuk "DANCOW" Full Cream | C37: 400 Gr/Dos | D37: - | E37: 37900 | F37: - | G37: 42500 | H37: - | I37: - | J37: - | K37: =AVERAGE(D37:J37) -> 40200
A38: 9 | B38: SABUN CUCI
B39: - Sabun Detergen Rinso (Anti Noda) | C39: 900 Gram | D39: 22000 | E39: - | F39: - | G39: 20500 | H39: 17500 | I39: 21000 | J39: 17500 | K39: =AVERAGE(D39:J39) -> 19700
B40: - Sabun Colek "Wing's Biru" | C40: 350 Gram | D40: 2000 | E40: - | F40: - | G40: 2000 | H40: 2000 | I40: 2000 | J40: 2000 | K40: =AVERAGE(D40:J40) -> 2000
A41: 10 | B41: JAGUNG
B42: - Jagung Pipilan Kering (Jenis Kecil) | C42: Kg | D42: 11000 | E42: 8000 | F42: 9000 | G42: 11000 | H42: 9000 | I42: 10000 | J42: 8000 | K42: =AVERAGE(D42:J42) -> 9428.5714
B43: - Jagung Pipilan Kering (Jenis Besar) | C43: Kg | D43: 9000 | E43: 10000 | F43: - | G43: 12000 | H43: 6000 | I43: - | J43: 6000 | K43: =AVERAGE(D43:J43) -> 8600
A44: 11 | B44: GARAM BERYODIUM
B45: - Garam Halus (Cap Kapal) | C45: 250 Gr/Bngks | D45: 3000 | E45: 8000 | F45: 2000 | G45: 4000 | H45: 2500 | I45: 4000 | J45: - | K45: =AVERAGE(D45:J45) -> 3916.6667
A46: 12 | B46: TEPUNG TERIGU
B47: - Tepung Terigu "Segitiga Biru" Curah | C47: Kg | D47: 10000 | E47: 10500 | F47: 12500 | G47: 12000 | H47: 11500 | I47: 11500 | J47: 7000 | K47: =AVERAGE(D47:J47) -> 10714.286
A48: 13 | B48: KACANG-KACANGAN
B49: - Kacang Kedelai (Kualitas Import) | C49: Kg | D49: 15000 | E49: 16000 | F49: 17000 | G49: 18000 | H49: 11500 | I49: 17000 | J49: - | K49: =AVERAGE(D49:J49) -> 15750
B50: - Kacang Kedelai (Kualitas Lokal) | C50: Kg | D50: 12000 | E50: 14000 | F50: - | G50: - | H50: - | I50: - | J50: 13500 | K50: =AVERAGE(D50:J50) -> 13166.667
B51: - Kacang Hijau | C51: Kg | D51: 24000 | E51: 23000 | F51: 26000 | G51: 26000 | H51: 23000 | I51: 26000 | J51: 25000 | K51: =AVERAGE(D51:J51) -> 24714.286
B52: - Kacang Tanah (Jenis Besar) | C52: Kg | D52: 28000 | E52: 30000 | F52: 28000 | G52: 30000 | H52: 26000 | I52: 29000 | J52: 28000 | K52: =AVERAGE(D52:J52) -> 28428.571
A53: 14 | B53: MIE INSTAN
B54: - Indomie Goreng | C54: 86 Gr/Bngks | D54: 3000 | E54: 3200 | F54: 3000 | G54: 3200 | H54: - | I54: 3500 | J54: 2500 | K54: =AVERAGE(D54:J54) -> 3066.6667
A55: 15 | B55: C A B E
B56: - Cabe Merah Besar | C56: Kg | D56: 24000 | E56: 40000 | F56: 25000 | G56: 30000 | H56: 23000 | I56: 30000 | J56: 25000 | K56: =AVERAGE(D56:J56) -> 28142.857
B57: - Cabe Merah Kriting | C57: Kg | D57: 45000 | E57: 35000 | F57: 35000 | G57: 40000 | H57: - | I57: - | J57: - | K57: =AVERAGE(D57:J57) -> 38750
B58: - Cabe Merah Kecil-Rawit | C58: Kg | D58: 44000 | E58: 45000 | F58: 55000 | G58: 55000 | H58: 40000 | I58: 50000 | J58: 55000 | K58: =AVERAGE(D58:J58) -> 49142.857
A59: 16 | B59: BAHAN BAKAR GAS LPG
B60: - Gas LPG Tabung (3 Kg.) | C60: Per Tabung | D60: 19000 | E60: 18000 | F60: 18000 | G60: 18000 | H60: - | I60: 18000 | J60: 18000 | K60: =AVERAGE(D60:J60) -> 18166.667
A61: 17 | B61: BAWANG
B62: - Bawang Putih (Jenis Kating) | C62: Kg | D62: 27000 | E62: 40000 | F62: 30000 | G62: 30000 | H62: 26000 | I62: 35000 | J62: 30000 | K62: =AVERAGE(D62:J62) -> 31142.857
B63: - Bawang Putih (Jenis Sinco) | C63: Kg | D63: 26000 | E63: 28000 | F63: 28000 | G63: 25000 | H63: 23000 | I63: 27000 | J63: 25000 | K63: =AVERAGE(D63:J63) -> 26000
B64: - Bawang Merah (Kualitas Lokal) | C64: Kg | D64: 40000 | E64: 38000 | F64: 40000 | G64: 35000 | H64: 35000 | I64: 40000 | J64: 45000 | K64: =AVERAGE(D64:J64) -> 39000
B65: - Bawang Bombay | C65: Kg | D65: 18000 | E65: 22000 | F65: 20000 | G65: 25000 | H65: 20000 | I65: 25000 | J65: 22000 | K65: =AVERAGE(D65:J65) -> 21714.286
A66: 18 | B66: UBI-UBIAN
B67: - Ketela Pohon | C67: Kg | D67: 6000 | E67: 7000 | F67: 5000 | G67: 6000 | H67: 4000 | I67: 6000 | J67: 5000 | K67: =AVERAGE(D67:J67) -> 5571.4286
B68: - Ubi Jalar | C68: Kg | D68: - | E68: - | F68: 5000 | G68: 6000 | H68: 5000 | I68: 6000 | J68: 6000 | K68: =AVERAGE(D68:J68) -> 5600
A69: 19 | B69: SAYUR-SAYURAN
B70: - Kubis | C70: Kg | D70: 10000 | E70: 13000 | F70: 12000 | G70: 8000 | H70: 9000 | I70: 10000 | J70: 10000 | K70: =AVERAGE(D70:J70) -> 10285.714
B71: - Buncis | C71: Kg | D71: 10000 | E71: 12000 | F71: 12000 | G71: 12000 | H71: 10000 | I71: 15000 | J71: 15000 | K71: =AVERAGE(D71:J71) -> 12285.714
B72: - Kentang | C72: Kg | D72: 13000 | E72: 15000 | F72: 18000 | G72: 15000 | H72: 15000 | I72: 14000 | J72: 20000 | K72: =AVERAGE(D72:J72) -> 15714.286
B73: - Tomat | C73: Kg | D73: 14000 | E73: 8000 | F73: 16000 | G73: 20000 | H73: 5000 | I73: 8000 | J73: 8000 | K73: =AVERAGE(D73:J73) -> 11285.714
B74: - Wortel (Kualitas Lokal) | C74: Kg | D74: 9000 | E74: 10000 | F74: 12000 | G74: 13000 | H74: 10000 | I74: 13000 | J74: 10000 | K74: =AVERAGE(D74:J74) -> 11000
B75: - Terong Ungu (Jenis Sayur) | C75: Kg | D75: - | E75: 12000 | F75: - | G75: 10000 | H75: 9000 | I75: 10000 | J75: 7000 | K75: =AVERAGE(D75:J75) -> 9600
B76: - Bayam (Jenis Sayur) | C76: Ikat Kecil | D76: - | E76: - | F76: 2000 | G76: 2000 | H76: 1500 | I76: 2000 | J76: 1000 | K76: =AVERAGE(D76:J76) -> 1700
B77: - Kangkung (Jenis Panjang) | C77: Ikat Kecil | D77: - | E77: - | F77: 1500 | G77: 2000 | H77: 1500 | I77: 1500 | J77: 1000 | K77: =AVERAGE(D77:J77) -> 1500
B78: - Sawi (Jenis Hijau) | C78: Ikat Kecil | D78: - | E78: - | F78: 2000 | G78: 2000 | H78: 2000 | I78: 2000 | J78: 1500 | K78: =AVERAGE(D78:J78) -> 1900
A79: 20 | B79: AIR MINERAL
B80: - Air Mineral (Aqua Galon) | C80: 19 Ltr/Galon | D80: 18000 | E80: - | F80: - | G80: 17000 | H80: - | I80: 19000 | J80: 18000 | K80: =AVERAGE(D80:J80) -> 18000

Sheet 5
A1: HARGA BAHAN-BAHAN POKOK
A2: DI PASAR TRADISIONAL KOTA SURABAYA
A3: HARI / TANGGAL : Minggu / 05 Februari 2023
B4: NAMA BAHAN POKOK DAN PENTING LAINNYA | C4: SATUAN | D4: Pasar Tambahrejo | E4: Pasar Pucang Anom | F4: Pasar Wonokromo | G4: Pasar Genteng Baru | H4: Pasar Pabean | I4: Pasar Kembang | J4: Pasar Balongsari | K4: Rata-Rata
A7: 1 | B7: BERAS
B8: - Beras IR.64 Kwalitas I | C8: Kg | D8: 12000 | E8: 12500 | F8: 13500 | G8: 12800 | H8: 12500 | I8: 13000 | J8: 12500 | K8: 12685.714
B9: - Beras IR.64 Kwalitas II | C9: Kg | D9: 11000 | E9: 11500 | F9: 12000 | G9: 12000 | H9: 10500 | I9: 11500 | J9: 11000 | K9: 11357.143
B10: - Beras IR.64 Kwalitas III | C10: Kg | D10: 11000 | E10: 0 | F10: 12000 | G10: 9450 | H10: 9500 | I10: 10500 | J10: - | K10: 8741.6667
B11: - Beras Jagung | C11: Kg | D11: - | E11: - | F11: - | G11: 11000 | H11: - | I11: 11000 | J11: 8000 | K11: 10000
B12: - Beras Ketan (Jenis Siyem) | C12: Kg | D12: - | E12: 23000 | F12: - | G12: 18000 | H12: - | I12: 18000 | J12: 18000 | K12: 19250
A13: 2 | B13: GULA
B14: Gula Pasir Lokal Curah | C14: Kg | D14: 13000 | E14: 13000 | F14: 13500 | G14: 13000 | H14: 13000 | I14: 13500 | J14: 13000 | K14: 13142.857
B15: - Gula Jawa/Merah (Bahan Kelapa) | C15: Kg | D15: 15000 | E15: 16000 | F15: 16000 | G15: 19000 | H15: 15000 | I15: 16000 | J15: 16000 | K15: 16142.857
B16: MINYAK GORENG
B17: - Minyak Goreng Curah (Bening) | C17: Kg | D17: 16000 | E17: 16000 | F17: 17000 | G17: 16000 | H17: 16000 | I17: 16500 | J17: 16000 | K17: 16214.286
A18: 4 | B18: MENTEGA
B19: - Mentega Curah (Amanda) | C19: Kg | D19: - | E19: - | F19: - | G19: 14000 | H19: - | I19: 24000 | J19: - | K19: 19000
A20: 5 | B20: DAGING
B21: - Daging Sapi Grade Atas | C21: Kg | D21: 120000 | E21: 120000 | F21: 120000 | G21: 120000 | H21: 117000 | I21: 120000 | J21: 110000 | K21: 118142.86
B22: - Daging Sapi Grade Sedang | C22: Kg | D22: 110000 | E22: 110000 | F22: 115000 | G22: 110000 | H22: 114000 | I22: 110000 | J22: 100000 | K22: 109857.14
B23: - Daging Sapi Grade Bawah | C23: Kg | D23: 100000 | E23: 95000 | F23: 105000 | G23: 100000 | H23: 100000 | I23: 100000 | J23: - | K23: 100000
B24: - Daging Ayam Broiler | C24: Kg | D24: 30000 | E24: 29000 | F24: 30000 | G24: 30000 | H24: 32000 | I24: 30000 | J24: 32000 | K24: 30428.571
A25: 6 | B25: I K A N
B26: - Ikan Tongkol Segar (Uk. Sedang) | C26: Kg | D26: 48000 | E26: 44000 | F26: 40000 | G26: 40000 | H26: 30000 | I26: 40000 | J26: 35000 | K26: 39571.429
B27: - Ikan Mujair Segar (Uk. Sedang) | C27: Kg | D27: - | E27: 30000 | F27: 30000 | G27: 30000 | H27: 23000 | I27: 30000 | J27: 28000 | K27: 28500
B28: - Udang Segar (Uk. Sedang) | C28: Kg | D28: - | E28: 60000 | F28: 70000 | G28: 85000 | H28: 58000 | I28: 65000 | J28: 55000 | K28: 65500
B29: - Ikan Lele Segar (Ukuran Sedang) | C29: Kg | D29: - | E29: - | F29: - | G29: 25000 | H29: 23000 | I29: 24000 | J29: 26000 | K29: 24500
B30: - Ikan Bandeng Segar (Uk. Sedang) | C30: Kg | D30: 40000 | E30: 36000 | F30: 40000 | G30: 40000 | H30: 28000 | I30: 38000 | J30: 30000 | K30: 36000
B31: - Ikan Teri Asin (Bukan Teri Medan) | C31: Kg | D31: 80000 | E31: 100000 | F31: 90000 | G31: 60000 | H31: 80000 | I31: - | J31: - | K31: 82000
A32: 7 | B32: TELUR
B33: - Telur Ayam Broiler | C33: Kg | D33: 26000 | E33: 27000 | F33: 26000 | G33: 26000 | H33: 25000 | I33: 26000 | J33: 26500 | K33: 26071.429
B34: - Telur Ayam Kampung | C34: Butir | D34: 2500 | E34: 2000 | F34: 2000 | G34: 2400 | H34: 2000 | I34: 2500 | J34: 3000 | K34: 2342.8571
A35: 8 | B35: S U S U
B36: - Susu Kental Manis "INDOMILK" Putih | C36: 390 Gr/kaleng | D36: 12500 | E36: 12000 | F36: 10000 | G36: 12500 | H36: - | I36: 12000 | J36: 10000 | K36: 11500
B37: - Susu Bubuk "DANCOW" Full Cream | C37: 400 Gr/Dos | D37: - | E37: 37900 | F37: - | G37: 42500 | H37: - | I37: - | J37: - | K37: 40200
A38: 9 | B38: SABUN CUCI
B39: - Sabun Detergen Rinso (Anti Noda) | C39: 900 Gram | D39: 22000 | E39: - | F39: - | G39: 20500 | H39: 17500 | I39: 21000 | J39: 17500 | K39: 19700
B40: - Sabun Colek "Wing's Biru" | C40: 350 Gram | D40: 2000 | E40: - | F40: - | G40: 2000 | H40: 2000 | I40: 2000 | J40: 2000 | K40: 2000
A41: 10 | B41: JAGUNG
B42: - Jagung Pipilan Kering (Jenis Kecil) | C42: Kg | D42: 11000 | E42: 8000 | F42: 9000 | G42: 11000 | H42: 9000 | I42: 10000 | J42: 8000 | K42: 9428.5714
B43: - Jagung Pipilan Kering (Jenis Besar) | C43: Kg | D43: 9000 | E43: 10000 | F43: - | G43: 12000 | H43: 6000 | I43: - | J43: 6000 | K43: 8600
A44: 11 | B44: GARAM BERYODIUM
B45: - Garam Halus (Cap Kapal) | C45: 250 Gr/Bngks | D45: 3000 | E45: 8000 | F45: 2000 | G45: 4000 | H45: 2500 | I45: 4000 | J45: - | K45: 3916.6667
A46: 12 | B46: TEPUNG TERIGU
B47: - Tepung Terigu "Segitiga Biru" Curah | C47: Kg | D47: 10000 | E47: 10500 | F47: 12500 | G47: 12000 | H47: 11500 | I47: 11500 | J47: 7000 | K47: 10714.286
A48: 13 | B48: KACANG-KACANGAN
B49: - Kacang Kedelai (Kualitas Import) | C49: Kg | D49: 15000 | E49: 16000 | F49: 17000 | G49: 18000 | H49: 11500 | I49: 17000 | J49: - | K49: 15750
B50: - Kacang Kedelai (Kualitas Lokal) | C50: Kg | D50: 12000 | E50: 14000 | F50: - | G50: - | H50: - | I50: - | J50: 13500 | K50: 13166.667
B51: - Kacang Hijau | C51: Kg | D51: 24000 | E51: 23000 | F51: 26000 | G51: 26000 | H51: 23000 | I51: 26000 | J51: 25000 | K51: 24714.286
B52: - Kacang Tanah (Jenis Besar) | C52: Kg | D52: 28000 | E52: 30000 | F52: 28000 | G52: 30000 | H52: 26000 | I52: 29000 | J52: 28000 | K52: 28428.571
A53: 14 | B53: MIE INSTAN
B54: - Indomie Goreng | C54: 86 Gr/Bngks | D54: 3000 | E54: 3200 | F54: 3000 | G54: 3200 | H54: - | I54: 3500 | J54: 2500 | K54: 3066.6667
A55: 15 | B55: C A B E
B56: - Cabe Merah Besar | C56: Kg | D56: 24000 | E56: 40000 | F56: 30000 | G56: 30000 | H56: 23000 | I56: 30000 | J56: 25000 | K56: 28857.143
B57: - Cabe Merah Kriting | C57: Kg | D57: 45000 | E57: 35000 | F57: 35000 | G57: 40000 | H57: - | I57: - | J57: - | K57: 38750
B58: - Cabe Merah Kecil-Rawit | C58: Kg | D58: 44000 | E58: 45000 | F58: 55000 | G58: 55000 | H58: 45000 | I58: 50000 | J58: 55000 | K58: 49857.143
A59: 16 | B59: BAHAN BAKAR GAS LPG
B60: - Gas LPG Tabung (3 Kg.) | C60: Per Tabung | D60: 19000 | E60: 18000 | F60: 18000 | G60: 18000 | H60: - | I60: 18000 | J60: 18000 | K60: 18166.667
A61: 17 | B61: BAWANG
B62: - Bawang Putih (Jenis Kating) | C62: Kg | D62: 27000 | E62: 40000 | F62: 28000 | G62: 30000 | H62: 26000 | I62: 35000 | J62: 30000 | K62: 30857.143
B63: - Bawang Putih (Jenis Sinco) | C63: Kg | D63: 26000 | E63: 28000 | F63: 26000 | G63: 25000 | H63: 23000 | I63: 27000 | J63: 25000 | K63: 25714.286
B64: - Bawang Merah (Kualitas Lokal) | C64: Kg | D64: 40000 | E64: 38000 | F64: 40000 | G64: 35000 | H64: 35000 | I64: 40000 | J64: 45000 | K64: 39000
B65: - Bawang Bombay | C65: Kg | D65: 18000 | E65: 22000 | F65: 22000 | G65: 25000 | H65: 20000 | I65: 25000 | J65: 22000 | K65: 22000
A66: 18 | B66: UBI-UBIAN
B67: - Ketela Pohon | C67: Kg | D67: 6000 | E67: 7000 | F67: 5000 | G67: 6000 | H67: 4000 | I67: 6000 | J67: 5000 | K67: 5571.4286
B68: - Ubi Jalar | C68: Kg | D68: - | E68: - | F68: 5000 | G68: 6000 | H68: 5000 | I68: 6000 | J68: 6000 | K68: 5600
A69: 19 | B69: SAYUR-SAYURAN
B70: - Kubis | C70: Kg | D70: 10000 | E70: 13000 | F70: 10000 | G70: 8000 | H70: 9000 | I70: 10000 | J70: 10000 | K70: 10000
B71: - Buncis | C71: Kg | D71: 10000 | E71: 12000 | F71: 12000 | G71: 12000 | H71: 10000 | I71: 15000 | J71: 15000 | K71: 12285.714
B72: - Kentang | C72: Kg | D72: 13000 | E72: 15000 | F72: 16000 | G72: 15000 | H72: 15000 | I72: 14000 | J72: 20000 | K72: 15428.571
B73: - Tomat | C73: Kg | D73: 14000 | E73: 8000 | F73: 18000 | G73: 20000 | H73: 5000 | I73: 8000 | J73: 8000 | K73: 11571.429
B74: - Wortel (Kualitas Lokal) | C74: Kg | D74: 9000 | E74: 10000 | F74: 12000 | G74: 13000 | H74: 10000 | I74: 13000 | J74: 10000 | K74: 11000
B75: - Terong Ungu (Jenis Sayur) | C75: Kg | D75: - | E75: 12000 | F75: - | G75: 10000 | H75: 9000 | I75: 10000 | J75: 7000 | K75: 9600
B76: - Bayam (Jenis Sayur) | C76: Ikat Kecil | D76: - | E76: - | F76: 2000 | G76: 2000 | H76: 1500 | I76: 2000 | J76: 1000 | K76: 1700
B77: - Kangkung (Jenis Panjang) | C77: Ikat Kecil | D77: - | E77: - | F77: 1500 | G77: 2000 | H77: 1500 | I77: 1500 | J77: 1000 | K77: 1500
B78: - Sawi (Jenis Hijau) | C78: Ikat Kecil | D78: - | E78: - | F78: 2000 | G78: 2000 | H78: 2000 | I78: 2000 | J78: 1500 | K78: 1900
A79: 20 | B79: AIR MINERAL
B80: - Air Mineral (Aqua Galon) | C80: 19 Ltr/Galon | D80: 18000 | E80: - | F80: - | G80: 17000 | H80: - | I80: 19000 | J80: 18000 | K80: 18000

Sheet 6
A1: HARGA BAHAN-BAHAN POKOK
A2: DI PASAR TRADISIONAL KOTA SURABAYA
A3: HARI / TANGGAL : Senin / 06 Februari 2023
B4: NAMA BAHAN POKOK DAN PENTING LAINNYA | C4: SATUAN | D4: Pasar Tambahrejo | E4: Pasar Pucang Anom | F4: Pasar Wonokromo | G4: Pasar Genteng Baru | H4: Pasar Pabean | I4: Pasar Kembang | J4: Pasar Balongsari | K4: Rata-Rata
A7: 1 | B7: BERAS
B8: - Beras IR.64 Kwalitas I | C8: Kg | D8: 12800 | E8: 12500 | F8: 13500 | G8: 13000 | H8: 13000 | I8: 13000 | J8: 12500 | K8: 12900
B9: - Beras IR.64 Kwalitas II | C9: Kg | D9: 12000 | E9: 11500 | F9: 12000 | G9: 12000 | H9: 12000 | I9: 11500 | J9: 11000 | K9: 11714.286
B10: - Beras IR.64 Kwalitas III | C10: Kg | D10: 0 | E10: 0 | F10: 12000 | G10: 9450 | H10: 11000 | I10: 10500 | J10: - | K10: 7158.3333
B11: - Beras Jagung | C11: Kg | D11: - | E11: - | F11: - | G11: 11000 | H11: - | I11: 11000 | J11: 8000 | K11: 10000
B12: - Beras Ketan (Jenis Siyem) | C12: Kg | D12: - | E12: 23000 | F12: - | G12: 18000 | H12: - | I12: 18000 | J12: 18000 | K12: 19250
A13: 2 | B13: GULA
B14: Gula Pasir Lokal Curah | C14: Kg | D14: 13000 | E14: 13000 | F14: 13500 | G14: 13000 | H14: 13000 | I14: 13500 | J14: 13000 | K14: 13142.857
B15: - Gula Jawa/Merah (Bahan Kelapa) | C15: Kg | D15: 15000 | E15: 16000 | F15: 16000 | G15: 19000 | H15: 15000 | I15: 16000 | J15: 16000 | K15: 16142.857
B16: MINYAK GORENG
B17: - Minyak Goreng Curah (Bening) | C17: Kg | D17: 16000 | E17: 16000 | F17: 17000 | G17: 16000 | H17: 15000 | I17: 16500 | J17: 16000 | K17: 16071.429
A18: 4 | B18: MENTEGA
B19: - Mentega Curah (Amanda) | C19: Kg | D19: - | E19: - | F19: - | G19: 14000 | H19: - | I19: 24000 | J19: - | K19: 19000
A20: 5 | B20: DAGING
B21: - Daging Sapi Grade Atas | C21: Kg | D21: 120000 | E21: 120000 | F21: 120000 | G21: 120000 | H21: 117000 | I21: 120000 | J21: 110000 | K21: 118142.86
B22: - Daging Sapi Grade Sedang | C22: Kg | D22: 110000 | E22: 110000 | F22: 115000 | G22: 110000 | H22: 114000 | I22: 110000 | J22: 100000 | K22: 109857.14
B23: - Daging Sapi Grade Bawah | C23: Kg | D23: 100000 | E23: 95000 | F23: 105000 | G23: 100000 | H23: 100000 | I23: 100000 | J23: - | K23: 100000
B24: - Daging Ayam Broiler | C24: Kg | D24: 30000 | E24: 29000 | F24: 32000 | G24: 30000 | H24: 32000 | I24: 30000 | J24: 32000 | K24: 30714.286
A25: 6 | B25: I K A N
B26: - Ikan Tongkol Segar (Uk. Sedang) | C26: Kg | D26: 48000 | E26: 44000 | F26: 40000 | G26: 40000 | H26: 30000 | I26: 40000 | J26: 35000 | K26: 39571.429
B27: - Ikan Mujair Segar (Uk. Sedang) | C27: Kg | D27: - | E27: 30000 | F27: 28000 | G27: 30000 | H27: 23000 | I27: 30000 | J27: 28000 | K27: 28166.667
B28: - Udang Segar (Uk. Sedang) | C28: Kg | D28: - | E28: 60000 | F28: 60000 | G28: 85000 | H28: 58000 | I28: 65000 | J28: 55000 | K28: 63833.333
B29: - Ikan Lele Segar (Ukuran Sedang) | C29: Kg | D29: - | E29: - | F29: - | G29: 25000 | H29: 23000 | I29: 24000 | J29: 26000 | K29: 24500
B30: - Ikan Bandeng Segar (Uk. Sedang) | C30: Kg | D30: 40000 | E30: 36000 | F30: 40000 | G30: 40000 | H30: 28000 | I30: 40000 | J30: 30000 | K30: 36285.714
B31: - Ikan Teri Asin (Bukan Teri Medan) | C31: Kg | D31: 80000 | E31: 100000 | F31: 80000 | G31: 60000 | H31: 80000 | I31: - | J31: - | K31: 80000
A32: 7 | B32: TELUR
B33: - Telur Ayam Broiler | C33: Kg | D33: 26000 | E33: 27000 | F33: 26000 | G33: 26000 | H33: 25000 | I33: 26000 | J33: 27000 | K33: 26142.857
B34: - Telur Ayam Kampung | C34: Butir | D34: 2500 | E34: 2000 | F34: 2000 | G34: 2400 | H34: 2000 | I34: 2500 | J34: 3000 | K34: 2342.8571
A35: 8 | B35: S U S U
B36: - Susu Kental Manis "INDOMILK" Putih | C36: 390 Gr/kaleng | D36: 12500 | E36: 12000 | F36: 10000 | G36: 12500 | H36: - | I36: 12000 | J36: 10000 | K36: 11500
B37: - Susu Bubuk "DANCOW" Full Cream | C37: 400 Gr/Dos | D37: - | E37: 37900 | F37: - | G37: 42500 | H37: - | I37: - | J37: - | K37: 40200
A38: 9 | B38: SABUN CUCI
B39: - Sabun Detergen Rinso (Anti Noda) | C39: 900 Gram | D39: 22000 | E39: - | F39: - | G39: 20500 | H39: 17500 | I39: 21000 | J39: 17500 | K39: 19700
B40: - Sabun Colek "Wing's Biru" | C40: 350 Gram | D40: 2000 | E40: - | F40: - | G40: 2000 | H40: 2000 | I40: 2000 | J40: 2000 | K40: 2000
A41: 10 | B41: JAGUNG
B42: - Jagung Pipilan Kering (Jenis Kecil) | C42: Kg | D42: 11000 | E42: 8000 | F42: 9000 | G42: 11000 | H42: 9000 | I42: 10000 | J42: 8000 | K42: 9428.5714
B43: - Jagung Pipilan Kering (Jenis Besar) | C43: Kg | D43: 9000 | E43: 10000 | F43: - | G43: 12000 | H43: 6000 | I43: - | J43: 6000 | K43: 8600
A44: 11 | B44: GARAM BERYODIUM
B45: - Garam Halus (Cap Kapal) | C45: 250 Gr/Bngks | D45: 3000 | E45: 8000 | F45: 2000 | G45: 4000 | H45: 2500 | I45: 4000 | J45: - | K45: 3916.6667
A46: 12 | B46: TEPUNG TERIGU
B47: - Tepung Terigu "Segitiga Biru" Curah | C47: Kg | D47: 10000 | E47: 10500 | F47: 12500 | G47: 12000 | H47: 11500 | I47: 11500 | J47: 7000 | K47: 10714.286
A48: 13 | B48: KACANG-KACANGAN
B49: - Kacang Kedelai (Kualitas Import) | C49: Kg | D49: 15000 | E49: 16000 | F49: 17000 | G49: 18000 | H49: 11500 | I49: 17000 | J49: - | K49: 15750
B50: - Kacang Kedelai (Kualitas Lokal) | C50: Kg | D50: 12000 | E50: 14000 | F50: - | G50: - | H50: - | I50: - | J50: 13500 | K50: 13166.667
B51: - Kacang Hijau | C51: Kg | D51: 24000 | E51: 23000 | F51: 26000 | G51: 26000 | H51: 23000 | I51: 26000 | J51: 25000 | K51: 24714.286
B52: - Kacang Tanah (Jenis Besar) | C52: Kg | D52: 28000 | E52: 30000 | F52: 28000 | G52: 30000 | H52: 26000 | I52: 29000 | J52: 28000 | K52: 28428.571
A53: 14 | B53: MIE INSTAN
B54: - Indomie Goreng | C54: 86 Gr/Bngks | D54: 3000 | E54: 3200 | F54: 3000 | G54: 3200 | H54: - | I54: 3500 | J54: 2500 | K54: 3066.6667
A55: 15 | B55: C A B E
B56: - Cabe Merah Besar | C56: Kg | D56: 24000 | E56: 40000 | F56: 25000 | G56: 30000 | H56: 25000 | I56: 30000 | J56: 30000 | K56: 29142.857
B57: - Cabe Merah Kriting | C57: Kg | D57: 45000 | E57: 30000 | F57: 32000 | G57: 40000 | H57: - | I57: - | J57: - | K57: 36750
B58: - Cabe Merah Kecil-Rawit | C58: Kg | D58: 44000 | E58: 55000 | F58: 45000 | G58: 55000 | H58: 25000 | I58: 55000 | J58: 60000 | K58: 48428.571
A59: 16 | B59: BAHAN BAKAR GAS LPG
B60: - Gas LPG Tabung (3 Kg.) | C60: Per Tabung | D60: 19000 | E60: 18000 | F60: 18000 | G60: 18000 | H60: - | I60: 18000 | J60: 18000 | K60: 18166.667
A61: 17 | B61: BAWANG
B62: - Bawang Putih (Jenis Kating) | C62: Kg | D62: 27000 | E62: 40000 | F62: 30000 | G62: 30000 | H62: 27000 | I62: 35000 | J62: 30000 | K62: 31285.714
B63: - Bawang Putih (Jenis Sinco) | C63: Kg | D63: 26000 | E63: 28000 | F63: 28000 | G63: 25000 | H63: 24000 | I63: 27000 | J63: 25000 | K63: 26142.857
B64: - Bawang Merah (Kualitas Lokal) | C64: Kg | D64: 40000 | E64: 38000 | F64: 40000 | G64: 35000 | H64: 35000 | I64: 42000 | J64: 40000 | K64: 38571.429
B65: - Bawang Bombay | C65: Kg | D65: 18000 | E65: 22000 | F65: 20000 | G65: 25000 | H65: 20000 | I65: 23000 | J65: 22000 | K65: 21428.571
A66: 18 | B66: UBI-UBIAN
B67: - Ketela Pohon | C67: Kg | D67: 6000 | E67: 7000 | F67: 5000 | G67: 6000 | H67: 4000 | I67: 6000 | J67: 5000 | K67: 5571.4286
B68: - Ubi Jalar | C68: Kg | D68: - | E68: - | F68: 5000 | G68: 6000 | H68: 5000 | I68: 6000 | J68: 6000 | K68: 5600
A69: 19 | B69: SAYUR-SAYURAN
B70: - Kubis | C70: Kg | D70: 10000 | E70: 12000 | F70: 12000 | G70: 8000 | H70: 9000 | I70: 10000 | J70: 9000 | K70: 10000
B71: - Buncis | C71: Kg | D71: 10000 | E71: 12000 | F71: 12000 | G71: 12000 | H71: 10000 | I71: 12000 | J71: 15000 | K71: 11857.143
B72: - Kentang | C72: Kg | D72: 13000 | E72: 15000 | F72: 18000 | G72: 15000 | H72: 15000 | I72: 16000 | J72: 15000 | K72: 15285.714
B73: - Tomat | C73: Kg | D73: 14000 | E73: 8000 | F73: 16000 | G73: 20000 | H73: 5000 | I73: 8000 | J73: 6000 | K73: 11000
B74: - Wortel (Kualitas Lokal) | C74: Kg | D74: 9000 | E74: 10000 | F74: 12000 | G74: 13000 | H74: 10000 | I74: 12000 | J74: 8000 | K74: 10571.429
B75: - Terong Ungu (Jenis Sayur) | C75: Kg | D75: - | E75: 12000 | F75: - | G75: 10000 | H75: 9000 | I75: 10000 | J75: 7000 | K75: 9600
B76: - Bayam (Jenis Sayur) | C76: Ikat Kecil | D76: - | E76: - | F76: 2000 | G76: 2000 | H76: 1500 | I76: 2000 | J76: 1500 | K76: 1800
B77: - Kangkung (Jenis Panjang) | C77: Ikat Kecil | D77: - | E77: - | F77: 1500 | G77: 2000 | H77: 1500 | I77: 1500 | J77: 1000 | K77: 1500
B78: - Sawi (Jenis Hijau) | C78: Ikat Kecil | D78: - | E78: - | F78: 2000 | G78: 2000 | H78: 2000 | I78: 2000 | J78: 1500 | K78: 1900
A79: 20 | B79: AIR MINERAL
B80: - Air Mineral (Aqua Galon) | C80: 19 Ltr/Galon | D80: 18000 | E80: - | F80: - | G80: 17000 | H80: - | I80: 19000 | J80: 18000 | K80: 18000

Sheet 7
A1: HARGA BAHAN-BAHAN POKOK
A2: DI PASAR TRADISIONAL KOTA SURABAYA
A3: HARI / TANGGAL : Selasa / 07 Februari 2023
B4: NAMA BAHAN POKOK DAN PENTING LAINNYA | C4: SATUAN | D4: Pasar Tambahrejo | E4: Pasar Pucang Anom | F4: Pasar Wonokromo | G4: Pasar Genteng Baru | H4: Pasar Pabean | I4: Pasar Kembang | J4: Pasar Balongsari | K4: Rata-Rata
A7: 1 | B7: BERAS
B8: - Beras IR.64 Kwalitas I | C8: Kg | D8: 12800 | E8: 12500 | F8: 13500 | G8: 13000 | H8: 13000 | I8: 13000 | J8: 12500 | K8: =AVERAGE(D8:J8) -> 12900
B9: - Beras IR.64 Kwalitas II | C9: Kg | D9: 12000 | E9: 11500 | F9: 12000 | G9: 12000 | H9: 12000 | I9: 11500 | J9: 11000 | K9: =AVERAGE(D9:J9) -> 11714.286
B10: - Beras IR.64 Kwalitas III | C10: Kg | D10: 0 | E10: 0 | F10: 12000 | G10: 9450 | H10: 11000 | I10: 10500 | J10: - | K10: =AVERAGE(D10:J10) -> 7158.3333
B11: - Beras Jagung | C11: Kg | D11: - | E11: - | F11: - | G11: 11000 | H11: - | I11: 11000 | J11: 8000 | K11: =AVERAGE(D11:J11) -> 10000
B12: - Beras Ketan (Jenis Siyem) | C12: Kg | D12: - | E12: 23000 | F12: - | G12: 18000 | H12: - | I12: 18000 | J12: 18000 | K12: =AVERAGE(D12:J12) -> 19250
A13: 2 | B13: GULA
B14: Gula Pasir Lokal Curah | C14: Kg | D14: 13000 | E14: 13000 | F14: 13500 | G14: 13000 | H14: 13000 | I14: 13500 | J14: 13000 | K14: =AVERAGE(D14:J14) -> 13142.857
B15: - Gula Jawa/Merah (Bahan Kelapa) | C15: Kg | D15: 15000 | E15: 16000 | F15: 16000 | G15: 19000 | H15: 15000 | I15: 16000 | J15: 16000 | K15: =AVERAGE(D15:J15) -> 16142.857
B16: MINYAK GORENG
B17: - Minyak Goreng Curah (Bening) | C17: Kg | D17: 16000 | E17: 16000 | F17: 17000 | G17: 16000 | H17: 15000 | I17: 16500 | J17: 16000 | K17: =AVERAGE(D17:J17) -> 16071.429
A18: 4 | B18: MENTEGA
B19: - Mentega Curah (Amanda) | C19: Kg | D19: - | E19: - | F19: - | G19: 14000 | H19: - | I19: 24000 | J19: - | K19: =AVERAGE(D19:J19) -> 19000
A20: 5 | B20: DAGING
B21: - Daging Sapi Grade Atas | C21: Kg | D21: 120000 | E21: 120000 | F21: 120000 | G21: 120000 | H21: 117000 | I21: 120000 | J21: 110000 | K21: =AVERAGE(D21:J21) -> 118142.86
B22: - Daging Sapi Grade Sedang | C22: Kg | D22: 110000 | E22: 110000 | F22: 115000 | G22: 110000 | H22: 114000 | I22: 110000 | J22: 100000 | K22: =AVERAGE(D22:J22) -> 109857.14
B23: - Daging Sapi Grade Bawah | C23: Kg | D23: 100000 | E23: 95000 | F23: 105000 | G23: 100000 | H23: 100000 | I23: 100000 | J23: - | K23: =AVERAGE(D23:J23) -> 100000
B24: - Daging Ayam Broiler | C24: Kg | D24: 30000 | E24: 29000 | F24: 32000 | G24: 30000 | H24: 32000 | I24: 30000 | J24: 32000 | K24: =AVERAGE(D24:J24) -> 30714.286
A25: 6 | B25: I K A N
B26: - Ikan Tongkol Segar (Uk. Sedang) | C26: Kg | D26: 48000 | E26: 44000 | F26: 35000 | G26: 40000 | H26: 30000 | I26: 40000 | J26: 35000 | K26: =AVERAGE(D26:J26) -> 38857.143
B27: - Ikan Mujair Segar (Uk. Sedang) | C27: Kg | D27: - | E27: 30000 | F27: 28000 | G27: 30000 | H27: 23000 | I27: 30000 | J27: 28000 | K27: =AVERAGE(D27:J27) -> 28166.667
B28: - Udang Segar (Uk. Sedang) | C28: Kg | D28: - | E28: 60000 | F28: 60000 | G28: 85000 | H28: 58000 | I28: 70000 | J28: 55000 | K28: =AVERAGE(D28:J28) -> 64666.667
B29: - Ikan Lele Segar (Ukuran Sedang) | C29: Kg | D29: - | E29: - | F29: - | G29: 25000 | H29: 23000 | I29: 24000 | J29: 26000 | K29: =AVERAGE(D29:J29) -> 24500
B30: - Ikan Bandeng Segar (Uk. Sedang) | C30: Kg | D30: 40000 | E30: 38000 | F30: 40000 | G30: 40000 | H30: 28000 | I30: 40000 | J30: 30000 | K30: =AVERAGE(D30:J30) -> 36571.429
B31: - Ikan Teri Asin (Bukan Teri Medan) | C31: Kg | D31: 80000 | E31: 100000 | F31: 80000 | G31: 60000 | H31: 80000 | I31: - | J31: - | K31: =AVERAGE(D31:J31) -> 80000
A32: 7 | B32: TELUR
B33: - Telur Ayam Broiler | C33: Kg | D33: 26000 | E33: 27000 | F33: 26000 | G33: 26000 | H33: 26000 | I33: 26000 | J33: 27000 | K33: =AVERAGE(D33:J33) -> 26285.714
B34: - Telur Ayam Kampung | C34: Butir | D34: 2500 | E34: 2000 | F34: 2000 | G34: 2400 | H34: 2000 | I34: 2500 | J34: 3000 | K34: =AVERAGE(D34:J34) -> 2342.8571
A35: 8 | B35: S U S U
B36: - Susu Kental Manis "INDOMILK" Putih | C36: 390 Gr/kaleng | D36: 12500 | E36: 12000 | F36: 10000 | G36: 12500 | H36: - | I36: 12000 | J36: 10000 | K36: =AVERAGE(D36:J36) -> 11500
B37: - Susu Bubuk "DANCOW" Full Cream | C37: 400 Gr/Dos | D37: - | E37: 37900 | F37: - | G37: 42500 | H37: - | I37: - | J37: - | K37: =AVERAGE(D37:J37) -> 40200
A38: 9 | B38: SABUN CUCI
B39: - Sabun Detergen Rinso (Anti Noda) | C39: 900 Gram | D39: 22000 | E39: - | F39: - | G39: 20500 | H39: 17500 | I39: 21000 | J39: 17500 | K39: =AVERAGE(D39:J39) -> 19700
B40: - Sabun Colek "Wing's Biru" | C40: 350 Gram | D40: 2000 | E40: - | F40: - | G40: 2000 | H40: 2000 | I40: 2000 | J40: 2000 | K40: =AVERAGE(D40:J40) -> 2000
A41: 10 | B41: JAGUNG
B42: - Jagung Pipilan Kering (Jenis Kecil) | C42: Kg | D42: 11000 | E42: 8000 | F42: 9000 | G42: 11000 | H42: 9000 | I42: 10000 | J42: 8000 | K42: =AVERAGE(D42:J42) -> 9428.5714
B43: - Jagung Pipilan Kering (Jenis Besar) | C43: Kg | D43: 9000 | E43: 10000 | F43: - | G43: 12000 | H43: 6000 | I43: - | J43: 6000 | K43: =AVERAGE(D43:J43) -> 8600
A44: 11 | B44: GARAM BERYODIUM
B45: - Garam Halus (Cap Kapal) | C45: 250 Gr/Bngks | D45: 3000 | E45: 8000 | F45: 2000 | G45: 4000 | H45: 2500 | I45: 4000 | J45: - | K45: =AVERAGE(D45:J45) -> 3916.6667
A46: 12 | B46: TEPUNG TERIGU
B47: - Tepung Terigu "Segitiga Biru" Curah | C47: Kg | D47: 10000 | E47: 10500 | F47: 12500 | G47: 12000 | H47: 11500 | I47: 11500 | J47: 7000 | K47: =AVERAGE(D47:J47) -> 10714.286
A48: 13 | B48: KACANG-KACANGAN
B49: - Kacang Kedelai (Kualitas Import) | C49: Kg | D49: 15000 | E49: 16000 | F49: 17000 | G49: 18000 | H49: 11500 | I49: 17000 | J49: - | K49: =AVERAGE(D49:J49) -> 15750
B50: - Kacang Kedelai (Kualitas Lokal) | C50: Kg | D50: 12000 | E50: 14000 | F50: - | G50: - | H50: - | I50: - | J50: 13500 | K50: =AVERAGE(D50:J50) -> 13166.667
B51: - Kacang Hijau | C51: Kg | D51: 23000 | E51: 23000 | F51: 26000 | G51: 26000 | H51: 22000 | I51: 26000 | J51: 25000 | K51: =AVERAGE(D51:J51) -> 24428.571
B52: - Kacang Tanah (Jenis Besar) | C52: Kg | D52: 26000 | E52: 30000 | F52: 28000 | G52: 30000 | H52: 26000 | I52: 29000 | J52: 28000 | K52: =AVERAGE(D52:J52) -> 28142.857
A53: 14 | B53: MIE INSTAN
B54: - Indomie Goreng | C54: 86 Gr/Bngks | D54: 3000 | E54: 3200 | F54: 3000 | G54: 3200 | H54: - | I54: 3500 | J54: 2500 | K54: =AVERAGE(D54:J54) -> 3066.6667
A55: 15 | B55: C A B E
B56: - Cabe Merah Besar | C56: Kg | D56: 30000 | E56: 40000 | F56: 30000 | G56: 30000 | H56: 25000 | I56: 35000 | J56: 30000 | K56: =AVERAGE(D56:J56) -> 31428.571
B57: - Cabe Merah Kriting | C57: Kg | D57: 40000 | E57: 40000 | F57: 40000 | G57: 40000 | H57: - | I57: - | J57: - | K57: =AVERAGE(D57:J57) -> 40000
B58: - Cabe Merah Kecil-Rawit | C58: Kg | D58: 60000 | E58: 55000 | F58: 55000 | G58: 55000 | H58: 53000 | I58: 55000 | J58: 60000 | K58: =AVERAGE(D58:J58) -> 56142.857
A59: 16 | B59: BAHAN BAKAR GAS LPG
B60: - Gas LPG Tabung (3 Kg.) | C60: Per Tabung | D60: 19000 | E60: 18000 | F60: 18000 | G60: 18000 | H60: - | I60: 18000 | J60: 18000 | K60: =AVERAGE(D60:J60) -> 18166.667
A61: 17 | B61: BAWANG
B62: - Bawang Putih (Jenis Kating) | C62: Kg | D62: 30000 | E62: 28000 | F62: 30000 | G62: 30000 | H62: 27000 | I62: 35000 | J62: 35000 | K62: =AVERAGE(D62:J62) -> 30714.286
B63: - Bawang Putih (Jenis Sinco) | C63: Kg | D63: 28000 | E63: 26000 | F63: 28000 | G63: 25000 | H63: 24000 | I63: 27000 | J63: 25000 | K63: =AVERAGE(D63:J63) -> 26142.857
B64: - Bawang Merah (Kualitas Lokal) | C64: Kg | D64: 35000 | E64: 38000 | F64: 42000 | G64: 35000 | H64: 30000 | I64: 42000 | J64: 40000 | K64: =AVERAGE(D64:J64) -> 37428.571
B65: - Bawang Bombay | C65: Kg | D65: 15000 | E65: 22000 | F65: 20000 | G65: 25000 | H65: 20000 | I65: 23000 | J65: 22000 | K65: =AVERAGE(D65:J65) -> 21000
A66: 18 | B66: UBI-UBIAN
B67: - Ketela Pohon | C67: Kg | D67: 6000 | E67: 7000 | F67: 5000 | G67: 6000 | H67: 4000 | I67: 6000 | J67: 5000 | K67: =AVERAGE(D67:J67) -> 5571.4286
B68: - Ubi Jalar | C68: Kg | D68: - | E68: - | F68: 5000 | G68: 6000 | H68: 5000 | I68: 6000 | J68: 6000 | K68: =AVERAGE(D68:J68) -> 5600
A69: 19 | B69: SAYUR-SAYURAN
B70: - Kubis | C70: Kg | D70: 7000 | E70: 9000 | F70: 9000 | G70: 8000 | H70: 9000 | I70: 10000 | J70: 9000 | K70: =AVERAGE(D70:J70) -> 8714.2857
B71: - Buncis | C71: Kg | D71: 12000 | E71: 12000 | F71: 12000 | G71: 12000 | H71: 10000 | I71: 12000 | J71: 15000 | K71: =AVERAGE(D71:J71) -> 12142.857
B72: - Kentang | C72: Kg | D72: 15000 | E72: 17000 | F72: 18000 | G72: 15000 | H72: 15000 | I72: 16000 | J72: 15000 | K72: =AVERAGE(D72:J72) -> 15857.143
B73: - Tomat | C73: Kg | D73: 15000 | E73: 12000 | F73: 17000 | G73: 20000 | H73: 5000 | I73: 8000 | J73: 6000 | K73: =AVERAGE(D73:J73) -> 11857.143
B74: - Wortel (Kualitas Lokal) | C74: Kg | D74: 8000 | E74: 11000 | F74: 12000 | G74: 13000 | H74: 10000 | I74: 12000 | J74: 8000 | K74: =AVERAGE(D74:J74) -> 10571.429
B75: - Terong Ungu (Jenis Sayur) | C75: Kg | D75: - | E75: 8000 | F75: - | G75: 10000 | H75: 9000 | I75: 10000 | J75: 7000 | K75: =AVERAGE(D75:J75) -> 8800
B76: - Bayam (Jenis Sayur) | C76: Ikat Kecil | D76: - | E76: - | F76: 2000 | G76: 2000 | H76: 1500 | I76: 2000 | J76: 1500 | K76: =AVERAGE(D76:J76) -> 1800
B77: - Kangkung (Jenis Panjang) | C77: Ikat Kecil | D77: - | E77: - | F77: 1500 | G77: 2000 | H77: 1500 | I77: 1500 | J77: 1000 | K77: =AVERAGE(D77:J77) -> 1500
B78: - Sawi (Jenis Hijau) | C78: Ikat Kecil | D78: - | E78: - | F78: 2000 | G78: 2000 | H78: 2000 | I78: 2000 | J78: 1500 | K78: =AVERAGE(D78:J78) -> 1900
A79: 20 | B79: AIR MINERAL
B80: - Air Mineral (Aqua Galon) | C80: 19 Ltr/Galon | D80: 18000 | E80: - | F80: - | G80: 17000 | H80: - | I80: 19000 | J80: 18000 | K80: =AVERAGE(D80:J80) -> 18000

Sheet 8
A1: HARGA BAHAN-BAHAN POKOK
A2: DI PASAR TRADISIONAL KOTA SURABAYA
A3: HARI / TANGGAL : Rabu / 08 Februari 2023
B4: NAMA BAHAN POKOK DAN PENTING LAINNYA | C4: SATUAN | D4: Pasar Tambahrejo | E4: Pasar Pucang Anom | F4: Pasar Wonokromo | G4: Pasar Genteng Baru | H4: Pasar Pabean | I4: Pasar Kembang | J4: Pasar Balongsari | K4: Rata-Rata
A7: 1 | B7: BERAS
B8: - Beras IR.64 Kwalitas I | C8: Kg | D8: 12800 | E8: 12500 | F8: 13000 | G8: 13000 | H8: 13000 | I8: 13500 | J8: 12500 | K8: =AVERAGE(D8:J8) -> 12900
B9: - Beras IR.64 Kwalitas II | C9: Kg | D9: 12000 | E9: 11500 | F9: 13000 | G9: 12000 | H9: 12000 | I9: 12000 | J9: 11000 | K9: =AVERAGE(D9:J9) -> 11928.571
B10: - Beras IR.64 Kwalitas III | C10: Kg | D10: 0 | E10: 0 | F10: 12000 | G10: 9450 | H10: 11000 | I10: 10500 | J10: - | K10: =AVERAGE(D10:J10) -> 7158.3333
B11: - Beras Jagung | C11: Kg | D11: - | E11: - | F11: - | G11: 11000 | H11: - | I11: 11000 | J11: 8000 | K11: =AVERAGE(D11:J11) -> 10000
B12: - Beras Ketan (Jenis Siyem) | C12: Kg | D12: - | E12: 23000 | F12: - | G12: 18000 | H12: - | I12: 20000 | J12: 18000 | K12: =AVERAGE(D12:J12) -> 19750
A13: 2 | B13: GULA
B14: Gula Pasir Lokal Curah | C14: Kg | D14: 13000 | E14: 13000 | F14: 13500 | G14: 13000 | H14: 13000 | I14: 13500 | J14: 13000 | K14: =AVERAGE(D14:J14) -> 13142.857
B15: - Gula Jawa/Merah (Bahan Kelapa) | C15: Kg | D15: 15000 | E15: 16000 | F15: 16000 | G15: 19000 | H15: 15000 | I15: 16000 | J15: 16000 | K15: =AVERAGE(D15:J15) -> 16142.857
B16: MINYAK GORENG
B17: - Minyak Goreng Curah (Bening) | C17: Kg | D17: 16000 | E17: 16000 | F17: 17000 | G17: 16000 | H17: 15000 | I17: 16000 | J17: 16000 | K17: =AVERAGE(D17:J17) -> 16000
A18: 4 | B18: MENTEGA
B19: - Mentega Curah (Amanda) | C19: Kg | D19: - | E19: - | F19: - | G19: 14000 | H19: - | I19: 24000 | J19: - | K19: =AVERAGE(D19:J19) -> 19000
A20: 5 | B20: DAGING
B21: - Daging Sapi Grade Atas | C21: Kg | D21: 120000 | E21: 120000 | F21: 120000 | G21: 120000 | H21: 117000 | I21: 120000 | J21: 110000 | K21: =AVERAGE(D21:J21) -> 118142.86
B22: - Daging Sapi Grade Sedang | C22: Kg | D22: 110000 | E22: 110000 | F22: 115000 | G22: 110000 | H22: 114000 | I22: 110000 | J22: 100000 | K22: =AVERAGE(D22:J22) -> 109857.14
B23: - Daging Sapi Grade Bawah | C23: Kg | D23: 100000 | E23: 95000 | F23: 105000 | G23: 100000 | H23: 100000 | I23: 100000 | J23: - | K23: =AVERAGE(D23:J23) -> 100000
B24: - Daging Ayam Broiler | C24: Kg | D24: 30000 | E24: 30000 | F24: 32000 | G24: 30000 | H24: 32000 | I24: 30000 | J24: 32000 | K24: =AVERAGE(D24:J24) -> 30857.143
A25: 6 | B25: I K A N
B26: - Ikan Tongkol Segar (Uk. Sedang) | C26: Kg | D26: 48000 | E26: 44000 | F26: 40000 | G26: 40000 | H26: 30000 | I26: 40000 | J26: 35000 | K26: =AVERAGE(D26:J26) -> 39571.429
B27: - Ikan Mujair Segar (Uk. Sedang) | C27: Kg | D27: - | E27: 30000 | F27: 28000 | G27: 30000 | H27: 23000 | I27: 30000 | J27: 28000 | K27: =AVERAGE(D27:J27) -> 28166.667
B28: - Udang Segar (Uk. Sedang) | C28: Kg | D28: - | E28: 70000 | F28: 60000 | G28: 85000 | H28: 58000 | I28: 70000 | J28: 55000 | K28: =AVERAGE(D28:J28) -> 66333.333
B29: - Ikan Lele Segar (Ukuran Sedang) | C29: Kg | D29: - | E29: - | F29: - | G29: 25000 | H29: 23000 | I29: 24000 | J29: 26000 | K29: =AVERAGE(D29:J29) -> 24500
B30: - Ikan Bandeng Segar (Uk. Sedang) | C30: Kg | D30: 40000 | E30: 38000 | F30: 40000 | G30: 40000 | H30: 28000 | I30: 40000 | J30: 30000 | K30: =AVERAGE(D30:J30) -> 36571.429
B31: - Ikan Teri Asin (Bukan Teri Medan) | C31: Kg | D31: 80000 | E31: 100000 | F31: 80000 | G31: 60000 | H31: 80000 | I31: - | J31: - | K31: =AVERAGE(D31:J31) -> 80000
A32: 7 | B32: TELUR
B33: - Telur Ayam Broiler | C33: Kg | D33: 26000 | E33: 27000 | F33: 26000 | G33: 27000 | H33: 26000 | I33: 27000 | J33: 27000 | K33: =AVERAGE(D33:J33) -> 26571.429
B34: - Telur Ayam Kampung | C34: Butir | D34: 2500 | E34: 2000 | F34: 2000 | G34: 2500 | H34: 2000 | I34: 2500 | J34: 3000 | K34: =AVERAGE(D34:J34) -> 2357.1429
A35: 8 | B35: S U S U
B36: - Susu Kental Manis "INDOMILK" Putih | C36: 390 Gr/kaleng | D36: 12500 | E36: 12000 | F36: 10000 | G36: 12500 | H36: - | I36: 12000 | J36: 10000 | K36: =AVERAGE(D36:J36) -> 11500
B37: - Susu Bubuk "DANCOW" Full Cream | C37: 400 Gr/Dos | D37: - | E37: 37900 | F37: - | G37: 42500 | H37: - | I37: - | J37: - | K37: =AVERAGE(D37:J37) -> 40200
A38: 9 | B38: SABUN CUCI
B39: - Sabun Detergen Rinso (Anti Noda) | C39: 900 Gram | D39: 22000 | E39: - | F39: - | G39: 20500 | H39: 17500 | I39: 21000 | J39: 17500 | K39: =AVERAGE(D39:J39) -> 19700
B40: - Sabun Colek "Wing's Biru" | C40: 350 Gram | D40: 2000 | E40: - | F40: - | G40: 2000 | H40: 2000 | I40: 2000 | J40: 2000 | K40: =AVERAGE(D40:J40) -> 2000
A41: 10 | B41: JAGUNG
B42: - Jagung Pipilan Kering (Jenis Kecil) | C42: Kg | D42: 11000 | E42: 8000 | F42: 9000 | G42: 11000 | H42: 9000 | I42: 10000 | J42: 8000 | K42: =AVERAGE(D42:J42) -> 9428.5714
B43: - Jagung Pipilan Kering (Jenis Besar) | C43: Kg | D43: 9000 | E43: 10000 | F43: - | G43: 12000 | H43: 6000 | I43: - | J43: 6000 | K43: =AVERAGE(D43:J43) -> 8600
A44: 11 | B44: GARAM BERYODIUM
B45: - Garam Halus (Cap Kapal) | C45: 250 Gr/Bngks | D45: 3000 | E45: 8000 | F45: 2000 | G45: 4000 | H45: 2500 | I45: 4000 | J45: - | K45: =AVERAGE(D45:J45) -> 3916.6667
A46: 12 | B46: TEPUNG TERIGU
B47: - Tepung Terigu "Segitiga Biru" Curah | C47: Kg | D47: 10000 | E47: 10500 | F47: 12500 | G47: 12000 | H47: 11500 | I47: 11500 | J47: 7000 | K47: =AVERAGE(D47:J47) -> 10714.286
A48: 13 | B48: KACANG-KACANGAN
B49: - Kacang Kedelai (Kualitas Import) | C49: Kg | D49: 15000 | E49: 16000 | F49: 17000 | G49: 18000 | H49: 14000 | I49: 17000 | J49: - | K49: =AVERAGE(D49:J49) -> 16166.667
B50: - Kacang Kedelai (Kualitas Lokal) | C50: Kg | D50: 12000 | E50: 14000 | F50: - | G50: - | H50: - | I50: - | J50: 13500 | K50: =AVERAGE(D50:J50) -> 13166.667
B51: - Kacang Hijau | C51: Kg | D51: 23000 | E51: 23000 | F51: 26000 | G51: 26000 | H51: 22000 | I51: 26000 | J51: 25000 | K51: =AVERAGE(D51:J51) -> 24428.571
B52: - Kacang Tanah (Jenis Besar) | C52: Kg | D52: 26000 | E52: 30000 | F52: 28000 | G52: 30000 | H52: 26000 | I52: 29000 | J52: 28000 | K52: =AVERAGE(D52:J52) -> 28142.857
A53: 14 | B53: MIE INSTAN
B54: - Indomie Goreng | C54: 86 Gr/Bngks | D54: 3000 | E54: 3200 | F54: 3000 | G54: 3200 | H54: - | I54: 3500 | J54: 2500 | K54: =AVERAGE(D54:J54) -> 3066.6667
A55: 15 | B55: C A B E
B56: - Cabe Merah Besar | C56: Kg | D56: 30000 | E56: 40000 | F56: 30000 | G56: 30000 | H56: 30000 | I56: 35000 | J56: 30000 | K56: =AVERAGE(D56:J56) -> 32142.857
B57: - Cabe Merah Kriting | C57: Kg | D57: 40000 | E57: 40000 | F57: 45000 | G57: 40000 | H57: - | I57: - | J57: - | K57: =AVERAGE(D57:J57) -> 41250
B58: - Cabe Merah Kecil-Rawit | C58: Kg | D58: 60000 | E58: 55000 | F58: 60000 | G58: 55000 | H58: 55000 | I58: 55000 | J58: 60000 | K58: =AVERAGE(D58:J58) -> 57142.857
A59: 16 | B59: BAHAN BAKAR GAS LPG
B60: - Gas LPG Tabung (3 Kg.) | C60: Per Tabung | D60: 19000 | E60: 18000 | F60: 18000 | G60: 18000 | H60: - | I60: 18000 | J60: 18000 | K60: =AVERAGE(D60:J60) -> 18166.667
A61: 17 | B61: BAWANG
B62: - Bawang Putih (Jenis Kating) | C62: Kg | D62: 30000 | E62: 28000 | F62: 30000 | G62: 30000 | H62: 26000 | I62: 35000 | J62: 35000 | K62: =AVERAGE(D62:J62) -> 30571.429
B63: - Bawang Putih (Jenis Sinco) | C63: Kg | D63: 28000 | E63: 26000 | F63: 28000 | G63: 25000 | H63: 23000 | I63: 27000 | J63: 25000 | K63: =AVERAGE(D63:J63) -> 26000
B64: - Bawang Merah (Kualitas Lokal) | C64: Kg | D64: 35000 | E64: 36000 | F64: 40000 | G64: 35000 | H64: 30000 | I64: 42000 | J64: 40000 | K64: =AVERAGE(D64:J64) -> 36857.143
B65: - Bawang Bombay | C65: Kg | D65: 15000 | E65: 22000 | F65: 20000 | G65: 25000 | H65: 20000 | I65: 23000 | J65: 22000 | K65: =AVERAGE(D65:J65) -> 21000
A66: 18 | B66: UBI-UBIAN
B67: - Ketela Pohon | C67: Kg | D67: 6000 | E67: 7000 | F67: 5000 | G67: 6000 | H67: 4000 | I67: 6000 | J67: 5000 | K67: =AVERAGE(D67:J67) -> 5571.4286
B68: - Ubi Jalar | C68: Kg | D68: - | E68: - | F68: 5000 | G68: 6000 | H68: 5000 | I68: 6000 | J68: 6000 | K68: =AVERAGE(D68:J68) -> 5600
A69: 19 | B69: SAYUR-SAYURAN
B70: - Kubis | C70: Kg | D70: 7000 | E70: 9000 | F70: 9000 | G70: 8000 | H70: 9000 | I70: 10000 | J70: 9000 | K70: =AVERAGE(D70:J70) -> 8714.2857
B71: - Buncis | C71: Kg | D71: 12000 | E71: 12000 | F71: 12000 | G71: 12000 | H71: 10000 | I71: 12000 | J71: 15000 | K71: =AVERAGE(D71:J71) -> 12142.857
B72: - Kentang | C72: Kg | D72: 15000 | E72: 17000 | F72: 18000 | G72: 15000 | H72: 15000 | I72: 16000 | J72: 15000 | K72: =AVERAGE(D72:J72) -> 15857.143
B73: - Tomat | C73: Kg | D73: 15000 | E73: 12000 | F73: 17000 | G73: 20000 | H73: 4000 | I73: 8000 | J73: 6000 | K73: =AVERAGE(D73:J73) -> 11714.286
B74: - Wortel (Kualitas Lokal) | C74: Kg | D74: 8000 | E74: 11000 | F74: 12000 | G74: 13000 | H74: 10000 | I74: 12000 | J74: 8000 | K74: =AVERAGE(D74:J74) -> 10571.429
B75: - Terong Ungu (Jenis Sayur) | C75: Kg | D75: - | E75: 8000 | F75: - | G75: 10000 | H75: 9000 | I75: 10000 | J75: 7000 | K75: =AVERAGE(D75:J75) -> 8800
B76: - Bayam (Jenis Sayur) | C76: Ikat Kecil | D76: - | E76: - | F76: 2000 | G76: 2000 | H76: 1500 | I76: 2000 | J76: 1500 | K76: =AVERAGE(D76:J76) -> 1800
B77: - Kangkung (Jenis Panjang) | C77: Ikat Kecil | D77: - | E77: - | F77: 1500 | G77: 2000 | H77: 1500 | I77: 1500 | J77: 1000 | K77: =AVERAGE(D77:J77) -> 1500
B78: - Sawi (Jenis Hijau) | C78: Ikat Kecil | D78: - | E78: - | F78: 2000 | G78: 2000 | H78: 2000 | I78: 2000 | J78: 1500 | K78: =AVERAGE(D78:J78) -> 1900
A79: 20 | B79: AIR MINERAL
B80: - Air Mineral (Aqua Galon) | C80: 19 Ltr/Galon | D80: 18000 | E80: - | F80: - | G80: 17000 | H80: - | I80: 19000 | J80: 18000 | K80: =AVERAGE(D80:J80) -> 18000

Sheet 9
A1: HARGA BAHAN-BAHAN POKOK
A2: DI PASAR TRADISIONAL KOTA SURABAYA
A3: HARI / TANGGAL : Kamis / 09 Februari 2023
B4: NAMA BAHAN POKOK DAN PENTING LAINNYA | C4: SATUAN | D4: Pasar Tambahrejo | E4: Pasar Pucang Anom | F4: Pasar Wonokromo | G4: Pasar Genteng Baru | H4: Pasar Pabean | I4: Pasar Kembang | J4: Pasar Balongsari | K4: Rata-Rata
A7: 1 | B7: BERAS
B8: - Beras IR.64 Kwalitas I | C8: Kg | D8: 12800 | E8: 12500 | F8: 13000 | G8: 13000 | H8: 13000 | I8: 13500 | J8: 12500 | K8: =AVERAGE(D8:J8) -> 12900
B9: - Beras IR.64 Kwalitas II | C9: Kg | D9: 12000 | E9: 11500 | F9: 13000 | G9: 12000 | H9: 12000 | I9: 12000 | J9: 11000 | K9: =AVERAGE(D9:J9) -> 11928.571
B10: - Beras IR.64 Kwalitas III | C10: Kg | D10: 0 | E10: 0 | F10: 12000 | G10: 9450 | H10: 11000 | I10: 10500 | J10: - | K10: =AVERAGE(D10:J10) -> 7158.3333
B11: - Beras Jagung | C11: Kg | D11: - | E11: - | F11: - | G11: 11000 | H11: - | I11: 11000 | J11: 8000 | K11: =AVERAGE(D11:J11) -> 10000
B12: - Beras Ketan (Jenis Siyem) | C12: Kg | D12: - | E12: 23000 | F12: - | G12: 18000 | H12: - | I12: 20000 | J12: 18000 | K12: =AVERAGE(D12:J12) -> 19750
A13: 2 | B13: GULA
B14: Gula Pasir Lokal Curah | C14: Kg | D14: 13000 | E14: 13000 | F14: 13500 | G14: 13000 | H14: 13000 | I14: 13500 | J14: 13000 | K14: =AVERAGE(D14:J14) -> 13142.857
B15: - Gula Jawa/Merah (Bahan Kelapa) | C15: Kg | D15: 15000 | E15: 16000 | F15: 16000 | G15: 19000 | H15: 15000 | I15: 16000 | J15: 16000 | K15: =AVERAGE(D15:J15) -> 16142.857
B16: MINYAK GORENG
B17: - Minyak Goreng Curah (Bening) | C17: Kg | D17: 16000 | E17: 16000 | F17: 17000 | G17: 16000 | H17: 15000 | I17: 16000 | J17: 16000 | K17: =AVERAGE(D17:J17) -> 16000
A18: 4 | B18: MENTEGA
B19: - Mentega Curah (Amanda) | C19: Kg | D19: - | E19: - | F19: - | G19: 14000 | H19: - | I19: 24000 | J19: - | K19: =AVERAGE(D19:J19) -> 19000
A20: 5 | B20: DAGING
B21: - Daging Sapi Grade Atas | C21: Kg | D21: 120000 | E21: 120000 | F21: 120000 | G21: 120000 | H21: 117000 | I21: 120000 | J21: 110000 | K21: =AVERAGE(D21:J21) -> 118142.86
B22: - Daging Sapi Grade Sedang | C22: Kg | D22: 110000 | E22: 110000 | F22: 115000 | G22: 110000 | H22: 114000 | I22: 110000 | J22: 100000 | K22: =AVERAGE(D22:J22) -> 109857.14
B23: - Daging Sapi Grade Bawah | C23: Kg | D23: 100000 | E23: 95000 | F23: 105000 | G23: 100000 | H23: 100000 | I23: 100000 | J23: - | K23: =AVERAGE(D23:J23) -> 100000
B24: - Daging Ayam Broiler | C24: Kg | D24: 32000 | E24: 30000 | F24: 32000 | G24: 30000 | H24: 32000 | I24: 30000 | J24: 32000 | K24: =AVERAGE(D24:J24) -> 31142.857
A25: 6 | B25: I K A N
B26: - Ikan Tongkol Segar (Uk. Sedang) | C26: Kg | D26: 48000 | E26: 44000 | F26: 38000 | G26: 40000 | H26: 30000 | I26: 40000 | J26: 35000 | K26: =AVERAGE(D26:J26) -> 39285.714
B27: - Ikan Mujair Segar (Uk. Sedang) | C27: Kg | D27: - | E27: 30000 | F27: 28000 | G27: 30000 | H27: 23000 | I27: 30000 | J27: 28000 | K27: =AVERAGE(D27:J27) -> 28166.667
B28: - Udang Segar (Uk. Sedang) | C28: Kg | D28: - | E28: 70000 | F28: 60000 | G28: 85000 | H28: 58000 | I28: 70000 | J28: 55000 | K28: =AVERAGE(D28:J28) -> 66333.333
B29: - Ikan Lele Segar (Ukuran Sedang) | C29: Kg | D29: - | E29: - | F29: - | G29: 25000 | H29: 23000 | I29: 24000 | J29: 26000 | K29: =AVERAGE(D29:J29) -> 24500
B30: - Ikan Bandeng Segar (Uk. Sedang) | C30: Kg | D30: 40000 | E30: 38000 | F30: 40000 | G30: 40000 | H30: 28000 | I30: 40000 | J30: 30000 | K30: =AVERAGE(D30:J30) -> 36571.429
B31: - Ikan Teri Asin (Bukan Teri Medan) | C31: Kg | D31: 80000 | E31: 100000 | F31: 80000 | G31: 60000 | H31: 80000 | I31: - | J31: - | K31: =AVERAGE(D31:J31) -> 80000
A32: 7 | B32: TELUR
B33: - Telur Ayam Broiler | C33: Kg | D33: 26000 | E33: 27000 | F33: 26000 | G33: 27000 | H33: 26000 | I33: 27000 | J33: 27000 | K33: =AVERAGE(D33:J33) -> 26571.429
B34: - Telur Ayam Kampung | C34: Butir | D34: 2500 | E34: 2000 | F34: 2000 | G34: 2500 | H34: 2000 | I34: 2500 | J34: 3000 | K34: =AVERAGE(D34:J34) -> 2357.1429
A35: 8 | B35: S U S U
B36: - Susu Kental Manis "INDOMILK" Putih | C36: 390 Gr/kaleng | D36: 12500 | E36: 12000 | F36: 10000 | G36: 12500 | H36: - | I36: 12000 | J36: 10000 | K36: =AVERAGE(D36:J36) -> 11500
B37: - Susu Bubuk "DANCOW" Full Cream | C37: 400 Gr/Dos | D37: - | E37: 37900 | F37: - | G37: 42500 | H37: - | I37: - | J37: - | K37: =AVERAGE(D37:J37) -> 40200
A38: 9 | B38: SABUN CUCI
B39: - Sabun Detergen Rinso (Anti Noda) | C39: 900 Gram | D39: 22000 | E39: - | F39: - | G39: 20500 | H39: 17500 | I39: 21000 | J39: 17500 | K39: =AVERAGE(D39:J39) -> 19700
B40: - Sabun Colek "Wing's Biru" | C40: 350 Gram | D40: 2000 | E40: - | F40: - | G40: 2000 | H40: 2000 | I40: 2000 | J40: 2000 | K40: =AVERAGE(D40:J40) -> 2000
A41: 10 | B41: JAGUNG
B42: - Jagung Pipilan Kering (Jenis Kecil) | C42: Kg | D42: 11000 | E42: 8000 | F42: 9000 | G42: 11000 | H42: 9000 | I42: 10000 | J42: 8000 | K42: =AVERAGE(D42:J42) -> 9428.5714
B43: - Jagung Pipilan Kering (Jenis Besar) | C43: Kg | D43: 9000 | E43: 10000 | F43: - | G43: 12000 | H43: 6000 | I43: - | J43: 6000 | K43: =AVERAGE(D43:J43) -> 8600
A44: 11 | B44: GARAM BERYODIUM
B45: - Garam Halus (Cap Kapal) | C45: 250 Gr/Bngks | D45: 3000 | E45: 8000 | F45: 2000 | G45: 4000 | H45: 2500 | I45: 4000 | J45: - | K45: =AVERAGE(D45:J45) -> 3916.6667
A46: 12 | B46: TEPUNG TERIGU
B47: - Tepung Terigu "Segitiga Biru" Curah | C47: Kg | D47: 10000 | E47: 10500 | F47: 12000 | G47: 12000 | H47: 11500 | I47: 11500 | J47: 7000 | K47: =AVERAGE(D47:J47) -> 10642.857
A48: 13 | B48: KACANG-KACANGAN
B49: - Kacang Kedelai (Kualitas Import) | C49: Kg | D49: 15000 | E49: 16000 | F49: 17000 | G49: 18000 | H49: 14000 | I49: 17000 | J49: - | K49: =AVERAGE(D49:J49) -> 16166.667
B50: - Kacang Kedelai (Kualitas Lokal) | C50: Kg | D50: 12000 | E50: 14000 | F50: - | G50: - | H50: - | I50: - | J50: 13500 | K50: =AVERAGE(D50:J50) -> 13166.667
B51: - Kacang Hijau | C51: Kg | D51: 23000 | E51: 23000 | F51: 26000 | G51: 26000 | H51: 22000 | I51: 26000 | J51: 25000 | K51: =AVERAGE(D51:J51) -> 24428.571
B52: - Kacang Tanah (Jenis Besar) | C52: Kg | D52: 26000 | E52: 30000 | F52: 28000 | G52: 30000 | H52: 26000 | I52: 29000 | J52: 28000 | K52: =AVERAGE(D52:J52) -> 28142.857
A53: 14 | B53: MIE INSTAN
B54: - Indomie Goreng | C54: 86 Gr/Bngks | D54: 3000 | E54: 3200 | F54: 3000 | G54: 3200 | H54: - | I54: 3500 | J54: 2500 | K54: =AVERAGE(D54:J54) -> 3066.6667
A55: 15 | B55: C A B E
B56: - Cabe Merah Besar | C56: Kg | D56: 30000 | E56: 40000 | F56: 30000 | G56: 35000 | H56: 28000 | I56: 35000 | J56: 30000 | K56: =AVERAGE(D56:J56) -> 32571.429
B57: - Cabe Merah Kriting | C57: Kg | D57: 40000 | E57: 40000 | F57: 40000 | G57: 40000 | H57: - | I57: - | J57: - | K57: =AVERAGE(D57:J57) -> 40000
B58: - Cabe Merah Kecil-Rawit | C58: Kg | D58: 60000 | E58: 55000 | F58: 55000 | G58: 60000 | H58: 50000 | I58: 55000 | J58: 60000 | K58: =AVERAGE(D58:J58) -> 56428.571
A59: 16 | B59: BAHAN BAKAR GAS LPG
B60: - Gas LPG Tabung (3 Kg.) | C60: Per Tabung | D60: 19000 | E60: 18000 | F60: 18000 | G60: 18000 | H60: - | I60: 18000 | J60: 18000 | K60: =AVERAGE(D60:J60) -> 18166.667
A61: 17 | B61: BAWANG
B62: - Bawang Putih (Jenis Kating) | C62: Kg | D62: 30000 | E62: 28000 | F62: 30000 | G62: 30000 | H62: 27000 | I62: 35000 | J62: 35000 | K62: =AVERAGE(D62:J62) -> 30714.286
B63: - Bawang Putih (Jenis Sinco) | C63: Kg | D63: 28000 | E63: 26000 | F63: 28000 | G63: 25000 | H63: 24000 | I63: 27000 | J63: 25000 | K63: =AVERAGE(D63:J63) -> 26142.857
B64: - Bawang Merah (Kualitas Lokal) | C64: Kg | D64: 35000 | E64: 36000 | F64: 38000 | G64: 35000 | H64: 30000 | I64: 42000 | J64: 40000 | K64: =AVERAGE(D64:J64) -> 36571.429
B65: - Bawang Bombay | C65: Kg | D65: 15000 | E65: 22000 | F65: 20000 | G65: 25000 | H65: 20000 | I65: 23000 | J65: 22000 | K65: =AVERAGE(D65:J65) -> 21000
A66: 18 | B66: UBI-UBIAN
B67: - Ketela Pohon | C67: Kg | D67: 6000 | E67: 7000 | F67: 5000 | G67: 6000 | H67: 4000 | I67: 6000 | J67: 5000 | K67: =AVERAGE(D67:J67) -> 5571.4286
B68: - Ubi Jalar | C68: Kg | D68: - | E68: - | F68: 5000 | G68: 6000 | H68: 5000 | I68: 6000 | J68: 6000 | K68: =AVERAGE(D68:J68) -> 5600
A69: 19 | B69: SAYUR-SAYURAN
B70: - Kubis | C70: Kg | D70: 7000 | E70: 9000 | F70: 9000 | G70: 8000 | H70: 9000 | I70: 10000 | J70: 9000 | K70: =AVERAGE(D70:J70) -> 8714.2857
B71: - Buncis | C71: Kg | D71: 12000 | E71: 12000 | F71: 13000 | G71: 12000 | H71: 10000 | I71: 12000 | J71: 15000 | K71: =AVERAGE(D71:J71) -> 12285.714
B72: - Kentang | C72: Kg | D72: 15000 | E72: 17000 | F72: 18000 | G72: 15000 | H72: 15000 | I72: 16000 | J72: 15000 | K72: =AVERAGE(D72:J72) -> 15857.143
B73: - Tomat | C73: Kg | D73: 15000 | E73: 12000 | F73: 16000 | G73: 20000 | H73: 4000 | I73: 8000 | J73: 6000 | K73: =AVERAGE(D73:J73) -> 11571.429
B74: - Wortel (Kualitas Lokal) | C74: Kg | D74: 8000 | E74: 11000 | F74: 12000 | G74: 13000 | H74: 10000 | I74: 12000 | J74: 8000 | K74: =AVERAGE(D74:J74) -> 10571.429
B75: - Terong Ungu (Jenis Sayur) | C75: Kg | D75: - | E75: 8000 | F75: - | G75: 10000 | H75: 9000 | I75: 10000 | J75: 7000 | K75: =AVERAGE(D75:J75) -> 8800
B76: - Bayam (Jenis Sayur) | C76: Ikat Kecil | D76: - | E76: - | F76: 2000 | G76: 2000 | H76: 1500 | I76: 2000 | J76: 1500 | K76: =AVERAGE(D76:J76) -> 1800
B77: - Kangkung (Jenis Panjang) | C77: Ikat Kecil | D77: - | E77: - | F77: 1500 | G77: 2000 | H77: 1500 | I77: 1500 | J77: 1000 | K77: =AVERAGE(D77:J77) -> 1500
B78: - Sawi (Jenis Hijau) | C78: Ikat Kecil | D78: - | E78: - | F78: 2000 | G78: 2000 | H78: 2000 | I78: 2000 | J78: 1500 | K78: =AVERAGE(D78:J78) -> 1900
A79: 20 | B79: AIR MINERAL
B80: - Air Mineral (Aqua Galon) | C80: 19 Ltr/Galon | D80: 18000 | E80: - | F80: - | G80: 17000 | H80: - | I80: 19000 | J80: 18000 | K80: =AVERAGE(D80:J80) -> 18000

Sheet 10
A1: HARGA BAHAN-BAHAN POKOK
A2: DI PASAR TRADISIONAL KOTA SURABAYA
A3: HARI / TANGGAL : Jumat / 10 Februari 2023
B4: NAMA BAHAN POKOK DAN PENTING LAINNYA | C4: SATUAN | D4: Pasar Tambahrejo | E4: Pasar Pucang Anom | F4: Pasar Wonokromo | G4: Pasar Genteng Baru | H4: Pasar Pabean | I4: Pasar Kembang | J4: Pasar Balongsari | K4: Rata-Rata
A7: 1 | B7: BERAS
B8: - Beras IR.64 Kwalitas I | C8: Kg | D8: 12800 | E8: 12500 | F8: 13000 | G8: 13000 | H8: 13000 | I8: 13500 | J8: 13000 | K8: =AVERAGE(D8:J8) -> 12971.429
B9: - Beras IR.64 Kwalitas II | C9: Kg | D9: 11000 | E9: 11500 | F9: 13000 | G9: 12000 | H9: 12000 | I9: 12500 | J9: 12000 | K9: =AVERAGE(D9:J9) -> 12000
B10: - Beras IR.64 Kwalitas III | C10: Kg | D10: 0 | E10: 0 | F10: 12000 | G10: 9800 | H10: 11000 | I10: 10500 | J10: 11000 | K10: =AVERAGE(D10:J10) -> 7757.1429
B11: - Beras Jagung | C11: Kg | D11: - | E11: - | F11: - | G11: 12000 | H11: - | I11: 11000 | J11: 8000 | K11: =AVERAGE(D11:J11) -> 10333.333
B12: - Beras Ketan (Jenis Siyem) | C12: Kg | D12: - | E12: 23000 | F12: - | G12: 18000 | H12: - | I12: 20000 | J12: 18000 | K12: =AVERAGE(D12:J12) -> 19750
A13: 2 | B13: GULA
B14: Gula Pasir Lokal Curah | C14: Kg | D14: 13000 | E14: 13000 | F14: 13000 | G14: 13000 | H14: 13000 | I14: 13500 | J14: 13000 | K14: =AVERAGE(D14:J14) -> 13071.429
B15: - Gula Jawa/Merah (Bahan Kelapa) | C15: Kg | D15: 15000 | E15: 16000 | F15: 16000 | G15: 19000 | H15: 15000 | I15: 16000 | J15: 16000 | K15: =AVERAGE(D15:J15) -> 16142.857
B16: MINYAK GORENG
B17: - Minyak Goreng Curah (Bening) | C17: Kg | D17: 16000 | E17: 16000 | F17: 17000 | G17: 16000 | H17: 15000 | I17: 16000 | J17: 16000 | K17: =AVERAGE(D17:J17) -> 16000
A18: 4 | B18: MENTEGA
B19: - Mentega Curah (Amanda) | C19: Kg | D19: - | E19: - | F19: - | G19: 14000 | H19: - | I19: 24000 | J19: - | K19: =AVERAGE(D19:J19) -> 19000
A20: 5 | B20: DAGING
B21: - Daging Sapi Grade Atas | C21: Kg | D21: 120000 | E21: 120000 | F21: 120000 | G21: 120000 | H21: 117000 | I21: 120000 | J21: 110000 | K21: =AVERAGE(D21:J21) -> 118142.86
B22: - Daging Sapi Grade Sedang | C22: Kg | D22: 110000 | E22: 110000 | F22: 115000 | G22: 110000 | H22: 114000 | I22: 110000 | J22: 100000 | K22: =AVERAGE(D22:J22) -> 109857.14
B23: - Daging Sapi Grade Bawah | C23: Kg | D23: 100000 | E23: 95000 | F23: 105000 | G23: 100000 | H23: 100000 | I23: 100000 | J23: - | K23: =AVERAGE(D23:J23) -> 100000
B24: - Daging Ayam Broiler | C24: Kg | D24: 32000 | E24: 30000 | F24: 32000 | G24: 30000 | H24: 32000 | I24: 30000 | J24: 32000 | K24: =AVERAGE(D24:J24) -> 31142.857
A25: 6 | B25: I K A N
B26: - Ikan Tongkol Segar (Uk. Sedang) | C26: Kg | D26: 48000 | E26: 44000 | F26: 35000 | G26: 40000 | H26: 30000 | I26: 40000 | J26: 35000 | K26: =AVERAGE(D26:J26) -> 38857.143
B27: - Ikan Mujair Segar (Uk. Sedang) | C27: Kg | D27: - | E27: 30000 | F27: 30000 | G27: 30000 | H27: 23000 | I27: 30000 | J27: 28000 | K27: =AVERAGE(D27:J27) -> 28500
B28: - Udang Segar (Uk. Sedang) | C28: Kg | D28: - | E28: 70000 | F28: 60000 | G28: 85000 | H28: 58000 | I28: 70000 | J28: 55000 | K28: =AVERAGE(D28:J28) -> 66333.333
B29: - Ikan Lele Segar (Ukuran Sedang) | C29: Kg | D29: - | E29: - | F29: - | G29: 25000 | H29: 23000 | I29: 24000 | J29: 26000 | K29: =AVERAGE(D29:J29) -> 24500
B30: - Ikan Bandeng Segar (Uk. Sedang) | C30: Kg | D30: 40000 | E30: 38000 | F30: 40000 | G30: 40000 | H30: 28000 | I30: 40000 | J30: 30000 | K30: =AVERAGE(D30:J30) -> 36571.429
B31: - Ikan Teri Asin (Bukan Teri Medan) | C31: Kg | D31: 80000 | E31: 100000 | F31: 80000 | G31: 60000 | H31: 80000 | I31: - | J31: - | K31: =AVERAGE(D31:J31) -> 80000
A32: 7 | B32: TELUR
B33: - Telur Ayam Broiler | C33: Kg | D33: 26000 | E33: 27000 | F33: 26000 | G33: 27500 | H33: 26000 | I33: 28000 | J33: 26500 | K33: =AVERAGE(D33:J33) -> 26714.286
B34: - Telur Ayam Kampung | C34: Butir | D34: 2500 | E34: 2000 | F34: 2000 | G34: 2500 | H34: 2000 | I34: 2500 | J34: 3000 | K34: =AVERAGE(D34:J34) -> 2357.1429
A35: 8 | B35: S U S U
B36: - Susu Kental Manis "INDOMILK" Putih | C36: 390 Gr/kaleng | D36: 12500 | E36: 12000 | F36: 10000 | G36: 12500 | H36: - | I36: 12000 | J36: 10000 | K36: =AVERAGE(D36:J36) -> 11500
B37: - Susu Bubuk "DANCOW" Full Cream | C37: 400 Gr/Dos | D37: - | E37: 37900 | F37: - | G37: 42500 | H37: - | I37: - | J37: - | K37: =AVERAGE(D37:J37) -> 40200
A38: 9 | B38: SABUN CUCI
B39: - Sabun Detergen Rinso (Anti Noda) | C39: 900 Gram | D39: 22000 | E39: - | F39: - | G39: 20500 | H39: 17500 | I39: 21000 | J39: 17500 | K39: =AVERAGE(D39:J39) -> 19700
B40: - Sabun Colek "Wing's Biru" | C40: 350 Gram | D40: 2000 | E40: - | F40: - | G40: 2000 | H40: 2000 | I40: 2000 | J40: 2000 | K40: =AVERAGE(D40:J40) -> 2000
A41: 10 | B41: JAGUNG
B42: - Jagung Pipilan Kering (Jenis Kecil) | C42: Kg | D42: 11000 | E42: 8000 | F42: 9000 | G42: 12000 | H42: 9000 | I42: 10000 | J42: 8000 | K42: =AVERAGE(D42:J42) -> 9571.4286
B43: - Jagung Pipilan Kering (Jenis Besar) | C43: Kg | D43: 9000 | E43: 10000 | F43: - | G43: 0 | H43: 6000 | I43: - | J43: 6000 | K43: =AVERAGE(D43:J43) -> 6200
A44: 11 | B44: GARAM BERYODIUM
B45: - Garam Halus (Cap Kapal) | C45: 250 Gr/Bngks | D45: 3000 | E45: 8000 | F45: 2000 | G45: 4000 | H45: 2500 | I45: 4000 | J45: - | K45: =AVERAGE(D45:J45) -> 3916.6667
A46: 12 | B46: TEPUNG TERIGU
B47: - Tepung Terigu "Segitiga Biru" Curah | C47: Kg | D47: 10000 | E47: 10500 | F47: 12000 | G47: 11000 | H47: 11500 | I47: 11500 | J47: 7000 | K47: =AVERAGE(D47:J47) -> 10500
A48: 13 | B48: KACANG-KACANGAN
B49: - Kacang Kedelai (Kualitas Import) | C49: Kg | D49: 15000 | E49: 16000 | F49: 17000 | G49: 18000 | H49: 14000 | I49: 17000 | J49: - | K49: =AVERAGE(D49:J49) -> 16166.667
B50: - Kacang Kedelai (Kualitas Lokal) | C50: Kg | D50: 12000 | E50: 14000 | F50: - | G50: - | H50: - | I50: - | J50: 13500 | K50: =AVERAGE(D50:J50) -> 13166.667
B51: - Kacang Hijau | C51: Kg | D51: 23000 | E51: 23000 | F51: 24000 | G51: 26000 | H51: 22000 | I51: 26000 | J51: 25000 | K51: =AVERAGE(D51:J51) -> 24142.857
B52: - Kacang Tanah (Jenis Besar) | C52: Kg | D52: 26000 | E52: 30000 | F52: 29000 | G52: 30000 | H52: 26000 | I52: 29000 | J52: 28000 | K52: =AVERAGE(D52:J52) -> 28285.714
A53: 14 | B53: MIE INSTAN
B54: - Indomie Goreng | C54: 86 Gr/Bngks | D54: 3000 | E54: 3200 | F54: 3000 | G54: 3000 | H54: - | I54: 3500 | J54: 2500 | K54: =AVERAGE(D54:J54) -> 3033.3333
A55: 15 | B55: C A B E
B56: - Cabe Merah Besar | C56: Kg | D56: 30000 | E56: 40000 | F56: 30000 | G56: 30000 | H56: 25000 | I56: 35000 | J56: 30000 | K56: =AVERAGE(D56:J56) -> 31428.571
B57: - Cabe Merah Kriting | C57: Kg | D57: 40000 | E57: 40000 | F57: 40000 | G57: 40000 | H57: - | I57: - | J57: - | K57: =AVERAGE(D57:J57) -> 40000
B58: - Cabe Merah Kecil-Rawit | C58: Kg | D58: 60000 | E58: 55000 | F58: 60000 | G58: 60000 | H58: 55000 | I58: 55000 | J58: 60000 | K58: =AVERAGE(D58:J58) -> 57857.143
A59: 16 | B59: BAHAN BAKAR GAS LPG
B60: - Gas LPG Tabung (3 Kg.) | C60: Per Tabung | D60: 19000 | E60: 18000 | F60: 18000 | G60: 18000 | H60: - | I60: 18000 | J60: 18000 | K60: =AVERAGE(D60:J60) -> 18166.667
A61: 17 | B61: BAWANG
B62: - Bawang Putih (Jenis Kating) | C62: Kg | D62: 30000 | E62: 28000 | F62: 30000 | G62: 30000 | H62: 26000 | I62: 35000 | J62: 35000 | K62: =AVERAGE(D62:J62) -> 30571.429
B63: - Bawang Putih (Jenis Sinco) | C63: Kg | D63: 28000 | E63: 26000 | F63: 28000 | G63: 25000 | H63: 23000 | I63: 27000 | J63: 25000 | K63: =AVERAGE(D63:J63) -> 26000
B64: - Bawang Merah (Kualitas Lokal) | C64: Kg | D64: 35000 | E64: 36000 | F64: 35000 | G64: 35000 | H64: 25000 | I64: 42000 | J64: 40000 | K64: =AVERAGE(D64:J64) -> 35428.571
B65: - Bawang Bombay | C65: Kg | D65: 15000 | E65: 22000 | F65: 20000 | G65: 25000 | H65: 20000 | I65: 23000 | J65: 22000 | K65: =AVERAGE(D65:J65) -> 21000
A66: 18 | B66: UBI-UBIAN
B67: - Ketela Pohon | C67: Kg | D67: 6000 | E67: 7000 | F67: 5000 | G67: 6000 | H67: 4000 | I67: 6000 | J67: 5000 | K67: =AVERAGE(D67:J67) -> 5571.4286
B68: - Ubi Jalar | C68: Kg | D68: - | E68: - | F68: 5000 | G68: 6000 | H68: 5000 | I68: 6000 | J68: 6000 | K68: =AVERAGE(D68:J68) -> 5600
A69: 19 | B69: SAYUR-SAYURAN
B70: - Kubis | C70: Kg | D70: 7000 | E70: 12000 | F70: 9000 | G70: 8000 | H70: 9000 | I70: 10000 | J70: 9000 | K70: =AVERAGE(D70:J70) -> 9142.8571
B71: - Buncis | C71: Kg | D71: 12000 | E71: 12000 | F71: 12000 | G71: 12000 | H71: 10000 | I71: 12000 | J71: 15000 | K71: =AVERAGE(D71:J71) -> 12142.857
B72: - Kentang | C72: Kg | D72: 15000 | E72: 17000 | F72: 18000 | G72: 15000 | H72: 15000 | I72: 16000 | J72: 15000 | K72: =AVERAGE(D72:J72) -> 15857.143
B73: - Tomat | C73: Kg | D73: 15000 | E73: 12000 | F73: 18000 | G73: 15000 | H73: 4000 | I73: 8000 | J73: 6000 | K73: =AVERAGE(D73:J73) -> 11142.857
B74: - Wortel (Kualitas Lokal) | C74: Kg | D74: 8000 | E74: 11000 | F74: 12000 | G74: 13000 | H74: 10000 | I74: 12000 | J74: 8000 | K74: =AVERAGE(D74:J74) -> 10571.429
B75: - Terong Ungu (Jenis Sayur) | C75: Kg | D75: - | E75: 8000 | F75: - | G75: 10000 | H75: 9000 | I75: 10000 | J75: 7000 | K75: =AVERAGE(D75:J75) -> 8800
B76: - Bayam (Jenis Sayur) | C76: Ikat Kecil | D76: - | E76: - | F76: 2000 | G76: 2000 | H76: 1500 | I76: 2000 | J76: 1500 | K76: =AVERAGE(D76:J76) -> 1800
B77: - Kangkung (Jenis Panjang) | C77: Ikat Kecil | D77: - | E77: - | F77: 1500 | G77: 2000 | H77: 1500 | I77: 1500 | J77: 1000 | K77: =AVERAGE(D77:J77) -> 1500
B78: - Sawi (Jenis Hijau) | C78: Ikat Kecil | D78: - | E78: - | F78: 2000 | G78: 2000 | H78: 2000 | I78: 2000 | J78: 1500 | K78: =AVERAGE(D78:J78) -> 1900
A79: 20 | B79: AIR MINERAL
B80: - Air Mineral (Aqua Galon) | C80: 19 Ltr/Galon | D80: 18000 | E80: - | F80: - | G80: 17000 | H80: - | I80: 19000 | J80: 18000 | K80: =AVERAGE(D80:J80) -> 18000

Sheet 11
A1: HARGA BAHAN-BAHAN POKOK
A2: DI PASAR TRADISIONAL KOTA SURABAYA
A3: HARI / TANGGAL : Sabtu / 11 Februari 2023
B4: NAMA BAHAN POKOK DAN PENTING LAINNYA | C4: SATUAN | D4: Pasar Tambahrejo | E4: Pasar Pucang Anom | F4: Pasar Wonokromo | G4: Pasar Genteng Baru | H4: Pasar Pabean | I4: Pasar Kembang | J4: Pasar Balongsari | K4: Rata-Rata
A7: 1 | B7: BERAS
B8: - Beras IR.64 Kwalitas I | C8: Kg | D8: 12800 | E8: 12500 | F8: 13000 | G8: 13000 | H8: 13000 | I8: 13500 | J8: 13000 | K8: =AVERAGE(D8:J8) -> 12971.429
B9: - Beras IR.64 Kwalitas II | C9: Kg | D9: 9000 | E9: 11500 | F9: 13000 | G9: 12000 | H9: 12000 | I9: 12500 | J9: 12000 | K9: =AVERAGE(D9:J9) -> 11714.286
B10: - Beras IR.64 Kwalitas III | C10: Kg | D10: 0 | E10: 0 | F10: 12000 | G10: 9800 | H10: 11000 | I10: 10500 | J10: 11000 | K10: =AVERAGE(D10:J10) -> 7757.1429
B11: - Beras Jagung | C11: Kg | D11: - | E11: - | F11: - | G11: 12000 | H11: - | I11: 11000 | J11: 8000 | K11: =AVERAGE(D11:J11) -> 10333.333
B12: - Beras Ketan (Jenis Siyem) | C12: Kg | D12: - | E12: 23000 | F12: - | G12: 18000 | H12: - | I12: 20000 | J12: 18000 | K12: =AVERAGE(D12:J12) -> 19750
A13: 2 | B13: GULA
B14: Gula Pasir Lokal Curah | C14: Kg | D14: 13000 | E14: 13000 | F14: 13000 | G14: 13000 | H14: 13000 | I14: 13500 | J14: 13000 | K14: =AVERAGE(D14:J14) -> 13071.429
B15: - Gula Jawa/Merah (Bahan Kelapa) | C15: Kg | D15: 15000 | E15: 16000 | F15: 16000 | G15: 19000 | H15: 15000 | I15: 16000 | J15: 16000 | K15: =AVERAGE(D15:J15) -> 16142.857
B16: MINYAK GORENG
B17: - Minyak Goreng Curah (Bening) | C17: Kg | D17: 16000 | E17: 16000 | F17: 17000 | G17: 16000 | H17: 15000 | I17: 16000 | J17: 16000 | K17: =AVERAGE(D17:J17) -> 16000
A18: 4 | B18: MENTEGA
B19: - Mentega Curah (Amanda) | C19: Kg | D19: - | E19: - | F19: - | G19: 14000 | H19: - | I19: 24000 | J19: - | K19: =AVERAGE(D19:J19) -> 19000
A20: 5 | B20: DAGING
B21: - Daging Sapi Grade Atas | C21: Kg | D21: 120000 | E21: 120000 | F21: 120000 | G21: 120000 | H21: 117000 | I21: 120000 | J21: 110000 | K21: =AVERAGE(D21:J21) -> 118142.86
B22: - Daging Sapi Grade Sedang | C22: Kg | D22: 110000 | E22: 110000 | F22: 115000 | G22: 110000 | H22: 114000 | I22: 110000 | J22: 100000 | K22: =AVERAGE(D22:J22) -> 109857.14
B23: - Daging Sapi Grade Bawah | C23: Kg | D23: 100000 | E23: 95000 | F23: 105000 | G23: 100000 | H23: 100000 | I23: 100000 | J23: - | K23: =AVERAGE(D23:J23) -> 100000
B24: - Daging Ayam Broiler | C24: Kg | D24: 32000 | E24: 30000 | F24: 32000 | G24: 30000 | H24: 32000 | I24: 30000 | J24: 32000 | K24: =AVERAGE(D24:J24) -> 31142.857
A25: 6 | B25: I K A N
B26: - Ikan Tongkol Segar (Uk. Sedang) | C26: Kg | D26: 40000 | E26: 44000 | F26: 35000 | G26: 40000 | H26: 30000 | I26: 40000 | J26: 35000 | K26: =AVERAGE(D26:J26) -> 37714.286
B27: - Ikan Mujair Segar (Uk. Sedang) | C27: Kg | D27: - | E27: 30000 | F27: 30000 | G27: 30000 | H27: 23000 | I27: 30000 | J27: 28000 | K27: =AVERAGE(D27:J27) -> 28500
B28: - Udang Segar (Uk. Sedang) | C28: Kg | D28: - | E28: 70000 | F28: 60000 | G28: 85000 | H28: 58000 | I28: 70000 | J28: 55000 | K28: =AVERAGE(D28:J28) -> 66333.333
B29: - Ikan Lele Segar (Ukuran Sedang) | C29: Kg | D29: - | E29: - | F29: - | G29: 25000 | H29: 23000 | I29: 24000 | J29: 26000 | K29: =AVERAGE(D29:J29) -> 24500
B30: - Ikan Bandeng Segar (Uk. Sedang) | C30: Kg | D30: 40000 | E30: 38000 | F30: 40000 | G30: 40000 | H30: 28000 | I30: 40000 | J30: 30000 | K30: =AVERAGE(D30:J30) -> 36571.429
B31: - Ikan Teri Asin (Bukan Teri Medan) | C31: Kg | D31: 80000 | E31: 100000 | F31: 80000 | G31: 60000 | H31: 80000 | I31: - | J31: - | K31: =AVERAGE(D31:J31) -> 80000
A32: 7 | B32: TELUR
B33: - Telur Ayam Broiler | C33: Kg | D33: 27000 | E33: 27000 | F33: 26000 | G33: 27500 | H33: 26000 | I33: 28000 | J33: 26500 | K33: =AVERAGE(D33:J33) -> 26857.143
B34: - Telur Ayam Kampung | C34: Butir | D34: 2500 | E34: 2000 | F34: 2000 | G34: 2500 | H34: 2000 | I34: 2500 | J34: 3000 | K34: =AVERAGE(D34:J34) -> 2357.1429
A35: 8 | B35: S U S U
B36: - Susu Kental Manis "INDOMILK" Putih | C36: 390 Gr/kaleng | D36: 12500 | E36: 12000 | F36: 10000 | G36: 12500 | H36: - | I36: 12000 | J36: 10000 | K36: =AVERAGE(D36:J36) -> 11500
B37: - Susu Bubuk "DANCOW" Full Cream | C37: 400 Gr/Dos | D37: - | E37: 37900 | F37: - | G37: 42500 | H37: - | I37: - | J37: - | K37: =AVERAGE(D37:J37) -> 40200
A38: 9 | B38: SABUN CUCI
B39: - Sabun Detergen Rinso (Anti Noda) | C39: 900 Gram | D39: 22000 | E39: - | F39: - | G39: 20500 | H39: 17500 | I39: 21000 | J39: 17500 | K39: =AVERAGE(D39:J39) -> 19700
B40: - Sabun Colek "Wing's Biru" | C40: 350 Gram | D40: 2000 | E40: - | F40: - | G40: 2000 | H40: 2000 | I40: 2000 | J40: 2000 | K40: =AVERAGE(D40:J40) -> 2000
A41: 10 | B41: JAGUNG
B42: - Jagung Pipilan Kering (Jenis Kecil) | C42: Kg | D42: 11000 | E42: 8000 | F42: 9000 | G42: 12000 | H42: 9000 | I42: 10000 | J42: 8000 | K42: =AVERAGE(D42:J42) -> 9571.4286
B43: - Jagung Pipilan Kering (Jenis Besar) | C43: Kg | D43: 9000 | E43: 10000 | F43: - | G43: 0 | H43: 6000 | I43: - | J43: 6000 | K43: =AVERAGE(D43:J43) -> 6200
A44: 11 | B44: GARAM BERYODIUM
B45: - Garam Halus (Cap Kapal) | C45: 250 Gr/Bngks | D45: 3000 | E45: 8000 | F45: 2000 | G45: 4000 | H45: 2500 | I45: 4000 | J45: - | K45: =AVERAGE(D45:J45) -> 3916.6667
A46: 12 | B46: TEPUNG TERIGU
B47: - Tepung Terigu "Segitiga Biru" Curah | C47: Kg | D47: 10000 | E47: 10500 | F47: 12000 | G47: 11000 | H47: 11500 | I47: 11500 | J47: 7000 | K47: =AVERAGE(D47:J47) -> 10500
A48: 13 | B48: KACANG-KACANGAN
B49: - Kacang Kedelai (Kualitas Import) | C49: Kg | D49: 15000 | E49: 16000 | F49: 17000 | G49: 18000 | H49: 14000 | I49: 17000 | J49: - | K49: =AVERAGE(D49:J49) -> 16166.667
B50: - Kacang Kedelai (Kualitas Lokal) | C50: Kg | D50: 12000 | E50: 14000 | F50: - | G50: - | H50: - | I50: - | J50: 13500 | K50: =AVERAGE(D50:J50) -> 13166.667
B51: - Kacang Hijau | C51: Kg | D51: 23000 | E51: 23000 | F51: 24000 | G51: 26000 | H51: 22000 | I51: 26000 | J51: 25000 | K51: =AVERAGE(D51:J51) -> 24142.857
B52: - Kacang Tanah (Jenis Besar) | C52: Kg | D52: 26000 | E52: 30000 | F52: 29000 | G52: 30000 | H52: 26000 | I52: 29000 | J52: 28000 | K52: =AVERAGE(D52:J52) -> 28285.714
A53: 14 | B53: MIE INSTAN
B54: - Indomie Goreng | C54: 86 Gr/Bngks | D54: 3000 | E54: 3200 | F54: 3000 | G54: 3000 | H54: - | I54: 3500 | J54: 2500 | K54: =AVERAGE(D54:J54) -> 3033.3333
A55: 15 | B55: C A B E
B56: - Cabe Merah Besar | C56: Kg | D56: 30000 | E56: 40000 | F56: 30000 | G56: 30000 | H56: 25000 | I56: 35000 | J56: 30000 | K56: =AVERAGE(D56:J56) -> 31428.571
B57: - Cabe Merah Kriting | C57: Kg | D57: 40000 | E57: 40000 | F57: 40000 | G57: 40000 | H57: - | I57: - | J57: - | K57: =AVERAGE(D57:J57) -> 40000
B58: - Cabe Merah Kecil-Rawit | C58: Kg | D58: 45000 | E58: 55000 | F58: 60000 | G58: 60000 | H58: 55000 | I58: 55000 | J58: 60000 | K58: =AVERAGE(D58:J58) -> 55714.286
A59: 16 | B59: BAHAN BAKAR GAS LPG
B60: - Gas LPG Tabung (3 Kg.) | C60: Per Tabung | D60: 19000 | E60: 18000 | F60: 18000 | G60: 18000 | H60: - | I60: 18000 | J60: 18000 | K60: =AVERAGE(D60:J60) -> 18166.667
A61: 17 | B61: BAWANG
B62: - Bawang Putih (Jenis Kating) | C62: Kg | D62: 28000 | E62: 28000 | F62: 30000 | G62: 30000 | H62: 26000 | I62: 35000 | J62: 35000 | K62: =AVERAGE(D62:J62) -> 30285.714
B63: - Bawang Putih (Jenis Sinco) | C63: Kg | D63: 26000 | E63: 26000 | F63: 28000 | G63: 25000 | H63: 23000 | I63: 27000 | J63: 25000 | K63: =AVERAGE(D63:J63) -> 25714.286
B64: - Bawang Merah (Kualitas Lokal) | C64: Kg | D64: 32000 | E64: 36000 | F64: 35000 | G64: 35000 | H64: 25000 | I64: 42000 | J64: 40000 | K64: =AVERAGE(D64:J64) -> 35000
B65: - Bawang Bombay | C65: Kg | D65: 18000 | E65: 22000 | F65: 20000 | G65: 25000 | H65: 20000 | I65: 23000 | J65: 22000 | K65: =AVERAGE(D65:J65) -> 21428.571
A66: 18 | B66: UBI-UBIAN
B67: - Ketela Pohon | C67: Kg | D67: 6000 | E67: 7000 | F67: 5000 | G67: 6000 | H67: 4000 | I67: 6000 | J67: 5000 | K67: =AVERAGE(D67:J67) -> 5571.4286
B68: - Ubi Jalar | C68: Kg | D68: - | E68: - | F68: 5000 | G68: 6000 | H68: 5000 | I68: 6000 | J68: 6000 | K68: =AVERAGE(D68:J68) -> 5600
A69: 19 | B69: SAYUR-SAYURAN
B70: - Kubis | C70: Kg | D70: 9000 | E70: 12000 | F70: 9000 | G70: 8000 | H70: 9000 | I70: 10000 | J70: 9000 | K70: =AVERAGE(D70:J70) -> 9428.5714
B71: - Buncis | C71: Kg | D71: 10000 | E71: 12000 | F71: 12000 | G71: 12000 | H71: 10000 | I71: 12000 | J71: 15000 | K71: =AVERAGE(D71:J71) -> 11857.143
B72: - Kentang | C72: Kg | D72: 14000 | E72: 17000 | F72: 18000 | G72: 15000 | H72: 15000 | I72: 16000 | J72: 15000 | K72: =AVERAGE(D72:J72) -> 15714.286
B73: - Tomat | C73: Kg | D73: 17000 | E73: 12000 | F73: 18000 | G73: 15000 | H73: 4000 | I73: 8000 | J73: 6000 | K73: =AVERAGE(D73:J73) -> 11428.571
B74: - Wortel (Kualitas Lokal) | C74: Kg | D74: 9000 | E74: 11000 | F74: 12000 | G74: 13000 | H74: 10000 | I74: 12000 | J74: 8000 | K74: =AVERAGE(D74:J74) -> 10714.286
B75: - Terong Ungu (Jenis Sayur) | C75: Kg | D75: - | E75: 8000 | F75: - | G75: 10000 | H75: 9000 | I75: 10000 | J75: 7000 | K75: =AVERAGE(D75:J75) -> 8800
B76: - Bayam (Jenis Sayur) | C76: Ikat Kecil | D76: - | E76: - | F76: 2000 | G76: 2000 | H76: 1500 | I76: 2000 | J76: 1500 | K76: =AVERAGE(D76:J76) -> 1800
B77: - Kangkung (Jenis Panjang) | C77: Ikat Kecil | D77: - | E77: - | F77: 1500 | G77: 2000 | H77: 1500 | I77: 1500 | J77: 1000 | K77: =AVERAGE(D77:J77) -> 1500
B78: - Sawi (Jenis Hijau) | C78: Ikat Kecil | D78: - | E78: - | F78: 2000 | G78: 2000 | H78: 2000 | I78: 2000 | J78: 1500 | K78: =AVERAGE(D78:J78) -> 1900
A79: 20 | B79: AIR MINERAL
B80: - Air Mineral (Aqua Galon) | C80: 19 Ltr/Galon | D80: 18000 | E80: - | F80: - | G80: 17000 | H80: - | I80: 19000 | J80: 18000 | K80: =AVERAGE(D80:J80) -> 18000

Sheet 12
A1: HARGA BAHAN-BAHAN POKOK
A2: DI PASAR TRADISIONAL KOTA SURABAYA
A3: HARI / TANGGAL : Minggu / 12 Februari 2023
B4: NAMA BAHAN POKOK DAN PENTING LAINNYA | C4: SATUAN | D4: Pasar Tambahrejo | E4: Pasar Pucang Anom | F4: Pasar Wonokromo | G4: Pasar Genteng Baru | H4: Pasar Pabean | I4: Pasar Kembang | J4: Pasar Balongsari | K4: Rata-Rata
A7: 1 | B7: BERAS
B8: - Beras Premium | C8: Kg | D8: 12800 | E8: 12500 | F8: 13000 | G8: 13000 | H8: 12000 | I8: 13500 | J8: 13000 | K8: =AVERAGE(D8:J8) -> 12828.571
B9: - Beras Medium | C9: Kg | D9: 9000 | E9: 9000 | F9: 9000 | G9: 9000 | H9: 9000 | I9: 9250 | J9: 9000 | K9: =AVERAGE(D9:J9) -> 9035.7143
B10: - Beras Jagung | C10: Kg | D10: - | E10: - | F10: - | G10: - | H10: - | I10: 11000 | J10: 8000 | K10: =AVERAGE(D10:J10) -> 9500
B11: - Beras Ketan (Jenis Siyem) | C11: Kg | D11: - | E11: 23000 | F11: - | G11: - | H11: - | I11: 20000 | J11: 17000 | K11: =AVERAGE(D11:J11) -> 20000
A12: 2 | B12: GULA
B13: Gula Pasir Lokal Curah | C13: Kg | D13: 13000 | E13: 13000 | F13: 13000 | G13: 13000 | H13: 13000 | I13: 13500 | J13: 13000 | K13: =AVERAGE(D13:J13) -> 13071.429
B14: - Gula Jawa/Merah (Bahan Kelapa) | C14: Kg | D14: 15000 | E14: 16000 | F14: 16000 | G14: 19000 | H14: 15000 | I14: 16000 | J14: 16000 | K14: =AVERAGE(D14:J14) -> 16142.857
B15: MINYAK GORENG
B16: - Minyak Goreng Curah (Bening) | C16: Kg | D16: 16000 | E16: 16000 | F16: 17000 | G16: 16000 | H16: 15000 | I16: 16000 | J16: 16000 | K16: =AVERAGE(D16:J16) -> 16000
B17: - Minyak Kita | C17: Liter | D17: 14000 | E17: 14000 | F17: 14000 | G17: 14000 | H17: - | I17: 14000 | J17: - | K17: =AVERAGE(D17:J17) -> 14000
A18: 4 | B18: MENTEGA
B19: - Mentega Curah (Amanda) | C19: Kg | D19: - | E19: - | F19: - | G19: 14000 | H19: - | I19: 24000 | J19: - | K19: =AVERAGE(D19:J19) -> 19000
A20: 5 | B20: DAGING
B21: - Daging Sapi Grade Atas | C21: Kg | D21: 120000 | E21: 120000 | F21: 120000 | G21: 120000 | H21: 117000 | I21: 120000 | J21: 110000 | K21: =AVERAGE(D21:J21) -> 118142.86
B22: - Daging Sapi Grade Sedang | C22: Kg | D22: 110000 | E22: 110000 | F22: 115000 | G22: 110000 | H22: 114000 | I22: 110000 | J22: 100000 | K22: =AVERAGE(D22:J22) -> 109857.14
B23: - Daging Sapi Grade Bawah | C23: Kg | D23: 100000 | E23: 95000 | F23: 105000 | G23: 100000 | H23: 100000 | I23: 100000 | J23: - | K23: =AVERAGE(D23:J23) -> 100000
B24: - Daging Ayam Broiler | C24: Kg | D24: 32000 | E24: 30000 | F24: 30000 | G24: 30000 | H24: 32000 | I24: 30000 | J24: 32000 | K24: =AVERAGE(D24:J24) -> 30857.143
A25: 6 | B25: I K A N
B26: - Ikan Tongkol Segar (Uk. Sedang) | C26: Kg | D26: 40000 | E26: 44000 | F26: 35000 | G26: 40000 | H26: 30000 | I26: 40000 | J26: 35000 | K26: =AVERAGE(D26:J26) -> 37714.286
B27: - Ikan Mujair Segar (Uk. Sedang) | C27: Kg | D27: - | E27: 30000 | F27: 30000 | G27: 30000 | H27: 23000 | I27: 30000 | J27: 28000 | K27: =AVERAGE(D27:J27) -> 28500
B28: - Udang Segar (Uk. Sedang) | C28: Kg | D28: - | E28: 70000 | F28: 65000 | G28: 75000 | H28: 58000 | I28: 70000 | J28: 55000 | K28: =AVERAGE(D28:J28) -> 65500
B29: - Ikan Lele Segar (Ukuran Sedang) | C29: Kg | D29: - | E29: - | F29: - | G29: - | H29: 23000 | I29: 24000 | J29: 26000 | K29: =AVERAGE(D29:J29) -> 24333.333
B30: - Ikan Bandeng Segar (Uk. Sedang) | C30: Kg | D30: 40000 | E30: 38000 | F30: 40000 | G30: 40000 | H30: 28000 | I30: 40000 | J30: 30000 | K30: =AVERAGE(D30:J30) -> 36571.429
B31: - Ikan Teri Asin (Bukan Teri Medan) | C31: Kg | D31: 80000 | E31: 100000 | F31: 90000 | G31: - | H31: 80000 | I31: - | J31: - | K31: =AVERAGE(D31:J31) -> 87500
A32: 7 | B32: TELUR
B33: - Telur Ayam Broiler | C33: Kg | D33: 27000 | E33: 27000 | F33: 27000 | G33: 27500 | H33: 26000 | I33: 28000 | J33: 26500 | K33: =AVERAGE(D33:J33) -> 27000
B34: - Telur Ayam Kampung | C34: Butir | D34: 2500 | E34: 2000 | F34: 2000 | G34: 2500 | H34: 2000 | I34: 2500 | J34: 3000 | K34: =AVERAGE(D34:J34) -> 2357.1429
A35: 8 | B35: S U S U
B36: - Susu Kental Manis "INDOMILK" Putih | C36: 390 Gr/kaleng | D36: 12500 | E36: 12000 | F36: 10000 | G36: 12500 | H36: - | I36: 12000 | J36: 10000 | K36: =AVERAGE(D36:J36) -> 11500
B37: - Susu Bubuk "DANCOW" Full Cream | C37: 400 Gr/Dos | D37: - | E37: 37900 | F37: - | G37: 42500 | H37: - | I37: - | J37: - | K37: =AVERAGE(D37:J37) -> 40200
A38: 9 | B38: SABUN CUCI
B39: - Sabun Detergen Rinso (Anti Noda) | C39: 900 Gram | D39: 22000 | E39: - | F39: - | G39: 20500 | H39: 17500 | I39: 21000 | J39: 17500 | K39: =AVERAGE(D39:J39) -> 19700
B40: - Sabun Colek "Wing's Biru" | C40: 350 Gram | D40: 2000 | E40: - | F40: - | G40: 2000 | H40: 2000 | I40: 2000 | J40: 2000 | K40: =AVERAGE(D40:J40) -> 2000
A41: 10 | B41: JAGUNG
B42: - Jagung Pipilan Kering (Jenis Kecil) | C42: Kg | D42: 11000 | E42: 8000 | F42: 9000 | G42: - | H42: 9000 | I42: 10000 | J42: 8000 | K42: =AVERAGE(D42:J42) -> 9166.6667
B43: - Jagung Pipilan Kering (Jenis Besar) | C43: Kg | D43: 9000 | E43: 10000 | F43: - | G43: 12000 | H43: 6000 | I43: - | J43: 6000 | K43: =AVERAGE(D43:J43) -> 8600
A44: 11 | B44: GARAM BERYODIUM
B45: - Garam Halus (Cap Kapal) | C45: 250 Gr/Bngks | D45: 3000 | E45: 8000 | F45: 2500 | G45: 4000 | H45: 2500 | I45: 4000 | J45: - | K45: =AVERAGE(D45:J45) -> 4000
A46: 12 | B46: TEPUNG TERIGU
B47: - Tepung Terigu "Segitiga Biru" Curah | C47: Kg | D47: 10000 | E47: 10500 | F47: 12000 | G47: 12000 | H47: 11500 | I47: 11500 | J47: 7000 | K47: =AVERAGE(D47:J47) -> 10642.857
A48: 13 | B48: KACANG-KACANGAN
B49: - Kacang Kedelai (Kualitas Import) | C49: Kg | D49: 15000 | E49: 16000 | F49: 17000 | G49: 18000 | H49: 14000 | I49: 17000 | J49: - | K49: =AVERAGE(D49:J49) -> 16166.667
B50: - Kacang Kedelai (Kualitas Lokal) | C50: Kg | D50: 12000 | E50: 14000 | F50: - | G50: - | H50: - | I50: - | J50: 13500 | K50: =AVERAGE(D50:J50) -> 13166.667
B51: - Kacang Hijau | C51: Kg | D51: 23000 | E51: 23000 | F51: 24000 | G51: 26000 | H51: 22000 | I51: 26000 | J51: 25000 | K51: =AVERAGE(D51:J51) -> 24142.857
B52: - Kacang Tanah (Jenis Besar) | C52: Kg | D52: 26000 | E52: 30000 | F52: 29000 | G52: 30000 | H52: 26000 | I52: 29000 | J52: 28000 | K52: =AVERAGE(D52:J52) -> 28285.714
A53: 14 | B53: MIE INSTAN
B54: - Indomie Goreng | C54: 86 Gr/Bngks | D54: 3000 | E54: 3200 | F54: 3000 | G54: 3200 | H54: - | I54: 3500 | J54: 2500 | K54: =AVERAGE(D54:J54) -> 3066.6667
A55: 15 | B55: C A B E
B56: - Cabe Merah Besar | C56: Kg | D56: 30000 | E56: 40000 | F56: 30000 | G56: 30000 | H56: 25000 | I56: 35000 | J56: 30000 | K56: =AVERAGE(D56:J56) -> 31428.571
B57: - Cabe Merah Kriting | C57: Kg | D57: 40000 | E57: 40000 | F57: 40000 | G57: 40000 | H57: - | I57: - | J57: - | K57: =AVERAGE(D57:J57) -> 40000
B58: - Cabe Merah Kecil-Rawit | C58: Kg | D58: 45000 | E58: 55000 | F58: 60000 | G58: 60000 | H58: 55000 | I58: 60000 | J58: 60000 | K58: =AVERAGE(D58:J58) -> 56428.571
A59: 16 | B59: BAHAN BAKAR GAS LPG
B60: - Gas LPG Tabung (3 Kg.) | C60: Per Tabung | D60: 19000 | E60: 18000 | F60: 18000 | G60: 18000 | H60: - | I60: 18000 | J60: 18000 | K60: =AVERAGE(D60:J60) -> 18166.667
A61: 17 | B61: BAWANG
B62: - Bawang Putih (Jenis Kating) | C62: Kg | D62: 28000 | E62: 28000 | F62: 30000 | G62: 30000 | H62: 26000 | I62: 35000 | J62: 35000 | K62: =AVERAGE(D62:J62) -> 30285.714
B63: - Bawang Putih (Jenis Sinco) | C63: Kg | D63: 26000 | E63: 26000 | F63: 26000 | G63: 25000 | H63: 23000 | I63: 27000 | J63: 25000 | K63: =AVERAGE(D63:J63) -> 25428.571
B64: - Bawang Merah (Kualitas Lokal) | C64: Kg | D64: 32000 | E64: 36000 | F64: 38000 | G64: 38000 | H64: 25000 | I64: 42000 | J64: 40000 | K64: =AVERAGE(D64:J64) -> 35857.143
B65: - Bawang Bombay | C65: Kg | D65: 18000 | E65: 22000 | F65: 20000 | G65: 25000 | H65: 20000 | I65: 23000 | J65: 22000 | K65: =AVERAGE(D65:J65) -> 21428.571
A66: 18 | B66: UBI-UBIAN
B67: - Ketela Pohon | C67: Kg | D67: 6000 | E67: 7000 | F67: 5000 | G67: 6000 | H67: 4000 | I67: 6000 | J67: 5000 | K67: =AVERAGE(D67:J67) -> 5571.4286
B68: - Ubi Jalar | C68: Kg | D68: - | E68: - | F68: 5000 | G68: 6000 | H68: 5000 | I68: 6000 | J68: 6000 | K68: =AVERAGE(D68:J68) -> 5600
A69: 19 | B69: SAYUR-SAYURAN
B70: - Kubis | C70: Kg | D70: 9000 | E70: 12000 | F70: 9000 | G70: 9000 | H70: 9000 | I70: 10000 | J70: 9000 | K70: =AVERAGE(D70:J70) -> 9571.4286
B71: - Buncis | C71: Kg | D71: 10000 | E71: 12000 | F71: 12000 | G71: 12000 | H71: 10000 | I71: 12000 | J71: 15000 | K71: =AVERAGE(D71:J71) -> 11857.143
B72: - Kentang | C72: Kg | D72: 14000 | E72: 17000 | F72: 16000 | G72: 15000 | H72: 15000 | I72: 16000 | J72: 15000 | K72: =AVERAGE(D72:J72) -> 15428.571
B73: - Tomat | C73: Kg | D73: 17000 | E73: 12000 | F73: 17000 | G73: 17000 | H73: 4000 | I73: 8000 | J73: 6000 | K73: =AVERAGE(D73:J73) -> 11571.429
B74: - Wortel (Kualitas Lokal) | C74: Kg | D74: 9000 | E74: 11000 | F74: 12000 | G74: 13000 | H74: 10000 | I74: 12000 | J74: 8000 | K74: =AVERAGE(D74:J74) -> 10714.286
B75: - Terong Ungu (Jenis Sayur) | C75: Kg | D75: - | E75: 8000 | F75: - | G75: - | H75: 9000 | I75: 10000 | J75: 7000 | K75: =AVERAGE(D75:J75) -> 8500
B76: - Bayam (Jenis Sayur) | C76: Ikat Kecil | D76: - | E76: - | F76: 2000 | G76: 2000 | H76: 1500 | I76: 2000 | J76: 1500 | K76: =AVERAGE(D76:J76) -> 1800
B77: - Kangkung (Jenis Panjang) | C77: Ikat Kecil | D77: - | E77: - | F77: 1500 | G77: 2000 | H77: 1500 | I77: 1500 | J77: 1000 | K77: =AVERAGE(D77:J77) -> 1500
B78: - Sawi (Jenis Hijau) | C78: Ikat Kecil | D78: - | E78: - | F78: 2000 | G78: 2000 | H78: 2000 | I78: 2000 | J78: 1500 | K78: =AVERAGE(D78:J78) -> 1900
A79: 20 | B79: AIR MINERAL
B80: - Air Mineral (Aqua Galon) | C80: 19 Ltr/Galon | D80: 18000 | E80: - | F80: - | G80: 17000 | H80: - | I80: 19000 | J80: 18000 | K80: =AVERAGE(D80:J80) -> 18000

Sheet 13
A1: HARGA BAHAN-BAHAN POKOK
A2: DI PASAR TRADISIONAL KOTA SURABAYA
A3: HARI / TANGGAL : Senin / 13 Februari 2023
B4: NAMA BAHAN POKOK DAN PENTING LAINNYA | C4: SATUAN | D4: Pasar Tambahrejo | E4: Pasar Pucang Anom | F4: Pasar Wonokromo | G4: Pasar Genteng Baru | H4: Pasar Pabean | I4: Pasar Kembang | J4: Pasar Balongsari | K4: Rata-Rata
A7: 1 | B7: BERAS
B8: - Beras Premium | C8: Kg | D8: 12800 | E8: 13500 | F8: 14000 | G8: 13000 | H8: 12000 | I8: 13500 | J8: 13000 | K8: =AVERAGE(D8:J8) -> 13114.286
B9: - Beras Medium | C9: Kg | D9: 9000 | E9: 9000 | F9: 8800 | G9: 9000 | H9: 9000 | I9: 9000 | J9: 9000 | K9: =AVERAGE(D9:J9) -> 8971.4286
B10: - Beras Jagung | C10: Kg | D10: - | E10: - | F10: - | G10: - | H10: - | I10: 11000 | J10: 8000 | K10: =AVERAGE(D10:J10) -> 9500
B11: - Beras Ketan (Jenis Siyem) | C11: Kg | D11: - | E11: 23000 | F11: - | G11: - | H11: - | I11: 20000 | J11: 17000 | K11: =AVERAGE(D11:J11) -> 20000
A12: 2 | B12: GULA
B13: Gula Pasir Lokal Curah | C13: Kg | D13: 13000 | E13: 13000 | F13: 13000 | G13: 13000 | H13: 13000 | I13: 13500 | J13: 13000 | K13: =AVERAGE(D13:J13) -> 13071.429
B14: - Gula Jawa/Merah (Bahan Kelapa) | C14: Kg | D14: 15000 | E14: 16000 | F14: 16000 | G14: 19000 | H14: 15000 | I14: 16000 | J14: 16000 | K14: =AVERAGE(D14:J14) -> 16142.857
B15: MINYAK GORENG
B16: - Minyak Goreng Curah (Bening) | C16: Kg | D16: 16000 | E16: 16000 | F16: 14000 | G16: 16000 | H16: 15000 | I16: 14500 | J16: 16000 | K16: =AVERAGE(D16:J16) -> 15357.143
B17: - Minyak Kita | C17: Liter | D17: 14000 | E17: 14000 | F17: 14000 | G17: 14000 | H17: - | I17: 14000 | J17: 14000 | K17: =AVERAGE(D17:J17) -> 14000
A18: 4 | B18: MENTEGA
B19: - Mentega Curah (Amanda) | C19: Kg | D19: - | E19: - | F19: - | G19: 14000 | H19: - | I19: 24000 | J19: - | K19: =AVERAGE(D19:J19) -> 19000
A20: 5 | B20: DAGING
B21: - Daging Sapi Grade Atas | C21: Kg | D21: 120000 | E21: 120000 | F21: 120000 | G21: 120000 | H21: 117000 | I21: 120000 | J21: 110000 | K21: =AVERAGE(D21:J21) -> 118142.86
B22: - Daging Sapi Grade Sedang | C22: Kg | D22: 110000 | E22: 110000 | F22: 115000 | G22: 110000 | H22: 114000 | I22: 110000 | J22: 100000 | K22: =AVERAGE(D22:J22) -> 109857.14
B23: - Daging Sapi Grade Bawah | C23: Kg | D23: 100000 | E23: 95000 | F23: 105000 | G23: 100000 | H23: 100000 | I23: 100000 | J23: - | K23: =AVERAGE(D23:J23) -> 100000
B24: - Daging Ayam Broiler | C24: Kg | D24: 32000 | E24: 30000 | F24: 30000 | G24: 30000 | H24: 32000 | I24: 30000 | J24: 32000 | K24: =AVERAGE(D24:J24) -> 30857.143
A25: 6 | B25: I K A N
B26: - Ikan Tongkol Segar (Uk. Sedang) | C26: Kg | D26: 40000 | E26: 44000 | F26: 35000 | G26: 40000 | H26: 30000 | I26: 40000 | J26: 35000 | K26: =AVERAGE(D26:J26) -> 37714.286
B27: - Ikan Mujair Segar (Uk. Sedang) | C27: Kg | D27: - | E27: 30000 | F27: 30000 | G27: 30000 | H27: 23000 | I27: 30000 | J27: 28000 | K27: =AVERAGE(D27:J27) -> 28500
B28: - Udang Segar (Uk. Sedang) | C28: Kg | D28: - | E28: 70000 | F28: 65000 | G28: 75000 | H28: 58000 | I28: 70000 | J28: 55000 | K28: =AVERAGE(D28:J28) -> 65500
B29: - Ikan Lele Segar (Ukuran Sedang) | C29: Kg | D29: - | E29: - | F29: - | G29: - | H29: 23000 | I29: 24000 | J29: 26000 | K29: =AVERAGE(D29:J29) -> 24333.333
B30: - Ikan Bandeng Segar (Uk. Sedang) | C30: Kg | D30: 40000 | E30: 38000 | F30: 40000 | G30: 40000 | H30: 28000 | I30: 40000 | J30: 30000 | K30: =AVERAGE(D30:J30) -> 36571.429
B31: - Ikan Teri Asin (Bukan Teri Medan) | C31: Kg | D31: 80000 | E31: 100000 | F31: 90000 | G31: - | H31: 80000 | I31: - | J31: - | K31: =AVERAGE(D31:J31) -> 87500
A32: 7 | B32: TELUR
B33: - Telur Ayam Broiler | C33: Kg | D33: 27000 | E33: 27000 | F33: 26000 | G33: 27500 | H33: 26000 | I33: 26500 | J33: 26500 | K33: =AVERAGE(D33:J33) -> 26642.857
B34: - Telur Ayam Kampung | C34: Butir | D34: 2500 | E34: 2000 | F34: 2000 | G34: 2500 | H34: 2000 | I34: 2500 | J34: 3000 | K34: =AVERAGE(D34:J34) -> 2357.1429
A35: 8 | B35: S U S U
B36: - Susu Kental Manis "INDOMILK" Putih | C36: 390 Gr/kaleng | D36: 12500 | E36: 12000 | F36: 10000 | G36: 12500 | H36: - | I36: 12000 | J36: 10000 | K36: =AVERAGE(D36:J36) -> 11500
B37: - Susu Bubuk "DANCOW" Full Cream | C37: 400 Gr/Dos | D37: - | E37: 37900 | F37: - | G37: 42500 | H37: - | I37: - | J37: - | K37: =AVERAGE(D37:J37) -> 40200
A38: 9 | B38: SABUN CUCI
B39: - Sabun Detergen Rinso (Anti Noda) | C39: 900 Gram | D39: 22000 | E39: - | F39: - | G39: 20500 | H39: 17500 | I39: 21000 | J39: 17500 | K39: =AVERAGE(D39:J39) -> 19700
B40: - Sabun Colek "Wing's Biru" | C40: 350 Gram | D40: 2000 | E40: - | F40: - | G40: 2000 | H40: 2000 | I40: 2000 | J40: 2000 | K40: =AVERAGE(D40:J40) -> 2000
A41: 10 | B41: JAGUNG
B42: - Jagung Pipilan Kering (Jenis Kecil) | C42: Kg | D42: 11000 | E42: 8000 | F42: 9000 | G42: - | H42: 9000 | I42: 10000 | J42: 8000 | K42: =AVERAGE(D42:J42) -> 9166.6667
B43: - Jagung Pipilan Kering (Jenis Besar) | C43: Kg | D43: 9000 | E43: 10000 | F43: - | G43: 12000 | H43: 6000 | I43: - | J43: 6000 | K43: =AVERAGE(D43:J43) -> 8600
A44: 11 | B44: GARAM BERYODIUM
B45: - Garam Halus (Cap Kapal) | C45: 250 Gr/Bngks | D45: 3000 | E45: 8000 | F45: 2500 | G45: 4000 | H45: 2500 | I45: 4000 | J45: - | K45: =AVERAGE(D45:J45) -> 4000
A46: 12 | B46: TEPUNG TERIGU
B47: - Tepung Terigu "Segitiga Biru" Curah | C47: Kg | D47: 10000 | E47: 10500 | F47: 12000 | G47: 12000 | H47: 11500 | I47: 11500 | J47: 7000 | K47: =AVERAGE(D47:J47) -> 10642.857
A48: 13 | B48: KACANG-KACANGAN
B49: - Kacang Kedelai (Kualitas Import) | C49: Kg | D49: 15000 | E49: 16000 | F49: 17000 | G49: 18000 | H49: 14000 | I49: 17000 | J49: - | K49: =AVERAGE(D49:J49) -> 16166.667
