Workbook

Sheet REKAPITULASI
A1: BAGIAN PEREKONOMIAN DAN SUMBER DAYA ALAM
A2: LAPORAN HARGA BAHAN POKOK DI KOTA SURABAYA
A3: PERIODE MEI 2023
B4: NAMA BAHAN POKOK DAN PENTING LAINNYA | C4: SAT | AI4: HET/HAPK (Harga Eceran Tertinggi) | AJ4: FLUKTUASI
D5: 1 | E5: 2 | F5: 3 | G5: 4 | H5: 5 | I5: 6 | J5: 7 | K5: 8 | L5: 9 | M5: 10 | N5: 11 | O5: 12 | P5: 13 | Q5: 14 | R5: 15 | S5: 16 | T5: 17 | U5: 18 | V5: 19 | W5: 20 | X5: 21 | Y5: 22 | Z5: 23 | AA5: 24 | AB5: 25 | AC5: 26 | AD5: 27 | AE5: 28 | AF5: 29 | AG5: 30 | AH5: 31
A7: 1 | B7: BERAS
B8: - Beras Premium | C8: Kg | D8: ='1'!K8 -> 13328.571 | E8: ='2'!K8 -> 13328.571 | F8: ='3'!K8 -> 13328.571 | G8: ='4'!K8 -> 13328.571 | H8: ='5'!K8 -> 13328.571 | I8: ='6'!K8 -> 13328.571 | J8: ='7'!K8 -> 13328.571 | K8: ='8'!K8 -> 13257.143 | L8: ='9'!K8 -> 13328.571 | M8: ='10'!K8 -> 13328.571 | N8: ='11'!K8 -> 13328.571 | O8: ='12'!K8 -> 13042.857 | P8: ='13'!K8 -> 13042.857 | Q8: ='14'!K8 -> 13042.857 | R8: ='15'!K8 -> 13042.857 | S8: ='16'!K8 -> 13042.857 | T8: ='17'!K8 -> 13042.857 | U8: ='18'!K8 -> 13071.429 | V8: ='19'!K8 -> 13214.286 | W8: ='20'!K8 -> 13214.286 | X8: ='21'!K8 -> 13142.857 | Y8: ='22'!K8 -> 13214.286 | Z8: ='23'!K8 -> 13214.286 | AA8: ='24'!K8 -> 13214.286 | AB8: ='25'!K8 -> 13285.714 | AC8: ='26'!K8 -> 13285.714 | AD8: ='27'!K8 -> 13285.714 | AE8: ='28'!K8 -> 13285.714 | AF8: ='29'!K8 -> 13142.857 | AG8: ='30'!K8 -> 13500 | AH8: ='31'!K8 -> 13428.571 | AI8: 12800 | AJ8: =AH8-D8 -> 100 | AK8: =AVERAGE(D8:AH8) -> 13235.484
B9: - Beras Medium Bulog | C9: Kg | AG9: ='30'!K9 -> 10333.333 | AH9: ='31'!K9 -> 9566.6667 | AK9: =AVERAGE(D9:AH9) -> 9950
B10: - Beras Medium | C10: Kg | D10: ='1'!K9 -> 8971.4286 | E10: ='2'!K9 -> 8971.4286 | F10: ='3'!K9 -> 8971.4286 | G10: ='4'!K9 -> 8971.4286 | H10: ='5'!K9 -> 8971.4286 | I10: ='6'!K9 -> 8971.4286 | J10: ='7'!K9 -> 8971.4286 | K10: ='8'!K9 -> 8971.4286 | L10: ='9'!K9 -> 9400 | M10: ='10'!K9 -> 9400 | N10: ='11'!K9 -> 9400 | O10: ='12'!K9 -> 9400 | P10: ='13'!K9 -> 9400 | Q10: ='14'!K9 -> 9400 | R10: ='15'!K9 -> 9400 | S10: ='16'!K9 -> 9400 | T10: ='17'!K9 -> 9400 | U10: ='18'!K9 -> 9400 | V10: ='19'!K9 -> 8971.4286 | W10: ='20'!K9 -> 8971.4286 | X10: ='21'!K9 -> 8971.4286 | Y10: ='22'!K9 -> 8971.4286 | Z10: ='23'!K9 -> 8971.4286 | AA10: ='24'!K9 -> 8971.4286 | AB10: ='25'!K9 -> 9000 | AC10: ='26'!K9 -> 9000 | AD10: ='27'!K9 -> 9028.5714 | AE10: ='28'!K9 -> 9028.5714 | AF10: ='29'!K9 -> 9428.5714 | AG10: ='30'!K10 -> 11375 | AH10: ='31'!K10 -> 11166.667 | AI10: 9450 | AJ10: =AH10-D10 -> 2195.2381 | AK10: =AVERAGE(D10:AH10) -> 9278.3026
B11: - Beras Jagung | C11: Kg | D11: ='1'!K10 -> 9500 | E11: ='2'!K10 -> 9500 | F11: ='3'!K10 -> 9500 | G11: ='4'!K10 -> 9500 | H11: ='5'!K10 -> 9500 | I11: ='6'!K10 -> 9500 | J11: ='7'!K10 -> 9500 | K11: ='8'!K10 -> 9500 | L11: ='9'!K10 -> 10600 | M11: ='10'!K10 -> 10600 | N11: ='11'!K10 -> 10600 | O11: ='12'!K10 -> 10600 | P11: ='13'!K10 -> 10600 | Q11: ='14'!K10 -> 10600 | R11: ='15'!K10 -> 10600 | S11: ='16'!K10 -> 10600 | T11: ='17'!K10 -> 10600 | U11: ='18'!K10 -> 10600 | V11: ='19'!K10 -> 10600 | W11: ='20'!K10 -> 10600 | X11: ='21'!K10 -> 10600 | Y11: ='22'!K10 -> 10600 | Z11: ='23'!K10 -> 10600 | AA11: ='24'!K10 -> 10600 | AB11: ='25'!K10 -> 10600 | AC11: ='26'!K10 -> 10600 | AD11: ='27'!K10 -> 10600 | AE11: ='28'!K10 -> 10600 | AF11: ='29'!K10 -> 10600 | AG11: ='30'!K11 -> 10600 | AH11: ='31'!K11 -> 10600 | AJ11: =AH11-D11 -> 1100 | AK11: =AVERAGE(D11:AH11) -> 10316.129
B12: - Beras Ketan (Jenis Siyem) | C12: Kg | D12: ='1'!K11 -> 20000 | E12: ='2'!K11 -> 20000 | F12: ='3'!K11 -> 20000 | G12: ='4'!K11 -> 20000 | H12: ='5'!K11 -> 20000 | I12: ='6'!K11 -> 19333.333 | J12: ='7'!K11 -> 19333.333 | K12: ='8'!K11 -> 19333.333 | L12: ='9'!K11 -> 20200 | M12: ='10'!K11 -> 20200 | N12: ='11'!K11 -> 20200 | O12: ='12'!K11 -> 20200 | P12: ='13'!K11 -> 20200 | Q12: ='14'!K11 -> 20200 | R12: ='15'!K11 -> 20200 | S12: ='16'!K11 -> 20200 | T12: ='17'!K11 -> 20200 | U12: ='18'!K11 -> 20200 | V12: ='19'!K11 -> 20200 | W12: ='20'!K11 -> 20200 | X12: ='21'!K11 -> 20200 | Y12: ='22'!K11 -> 20200 | Z12: ='23'!K11 -> 20200 | AA12: ='24'!K11 -> 20200 | AB12: ='25'!K11 -> 20200 | AC12: ='26'!K11 -> 20200 | AD12: ='27'!K11 -> 20600 | AE12: ='28'!K11 -> 20600 | AF12: ='29'!K11 -> 20600 | AG12: ='30'!K12 -> 20200 | AH12: ='31'!K12 -> 21000 | AJ12: =AH12-D12 -> 1000 | AK12: =AVERAGE(D12:AH12) -> 20148.387
A13: 2 | B13: GULA | D13: ='1'!K12 | E13: ='2'!K12 | F13: ='3'!K12 | G13: ='4'!K12 | H13: ='5'!K12 | I13: ='6'!K12 | J13: ='7'!K12 | K13: ='8'!K12 | L13: ='9'!K12 | M13: ='10'!K12 | N13: ='11'!K12 | O13: ='12'!K12 | P13: ='13'!K12 | Q13: ='14'!K12 | R13: ='15'!K12 | S13: ='16'!K12 | T13: ='17'!K12 | U13: ='18'!K12 | V13: ='19'!K12 | W13: ='20'!K12 | X13: ='21'!K12 | Y13: ='22'!K12 | Z13: ='23'!K12 | AA13: ='24'!K12 | AB13: ='25'!K12 | AC13: ='26'!K12 | AD13: ='27'!K12 | AE13: ='28'!K12 | AF13: ='29'!K12 | AG13: ='30'!K13 | AH13: ='31'!K13 | AJ13: =AH13-D13 -> 0 | AK13: =AVERAGE(D13:AH13) -> #DIV/0!
B14: - Gula pasir lokal curah | C14: Kg | D14: ='1'!K13 -> 13000 | E14: ='2'!K13 -> 13000 | F14: ='3'!K13 -> 13000 | G14: ='4'!K13 -> 13000 | H14: ='5'!K13 -> 13000 | I14: ='6'!K13 -> 13000 | J14: ='7'!K13 -> 13000 | K14: ='8'!K13 -> 13000 | L14: ='9'!K13 -> 13000 | M14: ='10'!K13 -> 13000 | N14: ='11'!K13 -> 13000 | O14: ='12'!K13 -> 13000 | P14: ='13'!K13 -> 13000 | Q14: ='14'!K13 -> 13000 | R14: ='15'!K13 -> 13000 | S14: ='16'!K13 -> 13000 | T14: ='17'!K13 -> 13000 | U14: ='18'!K13 -> 13000 | V14: ='19'!K13 -> 13000 | W14: ='20'!K13 -> 13000 | X14: ='21'!K13 -> 13000 | Y14: ='22'!K13 -> 13000 | Z14: ='23'!K13 -> 13000 | AA14: ='24'!K13 -> 13071.429 | AB14: ='25'!K13 -> 13071.429 | AC14: ='26'!K13 -> 13071.429 | AD14: ='27'!K13 -> 13071.429 | AE14: ='28'!K13 -> 13071.429 | AF14: ='29'!K13 -> 13071.429 | AG14: ='30'!K14 -> 13071.429 | AH14: ='31'!K14 -> 13142.857 | AI14: 13500 | AJ14: =AH14-D14 -> 142.85714 | AK14: =AVERAGE(D14:AH14) -> 13020.737
B15: - Gula Jawa/Merah (Bahan Kelapa) | C15: Kg | D15: ='1'!K14 -> 16142.857 | E15: ='2'!K14 -> 16142.857 | F15: ='3'!K14 -> 16285.714 | G15: ='4'!K14 -> 16285.714 | H15: ='5'!K14 -> 16285.714 | I15: ='6'!K14 -> 16285.714 | J15: ='7'!K14 -> 16285.714 | K15: ='8'!K14 -> 16285.714 | L15: ='9'!K14 -> 15571.429 | M15: ='10'!K14 -> 15571.429 | N15: ='11'!K14 -> 15571.429 | O15: ='12'!K14 -> 15571.429 | P15: ='13'!K14 -> 15571.429 | Q15: ='14'!K14 -> 15571.429 | R15: ='15'!K14 -> 15571.429 | S15: ='16'!K14 -> 15571.429 | T15: ='17'!K14 -> 15714.286 | U15: ='18'!K14 -> 15714.286 | V15: ='19'!K14 -> 15714.286 | W15: ='20'!K14 -> 15714.286 | X15: ='21'!K14 -> 15714.286 | Y15: ='22'!K14 -> 15714.286 | Z15: ='23'!K14 -> 15714.286 | AA15: ='24'!K14 -> 15714.286 | AB15: ='25'!K14 -> 15714.286 | AC15: ='26'!K14 -> 15714.286 | AD15: ='27'!K14 -> 15714.286 | AE15: ='28'!K14 -> 15714.286 | AF15: ='29'!K14 -> 15714.286 | AG15: ='30'!K15 -> 16285.714 | AH15: ='31'!K15 -> 15714.286 | AJ15: =AH15-D15 -> -428.57143 | AK15: =AVERAGE(D15:AH15) -> 15834.101
A16: 3 | B16: MINYAK GORENG | D16: ='1'!K15 | E16: ='2'!K15 | F16: ='3'!K15 | G16: ='4'!K15 | H16: ='5'!K15 | I16: ='6'!K15 | J16: ='7'!K15 | K16: ='8'!K15 | L16: ='9'!K15 | M16: ='10'!K15 | N16: ='11'!K15 | O16: ='12'!K15 | P16: ='13'!K15 | Q16: ='14'!K15 | R16: ='15'!K15 | S16: ='16'!K15 | T16: ='17'!K15 | U16: ='18'!K15 | V16: ='19'!K15 | W16: ='20'!K15 | X16: ='21'!K15 | Y16: ='22'!K15 | Z16: ='23'!K15 | AA16: ='24'!K15 | AB16: ='25'!K15 | AC16: ='26'!K15 | AD16: ='27'!K15 | AE16: ='28'!K15 | AF16: ='29'!K15 | AG16: ='30'!K16 | AH16: ='31'!K16 | AJ16: =AH16-D16 -> 0 | AK16: =AVERAGE(D16:AH16) -> #DIV/0!
B17: - Minyak Goreng Curah (Bening) | C17: Kg | D17: ='1'!K16 -> 15428.571 | E17: ='2'!K16 -> 15428.571 | F17: ='3'!K16 -> 15428.571 | G17: ='4'!K16 -> 15428.571 | H17: ='5'!K16 -> 15285.714 | I17: ='6'!K16 -> 15285.714 | J17: ='7'!K16 -> 15571.429 | K17: ='8'!K16 -> 15714.286 | L17: ='9'!K16 -> 15833.333 | M17: ='10'!K16 -> 15833.333 | N17: ='11'!K16 -> 15833.333 | O17: ='12'!K16 -> 15833.333 | P17: ='13'!K16 -> 15833.333 | Q17: ='14'!K16 -> 16000 | R17: ='15'!K16 -> 16000 | S17: ='16'!K16 -> 16000 | T17: ='17'!K16 -> 15833.333 | U17: ='18'!K16 -> 15833.333 | V17: ='19'!K16 -> 15833.333 | W17: ='20'!K16 -> 15857.143 | X17: ='21'!K16 -> 15857.143 | Y17: ='22'!K16 -> 15833.333 | Z17: ='23'!K16 -> 15857.143 | AA17: ='24'!K16 -> 15857.143 | AB17: ='25'!K16 -> 15857.143 | AC17: ='26'!K16 -> 15857.143 | AD17: ='27'!K16 -> 15785.714 | AE17: ='28'!K16 -> 15785.714 | AF17: ='29'!K16 -> 15785.714 | AG17: ='30'!K17 -> 15357.143 | AH17: ='31'!K17 -> 15785.714 | AI17: 15500 | AJ17: =AH17-D17 -> 357.14286 | AK17: =AVERAGE(D17:AH17) -> 15732.719
B18: - Minyak Kita | C18: Liter | D18: ='1'!K17 -> 14000 | E18: ='2'!K17 -> 14000 | F18: ='3'!K17 -> 14000 | G18: ='4'!K17 -> 14000 | H18: ='5'!K17 -> 14000 | I18: ='6'!K17 -> 14000 | J18: ='7'!K17 -> 14000 | K18: ='8'!K17 -> 14000 | L18: ='9'!K17 -> 14333.333 | M18: ='10'!K17 -> 14333.333 | N18: ='11'!K17 -> 14333.333 | O18: ='12'!K17 -> 14333.333 | P18: ='13'!K17 -> 14333.333 | Q18: ='14'!K17 -> 14333.333 | R18: ='15'!K17 -> 14333.333 | S18: ='16'!K17 -> 14333.333 | T18: ='17'!K17 -> 14333.333 | U18: ='18'!K17 -> 14333.333 | V18: ='19'!K17 -> 14333.333 | W18: ='20'!K17 -> 14000 | X18: ='21'!K17 -> 14000 | Y18: ='22'!K17 -> 14333.333 | Z18: ='23'!K17 -> 14000 | AA18: ='24'!K17 -> 14000 | AB18: ='25'!K17 -> 14000 | AC18: ='26'!K17 -> 14000 | AD18: ='27'!K17 -> 14000 | AE18: ='28'!K17 -> 14000 | AF18: ='29'!K17 -> 14000 | AG18: ='30'!K18 -> 14000 | AH18: ='31'!K18 -> 14000 | AI18: 14000 | AJ18: =AH18-D18 -> 0 | AK18: =AVERAGE(D18:AH18) -> 14129.032
A19: 4 | B19: MENTEGA | D19: ='1'!K18 | E19: ='2'!K18 | F19: ='3'!K18 | G19: ='4'!K18 | H19: ='5'!K18 | I19: ='6'!K18 | J19: ='7'!K18 | K19: ='8'!K18 | L19: ='9'!K18 | M19: ='10'!K18 | N19: ='11'!K18 | O19: ='12'!K18 | P19: ='13'!K18 | Q19: ='14'!K18 | R19: ='15'!K18 | S19: ='16'!K18 | T19: ='17'!K18 | U19: ='18'!K18 | V19: ='19'!K18 | W19: ='20'!K18 | X19: ='21'!K18 | Y19: ='22'!K18 | Z19: ='23'!K18 | AA19: ='24'!K18 | AB19: ='25'!K18 | AC19: ='26'!K18 | AD19: ='27'!K18 | AE19: ='28'!K18 | AF19: ='29'!K18 | AG19: ='30'!K19 | AH19: ='31'!K19 | AJ19: =AH19-D19 -> 0 | AK19: =AVERAGE(D19:AH19) -> #DIV/0!
B20: - Mentega Curah (Amanda) | C20: Kg | D20: ='1'!K19 -> 19000 | E20: ='2'!K19 -> 19000 | F20: ='3'!K19 -> 19000 | G20: ='4'!K19 -> 19000 | H20: ='5'!K19 -> 19000 | I20: ='6'!K19 -> 19000 | J20: ='7'!K19 -> 19000 | K20: ='8'!K19 -> 19000 | L20: ='9'!K19 -> 21750 | M20: ='10'!K19 -> 21750 | N20: ='11'!K19 -> 21750 | O20: ='12'!K19 -> 21750 | P20: ='13'!K19 -> 21750 | Q20: ='14'!K19 -> 21250 | R20: ='15'!K19 -> 21250 | S20: ='16'!K19 -> 21250 | T20: ='17'!K19 -> 21250 | U20: ='18'!K19 -> 21250 | V20: ='19'!K19 -> 21250 | W20: ='20'!K19 -> 21250 | X20: ='21'!K19 -> 21250 | Y20: ='22'!K19 -> 21250 | Z20: ='23'!K19 -> 21250 | AA20: ='24'!K19 -> 21250 | AB20: ='25'!K19 -> 21250 | AC20: ='26'!K19 -> 21250 | AD20: ='27'!K19 -> 21250 | AE20: ='28'!K19 -> 21250 | AF20: ='29'!K19 -> 21250 | AG20: ='30'!K20 -> 22500 | AH20: ='31'!K20 -> 21250 | AJ20: =AH20-D20 -> 2250 | AK20: =AVERAGE(D20:AH20) -> 20790.323
A21: 5 | B21: DAGING | D21: ='1'!K20 | E21: ='2'!K20 | F21: ='3'!K20 | G21: ='4'!K20 | H21: ='5'!K20 | I21: ='6'!K20 | J21: ='7'!K20 | K21: ='8'!K20 | L21: ='9'!K20 | M21: ='10'!K20 | N21: ='11'!K20 | O21: ='12'!K20 | P21: ='13'!K20 | Q21: ='14'!K20 | R21: ='15'!K20 | S21: ='16'!K20 | T21: ='17'!K20 | U21: ='18'!K20 | V21: ='19'!K20 | W21: ='20'!K20 | X21: ='21'!K20 | Y21: ='22'!K20 | Z21: ='23'!K20 | AA21: ='24'!K20 | AB21: ='25'!K20 | AC21: ='26'!K20 | AD21: ='27'!K20 | AE21: ='28'!K20 | AF21: ='29'!K20 | AG21: ='30'!K21 | AH21: ='31'!K21 | AJ21: =AH21-D21 -> 0 | AK21: =AVERAGE(D21:AH21) -> #DIV/0!
B22: - Daging Sapi Grade Atas | C22: Kg | D22: ='1'!K21 -> 118142.86 | E22: ='2'!K21 -> 118142.86 | F22: ='3'!K21 -> 118142.86 | G22: ='4'!K21 -> 118142.86 | H22: ='5'!K21 -> 118142.86 | I22: ='6'!K21 -> 118142.86 | J22: ='7'!K21 -> 118142.86 | K22: ='8'!K21 -> 118142.86 | L22: ='9'!K21 -> 118142.86 | M22: ='10'!K21 -> 118142.86 | N22: ='11'!K21 -> 118142.86 | O22: ='12'!K21 -> 118142.86 | P22: ='13'!K21 -> 118142.86 | Q22: ='14'!K21 -> 118142.86 | R22: ='15'!K21 -> 118142.86 | S22: ='16'!K21 -> 118142.86 | T22: ='17'!K21 -> 118142.86 | U22: ='18'!K21 -> 118142.86 | V22: ='19'!K21 -> 118571.43 | W22: ='20'!K21 -> 118571.43 | X22: ='21'!K21 -> 118142.86 | Y22: ='22'!K21 -> 118142.86 | Z22: ='23'!K21 -> 118142.86 | AA22: ='24'!K21 -> 118142.86 | AB22: ='25'!K21 -> 118571.43 | AC22: ='26'!K21 -> 118571.43 | AD22: ='27'!K21 -> 118571.43 | AE22: ='28'!K21 -> 118571.43 | AF22: ='29'!K21 -> 118571.43 | AG22: ='30'!K22 -> 122857.14 | AH22: ='31'!K22 -> 118571.43 | AI22: 105000 | AJ22: =AH22-D22 -> 428.57143 | AK22: =AVERAGE(D22:AH22) -> 118405.53
B23: - Daging Sapi Grade Sedang | C23: Kg | D23: ='1'!K22 -> 109857.14 | E23: ='2'!K22 -> 109857.14 | F23: ='3'!K22 -> 109857.14 | G23: ='4'!K22 -> 109857.14 | H23: ='5'!K22 -> 109857.14 | I23: ='6'!K22 -> 109857.14 | J23: ='7'!K22 -> 109142.86 | K23: ='8'!K22 -> 109142.86 | L23: ='9'!K22 -> 109142.86 | M23: ='10'!K22 -> 109142.86 | N23: ='11'!K22 -> 109142.86 | O23: ='12'!K22 -> 109142.86 | P23: ='13'!K22 -> 109142.86 | Q23: ='14'!K22 -> 109142.86 | R23: ='15'!K22 -> 109142.86 | S23: ='16'!K22 -> 109142.86 | T23: ='17'!K22 -> 109142.86 | U23: ='18'!K22 -> 109142.86 | V23: ='19'!K22 -> 109142.86 | W23: ='20'!K22 -> 109142.86 | X23: ='21'!K22 -> 109142.86 | Y23: ='22'!K22 -> 109142.86 | Z23: ='23'!K22 -> 109142.86 | AA23: ='24'!K22 -> 109142.86 | AB23: ='25'!K22 -> 109142.86 | AC23: ='26'!K22 -> 109142.86 | AD23: ='27'!K22 -> 109142.86 | AE23: ='28'!K22 -> 109142.86 | AF23: ='29'!K22 -> 109142.86 | AG23: ='30'!K23 -> 114142.86 | AH23: ='31'!K23 -> 109142.86 | AI23: 80000 | AJ23: =AH23-D23 -> -714.28571 | AK23: =AVERAGE(D23:AH23) -> 109442.4
B24: - Daging Sapi Grade Bawah | C24: Kg | D24: ='1'!K23 -> 100000 | E24: ='2'!K23 -> 100000 | F24: ='3'!K23 -> 100000 | G24: ='4'!K23 -> 100000 | H24: ='5'!K23 -> 100000 | I24: ='6'!K23 -> 100000 | J24: ='7'!K23 -> 99166.667 | K24: ='8'!K23 -> 99166.667 | L24: ='9'!K23 -> 99166.667 | M24: ='10'!K23 -> 99166.667 | N24: ='11'!K23 -> 99166.667 | O24: ='12'!K23 -> 99166.667 | P24: ='13'!K23 -> 99166.667 | Q24: ='14'!K23 -> 99166.667 | R24: ='15'!K23 -> 99166.667 | S24: ='16'!K23 -> 99166.667 | T24: ='17'!K23 -> 99166.667 | U24: ='18'!K23 -> 99166.667 | V24: ='19'!K23 -> 99166.667 | W24: ='20'!K23 -> 99166.667 | X24: ='21'!K23 -> 99166.667 | Y24: ='22'!K23 -> 99166.667 | Z24: ='23'!K23 -> 99166.667 | AA24: ='24'!K23 -> 99166.667 | AB24: ='25'!K23 -> 99166.667 | AC24: ='26'!K23 -> 99166.667 | AD24: ='27'!K23 -> 99166.667 | AE24: ='28'!K23 -> 99166.667 | AF24: ='29'!K23 -> 99166.667 | AG24: ='30'!K24 -> 105000 | AH24: ='31'!K24 -> 99166.667 | AI24: 80000 | AJ24: =AH24-D24 -> -833.33333 | AK24: =AVERAGE(D24:AH24) -> 99516.129
B25: - Daging Ayam Broiler | C25: Kg | D25: ='1'!K24 -> 30857.143 | E25: ='2'!K24 -> 30857.143 | F25: ='3'!K24 -> 30571.429 | G25: ='4'!K24 -> 30571.429 | H25: ='5'!K24 -> 30857.143 | I25: ='6'!K24 -> 30285.714 | J25: ='7'!K24 -> 30000 | K25: ='8'!K24 -> 30285.714 | L25: ='9'!K24 -> 30857.143 | M25: ='10'!K24 -> 31000 | N25: ='11'!K24 -> 31285.714 | O25: ='12'!K24 -> 31571.429 | P25: ='13'!K24 -> 31571.429 | Q25: ='14'!K24 -> 31714.286 | R25: ='15'!K24 -> 32000 | S25: ='16'!K24 -> 32285.714 | T25: ='17'!K24 -> 33428.571 | U25: ='18'!K24 -> 33428.571 | V25: ='19'!K24 -> 33285.714 | W25: ='20'!K24 -> 33428.571 | X25: ='21'!K24 -> 33428.571 | Y25: ='22'!K24 -> 33571.429 | Z25: ='23'!K24 -> 33285.714 | AA25: ='24'!K24 -> 33000 | AB25: ='25'!K24 -> 32714.286 | AC25: ='26'!K24 -> 32714.286 | AD25: ='27'!K24 -> 32571.429 | AE25: ='28'!K24 -> 31571.429 | AF25: ='29'!K24 -> 31571.429 | AG25: ='30'!K25 -> 36571.429 | AH25: ='31'!K25 -> 30857.143 | AI25: 36750 | AJ25: =AH25-D25 -> 0 | AK25: =AVERAGE(D25:AH25) -> 32000
A26: 6 | B26: I K A N | D26: ='1'!K25 | E26: ='2'!K25 | F26: ='3'!K25 | G26: ='4'!K25 | H26: ='5'!K25 | I26: ='6'!K25 | J26: ='7'!K25 | K26: ='8'!K25 | L26: ='9'!K25 | M26: ='10'!K25 | N26: ='11'!K25 | O26: ='12'!K25 | P26: ='13'!K25 | Q26: ='14'!K25 | R26: ='15'!K25 | S26: ='16'!K25 | T26: ='17'!K25 | U26: ='18'!K25 | V26: ='19'!K25 | W26: ='20'!K25 | X26: ='21'!K25 | Y26: ='22'!K25 | Z26: ='23'!K25 | AA26: ='24'!K25 | AB26: ='25'!K25 | AC26: ='26'!K25 | AD26: ='27'!K25 | AE26: ='28'!K25 | AF26: ='29'!K25 | AG26: ='30'!K26 | AH26: ='31'!K26 | AJ26: =AH26-D26 -> 0 | AK26: =AVERAGE(D26:AH26) -> #DIV/0!
B27: - Ikan Tongkol Segar (Uk. Sedang) | C27: Kg | D27: ='1'!K26 -> 37500 | E27: ='2'!K26 -> 37500 | F27: ='3'!K26 -> 37500 | G27: ='4'!K26 -> 37500 | H27: ='5'!K26 -> 37500 | I27: ='6'!K26 -> 37500 | J27: ='7'!K26 -> 37166.667 | K27: ='8'!K26 -> 36666.667 | L27: ='9'!K26 -> 37500 | M27: ='10'!K26 -> 37500 | N27: ='11'!K26 -> 37500 | O27: ='12'!K26 -> 37500 | P27: ='13'!K26 -> 37500 | Q27: ='14'!K26 -> 37500 | R27: ='15'!K26 -> 37500 | S27: ='16'!K26 -> 38333.333 | T27: ='17'!K26 -> 37500 | U27: ='18'!K26 -> 37500 | V27: ='19'!K26 -> 37500 | W27: ='20'!K26 -> 37500 | X27: ='21'!K26 -> 36833.333 | Y27: ='22'!K26 -> 36833.333 | Z27: ='23'!K26 -> 36833.333 | AA27: ='24'!K26 -> 36833.333 | AB27: ='25'!K26 -> 37666.667 | AC27: ='26'!K26 -> 37666.667 | AD27: ='27'!K26 -> 37333.333 | AE27: ='28'!K26 -> 37333.333 | AF27: ='29'!K26 -> 37333.333 | AG27: ='30'!K27 -> 35714.286 | AH27: ='31'!K27 -> 37333.333 | AJ27: =AH27-D27 -> -166.66667 | AK27: =AVERAGE(D27:AH27) -> 37334.869
B28: - Ikan Mujair Segar (Uk. Sedang) | C28: Kg | D28: ='1'!K27 -> 28500 | E28: ='2'!K27 -> 28500 | F28: ='3'!K27 -> 28500 | G28: ='4'!K27 -> 28500 | H28: ='5'!K27 -> 28500 | I28: ='6'!K27 -> 28500 | J28: ='7'!K27 -> 28500 | K28: ='8'!K27 -> 28500 | L28: ='9'!K27 -> 29428.571 | M28: ='10'!K27 -> 29428.571 | N28: ='11'!K27 -> 29428.571 | O28: ='12'!K27 -> 29428.571 | P28: ='13'!K27 -> 29428.571 | Q28: ='14'!K27 -> 29142.857 | R28: ='15'!K27 -> 29142.857 | S28: ='16'!K27 -> 29142.857 | T28: ='17'!K27 -> 28857.143 | U28: ='18'!K27 -> 28857.143 | V28: ='19'!K27 -> 28857.143 | W28: ='20'!K27 -> 28857.143 | X28: ='21'!K27 -> 28857.143 | Y28: ='22'!K27 -> 28857.143 | Z28: ='23'!K27 -> 28857.143 | AA28: ='24'!K27 -> 29428.571 | AB28: ='25'!K27 -> 29714.286 | AC28: ='26'!K27 -> 29714.286 | AD28: ='27'!K27 -> 29428.571 | AE28: ='28'!K27 -> 29428.571 | AF28: ='29'!K27 -> 29428.571 | AG28: ='30'!K28 -> 31428.571 | AH28: ='31'!K28 -> 28857.143 | AJ28: =AH28-D28 -> 357.14286 | AK28: =AVERAGE(D28:AH28) -> 29096.774
B29: - Udang Segar (Uk. Sedang) | C29: Kg | D29: ='1'!K28 -> 67166.667 | E29: ='2'!K28 -> 67166.667 | F29: ='3'!K28 -> 67166.667 | G29: ='4'!K28 -> 67166.667 | H29: ='5'!K28 -> 66333.333 | I29: ='6'!K28 -> 66333.333 | J29: ='7'!K28 -> 67166.667 | K29: ='8'!K28 -> 66166.667 | L29: ='9'!K28 -> 65428.571 | M29: ='10'!K28 -> 65428.571 | N29: ='11'!K28 -> 65428.571 | O29: ='12'!K28 -> 65428.571 | P29: ='13'!K28 -> 65428.571 | Q29: ='14'!K28 -> 65428.571 | R29: ='15'!K28 -> 64000 | S29: ='16'!K28 -> 64000 | T29: ='17'!K28 -> 64000 | U29: ='18'!K28 -> 64000 | V29: ='19'!K28 -> 64000 | W29: ='20'!K28 -> 64000 | X29: ='21'!K28 -> 64000 | Y29: ='22'!K28 -> 64000 | Z29: ='23'!K28 -> 64000 | AA29: ='24'!K28 -> 63000 | AB29: ='25'!K28 -> 63000 | AC29: ='26'!K28 -> 63000 | AD29: ='27'!K28 -> 63285.714 | AE29: ='28'!K28 -> 63285.714 | AF29: ='29'!K28 -> 63285.714 | AG29: ='30'!K29 -> 67142.857 | AH29: ='31'!K29 -> 64000 | AJ29: =AH29-D29 -> -3166.6667 | AK29: =AVERAGE(D29:AH29) -> 64943.164
B30: - Ikan Lele Segar (Ukuran Sedang) | C30: Kg | D30: ='1'!K29 -> 24333.333 | E30: ='2'!K29 -> 24333.333 | F30: ='3'!K29 -> 24333.333 | G30: ='4'!K29 -> 24333.333 | H30: ='5'!K29 -> 24333.333 | I30: ='6'!K29 -> 24333.333 | J30: ='7'!K29 -> 24333.333 | K30: ='8'!K29 -> 24333.333 | L30: ='9'!K29 -> 24600 | M30: ='10'!K29 -> 24600 | N30: ='11'!K29 -> 24600 | O30: ='12'!K29 -> 24600 | P30: ='13'!K29 -> 24600 | Q30: ='14'!K29 -> 24600 | R30: ='15'!K29 -> 24600 | S30: ='16'!K29 -> 24600 | T30: ='17'!K29 -> 24600 | U30: ='18'!K29 -> 24600 | V30: ='19'!K29 -> 24600 | W30: ='20'!K29 -> 24600 | X30: ='21'!K29 -> 24600 | Y30: ='22'!K29 -> 24600 | Z30: ='23'!K29 -> 24600 | AA30: ='24'!K29 -> 24600 | AB30: ='25'!K29 -> 24600 | AC30: ='26'!K29 -> 24600 | AD30: ='27'!K29 -> 24600 | AE30: ='28'!K29 -> 24600 | AF30: ='29'!K29 -> 24600 | AG30: ='30'!K30 -> 24600 | AH30: ='31'!K30 -> 24600 | AJ30: =AH30-D30 -> 266.66667 | AK30: =AVERAGE(D30:AH30) -> 24531.183
B31: - Ikan Bandeng Segar (Uk. Sedang) | C31: Kg | D31: ='1'!K30 -> 37142.857 | E31: ='2'!K30 -> 37142.857 | F31: ='3'!K30 -> 37142.857 | G31: ='4'!K30 -> 37142.857 | H31: ='5'!K30 -> 37142.857 | I31: ='6'!K30 -> 37142.857 | J31: ='7'!K30 -> 37714.286 | K31: ='8'!K30 -> 37714.286 | L31: ='9'!K30 -> 38142.857 | M31: ='10'!K30 -> 38142.857 | N31: ='11'!K30 -> 38142.857 | O31: ='12'!K30 -> 38142.857 | P31: ='13'!K30 -> 38142.857 | Q31: ='14'!K30 -> 38142.857 | R31: ='15'!K30 -> 38714.286 | S31: ='16'!K30 -> 38714.286 | T31: ='17'!K30 -> 38857.143 | U31: ='18'!K30 -> 38857.143 | V31: ='19'!K30 -> 38857.143 | W31: ='20'!K30 -> 38857.143 | X31: ='21'!K30 -> 38857.143 | Y31: ='22'!K30 -> 38857.143 | Z31: ='23'!K30 -> 38857.143 | AA31: ='24'!K30 -> 37857.143 | AB31: ='25'!K30 -> 37857.143 | AC31: ='26'!K30 -> 37857.143 | AD31: ='27'!K30 -> 38714.286 | AE31: ='28'!K30 -> 38714.286 | AF31: ='29'!K30 -> 38714.286 | AG31: ='30'!K31 -> 38428.571 | AH31: ='31'!K31 -> 38857.143 | AJ31: =AH31-D31 -> 1714.2857 | AK31: =AVERAGE(D31:AH31) -> 38179.724
B32: - Ikan Teri Asin (Bukan Teri Medan) | C32: Kg | D32: ='1'!K31 -> 85000 | E32: ='2'!K31 -> 85000 | F32: ='3'!K31 -> 85000 | G32: ='4'!K31 -> 85000 | H32: ='5'!K31 -> 85000 | I32: ='6'!K31 -> 85000 | J32: ='7'!K31 -> 85000 | K32: ='8'!K31 -> 85000 | L32: ='9'!K31 -> 96666.667 | M32: ='10'!K31 -> 96666.667 | N32: ='11'!K31 -> 96666.667 | O32: ='12'!K31 -> 96666.667 | P32: ='13'!K31 -> 96666.667 | Q32: ='14'!K31 -> 96666.667 | R32: ='15'!K31 -> 96666.667 | S32: ='16'!K31 -> 96666.667 | T32: ='17'!K31 -> 96666.667 | U32: ='18'!K31 -> 96666.667 | V32: ='19'!K31 -> 96666.667 | W32: ='20'!K31 -> 96666.667 | X32: ='21'!K31 -> 96666.667 | Y32: ='22'!K31 -> 96666.667 | Z32: ='23'!K31 -> 96666.667 | AA32: ='24'!K31 -> 96666.667 | AB32: ='25'!K31 -> 96666.667 | AC32: ='26'!K31 -> 96666.667 | AD32: ='27'!K31 -> 96666.667 | AE32: ='28'!K31 -> 96666.667 | AF32: ='29'!K31 -> 96666.667 | AG32: ='30'!K32 -> 103333.33 | AH32: ='31'!K32 -> 96666.667 | AJ32: =AH32-D32 -> 11666.667 | AK32: =AVERAGE(D32:AH32) -> 93870.968
A33: 7 | B33: TELUR | D33: ='1'!K32 | E33: ='2'!K32 | F33: ='3'!K32 | G33: ='4'!K32 | H33: ='5'!K32 | I33: ='6'!K32 | J33: ='7'!K32 | K33: ='8'!K32 | L33: ='9'!K32 | M33: ='10'!K32 | N33: ='11'!K32 | O33: ='12'!K32 | P33: ='13'!K32 | Q33: ='14'!K32 | R33: ='15'!K32 | S33: ='16'!K32 | T33: ='17'!K32 | U33: ='18'!K32 | V33: ='19'!K32 | W33: ='20'!K32 | X33: ='21'!K32 | Y33: ='22'!K32 | Z33: ='23'!K32 | AA33: ='24'!K32 | AB33: ='25'!K32 | AC33: ='26'!K32 | AD33: ='27'!K32 | AE33: ='28'!K32 | AF33: ='29'!K32 | AG33: ='30'!K33 | AH33: ='31'!K33 | AJ33: =AH33-D33 -> 0 | AK33: =AVERAGE(D33:AH33) -> #DIV/0!
B34: - Telur Ayam Broiler | C34: Kg | D34: ='1'!K33 -> 25571.429 | E34: ='2'!K33 -> 25571.429 | F34: ='3'!K33 -> 25571.429 | G34: ='4'!K33 -> 25428.571 | H34: ='5'!K33 -> 25428.571 | I34: ='6'!K33 -> 25857.143 | J34: ='7'!K33 -> 26000 | K34: ='8'!K33 -> 26428.571 | L34: ='9'!K33 -> 27071.429 | M34: ='10'!K33 -> 27071.429 | N34: ='11'!K33 -> 27071.429 | O34: ='12'!K33 -> 27000 | P34: ='13'!K33 -> 27357.143 | Q34: ='14'!K33 -> 27571.429 | R34: ='15'!K33 -> 28142.857 | S34: ='16'!K33 -> 29000 | T34: ='17'!K33 -> 29142.857 | U34: ='18'!K33 -> 29285.714 | V34: ='19'!K33 -> 29428.571 | W34: ='20'!K33 -> 29428.571 | X34: ='21'!K33 -> 29428.571 | Y34: ='22'!K33 -> 29571.429 | Z34: ='23'!K33 -> 29571.429 | AA34: ='24'!K33 -> 29714.286 | AB34: ='25'!K33 -> 29571.429 | AC34: ='26'!K33 -> 29571.429 | AD34: ='27'!K33 -> 29357.143 | AE34: ='28'!K33 -> 29357.143 | AF34: ='29'!K33 -> 29357.143 | AG34: ='30'!K34 -> 27142.857 | AH34: ='31'!K34 -> 28785.714 | AI34: 27000 | AJ34: =AH34-D34 -> 3214.2857 | AK34: =AVERAGE(D34:AH34) -> 27898.618
B35: - Telur Ayam Kampung | C35: Butir | D35: ='1'!K34 -> 2357.1429 | E35: ='2'!K34 -> 2357.1429 | F35: ='3'!K34 -> 2357.1429 | G35: ='4'!K34 -> 2357.1429 | H35: ='5'!K34 -> 2357.1429 | I35: ='6'!K34 -> 2357.1429 | J35: ='7'!K34 -> 2357.1429 | K35: ='8'!K34 -> 2314.2857 | L35: ='9'!K34 -> 2385.7143 | M35: ='10'!K34 -> 2385.7143 | N35: ='11'!K34 -> 2385.7143 | O35: ='12'!K34 -> 2385.7143 | P35: ='13'!K34 -> 2385.7143 | Q35: ='14'!K34 -> 2385.7143 | R35: ='15'!K34 -> 2385.7143 | S35: ='16'!K34 -> 2385.7143 | T35: ='17'!K34 -> 2385.7143 | U35: ='18'!K34 -> 2385.7143 | V35: ='19'!K34 -> 2428.5714 | W35: ='20'!K34 -> 2428.5714 | X35: ='21'!K34 -> 2428.5714 | Y35: ='22'!K34 -> 2428.5714 | Z35: ='23'!K34 -> 2428.5714 | AA35: ='24'!K34 -> 2428.5714 | AB35: ='25'!K34 -> 2500 | AC35: ='26'!K34 -> 2500 | AD35: ='27'!K34 -> 2500 | AE35: ='28'!K34 -> 2500 | AF35: ='29'!K34 -> 2500 | AG35: ='30'!K35 -> 2385.7143 | AH35: ='31'!K35 -> 2500 | AJ35: =AH35-D35 -> 142.85714 | AK35: =AVERAGE(D35:AH35) -> 2407.3733
A36: 8 | B36: TAHU | I36: ='6'!K35 | J36: ='7'!K35 | K36: ='8'!K35 | L36: ='9'!K35 | M36: ='10'!K35 | N36: ='11'!K35 | O36: ='12'!K35 | P36: ='13'!K35 | Q36: ='14'!K35 | R36: ='15'!K35 | S36: ='16'!K35 | T36: ='17'!K35 | U36: ='18'!K35 | V36: ='19'!K35 | W36: ='20'!K35 | X36: ='21'!K35 | Y36: ='22'!K35 | Z36: ='23'!K35 | AA36: ='24'!K35 | AB36: ='25'!K35 | AC36: ='26'!K35 | AD36: ='27'!K35 | AE36: ='28'!K35 | AF36: ='29'!K35 | AG36: ='30'!K36 | AH36: ='31'!K36 | AK36: =AVERAGE(D36:AH36) -> #DIV/0!
B37: - Tahu biasa | C37: Kg | AF37: ='29'!K36 -> 11142.857 | AG37: ='30'!K37 -> 11142.857 | AH37: ='31'!K37 -> 11142.857 | AK37: =AVERAGE(D37:AH37) -> 11142.857
B38: - Tahu susu | C38: Kg | AF38: ='29'!K37 -> 12200 | AG38: ='30'!K38 -> 12400 | AH38: ='31'!K38 -> 12200 | AK38: =AVERAGE(D38:AH38) -> 12266.667
A39: 9 | B39: TEMPE | AF39: ='29'!K38 | AG39: ='30'!K39 | AH39: ='31'!K39 | AK39: =AVERAGE(D39:AH39) -> #DIV/0!
B40: - Tempe Kw I (campuran kedelai) | C40: Kg | AF40: ='29'!K39 -> 15600 | AG40: ='30'!K40 -> 15600 | AH40: ='31'!K40 -> 15600 | AK40: =AVERAGE(D40:AH40) -> 15600
B41: - Tempe Kw II (campuran jagung) | C41: Kg | AF41: ='29'!K40 -> 6833.3333 | AG41: ='30'!K41 -> 6833.3333 | AH41: ='31'!K41 -> 6833.3333 | AK41: =AVERAGE(D41:AH41) -> 6833.3333
B42: - Tempe Kw III (campuran kulit) | C42: Kg | AF42: ='29'!K41 -> 2000 | AG42: ='30'!K42 -> 2000 | AH42: ='31'!K42 -> 2000 | AK42: =AVERAGE(D42:AH42) -> 2000
A43: 10 | B43: S U S U | AF43: ='29'!K42 | AG43: ='30'!K43 | AH43: ='31'!K43 | AK43: =AVERAGE(D43:AH43) -> #DIV/0!
B44: - Susu Kental Manis "INDOMILK" Putih | C44: 390 Gr/Klg | D44: ='1'!K39 -> 11416.667 | E44: ='2'!K39 -> 11416.667 | F44: ='3'!K39 -> 11416.667 | G44: ='4'!K39 -> 11416.667 | H44: ='5'!K39 -> 11416.667 | I44: ='6'!K39 -> 11416.667 | J44: ='7'!K39 -> 11416.667 | K44: ='8'!K39 -> 11416.667 | L44: ='9'!K43 -> 11916.667 | M44: ='10'!K43 -> 11916.667 | N44: ='11'!K43 -> 11916.667 | O44: ='12'!K43 -> 11916.667 | P44: ='13'!K43 -> 11916.667 | Q44: ='14'!K43 -> 11916.667 | R44: ='15'!K43 -> 12333.333 | S44: ='16'!K43 -> 12333.333 | T44: ='17'!K43 -> 12333.333 | U44: ='17'!K43 -> 12333.333 | V44: ='19'!K43 -> 12333.333 | W44: ='20'!K43 -> 12333.333 | X44: ='21'!K43 -> 12333.333 | Y44: ='22'!K43 -> 12333.333 | Z44: ='23'!K43 -> 12333.333 | AA44: ='24'!K46 -> 19250 | AB44: ='25'!K43 -> 12333.333 | AC44: ='26'!K43 -> 12333.333 | AD44: ='27'!K43 -> 12333.333 | AE44: ='28'!K43 -> 12333.333 | AF44: ='29'!K43 -> 12333.333 | AG44: ='30'!K44 -> 12333.333 | AH44: ='31'!K44 -> 12333.333 | AJ44: =AH44-D44 -> 916.66667 | AK44: =AVERAGE(D44:AH44) -> 12239.247
B45: - Susu Kental Manis "BENDERA" Putih | C45: 390 Gr/klg | D45: ='1'!K40 -> 40200 | E45: ='2'!K40 -> 40200 | F45: ='3'!K40 -> 40200 | G45: ='4'!K40 -> 40200 | H45: ='5'!K40 -> 40200 | I45: ='6'!K40 -> 40200 | J45: ='7'!K40 -> 40200 | K45: ='8'!K40 -> 40200 | L45: ='9'!K44 -> 40200 | M45: ='10'!K44 -> 40200 | N45: ='11'!K44 -> 40200 | O45: ='12'!K44 -> 40200 | P45: ='13'!K44 -> 40200 | Q45: ='14'!K44 -> 40200 | R45: ='15'!K44 -> 40200 | S45: ='16'!K44 -> 40200 | T45: ='17'!K44 -> 40200 | U45: ='17'!K44 -> 40200 | V45: ='19'!K44 -> 40200 | W45: ='20'!K44 -> 40200 | X45: ='21'!K44 -> 40200 | Y45: ='22'!K44 -> 40200 | Z45: ='23'!K44 -> 40200 | AA45: ='24'!K47 -> 2000 | AB45: ='25'!K44 -> 12500 | AC45: ='26'!K44 -> 12500 | AD45: ='27'!K44 -> 12500 | AE45: ='28'!K44 -> 12500 | AF45: ='29'!K44 -> 12500 | AG45: ='30'!K45 -> 12500 | AH45: ='31'!K45 -> 12500 | AJ45: =AH45-D45 -> -27700 | AK45: =AVERAGE(D45:AH45) -> 32712.903
A46: 11 | B46: SABUN CUCI | D46: ='1'!K41 | E46: ='2'!K41 | F46: ='3'!K41 | G46: ='4'!K41 | H46: ='5'!K41 | I46: ='6'!K41 | J46: ='7'!K41 | K46: ='8'!K41 | L46: ='9'!K45 | M46: ='10'!K45 | N46: ='11'!K45 | O46: ='12'!K45 | P46: ='13'!K45 | Q46: ='14'!K45 | R46: ='15'!K45 | S46: ='16'!K45 | T46: ='17'!K45 | U46: ='17'!K45 | V46: ='19'!K45 | W46: ='20'!K45 | X46: ='21'!K45 | Y46: ='22'!K45 | Z46: ='23'!K45 | AA46: ='24'!K48 | AB46: ='25'!K45 | AC46: ='26'!K45 | AD46: ='27'!K45 | AE46: ='28'!K45 | AF46: ='29'!K45 | AG46: ='30'!K46 | AH46: ='31'!K46 | AJ46: =AH46-D46 -> 0 | AK46: =AVERAGE(D46:AH46) -> #DIV/0!
B47: - Sabun Detergen Rinso (Anti Noda) | C47: 900 Gram | D47: ='1'!K42 -> 18666.667 | E47: ='2'!K42 -> 18666.667 | F47: ='3'!K42 -> 18666.667 | G47: ='4'!K42 -> 18666.667 | H47: ='5'!K42 -> 18666.667 | I47: ='6'!K42 -> 18666.667 | J47: ='7'!K42 -> 18666.667 | K47: ='8'!K42 -> 18666.667 | L47: ='9'!K46 -> 18666.667 | M47: ='10'!K46 -> 18666.667 | N47: ='11'!K46 -> 18666.667 | O47: ='12'!K46 -> 18666.667 | P47: ='13'!K46 -> 18666.667 | Q47: ='14'!K46 -> 18666.667 | R47: ='15'!K46 -> 18666.667 | S47: ='16'!K46 -> 18666.667 | T47: ='17'!K46 -> 18666.667 | U47: ='17'!K46 -> 18666.667 | V47: ='19'!K46 -> 18666.667 | W47: ='20'!K46 -> 18666.667 | X47: ='21'!K46 -> 18666.667 | Y47: ='22'!K46 -> 18666.667 | Z47: ='23'!K46 -> 18666.667 | AA47: ='24'!K49 -> 9285.7143 | AB47: ='25'!K46 -> 17500 | AC47: ='26'!K46 -> 17500 | AD47: ='27'!K46 -> 17500 | AE47: ='28'!K46 -> 17500 | AF47: ='29'!K46 -> 17500 | AG47: ='30'!K47 -> 17500 | AH47: ='31'!K47 -> 17500 | AJ47: =AH47-D47 -> -1166.6667 | AK47: =AVERAGE(D47:AH47) -> 18100.614
B48: - Sabun Colek "Wing's Biru" | C48: 350 Gram | D48: ='1'!K43 -> 2000 | E48: ='2'!K43 -> 2000 | F48: ='3'!K43 -> 2000 | G48: ='4'!K43 -> 2000 | H48: ='5'!K43 -> 2000 | I48: ='6'!K43 -> 2000 | J48: ='7'!K43 -> 2000 | K48: ='8'!K43 -> 2000 | L48: ='9'!K47 -> 2000 | M48: ='10'!K47 -> 2000 | N48: ='11'!K47 -> 2000 | O48: ='12'!K47 -> 2000 | P48: ='13'!K47 -> 2000 | Q48: ='14'!K47 -> 2000 | R48: ='15'!K47 -> 2000 | S48: ='16'!K47 -> 2000 | T48: ='17'!K47 -> 2000 | U48: ='17'!K47 -> 2000 | V48: ='19'!K47 -> 2000 | W48: ='20'!K47 -> 2000 | X48: ='21'!K47 -> 2000 | Y48: ='22'!K47 -> 2000 | Z48: ='23'!K47 -> 2000 | AA48: ='24'!K50 -> 8166.6667 | AB48: ='25'!K47 -> 2000 | AC48: ='26'!K47 -> 2000 | AD48: ='27'!K47 -> 2000 | AE48: ='28'!K47 -> 2000 | AF48: ='29'!K47 -> 2000 | AG48: ='30'!K48 -> 2000 | AH48: ='31'!K48 -> 2000 | AJ48: =AH48-D48 -> 0 | AK48: =AVERAGE(D48:AH48) -> 2198.9247
A49: 12 | B49: JAGUNG | D49: ='1'!K44 | E49: ='2'!K44 | F49: ='3'!K44 | G49: ='4'!K44 | H49: ='5'!K44 | I49: ='6'!K44 | J49: ='7'!K44 | K49: ='8'!K44 | L49: ='9'!K48 | M49: ='10'!K48 | N49: ='11'!K48 | O49: ='12'!K48 | P49: ='13'!K48 | Q49: ='14'!K48 | R49: ='15'!K48 | S49: ='16'!K48 | T49: ='17'!K48 | U49: ='17'!K48 | V49: ='19'!K48 | W49: ='20'!K48 | X49: ='21'!K48 | Y49: ='22'!K48 | Z49: ='23'!K48 | AA49: ='24'!K51 | AB49: ='25'!K48 | AC49: ='26'!K48 | AD49: ='27'!K48 | AE49: ='28'!K48 | AF49: ='29'!K48 | AG49: ='30'!K49 | AH49: ='31'!K49 | AJ49: =AH49-D49 -> 0 | AK49: =AVERAGE(D49:AH49) -> #DIV/0!
B50: - Jagung Pipilan Kering (Jenis Kecil) | C50: Kg | D50: ='1'!K45 -> 9166.6667 | E50: ='2'!K45 -> 9166.6667 | F50: ='3'!K45 -> 9166.6667 | G50: ='4'!K45 -> 9166.6667 | H50: ='5'!K45 -> 9166.6667 | I50: ='6'!K45 -> 9166.6667 | J50: ='7'!K45 -> 9166.6667 | K50: ='8'!K45 -> 9166.6667 | L50: ='9'!K49 -> 9428.5714 | M50: ='10'!K49 -> 9428.5714 | N50: ='11'!K49 -> 9428.5714 | O50: ='12'!K49 -> 9428.5714 | P50: ='13'!K49 -> 9428.5714 | Q50: ='14'!K49 -> 9428.5714 | R50: ='15'!K49 -> 9285.7143 | S50: ='16'!K49 -> 9285.7143 | T50: ='17'!K49 -> 9285.7143 | U50: ='17'!K49 -> 9285.7143 | V50: ='19'!K49 -> 9285.7143 | W50: ='20'!K49 -> 9285.7143 | X50: ='21'!K49 -> 9285.7143 | Y50: ='22'!K49 -> 9285.7143 | Z50: ='23'!K49 -> 9285.7143 | AA50: ='24'!K52 -> 4000 | AB50: ='25'!K49 -> 9285.7143 | AC50: ='26'!K49 -> 9285.7143 | AD50: ='27'!K49 -> 9285.7143 | AE50: ='28'!K49 -> 9285.7143 | AF50: ='29'!K49 -> 9285.7143 | AG50: ='30'!K50 -> 9142.8571 | AH50: ='31'!K50 -> 9285.7143 | AJ50: =AH50-D50 -> 119.04762 | AK50: =AVERAGE(D50:AH50) -> 9107.5269
B51: - Jagung Pipilan Kering (Jenis Besar) | C51: Kg | D51: ='1'!K46 -> 8600 | E51: ='2'!K46 -> 8600 | F51: ='3'!K46 -> 8600 | G51: ='4'!K46 -> 8600 | H51: ='5'!K46 -> 8600 | I51: ='6'!K46 -> 8600 | J51: ='7'!K46 -> 8600 | K51: ='8'!K46 -> 8600 | L51: ='9'!K50 -> 8166.6667 | M51: ='10'!K50 -> 8166.6667 | N51: ='11'!K50 -> 8166.6667 | O51: ='12'!K50 -> 8166.6667 | P51: ='13'!K50 -> 8166.6667 | Q51: ='14'!K50 -> 8166.6667 | R51: ='15'!K50 -> 8166.6667 | S51: ='16'!K50 -> 8166.6667 | T51: ='17'!K50 -> 8166.6667 | U51: ='17'!K50 -> 8166.6667 | V51: ='19'!K50 -> 8166.6667 | W51: ='20'!K50 -> 8166.6667 | X51: ='21'!K50 -> 8166.6667 | Y51: ='22'!K50 -> 8166.6667 | Z51: ='23'!K50 -> 8166.6667 | AA51: ='24'!K53 | AB51: ='25'!K50 -> 8166.6667 | AC51: ='26'!K50 -> 8166.6667 | AD51: ='27'!K50 -> 8166.6667 | AE51: ='28'!K50 -> 8166.6667 | AF51: ='29'!K50 -> 8166.6667 | AG51: ='30'!K51 -> 8333.3333 | AH51: ='31'!K51 -> 8166.6667 | AJ51: =AH51-D51 -> -433.33333 | AK51: =AVERAGE(D51:AH51) -> 8287.7778
A52: 13 | B52: GARAM BERYODIUM | D52: ='1'!K47 | E52: ='2'!K47 | F52: ='3'!K47 | G52: ='4'!K47 | H52: ='5'!K47 | I52: ='6'!K47 | J52: ='7'!K47 | K52: ='8'!K47 | L52: ='9'!K51 | M52: ='10'!K51 | N52: ='11'!K51 | O52: ='12'!K51 | P52: ='13'!K51 | Q52: ='14'!K51 | R52: ='15'!K51 | S52: ='16'!K51 | T52: ='17'!K51 | U52: ='17'!K51 | V52: ='19'!K51 | W52: ='20'!K51 | X52: ='21'!K51 | Y52: ='22'!K51 | Z52: ='23'!K51 | AA52: ='24'!K54 -> 11357.143 | AB52: ='25'!K51 | AC52: ='26'!K51 | AD52: ='27'!K51 | AE52: ='28'!K51 | AF52: ='29'!K51 | AG52: ='30'!K52 | AH52: ='31'!K52 | AJ52: =AH52-D52 -> 0 | AK52: =AVERAGE(D52:AH52) -> 11357.143
B53: - Garam Halus (Cap Kapal) | C53: 250 Gr/Bngks | D53: ='1'!K48 -> 3916.6667 | E53: ='2'!K48 -> 3916.6667 | F53: ='3'!K48 -> 3916.6667 | G53: ='4'!K48 -> 3916.6667 | H53: ='5'!K48 -> 3916.6667 | I53: ='6'!K48 -> 3916.6667 | J53: ='7'!K48 -> 3916.6667 | K53: ='8'!K48 -> 3916.6667 | L53: ='9'!K52 -> 4000 | M53: ='10'!K52 -> 4000 | N53: ='11'!K52 -> 4000 | O53: ='12'!K52 -> 4000 | P53: ='13'!K52 -> 4000 | Q53: ='14'!K52 -> 4000 | R53: ='15'!K52 -> 4000 | S53: ='16'!K52 -> 4000 | T53: ='17'!K52 -> 4000 | U53: ='17'!K52 -> 4000 | V53: ='19'!K52 -> 4000 | W53: ='20'!K52 -> 4000 | X53: ='21'!K52 -> 4000 | Y53: ='22'!K52 -> 4000 | Z53: ='23'!K52 -> 4000 | AA53: ='24'!K55 | AB53: ='25'!K52 -> 4000 | AC53: ='26'!K52 -> 4000 | AD53: ='27'!K52 -> 4000 | AE53: ='28'!K52 -> 4000 | AF53: ='29'!K52 -> 4000 | AG53: ='30'!K53 -> 4000 | AH53: ='31'!K53 -> 4000 | AJ53: =AH53-D53 -> 83.333333 | AK53: =AVERAGE(D53:AH53) -> 3977.7778
A54: 14 | B54: TEPUNG TERIGU | D54: ='1'!K49 | E54: ='2'!K49 | F54: ='3'!K49 | G54: ='4'!K49 | H54: ='5'!K49 | I54: ='6'!K49 | J54: ='7'!K49 | K54: ='8'!K49 | L54: ='9'!K53 | M54: ='10'!K53 | N54: ='11'!K53 | O54: ='12'!K53 | P54: ='13'!K53 | Q54: ='14'!K53 | R54: ='15'!K53 | S54: ='16'!K53 | T54: ='17'!K53 | U54: ='17'!K53 | V54: ='19'!K53 | W54: ='20'!K53 | X54: ='21'!K53 | Y54: ='22'!K53 | Z54: ='23'!K53 | AA54: ='24'!K56 -> 16333.333 | AB54: ='25'!K53 | AC54: ='26'!K53 | AD54: ='27'!K53 | AE54: ='28'!K53 | AF54: ='29'!K53 | AG54: ='30'!K54 | AH54: ='31'!K54 | AJ54: =AH54-D54 -> 0 | AK54: =AVERAGE(D54:AH54) -> 16333.333
B55: - Tepung Terigu "Segitiga Biru" Curah | C55: Kg | D55: ='1'!K50 -> 10642.857 | E55: ='2'!K50 -> 10642.857 | F55: ='3'!K50 -> 10642.857 | G55: ='4'!K50 -> 10642.857 | H55: ='5'!K50 -> 10642.857 | I55: ='6'!K50 -> 10642.857 | J55: ='7'!K50 -> 10642.857 | K55: ='8'!K50 -> 10642.857 | L55: ='9'!K54 -> 10642.857 | M55: ='10'!K54 -> 10642.857 | N55: ='11'!K54 -> 10642.857 | O55: ='12'!K54 -> 10642.857 | P55: ='13'!K54 -> 10642.857 | Q55: ='14'!K54 -> 10642.857 | R55: ='15'!K54 -> 10642.857 | S55: ='16'!K54 -> 10642.857 | T55: ='17'!K54 -> 10642.857 | U55: ='17'!K54 -> 10642.857 | V55: ='19'!K54 -> 10642.857 | W55: ='20'!K54 -> 10642.857 | X55: ='21'!K54 -> 10642.857 | Y55: ='22'!K54 -> 10642.857 | Z55: ='23'!K54 -> 10642.857 | AA55: ='24'!K57 -> 14166.667 | AB55: ='25'!K54 -> 11357.143 | AC55: ='26'!K54 -> 11357.143 | AD55: ='27'!K54 -> 11357.143 | AE55: ='28'!K54 -> 11357.143 | AF55: ='29'!K54 -> 11357.143 | AG55: ='30'!K55 -> 11285.714 | AH55: ='31'!K55 -> 11357.143 | AJ55: =AH55-D55 -> 714.28571 | AK55: =AVERAGE(D55:AH55) -> 10915.515
A56: 15 | B56: KACANG-KACANGAN | D56: ='1'!K51 | E56: ='2'!K51 | F56: ='3'!K51 | G56: ='4'!K51 | H56: ='5'!K51 | I56: ='6'!K51 | J56: ='7'!K51 | K56: ='8'!K51 | L56: ='9'!K55 | M56: ='10'!K55 | N56: ='11'!K55 | O56: ='12'!K55 | P56: ='13'!K55 | Q56: ='14'!K55 | R56: ='15'!K55 | S56: ='16'!K55 | T56: ='17'!K55 | U56: ='17'!K55 | V56: ='19'!K55 | W56: ='20'!K55 | X56: ='21'!K55 | Y56: ='22'!K55 | Z56: ='23'!K55 | AA56: ='24'!K58 -> 26142.857 | AB56: ='25'!K55 | AC56: ='26'!K55 | AD56: ='27'!K55 | AE56: ='28'!K55 | AF56: ='29'!K55 | AG56: ='30'!K56 | AH56: ='31'!K56 | AJ56: =AH56-D56 -> 0 | AK56: =AVERAGE(D56:AH56) -> 26142.857
B57: - Kacang Kedelai (Kualitas Import) | C57: Kg | D57: ='1'!K52 -> 16333.333 | E57: ='2'!K52 -> 16333.333 | F57: ='3'!K52 -> 16333.333 | G57: ='4'!K52 -> 16333.333 | H57: ='5'!K52 -> 16333.333 | I57: ='6'!K52 -> 16333.333 | J57: ='7'!K52 -> 16333.333 | K57: ='8'!K52 -> 16000 | L57: ='9'!K56 -> 16666.667 | M57: ='10'!K56 -> 16833.333 | N57: ='11'!K56 -> 16833.333 | O57: ='12'!K56 -> 16833.333 | P57: ='13'!K56 -> 16833.333 | Q57: ='14'!K56 -> 16666.667 | R57: ='15'!K56 -> 16666.667 | S57: ='16'!K56 -> 16666.667 | T57: ='17'!K56 -> 16166.667 | U57: ='17'!K56 -> 16166.667 | V57: ='19'!K56 -> 16166.667 | W57: ='20'!K56 -> 16333.333 | X57: ='21'!K56 -> 16333.333 | Y57: ='22'!K56 -> 16333.333 | Z57: ='23'!K56 -> 16333.333 | AA57: ='24'!K59 -> 29142.857 | AB57: ='25'!K56 -> 16333.333 | AC57: ='26'!K56 -> 16333.333 | AD57: ='27'!K56 -> 16333.333 | AE57: ='28'!K56 -> 16333.333 | AF57: ='29'!K56 -> 16333.333 | AG57: ='30'!K57 -> 15666.667 | AH57: ='31'!K57 -> 16333.333 | AI57: 6800 | AJ57: =AH57-D57 -> 0 | AK57: =AVERAGE(D57:AH57) -> 16805.684
B58: - Kacang Kedelai (Kualitas Lokal) | C58: Kg | D58: ='1'!K53 -> 13750 | E58: ='2'!K53 -> 13750 | F58: ='3'!K53 -> 13750 | G58: ='4'!K53 -> 13750 | H58: ='5'!K53 -> 13750 | I58: ='6'!K53 -> 13750 | J58: ='7'!K53 -> 13750 | K58: ='8'!K53 -> 13750 | L58: ='9'!K57 -> 14166.667 | M58: ='10'!K57 -> 14166.667 | N58: ='11'!K57 -> 14166.667 | O58: ='12'!K57 -> 14166.667 | P58: ='13'!K57 -> 14166.667 | Q58: ='14'!K57 -> 14166.667 | R58: ='15'!K57 -> 14166.667 | S58: ='16'!K57 -> 14166.667 | T58: ='17'!K57 -> 14166.667 | U58: ='17'!K57 -> 14166.667 | V58: ='19'!K57 -> 14166.667 | W58: ='20'!K57 -> 14166.667 | X58: ='21'!K57 -> 14166.667 | Y58: ='22'!K57 -> 14166.667 | Z58: ='23'!K57 -> 14166.667 | AA58: ='24'!K60 | AB58: ='25'!K57 -> 14166.667 | AC58: ='26'!K57 -> 14166.667 | AD58: ='27'!K57 -> 14166.667 | AE58: ='28'!K57 -> 14166.667 | AF58: ='29'!K57 -> 14166.667 | AG58: ='30'!K58 -> 14166.667 | AH58: ='31'!K58 -> 14166.667 | AI58: 9200 | AJ58: =AH58-D58 -> 416.66667 | AK58: =AVERAGE(D58:AH58) -> 14055.556
B59: - Kacang Hijau | C59: Kg | D59: ='1'!K54 -> 24571.429 | E59: ='2'!K54 -> 24571.429 | F59: ='3'!K54 -> 24571.429 | G59: ='4'!K54 -> 24571.429 | H59: ='5'!K54 -> 24571.429 | I59: ='6'!K54 -> 24571.429 | J59: ='7'!K54 -> 25142.857 | K59: ='8'!K54 -> 25142.857 | L59: ='9'!K58 -> 25857.143 | M59: ='10'!K58 -> 25857.143 | N59: ='11'!K58 -> 25857.143 | O59: ='12'!K58 -> 25857.143 | P59: ='13'!K58 -> 25857.143 | Q59: ='14'!K58 -> 26142.857 | R59: ='15'!K58 -> 26142.857 | S59: ='16'!K58 -> 25857.143 | T59: ='17'!K58 -> 25857.143 | U59: ='17'!K58 -> 25857.143 | V59: ='19'!K58 -> 25857.143 | W59: ='20'!K58 -> 25857.143 | X59: ='21'!K58 -> 25857.143 | Y59: ='22'!K58 -> 25857.143 | Z59: ='23'!K58 -> 26142.857 | AA59: ='24'!K61 -> 3200 | AB59: ='25'!K58 -> 26142.857 | AC59: ='26'!K58 -> 26142.857 | AD59: ='27'!K58 -> 26142.857 | AE59: ='28'!K58 -> 26142.857 | AF59: ='29'!K58 -> 26142.857 | AG59: ='30'!K59 -> 25285.714 | AH59: ='31'!K59 -> 26142.857 | AJ59: =AH59-D59 -> 1571.4286 | AK59: =AVERAGE(D59:AH59) -> 24895.853
B60: - Kacang Tanah (Jenis Besar) | C60: Kg | D60: ='1'!K55 -> 28142.857 | E60: ='2'!K55 -> 28142.857 | F60: ='3'!K55 -> 28142.857 | G60: ='4'!K55 -> 28142.857 | H60: ='5'!K55 -> 28142.857 | I60: ='6'!K55 -> 28142.857 | J60: ='7'!K55 -> 28142.857 | K60: ='8'!K55 -> 28857.143 | L60: ='9'!K59 -> 29142.857 | M60: ='10'!K59 -> 29142.857 | N60: ='11'!K59 -> 29142.857 | O60: ='12'!K59 -> 29142.857 | P60: ='13'!K59 -> 29142.857 | Q60: ='14'!K59 -> 29142.857 | R60: ='15'!K59 -> 29571.429 | S60: ='16'!K59 -> 29142.857 | T60: ='17'!K59 -> 29285.714 | U60: ='17'!K59 -> 29285.714 | V60: ='19'!K59 -> 29285.714 | W60: ='20'!K59 -> 29285.714 | X60: ='21'!K59 -> 29285.714 | Y60: ='22'!K59 -> 29285.714 | Z60: ='23'!K59 -> 29285.714 | AA60: ='24'!K62 | AB60: ='25'!K59 -> 29142.857 | AC60: ='26'!K59 -> 29142.857 | AD60: ='27'!K59 -> 29142.857 | AE60: ='28'!K59 -> 29142.857 | AF60: ='29'!K59 -> 29142.857 | AG60: ='30'!K60 -> 29428.571 | AH60: ='31'!K60 -> 29142.857 | AJ60: =AH60-D60 -> 1000 | AK60: =AVERAGE(D60:AH60) -> 28957.143
A61: 16 | B61: MIE INSTAN | D61: ='1'!K56 | E61: ='2'!K56 | F61: ='3'!K56 | G61: ='4'!K56 | H61: ='5'!K56 | I61: ='6'!K56 | J61: ='7'!K56 | K61: ='8'!K56 | L61: ='9'!K60 | M61: ='10'!K60 | N61: ='11'!K60 | O61: ='12'!K60 | P61: ='13'!K60 | Q61: ='14'!K60 | R61: ='15'!K60 | S61: ='16'!K60 | T61: ='17'!K60 | U61: ='17'!K60 | V61: ='19'!K60 | W61: ='20'!K60 | X61: ='21'!K60 | Y61: ='22'!K60 | Z61: ='23'!K60 | AA61: ='24'!K63 -> 42142.857 | AB61: ='25'!K60 | AC61: ='26'!K60 | AD61: ='27'!K60 | AE61: ='28'!K60 | AF61: ='29'!K60 | AG61: ='30'!K61 | AH61: ='31'!K61 | AJ61: =AH61-D61 -> 0 | AK61: =AVERAGE(D61:AH61) -> 42142.857
B62: - Indomie Goreng | C62: 86 Gr/Bngks | D62: ='1'!K57 -> 3200 | E62: ='2'!K57 -> 3200 | F62: ='3'!K57 -> 3200 | G62: ='4'!K57 -> 3200 | H62: ='5'!K57 -> 3200 | I62: ='6'!K57 -> 3200 | J62: ='7'!K57 -> 3200 | K62: ='8'!K57 -> 3200 | L62: ='9'!K61 -> 3200 | M62: ='10'!K61 -> 3200 | N62: ='11'!K61 -> 3200 | O62: ='12'!K61 -> 3200 | P62: ='13'!K61 -> 3200 | Q62: ='14'!K61 -> 3200 | R62: ='15'!K61 -> 3200 | S62: ='16'!K61 -> 3200 | T62: ='17'!K61 -> 3200 | U62: ='17'!K61 -> 3200 | V62: ='19'!K61 -> 3200 | W62: ='20'!K61 -> 3200 | X62: ='21'!K61 -> 3200 | Y62: ='22'!K61 -> 3200 | Z62: ='23'!K61 -> 3200 | AA62: ='24'!K64 -> 44000 | AB62: ='25'!K61 -> 3200 | AC62: ='26'!K61 -> 3200 | AD62: ='27'!K61 -> 3200 | AE62: ='28'!K61 -> 3200 | AF62: ='29'!K61 -> 3200 | AG62: ='30'!K62 -> 3200 | AH62: ='31'!K62 -> 3200 | AJ62: =AH62-D62 -> 0 | AK62: =AVERAGE(D62:AH62) -> 4516.129
A63: 17 | B63: C A B E | D63: ='1'!K58 | E63: ='2'!K58 | F63: ='3'!K58 | G63: ='4'!K58 | H63: ='5'!K58 | I63: ='6'!K58 | J63: ='7'!K58 | K63: ='8'!K58 | L63: ='9'!K62 | M63: ='10'!K62 | N63: ='11'!K62 | O63: ='12'!K62 | P63: ='13'!K62 | Q63: ='14'!K62 | R63: ='15'!K62 | S63: ='16'!K62 | T63: ='17'!K62 | U63: ='17'!K62 | V63: ='19'!K62 | W63: ='20'!K62 | X63: ='21'!K62 | Y63: ='22'!K62 | Z63: ='23'!K62 | AA63: ='24'!K65 -> 76428.571 | AB63: ='25'!K62 | AC63: ='26'!K62 | AD63: ='27'!K62 | AE63: ='28'!K62 | AF63: ='29'!K62 | AG63: ='30'!K63 | AH63: ='31'!K63 | AJ63: =AH63-D63 -> 0 | AK63: =AVERAGE(D63:AH63) -> 76428.571
B64: - Cabe Merah Besar | C64: Kg | D64: ='1'!K59 -> 28428.571 | E64: ='2'!K59 -> 27571.429 | F64: ='3'!K59 -> 27571.429 | G64: ='4'!K59 -> 27571.429 | H64: ='5'!K59 -> 27714.286 | I64: ='6'!K59 -> 29714.286 | J64: ='7'!K59 -> 30714.286 | K64: ='8'!K59 -> 31428.571 | L64: ='9'!K63 -> 31428.571 | M64: ='10'!K63 -> 30285.714 | N64: ='11'!K63 -> 30285.714 | O64: ='12'!K63 -> 31428.571 | P64: ='13'!K63 -> 32285.714 | Q64: ='14'!K63 -> 32571.429 | R64: ='15'!K63 -> 33000 | S64: ='16'!K63 -> 33142.857 | T64: ='17'!K63 -> 34571.429 | U64: ='17'!K63 -> 34571.429 | V64: ='19'!K63 -> 36428.571 | W64: ='20'!K63 -> 37571.429 | X64: ='21'!K63 -> 37571.429 | Y64: ='22'!K63 -> 36857.143 | Z64: ='23'!K63 -> 38285.714 | AA64: ='24'!K66 | AB64: ='25'!K63 -> 43285.714 | AC64: ='26'!K63 -> 43285.714 | AD64: ='27'!K63 -> 42285.714 | AE64: ='28'!K63 -> 37571.429 | AF64: ='29'!K63 -> 36857.143 | AG64: ='30'!K64 -> 27857.143 | AH64: ='31'!K64 -> 30142.857 | AJ64: =AH64-D64 -> 1714.2857 | AK64: =AVERAGE(D64:AH64) -> 33409.524
B65: - Cabe Merah Kriting | C65: Kg | D65: ='1'!K60 -> 41250 | E65: ='2'!K60 -> 36750 | F65: ='3'!K60 -> 37500 | G65: ='4'!K60 -> 37500 | H65: ='5'!K60 -> 37500 | I65: ='6'!K60 -> 37500 | J65: ='7'!K60 -> 38250 | K65: ='8'!K60 -> 39500 | L65: ='9'!K64 -> 40600 | M65: ='10'!K64 -> 39200 | N65: ='11'!K64 -> 39200 | O65: ='12'!K64 -> 39200 | P65: ='13'!K64 -> 39000 | Q65: ='14'!K64 -> 39000 | R65: ='15'!K64 -> 40000 | S65: ='16'!K64 -> 41000 | T65: ='17'!K64 -> 41000 | U65: ='17'!K64 -> 41000 | V65: ='19'!K64 -> 43000 | W65: ='20'!K64 -> 44000 | X65: ='21'!K64 -> 44000 | Y65: ='22'!K64 -> 44000 | Z65: ='23'!K64 -> 44000 | AA65: ='24'!K67 -> 18166.667 | AB65: ='25'!K64 -> 44000 | AC65: ='26'!K64 -> 45000 | AD65: ='27'!K64 -> 43000 | AE65: ='28'!K64 -> 44000 | AF65: ='29'!K64 -> 45000 | AG65: ='30'!K65 -> 36250 | AH65: ='31'!K65 -> 33600 | AJ65: =AH65-D65 -> -7650 | AK65: =AVERAGE(D65:AH65) -> 39773.118
B66: - Cabe Merah Kecil-Rawit | C66: Kg | D66: ='1'!K61 -> 61714.286 | E66: ='2'!K61 -> 61714.286 | F66: ='3'!K61 -> 61000 | G66: ='4'!K61 -> 63857.143 | H66: ='5'!K61 -> 63142.857 | I66: ='6'!K61 -> 66142.857 | J66: ='7'!K61 -> 67571.429 | K66: ='8'!K61 -> 68285.714 | L66: ='9'!K65 -> 70000 | M66: ='10'!K65 -> 71428.571 | N66: ='11'!K65 -> 72857.143 | O66: ='12'!K65 -> 73571.429 | P66: ='13'!K65 -> 74285.714 | Q66: ='14'!K65 -> 74571.429 | R66: ='15'!K65 -> 80000 | S66: ='16'!K65 -> 81428.571 | T66: ='17'!K65 -> 80000 | U66: ='17'!K65 -> 80000 | V66: ='19'!K65 -> 79285.714 | W66: ='20'!K65 -> 79285.714 | X66: ='21'!K65 -> 77857.143 | Y66: ='22'!K65 -> 75714.286 | Z66: ='23'!K65 -> 78571.429 | AA66: ='24'!K68 | AB66: ='25'!K65 -> 76428.571 | AC66: ='26'!K65 -> 76428.571 | AD66: ='27'!K65 -> 73571.429 | AE66: ='28'!K65 -> 62857.143 | AF66: ='29'!K65 -> 55000 | AG66: ='30'!K66 -> 26285.714 | AH66: ='31'!K66 -> 51428.571 | AJ66: =AH66-D66 -> -10285.714 | AK66: =AVERAGE(D66:AH66) -> 69476.19
A67: 18 | B67: BAHAN BAKAR GAS LPG | D67: ='1'!K62 | E67: ='2'!K62 | F67: ='3'!K62 | G67: ='4'!K62 | H67: ='5'!K62 | I67: ='6'!K62 | J67: ='7'!K62 | K67: ='8'!K62 | L67: ='9'!K66 | M67: ='10'!K66 | N67: ='11'!K66 | O67: ='12'!K66 | P67: ='13'!K66 | Q67: ='14'!K66 | R67: ='15'!K66 | S67: ='16'!K66 | T67: ='17'!K66 | U67: ='17'!K66 | V67: ='19'!K66 | W67: ='20'!K66 | X67: ='21'!K66 | Y67: ='22'!K66 | Z67: ='23'!K66 | AA67: ='24'!K69 -> 33571.429 | AB67: ='25'!K66 | AC67: ='26'!K66 | AD67: ='27'!K66 | AE67: ='28'!K66 | AF67: ='29'!K66 | AG67: ='30'!K67 | AH67: ='31'!K67 | AJ67: =AH67-D67 -> 0 | AK67: =AVERAGE(D67:AH67) -> 33571.429
B68: - Gas LPG Tabung (3 Kg.) | C68: Per Tabung | D68: ='1'!K63 -> 18166.667 | E68: ='2'!K63 -> 18166.667 | F68: ='3'!K63 -> 18166.667 | G68: ='4'!K63 -> 18166.667 | H68: ='5'!K63 -> 18166.667 | I68: ='6'!K63 -> 18166.667 | J68: ='7'!K63 -> 18166.667 | K68: ='8'!K63 -> 18166.667 | L68: ='9'!K67 -> 18166.667 | M68: ='10'!K67 -> 18166.667 | N68: ='11'!K67 -> 18166.667 | O68: ='12'!K67 -> 18166.667 | P68: ='13'!K67 -> 18166.667 | Q68: ='14'!K67 -> 18166.667 | R68: ='15'!K67 -> 18166.667 | S68: ='16'!K67 -> 18166.667 | T68: ='17'!K67 -> 18166.667 | U68: ='17'!K67 -> 18166.667 | V68: ='19'!K67 -> 18166.667 | W68: ='20'!K67 -> 18166.667 | X68: ='21'!K67 -> 18166.667 | Y68: ='22'!K67 -> 18166.667 | Z68: ='23'!K67 -> 18166.667 | AA68: ='24'!K70 -> 29142.857 | AB68: ='25'!K67 -> 18166.667 | AC68: ='26'!K67 -> 18166.667 | AD68: ='27'!K67 -> 18166.667 | AE68: ='28'!K67 -> 18166.667 | AF68: ='29'!K67 -> 18166.667 | AG68: ='30'!K68 -> 18166.667 | AH68: ='31'!K68 -> 18166.667 | AJ68: =AH68-D68 -> 0 | AK68: =AVERAGE(D68:AH68) -> 18520.737
A69: 19 | B69: BAWANG | D69: ='1'!K64 | E69: ='2'!K64 | F69: ='3'!K64 | G69: ='4'!K64 | H69: ='5'!K64 | I69: ='6'!K64 | J69: ='7'!K64 | K69: ='8'!K64 | L69: ='9'!K68 | M69: ='10'!K68 | N69: ='11'!K68 | O69: ='12'!K68 | P69: ='13'!K68 | Q69: ='14'!K68 | R69: ='15'!K68 | S69: ='16'!K68 | T69: ='17'!K68 | U69: ='17'!K68 | V69: ='19'!K68 | W69: ='20'!K68 | X69: ='21'!K68 | Y69: ='22'!K68 | Z69: ='23'!K68 | AA69: ='24'!K71 -> 33142.857 | AB69: ='25'!K68 | AC69: ='26'!K68 | AD69: ='27'!K68 | AE69: ='28'!K68 | AF69: ='29'!K68 | AG69: ='30'!K69 | AH69: ='31'!K69 | AJ69: =AH69-D69 -> 0 | AK69: =AVERAGE(D69:AH69) -> 33142.857
B70: - Bawang Putih (Jenis Kating) | C70: Kg | D70: ='1'!K65 -> 32142.857 | E70: ='2'!K65 -> 32000 | F70: ='3'!K65 -> 32000 | G70: ='4'!K65 -> 32000 | H70: ='5'!K65 -> 32428.571 | I70: ='6'!K65 -> 33571.429 | J70: ='7'!K65 -> 33714.286 | K70: ='8'!K65 -> 33142.857 | L70: ='9'!K69 -> 35142.857 | M70: ='10'!K69 -> 35142.857 | N70: ='11'!K69 -> 35142.857 | O70: ='12'!K69 -> 35000 | P70: ='13'!K69 -> 35428.571 | Q70: ='14'!K69 -> 35000 | R70: ='15'!K69 -> 35000 | S70: ='16'!K69 -> 35428.571 | T70: ='17'!K69 -> 34857.143 | U70: ='17'!K69 -> 34857.143 | V70: ='19'!K69 -> 34714.286 | W70: ='20'!K69 -> 33428.571 | X70: ='21'!K69 -> 33428.571 | Y70: ='22'!K69 -> 33428.571 | Z70: ='23'!K69 -> 33428.571 | AA70: ='24'!K72 -> 22571.429 | AB70: ='25'!K69 -> 33571.429 | AC70: ='26'!K69 -> 33571.429 | AD70: ='27'!K69 -> 33285.714 | AE70: ='28'!K69 -> 33285.714 | AF70: ='29'!K69 -> 33428.571 | AG70: ='30'!K70 -> 35000 | AH70: ='31'!K70 -> 33857.143 | AJ70: =AH70-D70 -> 1714.2857 | AK70: =AVERAGE(D70:AH70) -> 33516.129
B71: - Bawang Putih (Jenis Sinco) | C71: Kg | D71: ='1'!K66 -> 27142.857 | E71: ='2'!K66 -> 27142.857 | F71: ='3'!K66 -> 26714.286 | G71: ='4'!K66 -> 26714.286 | H71: ='5'!K66 -> 26857.143 | I71: ='6'!K66 -> 27714.286 | J71: ='7'!K66 -> 27857.143 | K71: ='8'!K66 -> 27571.429 | L71: ='9'!K70 -> 29142.857 | M71: ='10'!K70 -> 29714.286 | N71: ='11'!K70 -> 29714.286 | O71: ='12'!K70 -> 29571.429 | P71: ='13'!K70 -> 29857.143 | Q71: ='14'!K70 -> 29000 | R71: ='15'!K70 -> 29285.714 | S71: ='16'!K70 -> 28857.143 | T71: ='17'!K70 -> 28857.143 | U71: ='17'!K70 -> 28857.143 | V71: ='19'!K70 -> 28714.286 | W71: ='20'!K70 -> 28714.286 | X71: ='21'!K70 -> 28857.143 | Y71: ='22'!K70 -> 29000 | Z71: ='23'!K70 -> 28857.143 | AA71: ='24'!K73 | AB71: ='25'!K70 -> 28714.286 | AC71: ='26'!K70 -> 28714.286 | AD71: ='27'!K70 -> 28428.571 | AE71: ='28'!K70 -> 28571.429 | AF71: ='29'!K70 -> 28857.143 | AG71: ='30'!K71 -> 30571.429 | AH71: ='31'!K71 -> 28857.143 | AJ71: =AH71-D71 -> 1714.2857 | AK71: =AVERAGE(D71:AH71) -> 28580.952
B72: - Bawang Merah (Kualitas Lokal) | C72: Kg | D72: ='1'!K67 -> 31142.857 | E72: ='2'!K67 -> 31142.857 | F72: ='3'!K67 -> 31142.857 | G72: ='4'!K67 -> 31428.571 | H72: ='5'!K67 -> 31714.286 | I72: ='6'!K67 -> 33000 | J72: ='7'!K67 -> 33000 | K72: ='8'!K67 -> 33428.571 | L72: ='9'!K71 -> 32571.429 | M72: ='10'!K71 -> 33142.857 | N72: ='11'!K71 -> 33000 | O72: ='12'!K71 -> 33285.714 | P72: ='13'!K71 -> 33285.714 | Q72: ='14'!K71 -> 33714.286 | R72: ='15'!K71 -> 33428.571 | S72: ='16'!K71 -> 34000 | T72: ='17'!K71 -> 33714.286 | U72: ='17'!K71 -> 33714.286 | V72: ='19'!K71 -> 32428.571 | W72: ='20'!K71 -> 33000 | X72: ='21'!K71 -> 33142.857 | Y72: ='22'!K71 -> 33142.857 | Z72: ='23'!K71 -> 33571.429 | AA72: ='24'!K74 -> 5571.4286 | AB72: ='25'!K71 -> 32428.571 | AC72: ='26'!K71 -> 32428.571 | AD72: ='27'!K71 -> 32571.429 | AE72: ='28'!K71 -> 32714.286 | AF72: ='29'!K71 -> 33142.857 | AG72: ='30'!K72 -> 42714.286 | AH72: ='31'!K72 -> 32285.714 | AI72: 12000 | AJ72: =AH72-D72 -> 1142.8571 | AK72: =AVERAGE(D72:AH72) -> 32225.806
B73: - Bawang Bombay | C73: Kg | D73: ='1'!K68 -> 22285.714 | E73: ='2'!K68 -> 22285.714 | F73: ='3'!K68 -> 22285.714 | G73: ='4'!K68 -> 22285.714 | H73: ='5'!K68 -> 22285.714 | I73: ='6'!K68 -> 22000 | J73: ='7'!K68 -> 22000 | K73: ='8'!K68 -> 22000 | L73: ='9'!K72 -> 22285.714 | M73: ='10'!K72 -> 22285.714 | N73: ='11'!K72 -> 22285.714 | O73: ='12'!K72 -> 22285.714 | P73: ='13'!K72 -> 22285.714 | Q73: ='14'!K72 -> 22285.714 | R73: ='15'!K72 -> 22571.429 | S73: ='16'!K72 -> 22571.429 | T73: ='17'!K72 -> 22285.714 | U73: ='17'!K72 -> 22285.714 | V73: ='19'!K72 -> 22571.429 | W73: ='20'!K72 -> 22571.429 | X73: ='21'!K72 -> 22571.429 | Y73: ='22'!K72 -> 22571.429 | Z73: ='23'!K72 -> 22571.429 | AA73: ='24'!K75 -> 6000 | AB73: ='25'!K72 -> 23142.857 | AC73: ='26'!K72 -> 23142.857 | AD73: ='27'!K72 -> 22857.143 | AE73: ='28'!K72 -> 24857.143 | AF73: ='29'!K72 -> 24857.143 | AG73: ='30'!K73 -> 39571.429 | AH73: ='31'!K73 -> 26571.429 | AJ73: =AH73-D73 -> 4285.7143 | AK73: =AVERAGE(D73:AH73) -> 22732.719
A74: 20 | B74: UBI-UBIAN | D74: ='1'!K69 | E74: ='2'!K69 | F74: ='3'!K69 | G74: ='4'!K69 | H74: ='5'!K69 | I74: ='6'!K69 | J74: ='7'!K69 | K74: ='8'!K69 | L74: ='9'!K73 | M74: ='10'!K73 | N74: ='11'!K73 | O74: ='12'!K73 | P74: ='13'!K73 | Q74: ='14'!K73 | R74: ='15'!K73 | S74: ='16'!K73 | T74: ='17'!K73 | U74: ='17'!K73 | V74: ='19'!K73 | W74: ='20'!K73 | X74: ='21'!K73 | Y74: ='22'!K73 | Z74: ='23'!K73 | AA74: ='24'!K76 | AB74: ='25'!K73 | AC74: ='26'!K73 | AD74: ='27'!K73 | AE74: ='28'!K73 | AF74: ='29'!K73 | AG74: ='30'!K74 | AH74: ='31'!K74 | AJ74: =AH74-D74 -> 0 | AK74: =AVERAGE(D74:AH74) -> #DIV/0!
B75: - Ketela Pohon | C75: Kg | D75: ='1'!K70 -> 5571.4286 | E75: ='2'!K70 -> 5571.4286 | F75: ='3'!K70 -> 5571.4286 | G75: ='4'!K70 -> 5571.4286 | H75: ='5'!K70 -> 5571.4286 | I75: ='6'!K70 -> 5571.4286 | J75: ='7'!K70 -> 5571.4286 | K75: ='8'!K70 -> 5571.4286 | L75: ='9'!K74 -> 5571.4286 | M75: ='10'!K74 -> 5571.4286 | N75: ='11'!K74 -> 5571.4286 | O75: ='12'!K74 -> 5571.4286 | P75: ='13'!K74 -> 5571.4286 | Q75: ='14'!K74 -> 5571.4286 | R75: ='15'!K74 -> 5571.4286 | S75: ='16'!K74 -> 5571.4286 | T75: ='17'!K74 -> 5571.4286 | U75: ='17'!K74 -> 5571.4286 | V75: ='19'!K74 -> 5571.4286 | W75: ='20'!K74 -> 5571.4286 | X75: ='21'!K74 -> 5571.4286 | Y75: ='22'!K74 -> 5571.4286 | Z75: ='23'!K74 -> 5571.4286 | AA75: ='24'!K77 -> 8285.7143 | AB75: ='25'!K74 -> 5571.4286 | AC75: ='26'!K74 -> 5571.4286 | AD75: ='27'!K74 -> 5571.4286 | AE75: ='28'!K74 -> 5571.4286 | AF75: ='29'!K74 -> 5571.4286 | AG75: ='30'!K75 -> 5714.2857 | AH75: ='31'!K75 -> 5571.4286 | AJ75: =AH75-D75 -> 0 | AK75: =AVERAGE(D75:AH75) -> 5663.5945
B76: - Ubi Jalar | C76: Kg | D76: ='1'!K71 -> 5600 | E76: ='2'!K71 -> 5600 | F76: ='3'!K71 -> 5800 | G76: ='4'!K71 -> 5800 | H76: ='5'!K71 -> 5800 | I76: ='6'!K71 -> 5800 | J76: ='7'!K71 -> 5800 | K76: ='8'!K71 -> 6000 | L76: ='9'!K75 -> 6000 | M76: ='10'!K75 -> 6000 | N76: ='11'!K75 -> 6000 | O76: ='12'!K75 -> 6000 | P76: ='13'!K75 -> 6000 | Q76: ='14'!K75 -> 6000 | R76: ='15'!K75 -> 6000 | S76: ='16'!K75 -> 6000 | T76: ='17'!K75 -> 6000 | U76: ='17'!K75 -> 6000 | V76: ='19'!K75 -> 6000 | W76: ='20'!K75 -> 6000 | X76: ='21'!K75 -> 6000 | Y76: ='22'!K75 -> 6000 | Z76: ='23'!K75 -> 6000 | AA76: ='24'!K78 -> 13285.714 | AB76: ='25'!K75 -> 6000 | AC76: ='26'!K75 -> 6000 | AD76: ='27'!K75 -> 6000 | AE76: ='28'!K75 -> 6000 | AF76: ='29'!K75 -> 6000 | AG76: ='30'!K76 -> 6000 | AH76: ='31'!K76 -> 6000 | AJ76: =AH76-D76 -> 400 | AK76: =AVERAGE(D76:AH76) -> 6176.9585
A77: 21 | B77: SAYUR-SAYURAN | D77: ='1'!K72 | E77: ='2'!K72 | F77: ='3'!K72 | G77: ='4'!K72 | H77: ='5'!K72 | I77: ='6'!K72 | J77: ='7'!K72 | K77: ='8'!K72 | L77: ='9'!K76 | M77: ='10'!K76 | N77: ='11'!K76 | O77: ='12'!K76 | P77: ='13'!K76 | Q77: ='14'!K76 | R77: ='15'!K76 | S77: ='16'!K76 | T77: ='17'!K76 | U77: ='17'!K76 | V77: ='19'!K76 | W77: ='20'!K76 | X77: ='21'!K76 | Y77: ='22'!K76 | Z77: ='23'!K76 | AA77: ='24'!K79 -> 15428.571 | AB77: ='25'!K76 | AC77: ='26'!K76 | AD77: ='27'!K76 | AE77: ='28'!K76 | AF77: ='29'!K76 | AG77: ='30'!K77 | AH77: ='31'!K77 | AJ77: =AH77-D77 -> 0 | AK77: =AVERAGE(D77:AH77) -> 15428.571
B78: - Kubis | C78: Kg | D78: ='1'!K73 -> 8571.4286 | E78: ='2'!K73 -> 8714.2857 | F78: ='3'!K73 -> 9000 | G78: ='4'!K73 -> 9000 | H78: ='5'!K73 -> 8857.1429 | I78: ='6'!K73 -> 9000 | J78: ='7'!K73 -> 8714.2857 | K78: ='8'!K73 -> 8714.2857 | L78: ='9'!K77 -> 8714.2857 | M78: ='10'!K77 -> 8714.2857 | N78: ='11'!K77 -> 8714.2857 | O78: ='12'!K77 -> 8428.5714 | P78: ='13'!K77 -> 8428.5714 | Q78: ='14'!K77 -> 8428.5714 | R78: ='15'!K77 -> 8142.8571 | S78: ='16'!K77 -> 8142.8571 | T78: ='17'!K77 -> 8142.8571 | U78: ='17'!K77 -> 8142.8571 | V78: ='19'!K77 -> 8142.8571 | W78: ='20'!K77 -> 8142.8571 | X78: ='21'!K77 -> 8142.8571 | Y78: ='22'!K77 -> 8142.8571 | Z78: ='23'!K77 -> 8285.7143 | AA78: ='24'!K80 -> 12000 | AB78: ='25'!K77 -> 8285.7143 | AC78: ='26'!K77 -> 8285.7143 | AD78: ='27'!K77 -> 8285.7143 | AE78: ='28'!K77 -> 8285.7143 | AF78: ='29'!K77 -> 8285.7143 | AG78: ='30'!K78 -> 9142.8571 | AH78: ='31'!K78 -> 8142.8571 | AJ78: =AH78-D78 -> -428.57143 | AK78: =AVERAGE(D78:AH78) -> 8585.2535
B79: - Buncis | C79: Kg | D79: ='1'!K74 -> 11428.571 | E79: ='2'!K74 -> 11571.429 | F79: ='3'!K74 -> 11571.429 | G79: ='4'!K74 -> 11571.429 | H79: ='5'!K74 -> 11571.429 | I79: ='6'!K74 -> 11857.143 | J79: ='7'!K74 -> 12714.286 | K79: ='8'!K74 -> 12714.286 | L79: ='9'!K78 -> 12857.143 | M79: ='10'!K78 -> 13142.857 | N79: ='11'!K78 -> 12857.143 | O79: ='12'!K78 -> 12857.143 | P79: ='13'!K78 -> 13000 | Q79: ='14'!K78 -> 13285.714 | R79: ='15'!K78 -> 13142.857 | S79: ='16'!K78 -> 13142.857 | T79: ='17'!K78 -> 13142.857 | U79: ='17'!K78 -> 13142.857 | V79: ='19'!K78 -> 13142.857 | W79: ='20'!K78 -> 13000 | X79: ='21'!K78 -> 13000 | Y79: ='22'!K78 -> 13000 | Z79: ='23'!K78 -> 13000 | AA79: ='24'!K81 -> 10857.143 | AB79: ='25'!K78 -> 13714.286 | AC79: ='26'!K78 -> 13714.286 | AD79: ='27'!K78 -> 13285.714 | AE79: ='28'!K78 -> 13000 | AF79: ='29'!K78 -> 12857.143 | AG79: ='30'!K79 -> 14142.857 | AH79: ='31'!K79 -> 13285.714 | AJ79: =AH79-D79 -> 1857.1429 | AK79: =AVERAGE(D79:AH79) -> 12760.369
B80: - Kentang | C80: Kg | D80: ='1'!K75 -> 15285.714 | E80: ='2'!K75 -> 15571.429 | F80: ='3'!K75 -> 15571.429 | G80: ='4'!K75 -> 15571.429 | H80: ='5'!K75 -> 15571.429 | I80: ='6'!K75 -> 15571.429 | J80: ='7'!K75 -> 15571.429 | K80: ='8'!K75 -> 15571.429 | L80: ='9'!K79 -> 14857.143 | M80: ='10'!K79 -> 14857.143 | N80: ='11'!K79 -> 14714.286 | O80: ='12'!K79 -> 14714.286 | P80: ='13'!K79 -> 15285.714 | Q80: ='14'!K79 -> 15285.714 | R80: ='15'!K79 -> 15285.714 | S80: ='16'!K79 -> 15285.714 | T80: ='17'!K79 -> 15285.714 | U80: ='17'!K79 -> 15285.714 | V80: ='19'!K79 -> 15285.714 | W80: ='20'!K79 -> 15285.714 | X80: ='21'!K79 -> 15285.714 | Y80: ='22'!K79 -> 15285.714 | Z80: ='23'!K79 -> 15428.571 | AA80: ='24'!K82 -> 8666.6667 | AB80: ='25'!K79 -> 15428.571 | AC80: ='26'!K79 -> 15428.571 | AD80: ='27'!K79 -> 15428.571 | AE80: ='28'!K79 -> 15428.571 | AF80: ='29'!K79 -> 15571.429 | AG80: ='30'!K80 -> 15285.714 | AH80: ='31'!K80 -> 15571.429 | AJ80: =AH80-D80 -> 285.71429 | AK80: =AVERAGE(D80:AH80) -> 15113.671
B81: - Tomat | C81: Kg | D81: ='1'!K76 -> 11142.857 | E81: ='2'!K76 -> 10857.143 | F81: ='3'!K76 -> 11000 | G81: ='4'!K76 -> 11000 | H81: ='5'!K76 -> 11000 | I81: ='6'!K76 -> 11714.286 | J81: ='7'!K76 -> 12000 | K81: ='8'!K76 -> 12000 | L81: ='9'!K80 -> 12428.571 | M81: ='10'!K80 -> 12428.571 | N81: ='11'!K80 -> 12428.571 | O81: ='12'!K80 -> 11857.143 | P81: ='13'!K80 -> 11714.286 | Q81: ='14'!K80 -> 11142.857 | R81: ='15'!K80 -> 11142.857 | S81: ='16'!K80 -> 12000 | T81: ='17'!K80 -> 12571.429 | U81: ='17'!K80 -> 12571.429 | V81: ='19'!K80 -> 12571.429 | W81: ='20'!K80 -> 12571.429 | X81: ='21'!K80 -> 12428.571 | Y81: ='22'!K80 -> 12000 | Z81: ='23'!K80 -> 12000 | AA81: ='24'!K83 -> 1916.6667 | AB81: ='25'!K80 -> 12142.857 | AC81: ='26'!K80 -> 12142.857 | AD81: ='27'!K80 -> 12428.571 | AE81: ='28'!K80 -> 13285.714 | AF81: ='29'!K80 -> 14142.857 | AG81: ='30'!K81 -> 15142.857 | AH81: ='31'!K81 -> 14571.429 | AJ81: =AH81-D81 -> 3428.5714 | AK81: =AVERAGE(D81:AH81) -> 11882.104
B82: - Wortel (Kualitas Lokal) | C82: Kg | D82: ='1'!K77 -> 10714.286 | E82: ='2'!K77 -> 11285.714 | F82: ='3'!K77 -> 11571.429 | G82: ='4'!K77 -> 11571.429 | H82: ='5'!K77 -> 11285.714 | I82: ='6'!K77 -> 11285.714 | J82: ='7'!K77 -> 11000 | K82: ='8'!K77 -> 11000 | L82: ='9'!K81 -> 10285.714 | M82: ='10'!K81 -> 10285.714 | N82: ='11'!K81 -> 10285.714 | O82: ='12'!K81 -> 10285.714 | P82: ='13'!K81 -> 10571.429 | Q82: ='14'!K81 -> 10285.714 | R82: ='15'!K81 -> 10285.714 | S82: ='16'!K81 -> 10285.714 | T82: ='17'!K81 -> 10285.714 | U82: ='17'!K81 -> 10285.714 | V82: ='19'!K81 -> 10285.714 | W82: ='20'!K81 -> 10285.714 | X82: ='21'!K81 -> 10285.714 | Y82: ='22'!K81 -> 10285.714 | Z82: ='23'!K81 -> 10571.429 | AA82: ='24'!K84 -> 1750 | AB82: ='25'!K81 -> 10571.429 | AC82: ='26'!K81 -> 10571.429 | AD82: ='27'!K81 -> 10714.286 | AE82: ='28'!K81 -> 10857.143 | AF82: ='29'!K81 -> 10857.143 | AG82: ='30'!K82 -> 11571.429 | AH82: ='31'!K82 -> 10857.143 | AJ82: =AH82-D82 -> 142.85714 | AK82: =AVERAGE(D82:AH82) -> 10397.465
B83: - Terong Ungu (Jenis Sayur) | C83: Kg | D83: ='1'!K78 -> 9250 | E83: ='2'!K78 -> 9250 | F83: ='3'!K78 -> 9250 | G83: ='4'!K78 -> 9250 | H83: ='5'!K78 -> 9250 | I83: ='6'!K78 -> 9250 | J83: ='7'!K78 -> 8750 | K83: ='8'!K78 -> 8750 | L83: ='9'!K82 -> 8400 | M83: ='10'!K82 -> 8500 | N83: ='11'!K82 -> 8500 | O83: ='12'!K82 -> 8500 | P83: ='13'!K82 -> 8500 | Q83: ='14'!K82 -> 8500 | R83: ='15'!K82 -> 8500 | S83: ='16'!K82 -> 8500 | T83: ='17'!K82 -> 8500 | U83: ='17'!K82 -> 8500 | V83: ='19'!K82 -> 8500 | W83: ='20'!K82 -> 8500 | X83: ='21'!K82 -> 8500 | Y83: ='22'!K82 -> 8500 | Z83: ='23'!K82 -> 8666.6667 | AA83: ='24'!K85 -> 2000 | AB83: ='25'!K82 -> 8666.6667 | AC83: ='26'!K82 -> 8666.6667 | AD83: ='27'!K82 -> 8666.6667 | AE83: ='28'!K82 -> 9000 | AF83: ='29'!K82 -> 9000 | AG83: ='30'!K83 -> 9333.3333 | AH83: ='31'!K83 -> 9000 | AJ83: =AH83-D83 -> -250 | AK83: =AVERAGE(D83:AH83) -> 8545.1613
B84: - Bayam (Jenis Sayur) | C84: Ikat Kecil | D84: ='1'!K79 -> 1900 | E84: ='2'!K79 -> 1900 | F84: ='3'!K79 -> 1900 | G84: ='4'!K79 -> 1900 | H84: ='5'!K79 -> 1900 | I84: ='6'!K79 -> 1900 | J84: ='7'!K79 -> 1900 | K84: ='8'!K79 -> 1900 | L84: ='9'!K83 -> 1916.6667 | M84: ='10'!K83 -> 1916.6667 | N84: ='11'!K83 -> 1916.6667 | O84: ='12'!K83 -> 1916.6667 | P84: ='13'!K83 -> 1916.6667 | Q84: ='14'!K83 -> 1916.6667 | R84: ='15'!K83 -> 1916.6667 | S84: ='16'!K83 -> 1916.6667 | T84: ='17'!K83 -> 1916.6667 | U84: ='17'!K83 -> 1916.6667 | V84: ='19'!K83 -> 1916.6667 | W84: ='20'!K83 -> 1916.6667 | X84: ='21'!K83 -> 1916.6667 | Y84: ='22'!K83 -> 1916.6667 | Z84: ='23'!K83 -> 1916.6667 | AA84: ='24'!K86 | AB84: ='25'!K83 -> 1916.6667 | AC84: ='26'!K83 -> 1916.6667 | AD84: ='27'!K83 -> 1916.6667 | AE84: ='28'!K83 -> 1916.6667 | AF84: ='29'!K83 -> 1916.6667 | AG84: ='30'!K84 -> 1916.6667 | AH84: ='31'!K84 -> 1916.6667 | AJ84: =AH84-D84 -> 16.666667 | AK84: =AVERAGE(D84:AH84) -> 1912.2222
B85: - Kangkung (Jenis Panjang) | C85: Ikat Kecil | D85: ='1'!K80 -> 1600 | E85: ='2'!K80 -> 1600 | F85: ='3'!K80 -> 1600 | G85: ='4'!K80 -> 1600 | H85: ='5'!K80 -> 1600 | I85: ='6'!K80 -> 1600 | J85: ='7'!K80 -> 1600 | K85: ='8'!K80 -> 1600 | L85: ='9'!K84 -> 1666.6667 | M85: ='10'!K84 -> 1666.6667 | N85: ='11'!K84 -> 1666.6667 | O85: ='12'!K84 -> 1666.6667 | P85: ='13'!K84 -> 1666.6667 | Q85: ='14'!K84 -> 1666.6667 | R85: ='15'!K84 -> 1666.6667 | S85: ='16'!K84 -> 1666.6667 | T85: ='17'!K84 -> 1666.6667 | U85: ='17'!K84 -> 1666.6667 | V85: ='19'!K84 -> 1666.6667 | W85: ='20'!K84 -> 1666.6667 | X85: ='21'!K84 -> 1666.6667 | Y85: ='22'!K84 -> 1666.6667 | Z85: ='23'!K84 -> 1666.6667 | AA85: ='24'!K87 -> 18000 | AB85: ='25'!K84 -> 1666.6667 | AC85: ='26'!K84 -> 1666.6667 | AD85: ='27'!K84 -> 1666.6667 | AE85: ='28'!K84 -> 1666.6667 | AF85: ='29'!K84 -> 1666.6667 | AG85: ='30'!K85 -> 1666.6667 | AH85: ='31'!K85 -> 1666.6667 | AJ85: =AH85-D85 -> 66.666667 | AK85: =AVERAGE(D85:AH85) -> 2176.3441
B86: - Sawi (Jenis Hijau) | C86: Ikat Kecil | D86: ='1'!K81 -> 2000 | E86: ='2'!K81 -> 2000 | F86: ='3'!K81 -> 2000 | G86: ='4'!K81 -> 2000 | H86: ='5'!K81 -> 2000 | I86: ='6'!K81 -> 1900 | J86: ='7'!K81 -> 1900 | K86: ='8'!K81 -> 1900 | L86: ='9'!K85 -> 1900 | M86: ='10'!K85 -> 1900 | N86: ='11'!K85 -> 1900 | O86: ='12'!K85 -> 1900 | P86: ='13'!K85 -> 1900 | Q86: ='14'!K85 -> 1900 | R86: ='15'!K85 -> 1900 | S86: ='16'!K85 -> 1900 | T86: ='17'!K85 -> 1900 | U86: ='17'!K85 -> 1900 | V86: ='19'!K85 -> 1900 | W86: ='20'!K85 -> 1900 | X86: ='21'!K85 -> 1900 | Y86: ='22'!K85 -> 2000 | Z86: ='23'!K85 -> 2000 | AA86: ='24'!K88 | AB86: ='25'!K85 -> 2000 | AC86: ='26'!K85 -> 2000 | AD86: ='27'!K85 -> 2000 | AE86: ='28'!K85 -> 2000 | AF86: ='29'!K85 -> 2000 | AG86: ='30'!K86 -> 2000 | AH86: ='31'!K86 -> 2000 | AJ86: =AH86-D86 -> 0 | AK86: =AVERAGE(D86:AH86) -> 1946.6667
A87: 22 | B87: AIR MINERAL | D87: ='1'!K82 | E87: ='2'!K82 | F87: ='3'!K82 | G87: ='4'!K82 | H87: ='5'!K82 | I87: ='6'!K82 | J87: ='7'!K82 | K87: ='8'!K82 | L87: ='9'!K86 | M87: ='10'!K86 | N87: ='11'!K86 | O87: ='12'!K86 | P87: ='13'!K86 | Q87: ='14'!K86 | R87: ='15'!K86 | S87: ='16'!K86 | T87: ='17'!K86 | U87: ='17'!K86 | V87: ='19'!K86 | W87: ='20'!K86 | X87: ='21'!K86 | Y87: ='22'!K86 | Z87: ='23'!K86 | AA87: ='24'!K89 | AB87: ='25'!K86 | AC87: ='26'!K86 | AD87: ='27'!K86 | AE87: ='28'!K86 | AF87: ='29'!K86 | AG87: ='30'!K87 | AH87: ='31'!K87 | AJ87: =AH87-D87 -> 0 | AK87: =AVERAGE(D87:AH87) -> #DIV/0!
B88: - Air Mineral (Aqua Galon) | C88: 19 Ltr/Galon | D88: ='1'!K83 -> 18000 | E88: ='2'!K83 -> 18000 | F88: ='3'!K83 -> 18000 | G88: ='4'!K83 -> 18000 | H88: ='5'!K83 -> 18000 | I88: ='6'!K83 -> 18000 | J88: ='7'!K83 -> 18000 | K88: ='8'!K83 -> 18000 | L88: ='9'!K87 -> 18000 | M88: ='10'!K87 -> 18000 | N88: ='11'!K87 -> 18000 | O88: ='12'!K87 -> 18000 | P88: ='13'!K87 -> 18000 | Q88: ='14'!K87 -> 18000 | R88: ='15'!K87 -> 18000 | S88: ='16'!K87 -> 18000 | T88: ='17'!K87 -> 18000 | U88: ='17'!K87 -> 18000 | V88: ='19'!K87 -> 18000 | W88: ='20'!K87 -> 18000 | X88: ='21'!K87 -> 18000 | Y88: ='22'!K87 -> 18000 | Z88: ='23'!K87 -> 18000 | AA88: ='24'!K90 | AB88: ='25'!K87 -> 18000 | AC88: ='26'!K87 -> 18000 | AD88: ='27'!K87 -> 18000 | AE88: ='28'!K87 -> 18000 | AF88: ='29'!K87 -> 18000 | AG88: ='30'!K88 -> 18000 | AH88: ='31'!K88 -> 18000 | AJ88: =AH88-D88 -> 0 | AK88: =AVERAGE(D88:AH88) -> 18000

Sheet 1
A1: HARGA BAHAN-BAHAN POKOK
A2: DI PASAR TRADISIONAL KOTA SURABAYA
A3: HARI / TANGGAL : Rabu / 01 Maret 2023
B4: NAMA BAHAN POKOK DAN PENTING LAINNYA | C4: SATUAN | D4: Pasar Tambahrejo | E4: Pasar Pucang Anom | F4: Pasar Wonokromo | G4: Pasar Genteng Baru | H4: Pasar Pabean | I4: Pasar Kembang | J4: Pasar Balongsari | K4: Rata-Rata
A7: 1 | B7: BERAS
B8: - Beras Premium | C8: Kg | D8: 13000 | E8: 12500 | F8: 14500 | G8: 12800 | H8: 14000 | I8: 13500 | J8: 13000 | K8: =AVERAGE(D8:J8) -> 13328.571
B9: - Beras Medium | C9: Kg | D9: 9000 | E9: 9000 | F9: 8800 | G9: 9000 | H9: 9000 | I9: 9000 | J9: 9000 | K9: =AVERAGE(D9:J9) -> 8971.4286
B10: - Beras Jagung | C10: Kg | D10: - | E10: - | F10: - | G10: - | H10: - | I10: 11000 | J10: 8000 | K10: =AVERAGE(D10:J10) -> 9500
B11: - Beras Ketan (Jenis Siyem) | C11: Kg | D11: - | E11: 23000 | F11: - | G11: - | H11: - | I11: 20000 | J11: 17000 | K11: =AVERAGE(D11:J11) -> 20000
A12: 2 | B12: GULA
B13: Gula Pasir Lokal Curah | C13: Kg | D13: 13000 | E13: 13000 | F13: 13000 | G13: 13000 | H13: 13000 | I13: 13000 | J13: 13000 | K13: =AVERAGE(D13:J13) -> 13000
B14: - Gula Jawa/Merah (Bahan Kelapa) | C14: Kg | D14: 15000 | E14: 16000 | F14: 16000 | G14: 19000 | H14: 15000 | I14: 16000 | J14: 16000 | K14: =AVERAGE(D14:J14) -> 16142.857
A15: 3 | B15: MINYAK GORENG
B16: - Minyak Goreng Curah (Bening) | C16: Kg | D16: 15000 | E16: 16000 | F16: 15000 | G16: 16000 | H16: 14000 | I16: 16000 | J16: 16000 | K16: =AVERAGE(D16:J16) -> 15428.571
B17: - Minyak Kita | C17: Liter | D17: 14000 | E17: 14000 | F17: 14000 | G17: 14000 | H17: - | I17: 14000 | J17: 14000 | K17: =AVERAGE(D17:J17) -> 14000
A18: 4 | B18: MENTEGA
B19: - Mentega Curah (Amanda) | C19: Kg | D19: - | E19: - | F19: - | G19: 14000 | H19: - | I19: 24000 | J19: - | K19: =AVERAGE(D19:J19) -> 19000
A20: 5 | B20: DAGING
B21: - Daging Sapi Grade Atas | C21: Kg | D21: 120000 | E21: 120000 | F21: 120000 | G21: 120000 | H21: 117000 | I21: 120000 | J21: 110000 | K21: =AVERAGE(D21:J21) -> 118142.86
B22: - Daging Sapi Grade Sedang | C22: Kg | D22: 110000 | E22: 110000 | F22: 115000 | G22: 110000 | H22: 114000 | I22: 110000 | J22: 100000 | K22: =AVERAGE(D22:J22) -> 109857.14
B23: - Daging Sapi Grade Bawah | C23: Kg | D23: 100000 | E23: 95000 | F23: 105000 | G23: 100000 | H23: 100000 | I23: 100000 | J23: - | K23: =AVERAGE(D23:J23) -> 100000
B24: - Daging Ayam Broiler | C24: Kg | D24: 30000 | E24: 30000 | F24: 32000 | G24: 30000 | H24: 32000 | I24: 30000 | J24: 32000 | K24: =AVERAGE(D24:J24) -> 30857.143
A25: 6 | B25: I K A N
B26: - Ikan Tongkol Segar (Uk. Sedang) | C26: Kg | D26: 35000 | E26: 40000 | F26: - | G26: 40000 | H26: 30000 | I26: 40000 | J26: 40000 | K26: =AVERAGE(D26:J26) -> 37500
B27: - Ikan Mujair Segar (Uk. Sedang) | C27: Kg | D27: - | E27: 30000 | F27: 30000 | G27: 30000 | H27: 23000 | I27: 30000 | J27: 28000 | K27: =AVERAGE(D27:J27) -> 28500
B28: - Udang Segar (Uk. Sedang) | C28: Kg | D28: - | E28: 70000 | F28: 60000 | G28: 75000 | H28: 58000 | I28: 80000 | J28: 60000 | K28: =AVERAGE(D28:J28) -> 67166.667
B29: - Ikan Lele Segar (Ukuran Sedang) | C29: Kg | D29: - | E29: - | F29: - | G29: - | H29: 23000 | I29: 24000 | J29: 26000 | K29: =AVERAGE(D29:J29) -> 24333.333
B30: - Ikan Bandeng Segar (Uk. Sedang) | C30: Kg | D30: 40000 | E30: 36000 | F30: 40000 | G30: 40000 | H30: 28000 | I30: 40000 | J30: 36000 | K30: =AVERAGE(D30:J30) -> 37142.857
B31: - Ikan Teri Asin (Bukan Teri Medan) | C31: Kg | D31: 80000 | E31: 100000 | F31: 80000 | G31: - | H31: 80000 | I31: - | J31: - | K31: =AVERAGE(D31:J31) -> 85000
A32: 7 | B32: TELUR
B33: - Telur Ayam Broiler | C33: Kg | D33: 26000 | E33: 26000 | F33: 26000 | G33: 26000 | H33: 24000 | I33: 26000 | J33: 25000 | K33: =AVERAGE(D33:J33) -> 25571.429
B34: - Telur Ayam Kampung | C34: Butir | D34: 2500 | E34: 2000 | F34: 2000 | G34: 2500 | H34: 2000 | I34: 2500 | J34: 3000 | K34: =AVERAGE(D34:J34) -> 2357.1429
A35: 8 | B35: TAHU DAN TEMPE
B36: - Tahu | C36: Biji | D36: 1000 | E36: 1000 | F36: 3500 | G36: 3000 | H36: 4000 | I36: 1200 | J36: 3000 | K36: =AVERAGE(D36:J36) -> 2385.7143
B37: - Tempe | C37: Biji | D37: 2500 | E37: 2500 | F37: 6000 | G37: 3000 | H37: 2500 | I37: 5000 | J37: 3500 | K37: =AVERAGE(D37:J37) -> 3571.4286
A38: 9 | B38: S U S U
B39: - Susu Kental Manis "INDOMILK" Putih | C39: 390 Gr/kaleng | D39: 12500 | E39: 12000 | F39: 10000 | G39: 12000 | H39: - | I39: 12000 | J39: 10000 | K39: =AVERAGE(D39:J39) -> 11416.667
B40: - Susu Bubuk "DANCOW" Full Cream | C40: 400 Gr/Dos | D40: - | E40: 37900 | F40: - | G40: 42500 | H40: - | I40: - | J40: - | K40: =AVERAGE(D40:J40) -> 40200
A41: 10 | B41: SABUN CUCI
B42: - Sabun Detergen Rinso (Anti Noda) | C42: 900 Gram | D42: - | E42: - | F42: - | G42: - | H42: 17500 | I42: 21000 | J42: 17500 | K42: =AVERAGE(D42:J42) -> 18666.667
B43: - Sabun Colek "Wing's Biru" | C43: 350 Gram | D43: - | E43: - | F43: - | G43: - | H43: 2000 | I43: 2000 | J43: 2000 | K43: =AVERAGE(D43:J43) -> 2000
A44: 11 | B44: JAGUNG
B45: - Jagung Pipilan Kering (Jenis Kecil) | C45: Kg | D45: 11000 | E45: 8000 | F45: 9000 | G45: - | H45: 9000 | I45: 10000 | J45: 8000 | K45: =AVERAGE(D45:J45) -> 9166.6667
B46: - Jagung Pipilan Kering (Jenis Besar) | C46: Kg | D46: 9000 | E46: 10000 | F46: - | G46: 12000 | H46: 6000 | I46: - | J46: 6000 | K46: =AVERAGE(D46:J46) -> 8600
A47: 12 | B47: GARAM BERYODIUM
B48: - Garam Halus (Cap Kapal) | C48: 250 Gr/Bngks | D48: 3000 | E48: 8000 | F48: 2000 | G48: 4000 | H48: 2500 | I48: 4000 | J48: - | K48: =AVERAGE(D48:J48) -> 3916.6667
A49: 13 | B49: TEPUNG TERIGU
B50: - Tepung Terigu "Segitiga Biru" Curah | C50: Kg | D50: 10000 | E50: 10500 | F50: 12000 | G50: 12000 | H50: 11500 | I50: 11500 | J50: 7000 | K50: =AVERAGE(D50:J50) -> 10642.857
A51: 14 | B51: KACANG-KACANGAN
B52: - Kacang Kedelai (Kualitas Import) | C52: Kg | D52: 17000 | E52: 16000 | F52: 17000 | G52: 18000 | H52: 13000 | I52: 17000 | J52: - | K52: =AVERAGE(D52:J52) -> 16333.333
B53: - Kacang Kedelai (Kualitas Lokal) | C53: Kg | D53: - | E53: 14000 | F53: - | G53: - | H53: - | I53: - | J53: 13500 | K53: =AVERAGE(D53:J53) -> 13750
B54: - Kacang Hijau | C54: Kg | D54: 23000 | E54: 23000 | F54: 26000 | G54: 26000 | H54: 22000 | I54: 26000 | J54: 26000 | K54: =AVERAGE(D54:J54) -> 24571.429
B55: - Kacang Tanah (Jenis Besar) | C55: Kg | D55: 26000 | E55: 30000 | F55: 28000 | G55: 30000 | H55: 26000 | I55: 29000 | J55: 28000 | K55: =AVERAGE(D55:J55) -> 28142.857
A56: 15 | B56: MIE INSTAN
B57: - Indomie Goreng | C57: 86 Gr/Bngks | D57: 3000 | E57: 3200 | F57: 3000 | G57: 3000 | H57: - | I57: 3500 | J57: 3500 | K57: =AVERAGE(D57:J57) -> 3200
A58: 16 | B58: C A B E
B59: - Cabe Merah Besar | C59: Kg | D59: 24000 | E59: 25000 | F59: 25000 | G59: 40000 | H59: 20000 | I59: 35000 | J59: 30000 | K59: =AVERAGE(D59:J59) -> 28428.571
B60: - Cabe Merah Kriting | C60: Kg | D60: 40000 | E60: 35000 | F60: 40000 | G60: 50000 | H60: - | I60: - | J60: - | K60: =AVERAGE(D60:J60) -> 41250
B61: - Cabe Merah Kecil-Rawit | C61: Kg | D61: 52000 | E61: 60000 | F61: 60000 | G61: 65000 | H61: 65000 | I61: 65000 | J61: 65000 | K61: =AVERAGE(D61:J61) -> 61714.286
A62: 17 | B62: BAHAN BAKAR GAS LPG
B63: - Gas LPG Tabung (3 Kg.) | C63: Per Tabung | D63: 19000 | E63: 18000 | F63: 18000 | G63: 18000 | H63: - | I63: 18000 | J63: 18000 | K63: =AVERAGE(D63:J63) -> 18166.667
A64: 18 | B64: BAWANG
B65: - Bawang Putih (Jenis Kating) | C65: Kg | D65: 30000 | E65: 35000 | F65: 33000 | G65: 30000 | H65: 29000 | I65: 35000 | J65: 33000 | K65: =AVERAGE(D65:J65) -> 32142.857
B66: - Bawang Putih (Jenis Sinco) | C66: Kg | D66: 26000 | E66: 32000 | F66: 30000 | G66: 25000 | H66: 25000 | I66: 25000 | J66: 27000 | K66: =AVERAGE(D66:J66) -> 27142.857
B67: - Bawang Merah (Kualitas Lokal) | C67: Kg | D67: 28000 | E67: 35000 | F67: 32000 | G67: 35000 | H67: 25000 | I67: 35000 | J67: 28000 | K67: =AVERAGE(D67:J67) -> 31142.857
B68: - Bawang Bombay | C68: Kg | D68: 20000 | E68: 22000 | F68: 22000 | G68: 25000 | H68: 20000 | I68: 25000 | J68: 22000 | K68: =AVERAGE(D68:J68) -> 22285.714
A69: 19 | B69: UBI-UBIAN
B70: - Ketela Pohon | C70: Kg | D70: 6000 | E70: 7000 | F70: 5000 | G70: 6000 | H70: 4000 | I70: 6000 | J70: 5000 | K70: =AVERAGE(D70:J70) -> 5571.4286
B71: - Ubi Jalar | C71: Kg | D71: - | E71: - | F71: 5000 | G71: 6000 | H71: 5000 | I71: 6000 | J71: 6000 | K71: =AVERAGE(D71:J71) -> 5600
A72: 20 | B72: SAYUR-SAYURAN
B73: - Kubis | C73: Kg | D73: 7000 | E73: 10000 | F73: 8000 | G73: 9000 | H73: 9000 | I73: 10000 | J73: 7000 | K73: =AVERAGE(D73:J73) -> 8571.4286
B74: - Buncis | C74: Kg | D74: 10000 | E74: 12000 | F74: 12000 | G74: 12000 | H74: 10000 | I74: 12000 | J74: 12000 | K74: =AVERAGE(D74:J74) -> 11428.571
B75: - Kentang | C75: Kg | D75: 15000 | E75: 15000 | F75: 16000 | G75: 15000 | H75: 15000 | I75: 16000 | J75: 15000 | K75: =AVERAGE(D75:J75) -> 15285.714
B76: - Tomat | C76: Kg | D76: 12000 | E76: 12000 | F76: 14000 | G76: 17000 | H76: 8000 | I76: 8000 | J76: 7000 | K76: =AVERAGE(D76:J76) -> 11142.857
B77: - Wortel (Kualitas Lokal) | C77: Kg | D77: 8000 | E77: 12000 | F77: 10000 | G77: 13000 | H77: 10000 | I77: 12000 | J77: 10000 | K77: =AVERAGE(D77:J77) -> 10714.286
B78: - Terong Ungu (Jenis Sayur) | C78: Kg | D78: - | E78: 10000 | F78: - | G78: - | H78: 9000 | I78: 10000 | J78: 8000 | K78: =AVERAGE(D78:J78) -> 9250
B79: - Bayam (Jenis Sayur) | C79: Ikat Kecil | D79: - | E79: - | F79: 2000 | G79: 2000 | H79: 1500 | I79: 2000 | J79: 2000 | K79: =AVERAGE(D79:J79) -> 1900
B80: - Kangkung (Jenis Panjang) | C80: Ikat Kecil | D80: - | E80: - | F80: 1500 | G80: 2000 | H80: 1500 | I80: 1500 | J80: 1500 | K80: =AVERAGE(D80:J80) -> 1600
B81: - Sawi (Jenis Hijau) | C81: Ikat Kecil | D81: - | E81: - | F81: 2000 | G81: 2000 | H81: 2000 | I81: 2000 | J81: 2000 | K81: =AVERAGE(D81:J81) -> 2000
A82: 21 | B82: AIR MINERAL
B83: - Air Mineral (Aqua Galon) | C83: 19 Ltr/Galon | D83: 18000 | E83: - | F83: - | G83: 17000 | H83: - | I83: 19000 | J83: 18000 | K83: =AVERAGE(D83:J83) -> 18000

Sheet 2
A1: HARGA BAHAN-BAHAN POKOK
A2: DI PASAR TRADISIONAL KOTA SURABAYA
A3: HARI / TANGGAL : Kamis / 02 Maret 2023
B4: NAMA BAHAN POKOK DAN PENTING LAINNYA | C4: SATUAN | D4: Pasar Tambahrejo | E4: Pasar Pucang Anom | F4: Pasar Wonokromo | G4: Pasar Genteng Baru | H4: Pasar Pabean | I4: Pasar Kembang | J4: Pasar Balongsari | K4: Rata-Rata
A7: 1 | B7: BERAS
B8: - Beras Premium | C8: Kg | D8: 13000 | E8: 12500 | F8: 14500 | G8: 12800 | H8: 14000 | I8: 13500 | J8: 13000 | K8: =AVERAGE(D8:J8) -> 13328.571
B9: - Beras Medium | C9: Kg | D9: 9000 | E9: 9000 | F9: 8800 | G9: 9000 | H9: 9000 | I9: 9000 | J9: 9000 | K9: =AVERAGE(D9:J9) -> 8971.4286
B10: - Beras Jagung | C10: Kg | D10: - | E10: - | F10: - | G10: - | H10: - | I10: 11000 | J10: 8000 | K10: =AVERAGE(D10:J10) -> 9500
B11: - Beras Ketan (Jenis Siyem) | C11: Kg | D11: - | E11: 23000 | F11: - | G11: - | H11: - | I11: 20000 | J11: 17000 | K11: =AVERAGE(D11:J11) -> 20000
A12: 2 | B12: GULA
B13: Gula Pasir Lokal Curah | C13: Kg | D13: 13000 | E13: 13000 | F13: 13000 | G13: 13000 | H13: 13000 | I13: 13000 | J13: 13000 | K13: =AVERAGE(D13:J13) -> 13000
B14: - Gula Jawa/Merah (Bahan Kelapa) | C14: Kg | D14: 15000 | E14: 16000 | F14: 16000 | G14: 19000 | H14: 15000 | I14: 16000 | J14: 16000 | K14: =AVERAGE(D14:J14) -> 16142.857
A15: 3 | B15: MINYAK GORENG
B16: - Minyak Goreng Curah (Bening) | C16: Kg | D16: 15000 | E16: 16000 | F16: 15000 | G16: 16000 | H16: 14000 | I16: 16000 | J16: 16000 | K16: =AVERAGE(D16:J16) -> 15428.571
B17: - Minyak Kita | C17: Liter | D17: 14000 | E17: 14000 | F17: 14000 | G17: 14000 | H17: - | I17: 14000 | J17: 14000 | K17: =AVERAGE(D17:J17) -> 14000
A18: 4 | B18: MENTEGA
B19: - Mentega Curah (Amanda) | C19: Kg | D19: - | E19: - | F19: - | G19: 14000 | H19: - | I19: 24000 | J19: - | K19: =AVERAGE(D19:J19) -> 19000
A20: 5 | B20: DAGING
B21: - Daging Sapi Grade Atas | C21: Kg | D21: 120000 | E21: 120000 | F21: 120000 | G21: 120000 | H21: 117000 | I21: 120000 | J21: 110000 | K21: =AVERAGE(D21:J21) -> 118142.86
B22: - Daging Sapi Grade Sedang | C22: Kg | D22: 110000 | E22: 110000 | F22: 115000 | G22: 110000 | H22: 114000 | I22: 110000 | J22: 100000 | K22: =AVERAGE(D22:J22) -> 109857.14
B23: - Daging Sapi Grade Bawah | C23: Kg | D23: 100000 | E23: 95000 | F23: 105000 | G23: 100000 | H23: 100000 | I23: 100000 | J23: - | K23: =AVERAGE(D23:J23) -> 100000
B24: - Daging Ayam Broiler | C24: Kg | D24: 30000 | E24: 30000 | F24: 32000 | G24: 30000 | H24: 32000 | I24: 30000 | J24: 32000 | K24: =AVERAGE(D24:J24) -> 30857.143
A25: 6 | B25: I K A N
B26: - Ikan Tongkol Segar (Uk. Sedang) | C26: Kg | D26: 35000 | E26: 40000 | F26: - | G26: 40000 | H26: 30000 | I26: 40000 | J26: 40000 | K26: =AVERAGE(D26:J26) -> 37500
B27: - Ikan Mujair Segar (Uk. Sedang) | C27: Kg | D27: - | E27: 30000 | F27: 30000 | G27: 30000 | H27: 23000 | I27: 30000 | J27: 28000 | K27: =AVERAGE(D27:J27) -> 28500
B28: - Udang Segar (Uk. Sedang) | C28: Kg | D28: - | E28: 70000 | F28: 60000 | G28: 75000 | H28: 58000 | I28: 80000 | J28: 60000 | K28: =AVERAGE(D28:J28) -> 67166.667
B29: - Ikan Lele Segar (Ukuran Sedang) | C29: Kg | D29: - | E29: - | F29: - | G29: - | H29: 23000 | I29: 24000 | J29: 26000 | K29: =AVERAGE(D29:J29) -> 24333.333
B30: - Ikan Bandeng Segar (Uk. Sedang) | C30: Kg | D30: 40000 | E30: 36000 | F30: 40000 | G30: 40000 | H30: 28000 | I30: 40000 | J30: 36000 | K30: =AVERAGE(D30:J30) -> 37142.857
B31: - Ikan Teri Asin (Bukan Teri Medan) | C31: Kg | D31: 80000 | E31: 100000 | F31: 80000 | G31: - | H31: 80000 | I31: - | J31: - | K31: =AVERAGE(D31:J31) -> 85000
A32: 7 | B32: TELUR
B33: - Telur Ayam Broiler | C33: Kg | D33: 26000 | E33: 26000 | F33: 26000 | G33: 26000 | H33: 24000 | I33: 26000 | J33: 25000 | K33: =AVERAGE(D33:J33) -> 25571.429
B34: - Telur Ayam Kampung | C34: Butir | D34: 2500 | E34: 2000 | F34: 2000 | G34: 2500 | H34: 2000 | I34: 2500 | J34: 3000 | K34: =AVERAGE(D34:J34) -> 2357.1429
A35: 8 | B35: TAHU DAN TEMPE
B36: - Tahu | C36: Biji | D36: 1000 | E36: 1000 | F36: 3500 | G36: 3000 | H36: 4000 | I36: 1200 | J36: 3000 | K36: =AVERAGE(D36:J36) -> 2385.7143
B37: - Tempe | C37: Biji | D37: 2500 | E37: 2500 | F37: 6000 | G37: 3000 | H37: 2500 | I37: 5000 | J37: 3500 | K37: =AVERAGE(D37:J37) -> 3571.4286
A38: 9 | B38: S U S U
B39: - Susu Kental Manis "INDOMILK" Putih | C39: 390 Gr/kaleng | D39: 12500 | E39: 12000 | F39: 10000 | G39: 12000 | H39: - | I39: 12000 | J39: 10000 | K39: =AVERAGE(D39:J39) -> 11416.667
B40: - Susu Bubuk "DANCOW" Full Cream | C40: 400 Gr/Dos | D40: - | E40: 37900 | F40: - | G40: 42500 | H40: - | I40: - | J40: - | K40: =AVERAGE(D40:J40) -> 40200
A41: 10 | B41: SABUN CUCI
B42: - Sabun Detergen Rinso (Anti Noda) | C42: 900 Gram | D42: - | E42: - | F42: - | G42: - | H42: 17500 | I42: 21000 | J42: 17500 | K42: =AVERAGE(D42:J42) -> 18666.667
B43: - Sabun Colek "Wing's Biru" | C43: 350 Gram | D43: - | E43: - | F43: - | G43: - | H43: 2000 | I43: 2000 | J43: 2000 | K43: =AVERAGE(D43:J43) -> 2000
A44: 11 | B44: JAGUNG
B45: - Jagung Pipilan Kering (Jenis Kecil) | C45: Kg | D45: 11000 | E45: 8000 | F45: 9000 | G45: - | H45: 9000 | I45: 10000 | J45: 8000 | K45: =AVERAGE(D45:J45) -> 9166.6667
B46: - Jagung Pipilan Kering (Jenis Besar) | C46: Kg | D46: 9000 | E46: 10000 | F46: - | G46: 12000 | H46: 6000 | I46: - | J46: 6000 | K46: =AVERAGE(D46:J46) -> 8600
A47: 12 | B47: GARAM BERYODIUM
B48: - Garam Halus (Cap Kapal) | C48: 250 Gr/Bngks | D48: 3000 | E48: 8000 | F48: 2000 | G48: 4000 | H48: 2500 | I48: 4000 | J48: - | K48: =AVERAGE(D48:J48) -> 3916.6667
A49: 13 | B49: TEPUNG TERIGU
B50: - Tepung Terigu "Segitiga Biru" Curah | C50: Kg | D50: 10000 | E50: 10500 | F50: 12000 | G50: 12000 | H50: 11500 | I50: 11500 | J50: 7000 | K50: =AVERAGE(D50:J50) -> 10642.857
A51: 14 | B51: KACANG-KACANGAN
B52: - Kacang Kedelai (Kualitas Import) | C52: Kg | D52: 17000 | E52: 16000 | F52: 17000 | G52: 18000 | H52: 13000 | I52: 17000 | J52: - | K52: =AVERAGE(D52:J52) -> 16333.333
B53: - Kacang Kedelai (Kualitas Lokal) | C53: Kg | D53: - | E53: 14000 | F53: - | G53: - | H53: - | I53: - | J53: 13500 | K53: =AVERAGE(D53:J53) -> 13750
B54: - Kacang Hijau | C54: Kg | D54: 23000 | E54: 23000 | F54: 26000 | G54: 26000 | H54: 22000 | I54: 26000 | J54: 26000 | K54: =AVERAGE(D54:J54) -> 24571.429
B55: - Kacang Tanah (Jenis Besar) | C55: Kg | D55: 26000 | E55: 30000 | F55: 28000 | G55: 30000 | H55: 26000 | I55: 29000 | J55: 28000 | K55: =AVERAGE(D55:J55) -> 28142.857
A56: 15 | B56: MIE INSTAN
B57: - Indomie Goreng | C57: 86 Gr/Bngks | D57: 3000 | E57: 3200 | F57: 3000 | G57: 3000 | H57: - | I57: 3500 | J57: 3500 | K57: =AVERAGE(D57:J57) -> 3200
A58: 16 | B58: C A B E
B59: - Cabe Merah Besar | C59: Kg | D59: 24000 | E59: 25000 | F59: 24000 | G59: 35000 | H59: 20000 | I59: 35000 | J59: 30000 | K59: =AVERAGE(D59:J59) -> 27571.429
B60: - Cabe Merah Kriting | C60: Kg | D60: 40000 | E60: 35000 | F60: 32000 | G60: 40000 | H60: - | I60: - | J60: - | K60: =AVERAGE(D60:J60) -> 36750
B61: - Cabe Merah Kecil-Rawit | C61: Kg | D61: 52000 | E61: 60000 | F61: 60000 | G61: 65000 | H61: 65000 | I61: 65000 | J61: 65000 | K61: =AVERAGE(D61:J61) -> 61714.286
A62: 17 | B62: BAHAN BAKAR GAS LPG
B63: - Gas LPG Tabung (3 Kg.) | C63: Per Tabung | D63: 19000 | E63: 18000 | F63: 18000 | G63: 18000 | H63: - | I63: 18000 | J63: 18000 | K63: =AVERAGE(D63:J63) -> 18166.667
A64: 18 | B64: BAWANG
B65: - Bawang Putih (Jenis Kating) | C65: Kg | D65: 30000 | E65: 35000 | F65: 32000 | G65: 30000 | H65: 29000 | I65: 35000 | J65: 33000 | K65: =AVERAGE(D65:J65) -> 32000
B66: - Bawang Putih (Jenis Sinco) | C66: Kg | D66: 26000 | E66: 32000 | F66: 30000 | G66: 25000 | H66: 25000 | I66: 25000 | J66: 27000 | K66: =AVERAGE(D66:J66) -> 27142.857
B67: - Bawang Merah (Kualitas Lokal) | C67: Kg | D67: 28000 | E67: 35000 | F67: 32000 | G67: 35000 | H67: 25000 | I67: 35000 | J67: 28000 | K67: =AVERAGE(D67:J67) -> 31142.857
B68: - Bawang Bombay | C68: Kg | D68: 20000 | E68: 22000 | F68: 22000 | G68: 25000 | H68: 20000 | I68: 25000 | J68: 22000 | K68: =AVERAGE(D68:J68) -> 22285.714
A69: 19 | B69: UBI-UBIAN
B70: - Ketela Pohon | C70: Kg | D70: 6000 | E70: 7000 | F70: 5000 | G70: 6000 | H70: 4000 | I70: 6000 | J70: 5000 | K70: =AVERAGE(D70:J70) -> 5571.4286
B71: - Ubi Jalar | C71: Kg | D71: - | E71: - | F71: 5000 | G71: 6000 | H71: 5000 | I71: 6000 | J71: 6000 | K71: =AVERAGE(D71:J71) -> 5600
A72: 20 | B72: SAYUR-SAYURAN
B73: - Kubis | C73: Kg | D73: 7000 | E73: 10000 | F73: 8000 | G73: 10000 | H73: 9000 | I73: 10000 | J73: 7000 | K73: =AVERAGE(D73:J73) -> 8714.2857
B74: - Buncis | C74: Kg | D74: 10000 | E74: 12000 | F74: 12000 | G74: 13000 | H74: 10000 | I74: 12000 | J74: 12000 | K74: =AVERAGE(D74:J74) -> 11571.429
B75: - Kentang | C75: Kg | D75: 15000 | E75: 15000 | F75: 17000 | G75: 16000 | H75: 15000 | I75: 16000 | J75: 15000 | K75: =AVERAGE(D75:J75) -> 15571.429
B76: - Tomat | C76: Kg | D76: 12000 | E76: 12000 | F76: 14000 | G76: 15000 | H76: 8000 | I76: 8000 | J76: 7000 | K76: =AVERAGE(D76:J76) -> 10857.143
B77: - Wortel (Kualitas Lokal) | C77: Kg | D77: 8000 | E77: 12000 | F77: 12000 | G77: 15000 | H77: 10000 | I77: 12000 | J77: 10000 | K77: =AVERAGE(D77:J77) -> 11285.714
B78: - Terong Ungu (Jenis Sayur) | C78: Kg | D78: - | E78: 10000 | F78: - | G78: - | H78: 9000 | I78: 10000 | J78: 8000 | K78: =AVERAGE(D78:J78) -> 9250
B79: - Bayam (Jenis Sayur) | C79: Ikat Kecil | D79: - | E79: - | F79: 2000 | G79: 2000 | H79: 1500 | I79: 2000 | J79: 2000 | K79: =AVERAGE(D79:J79) -> 1900
B80: - Kangkung (Jenis Panjang) | C80: Ikat Kecil | D80: - | E80: - | F80: 1500 | G80: 2000 | H80: 1500 | I80: 1500 | J80: 1500 | K80: =AVERAGE(D80:J80) -> 1600
B81: - Sawi (Jenis Hijau) | C81: Ikat Kecil | D81: - | E81: - | F81: 2000 | G81: 2000 | H81: 2000 | I81: 2000 | J81: 2000 | K81: =AVERAGE(D81:J81) -> 2000
A82: 21 | B82: AIR MINERAL
B83: - Air Mineral (Aqua Galon) | C83: 19 Ltr/Galon | D83: 18000 | E83: - | F83: - | G83: 17000 | H83: - | I83: 19000 | J83: 18000 | K83: =AVERAGE(D83:J83) -> 18000

Sheet 3
A1: HARGA BAHAN-BAHAN POKOK
A2: DI PASAR TRADISIONAL KOTA SURABAYA
A3: HARI / TANGGAL : Jumat / 03 Maret 2023
B4: NAMA BAHAN POKOK DAN PENTING LAINNYA | C4: SATUAN | D4: Pasar Tambahrejo | E4: Pasar Pucang Anom | F4: Pasar Wonokromo | G4: Pasar Genteng Baru | H4: Pasar Pabean | I4: Pasar Kembang | J4: Pasar Balongsari | K4: Rata-Rata
A7: 1 | B7: BERAS
B8: - Beras Premium | C8: Kg | D8: 13000 | E8: 12500 | F8: 14500 | G8: 12800 | H8: 14000 | I8: 13500 | J8: 13000 | K8: =AVERAGE(D8:J8) -> 13328.571
B9: - Beras Medium | C9: Kg | D9: 9000 | E9: 9000 | F9: 8800 | G9: 9000 | H9: 9000 | I9: 9000 | J9: 9000 | K9: =AVERAGE(D9:J9) -> 8971.4286
B10: - Beras Jagung | C10: Kg | D10: - | E10: - | F10: - | G10: - | H10: - | I10: 11000 | J10: 8000 | K10: =AVERAGE(D10:J10) -> 9500
B11: - Beras Ketan (Jenis Siyem) | C11: Kg | D11: - | E11: 23000 | F11: - | G11: - | H11: - | I11: 20000 | J11: 17000 | K11: =AVERAGE(D11:J11) -> 20000
A12: 2 | B12: GULA
B13: Gula Pasir Lokal Curah | C13: Kg | D13: 13000 | E13: 13000 | F13: 13000 | G13: 13000 | H13: 13000 | I13: 13000 | J13: 13000 | K13: =AVERAGE(D13:J13) -> 13000
B14: - Gula Jawa/Merah (Bahan Kelapa) | C14: Kg | D14: 15000 | E14: 16000 | F14: 16000 | G14: 19000 | H14: 15000 | I14: 17000 | J14: 16000 | K14: =AVERAGE(D14:J14) -> 16285.714
A15: 3 | B15: MINYAK GORENG
B16: - Minyak Goreng Curah (Bening) | C16: Kg | D16: 15000 | E16: 16000 | F16: 15000 | G16: 16000 | H16: 14000 | I16: 16000 | J16: 16000 | K16: =AVERAGE(D16:J16) -> 15428.571
B17: - Minyak Kita | C17: Liter | D17: 14000 | E17: 14000 | F17: 14000 | G17: 14000 | H17: - | I17: 14000 | J17: 14000 | K17: =AVERAGE(D17:J17) -> 14000
A18: 4 | B18: MENTEGA
B19: - Mentega Curah (Amanda) | C19: Kg | D19: - | E19: - | F19: - | G19: 14000 | H19: - | I19: 24000 | J19: - | K19: =AVERAGE(D19:J19) -> 19000
A20: 5 | B20: DAGING
B21: - Daging Sapi Grade Atas | C21: Kg | D21: 120000 | E21: 120000 | F21: 120000 | G21: 120000 | H21: 117000 | I21: 120000 | J21: 110000 | K21: =AVERAGE(D21:J21) -> 118142.86
B22: - Daging Sapi Grade Sedang | C22: Kg | D22: 110000 | E22: 110000 | F22: 115000 | G22: 110000 | H22: 114000 | I22: 110000 | J22: 100000 | K22: =AVERAGE(D22:J22) -> 109857.14
B23: - Daging Sapi Grade Bawah | C23: Kg | D23: 100000 | E23: 95000 | F23: 105000 | G23: 100000 | H23: 100000 | I23: 100000 | J23: - | K23: =AVERAGE(D23:J23) -> 100000
B24: - Daging Ayam Broiler | C24: Kg | D24: 30000 | E24: 28000 | F24: 32000 | G24: 30000 | H24: 32000 | I24: 30000 | J24: 32000 | K24: =AVERAGE(D24:J24) -> 30571.429
A25: 6 | B25: I K A N
B26: - Ikan Tongkol Segar (Uk. Sedang) | C26: Kg | D26: 35000 | E26: 40000 | F26: - | G26: 40000 | H26: 30000 | I26: 40000 | J26: 40000 | K26: =AVERAGE(D26:J26) -> 37500
B27: - Ikan Mujair Segar (Uk. Sedang) | C27: Kg | D27: - | E27: 30000 | F27: 30000 | G27: 30000 | H27: 23000 | I27: 30000 | J27: 28000 | K27: =AVERAGE(D27:J27) -> 28500
B28: - Udang Segar (Uk. Sedang) | C28: Kg | D28: - | E28: 70000 | F28: 60000 | G28: 75000 | H28: 58000 | I28: 80000 | J28: 60000 | K28: =AVERAGE(D28:J28) -> 67166.667
B29: - Ikan Lele Segar (Ukuran Sedang) | C29: Kg | D29: - | E29: - | F29: - | G29: - | H29: 23000 | I29: 24000 | J29: 26000 | K29: =AVERAGE(D29:J29) -> 24333.333
B30: - Ikan Bandeng Segar (Uk. Sedang) | C30: Kg | D30: 40000 | E30: 36000 | F30: 40000 | G30: 40000 | H30: 28000 | I30: 40000 | J30: 36000 | K30: =AVERAGE(D30:J30) -> 37142.857
B31: - Ikan Teri Asin (Bukan Teri Medan) | C31: Kg | D31: 80000 | E31: 100000 | F31: 80000 | G31: - | H31: 80000 | I31: - | J31: - | K31: =AVERAGE(D31:J31) -> 85000
A32: 7 | B32: TELUR
B33: - Telur Ayam Broiler | C33: Kg | D33: 26000 | E33: 26000 | F33: 26000 | G33: 26000 | H33: 24000 | I33: 26000 | J33: 25000 | K33: =AVERAGE(D33:J33) -> 25571.429
B34: - Telur Ayam Kampung | C34: Butir | D34: 2500 | E34: 2000 | F34: 2000 | G34: 2500 | H34: 2000 | I34: 2500 | J34: 3000 | K34: =AVERAGE(D34:J34) -> 2357.1429
A35: 8 | B35: TAHU DAN TEMPE
B36: - Tahu | C36: Biji | D36: 1000 | E36: 1000 | F36: 3500 | G36: 3000 | H36: 4000 | I36: 1200 | J36: 3000 | K36: =AVERAGE(D36:J36) -> 2385.7143
B37: - Tempe | C37: Biji | D37: 2500 | E37: 2500 | F37: 6000 | G37: 3000 | H37: 2500 | I37: 5000 | J37: 3500 | K37: =AVERAGE(D37:J37) -> 3571.4286
A38: 9 | B38: S U S U
B39: - Susu Kental Manis "INDOMILK" Putih | C39: 390 Gr/kaleng | D39: 12500 | E39: 12000 | F39: 10000 | G39: 12000 | H39: - | I39: 12000 | J39: 10000 | K39: =AVERAGE(D39:J39) -> 11416.667
B40: - Susu Bubuk "DANCOW" Full Cream | C40: 400 Gr/Dos | D40: - | E40: 37900 | F40: - | G40: 42500 | H40: - | I40: - | J40: - | K40: =AVERAGE(D40:J40) -> 40200
A41: 10 | B41: SABUN CUCI
B42: - Sabun Detergen Rinso (Anti Noda) | C42: 900 Gram | D42: - | E42: - | F42: - | G42: - | H42: 17500 | I42: 21000 | J42: 17500 | K42: =AVERAGE(D42:J42) -> 18666.667
B43: - Sabun Colek "Wing's Biru" | C43: 350 Gram | D43: - | E43: - | F43: - | G43: - | H43: 2000 | I43: 2000 | J43: 2000 | K43: =AVERAGE(D43:J43) -> 2000
A44: 11 | B44: JAGUNG
B45: - Jagung Pipilan Kering (Jenis Kecil) | C45: Kg | D45: 11000 | E45: 8000 | F45: 9000 | G45: - | H45: 9000 | I45: 10000 | J45: 8000 | K45: =AVERAGE(D45:J45) -> 9166.6667
B46: - Jagung Pipilan Kering (Jenis Besar) | C46: Kg | D46: 9000 | E46: 10000 | F46: - | G46: 12000 | H46: 6000 | I46: - | J46: 6000 | K46: =AVERAGE(D46:J46) -> 8600
A47: 12 | B47: GARAM BERYODIUM
B48: - Garam Halus (Cap Kapal) | C48: 250 Gr/Bngks | D48: 3000 | E48: 8000 | F48: 2000 | G48: 4000 | H48: 2500 | I48: 4000 | J48: - | K48: =AVERAGE(D48:J48) -> 3916.6667
A49: 13 | B49: TEPUNG TERIGU
B50: - Tepung Terigu "Segitiga Biru" Curah | C50: Kg | D50: 10000 | E50: 10500 | F50: 12000 | G50: 12000 | H50: 11500 | I50: 11500 | J50: 7000 | K50: =AVERAGE(D50:J50) -> 10642.857
A51: 14 | B51: KACANG-KACANGAN
B52: - Kacang Kedelai (Kualitas Import) | C52: Kg | D52: 17000 | E52: 16000 | F52: 17000 | G52: 18000 | H52: 13000 | I52: 17000 | J52: - | K52: =AVERAGE(D52:J52) -> 16333.333
B53: - Kacang Kedelai (Kualitas Lokal) | C53: Kg | D53: - | E53: 14000 | F53: - | G53: - | H53: - | I53: - | J53: 13500 | K53: =AVERAGE(D53:J53) -> 13750
B54: - Kacang Hijau | C54: Kg | D54: 23000 | E54: 23000 | F54: 26000 | G54: 26000 | H54: 22000 | I54: 26000 | J54: 26000 | K54: =AVERAGE(D54:J54) -> 24571.429
B55: - Kacang Tanah (Jenis Besar) | C55: Kg | D55: 26000 | E55: 30000 | F55: 28000 | G55: 30000 | H55: 26000 | I55: 29000 | J55: 28000 | K55: =AVERAGE(D55:J55) -> 28142.857
A56: 15 | B56: MIE INSTAN
B57: - Indomie Goreng | C57: 86 Gr/Bngks | D57: 3000 | E57: 3200 | F57: 3000 | G57: 3000 | H57: - | I57: 3500 | J57: 3500 | K57: =AVERAGE(D57:J57) -> 3200
A58: 16 | B58: C A B E
B59: - Cabe Merah Besar | C59: Kg | D59: 24000 | E59: 25000 | F59: 24000 | G59: 35000 | H59: 20000 | I59: 35000 | J59: 30000 | K59: =AVERAGE(D59:J59) -> 27571.429
B60: - Cabe Merah Kriting | C60: Kg | D60: 40000 | E60: 35000 | F60: 35000 | G60: 40000 | H60: - | I60: - | J60: - | K60: =AVERAGE(D60:J60) -> 37500
B61: - Cabe Merah Kecil-Rawit | C61: Kg | D61: 52000 | E61: 60000 | F61: 65000 | G61: 65000 | H61: 55000 | I61: 65000 | J61: 65000 | K61: =AVERAGE(D61:J61) -> 61000
A62: 17 | B62: BAHAN BAKAR GAS LPG
B63: - Gas LPG Tabung (3 Kg.) | C63: Per Tabung | D63: 19000 | E63: 18000 | F63: 18000 | G63: 18000 | H63: - | I63: 18000 | J63: 18000 | K63: =AVERAGE(D63:J63) -> 18166.667
A64: 18 | B64: BAWANG
B65: - Bawang Putih (Jenis Kating) | C65: Kg | D65: 30000 | E65: 35000 | F65: 32000 | G65: 30000 | H65: 29000 | I65: 35000 | J65: 33000 | K65: =AVERAGE(D65:J65) -> 32000
B66: - Bawang Putih (Jenis Sinco) | C66: Kg | D66: 26000 | E66: 32000 | F66: 27000 | G66: 25000 | H66: 25000 | I66: 25000 | J66: 27000 | K66: =AVERAGE(D66:J66) -> 26714.286
B67: - Bawang Merah (Kualitas Lokal) | C67: Kg | D67: 30000 | E67: 35000 | F67: 30000 | G67: 35000 | H67: 25000 | I67: 35000 | J67: 28000 | K67: =AVERAGE(D67:J67) -> 31142.857
B68: - Bawang Bombay | C68: Kg | D68: 20000 | E68: 22000 | F68: 22000 | G68: 25000 | H68: 20000 | I68: 25000 | J68: 22000 | K68: =AVERAGE(D68:J68) -> 22285.714
A69: 19 | B69: UBI-UBIAN
B70: - Ketela Pohon | C70: Kg | D70: 6000 | E70: 7000 | F70: 5000 | G70: 6000 | H70: 4000 | I70: 6000 | J70: 5000 | K70: =AVERAGE(D70:J70) -> 5571.4286
B71: - Ubi Jalar | C71: Kg | D71: - | E71: - | F71: 5000 | G71: 6000 | H71: 5000 | I71: 7000 | J71: 6000 | K71: =AVERAGE(D71:J71) -> 5800
A72: 20 | B72: SAYUR-SAYURAN
B73: - Kubis | C73: Kg | D73: 8000 | E73: 10000 | F73: 9000 | G73: 10000 | H73: 9000 | I73: 10000 | J73: 7000 | K73: =AVERAGE(D73:J73) -> 9000
B74: - Buncis | C74: Kg | D74: 10000 | E74: 12000 | F74: 12000 | G74: 13000 | H74: 10000 | I74: 12000 | J74: 12000 | K74: =AVERAGE(D74:J74) -> 11571.429
B75: - Kentang | C75: Kg | D75: 15000 | E75: 15000 | F75: 17000 | G75: 16000 | H75: 15000 | I75: 16000 | J75: 15000 | K75: =AVERAGE(D75:J75) -> 15571.429
B76: - Tomat | C76: Kg | D76: 12000 | E76: 12000 | F76: 15000 | G76: 15000 | H76: 8000 | I76: 8000 | J76: 7000 | K76: =AVERAGE(D76:J76) -> 11000
B77: - Wortel (Kualitas Lokal) | C77: Kg | D77: 10000 | E77: 12000 | F77: 12000 | G77: 15000 | H77: 10000 | I77: 12000 | J77: 10000 | K77: =AVERAGE(D77:J77) -> 11571.429
B78: - Terong Ungu (Jenis Sayur) | C78: Kg | D78: - | E78: 10000 | F78: - | G78: - | H78: 9000 | I78: 10000 | J78: 8000 | K78: =AVERAGE(D78:J78) -> 9250
B79: - Bayam (Jenis Sayur) | C79: Ikat Kecil | D79: - | E79: - | F79: 2000 | G79: 2000 | H79: 1500 | I79: 2000 | J79: 2000 | K79: =AVERAGE(D79:J79) -> 1900
B80: - Kangkung (Jenis Panjang) | C80: Ikat Kecil | D80: - | E80: - | F80: 1500 | G80: 2000 | H80: 1500 | I80: 1500 | J80: 1500 | K80: =AVERAGE(D80:J80) -> 1600
B81: - Sawi (Jenis Hijau) | C81: Ikat Kecil | D81: - | E81: - | F81: 2000 | G81: 2000 | H81: 2000 | I81: 2000 | J81: 2000 | K81: =AVERAGE(D81:J81) -> 2000
A82: 21 | B82: AIR MINERAL
B83: - Air Mineral (Aqua Galon) | C83: 19 Ltr/Galon | D83: 18000 | E83: - | F83: - | G83: 17000 | H83: - | I83: 19000 | J83: 18000 | K83: =AVERAGE(D83:J83) -> 18000

Sheet 4
A1: HARGA BAHAN-BAHAN POKOK
A2: DI PASAR TRADISIONAL KOTA SURABAYA
A3: HARI / TANGGAL : Sabtu / 04 Maret 2023
B4: NAMA BAHAN POKOK DAN PENTING LAINNYA | C4: SATUAN | D4: Pasar Tambahrejo | E4: Pasar Pucang Anom | F4: Pasar Wonokromo | G4: Pasar Genteng Baru | H4: Pasar Pabean | I4: Pasar Kembang | J4: Pasar Balongsari | K4: Rata-Rata
A7: 1 | B7: BERAS
B8: - Beras Premium | C8: Kg | D8: 13000 | E8: 12500 | F8: 14500 | G8: 12800 | H8: 14000 | I8: 13500 | J8: 13000 | K8: =AVERAGE(D8:J8) -> 13328.571
B9: - Beras Medium | C9: Kg | D9: 9000 | E9: 9000 | F9: 8800 | G9: 9000 | H9: 9000 | I9: 9000 | J9: 9000 | K9: =AVERAGE(D9:J9) -> 8971.4286
B10: - Beras Jagung | C10: Kg | D10: - | E10: - | F10: - | G10: - | H10: - | I10: 11000 | J10: 8000 | K10: =AVERAGE(D10:J10) -> 9500
B11: - Beras Ketan (Jenis Siyem) | C11: Kg | D11: - | E11: 23000 | F11: - | G11: - | H11: - | I11: 20000 | J11: 17000 | K11: =AVERAGE(D11:J11) -> 20000
A12: 2 | B12: GULA
B13: Gula Pasir Lokal Curah | C13: Kg | D13: 13000 | E13: 13000 | F13: 13000 | G13: 13000 | H13: 13000 | I13: 13000 | J13: 13000 | K13: =AVERAGE(D13:J13) -> 13000
B14: - Gula Jawa/Merah (Bahan Kelapa) | C14: Kg | D14: 15000 | E14: 16000 | F14: 16000 | G14: 19000 | H14: 15000 | I14: 17000 | J14: 16000 | K14: =AVERAGE(D14:J14) -> 16285.714
A15: 3 | B15: MINYAK GORENG
B16: - Minyak Goreng Curah (Bening) | C16: Kg | D16: 15000 | E16: 16000 | F16: 15000 | G16: 16000 | H16: 14000 | I16: 16000 | J16: 16000 | K16: =AVERAGE(D16:J16) -> 15428.571
B17: - Minyak Kita | C17: Liter | D17: 14000 | E17: 14000 | F17: 14000 | G17: 14000 | H17: - | I17: 14000 | J17: 14000 | K17: =AVERAGE(D17:J17) -> 14000
A18: 4 | B18: MENTEGA
B19: - Mentega Curah (Amanda) | C19: Kg | D19: - | E19: - | F19: - | G19: 14000 | H19: - | I19: 24000 | J19: - | K19: =AVERAGE(D19:J19) -> 19000
A20: 5 | B20: DAGING
B21: - Daging Sapi Grade Atas | C21: Kg | D21: 120000 | E21: 120000 | F21: 120000 | G21: 120000 | H21: 117000 | I21: 120000 | J21: 110000 | K21: =AVERAGE(D21:J21) -> 118142.86
B22: - Daging Sapi Grade Sedang | C22: Kg | D22: 110000 | E22: 110000 | F22: 115000 | G22: 110000 | H22: 114000 | I22: 110000 | J22: 100000 | K22: =AVERAGE(D22:J22) -> 109857.14
B23: - Daging Sapi Grade Bawah | C23: Kg | D23: 100000 | E23: 95000 | F23: 105000 | G23: 100000 | H23: 100000 | I23: 100000 | J23: - | K23: =AVERAGE(D23:J23) -> 100000
B24: - Daging Ayam Broiler | C24: Kg | D24: 30000 | E24: 28000 | F24: 32000 | G24: 30000 | H24: 32000 | I24: 30000 | J24: 32000 | K24: =AVERAGE(D24:J24) -> 30571.429
A25: 6 | B25: I K A N
B26: - Ikan Tongkol Segar (Uk. Sedang) | C26: Kg | D26: 35000 | E26: 40000 | F26: - | G26: 40000 | H26: 30000 | I26: 40000 | J26: 40000 | K26: =AVERAGE(D26:J26) -> 37500
B27: - Ikan Mujair Segar (Uk. Sedang) | C27: Kg | D27: - | E27: 30000 | F27: 30000 | G27: 30000 | H27: 23000 | I27: 30000 | J27: 28000 | K27: =AVERAGE(D27:J27) -> 28500
B28: - Udang Segar (Uk. Sedang) | C28: Kg | D28: - | E28: 70000 | F28: 60000 | G28: 75000 | H28: 58000 | I28: 80000 | J28: 60000 | K28: =AVERAGE(D28:J28) -> 67166.667
B29: - Ikan Lele Segar (Ukuran Sedang) | C29: Kg | D29: - | E29: - | F29: - | G29: - | H29: 23000 | I29: 24000 | J29: 26000 | K29: =AVERAGE(D29:J29) -> 24333.333
B30: - Ikan Bandeng Segar (Uk. Sedang) | C30: Kg | D30: 40000 | E30: 36000 | F30: 40000 | G30: 40000 | H30: 28000 | I30: 40000 | J30: 36000 | K30: =AVERAGE(D30:J30) -> 37142.857
B31: - Ikan Teri Asin (Bukan Teri Medan) | C31: Kg | D31: 80000 | E31: 100000 | F31: 80000 | G31: - | H31: 80000 | I31: - | J31: - | K31: =AVERAGE(D31:J31) -> 85000
A32: 7 | B32: TELUR
B33: - Telur Ayam Broiler | C33: Kg | D33: 26000 | E33: 25000 | F33: 26000 | G33: 26000 | H33: 24000 | I33: 26000 | J33: 25000 | K33: =AVERAGE(D33:J33) -> 25428.571
B34: - Telur Ayam Kampung | C34: Butir | D34: 2500 | E34: 2000 | F34: 2000 | G34: 2500 | H34: 2000 | I34: 2500 | J34: 3000 | K34: =AVERAGE(D34:J34) -> 2357.1429
A35: 8 | B35: TAHU DAN TEMPE
B36: - Tahu | C36: Biji | D36: 1000 | E36: 1000 | F36: 3500 | G36: 3000 | H36: 4000 | I36: 1200 | J36: 3000 | K36: =AVERAGE(D36:J36) -> 2385.7143
B37: - Tempe | C37: Biji | D37: 2500 | E37: 2500 | F37: 6000 | G37: 3000 | H37: 2500 | I37: 5000 | J37: 3500 | K37: =AVERAGE(D37:J37) -> 3571.4286
A38: 9 | B38: S U S U
B39: - Susu Kental Manis "INDOMILK" Putih | C39: 390 Gr/kaleng | D39: 12500 | E39: 12000 | F39: 10000 | G39: 12000 | H39: - | I39: 12000 | J39: 10000 | K39: =AVERAGE(D39:J39) -> 11416.667
B40: - Susu Bubuk "DANCOW" Full Cream | C40: 400 Gr/Dos | D40: - | E40: 37900 | F40: - | G40: 42500 | H40: - | I40: - | J40: - | K40: =AVERAGE(D40:J40) -> 40200
A41: 10 | B41: SABUN CUCI
B42: - Sabun Detergen Rinso (Anti Noda) | C42: 900 Gram | D42: - | E42: - | F42: - | G42: - | H42: 17500 | I42: 21000 | J42: 17500 | K42: =AVERAGE(D42:J42) -> 18666.667
B43: - Sabun Colek "Wing's Biru" | C43: 350 Gram | D43: - | E43: - | F43: - | G43: - | H43: 2000 | I43: 2000 | J43: 2000 | K43: =AVERAGE(D43:J43) -> 2000
A44: 11 | B44: JAGUNG
B45: - Jagung Pipilan Kering (Jenis Kecil) | C45: Kg | D45: 11000 | E45: 8000 | F45: 9000 | G45: - | H45: 9000 | I45: 10000 | J45: 8000 | K45: =AVERAGE(D45:J45) -> 9166.6667
B46: - Jagung Pipilan Kering (Jenis Besar) | C46: Kg | D46: 9000 | E46: 10000 | F46: - | G46: 12000 | H46: 6000 | I46: - | J46: 6000 | K46: =AVERAGE(D46:J46) -> 8600
A47: 12 | B47: GARAM BERYODIUM
B48: - Garam Halus (Cap Kapal) | C48: 250 Gr/Bngks | D48: 3000 | E48: 8000 | F48: 2000 | G48: 4000 | H48: 2500 | I48: 4000 | J48: - | K48: =AVERAGE(D48:J48) -> 3916.6667
A49: 13 | B49: TEPUNG TERIGU
B50: - Tepung Terigu "Segitiga Biru" Curah | C50: Kg | D50: 10000 | E50: 10500 | F50: 12000 | G50: 12000 | H50: 11500 | I50: 11500 | J50: 7000 | K50: =AVERAGE(D50:J50) -> 10642.857
A51: 14 | B51: KACANG-KACANGAN
B52: - Kacang Kedelai (Kualitas Import) | C52: Kg | D52: 17000 | E52: 16000 | F52: 17000 | G52: 18000 | H52: 13000 | I52: 17000 | J52: - | K52: =AVERAGE(D52:J52) -> 16333.333
B53: - Kacang Kedelai (Kualitas Lokal) | C53: Kg | D53: - | E53: 14000 | F53: - | G53: - | H53: - | I53: - | J53: 13500 | K53: =AVERAGE(D53:J53) -> 13750
B54: - Kacang Hijau | C54: Kg | D54: 23000 | E54: 23000 | F54: 26000 | G54: 26000 | H54: 22000 | I54: 26000 | J54: 26000 | K54: =AVERAGE(D54:J54) -> 24571.429
B55: - Kacang Tanah (Jenis Besar) | C55: Kg | D55: 26000 | E55: 30000 | F55: 28000 | G55: 30000 | H55: 26000 | I55: 29000 | J55: 28000 | K55: =AVERAGE(D55:J55) -> 28142.857
A56: 15 | B56: MIE INSTAN
B57: - Indomie Goreng | C57: 86 Gr/Bngks | D57: 3000 | E57: 3200 | F57: 3000 | G57: 3000 | H57: - | I57: 3500 | J57: 3500 | K57: =AVERAGE(D57:J57) -> 3200
A58: 16 | B58: C A B E
B59: - Cabe Merah Besar | C59: Kg | D59: 24000 | E59: 25000 | F59: 24000 | G59: 35000 | H59: 20000 | I59: 35000 | J59: 30000 | K59: =AVERAGE(D59:J59) -> 27571.429
B60: - Cabe Merah Kriting | C60: Kg | D60: 40000 | E60: 35000 | F60: 35000 | G60: 40000 | H60: - | I60: - | J60: - | K60: =AVERAGE(D60:J60) -> 37500
B61: - Cabe Merah Kecil-Rawit | C61: Kg | D61: 62000 | E61: 70000 | F61: 65000 | G61: 65000 | H61: 55000 | I61: 65000 | J61: 65000 | K61: =AVERAGE(D61:J61) -> 63857.143
A62: 17 | B62: BAHAN BAKAR GAS LPG
B63: - Gas LPG Tabung (3 Kg.) | C63: Per Tabung | D63: 19000 | E63: 18000 | F63: 18000 | G63: 18000 | H63: - | I63: 18000 | J63: 18000 | K63: =AVERAGE(D63:J63) -> 18166.667
A64: 18 | B64: BAWANG
B65: - Bawang Putih (Jenis Kating) | C65: Kg | D65: 30000 | E65: 35000 | F65: 32000 | G65: 30000 | H65: 29000 | I65: 35000 | J65: 33000 | K65: =AVERAGE(D65:J65) -> 32000
B66: - Bawang Putih (Jenis Sinco) | C66: Kg | D66: 26000 | E66: 32000 | F66: 27000 | G66: 25000 | H66: 25000 | I66: 25000 | J66: 27000 | K66: =AVERAGE(D66:J66) -> 26714.286
B67: - Bawang Merah (Kualitas Lokal) | C67: Kg | D67: 32000 | E67: 35000 | F67: 30000 | G67: 35000 | H67: 25000 | I67: 35000 | J67: 28000 | K67: =AVERAGE(D67:J67) -> 31428.571
B68: - Bawang Bombay | C68: Kg | D68: 20000 | E68: 22000 | F68: 22000 | G68: 25000 | H68: 20000 | I68: 25000 | J68: 22000 | K68: =AVERAGE(D68:J68) -> 22285.714
A69: 19 | B69: UBI-UBIAN
B70: - Ketela Pohon | C70: Kg | D70: 6000 | E70: 7000 | F70: 5000 | G70: 6000 | H70: 4000 | I70: 6000 | J70: 5000 | K70: =AVERAGE(D70:J70) -> 5571.4286
B71: - Ubi Jalar | C71: Kg | D71: - | E71: - | F71: 5000 | G71: 6000 | H71: 5000 | I71: 7000 | J71: 6000 | K71: =AVERAGE(D71:J71) -> 5800
A72: 20 | B72: SAYUR-SAYURAN
B73: - Kubis | C73: Kg | D73: 8000 | E73: 10000 | F73: 9000 | G73: 10000 | H73: 9000 | I73: 10000 | J73: 7000 | K73: =AVERAGE(D73:J73) -> 9000
B74: - Buncis | C74: Kg | D74: 10000 | E74: 12000 | F74: 12000 | G74: 13000 | H74: 10000 | I74: 12000 | J74: 12000 | K74: =AVERAGE(D74:J74) -> 11571.429
B75: - Kentang | C75: Kg | D75: 15000 | E75: 15000 | F75: 17000 | G75: 16000 | H75: 15000 | I75: 16000 | J75: 15000 | K75: =AVERAGE(D75:J75) -> 15571.429
B76: - Tomat | C76: Kg | D76: 12000 | E76: 12000 | F76: 15000 | G76: 15000 | H76: 8000 | I76: 8000 | J76: 7000 | K76: =AVERAGE(D76:J76) -> 11000
B77: - Wortel (Kualitas Lokal) | C77: Kg | D77: 10000 | E77: 12000 | F77: 12000 | G77: 15000 | H77: 10000 | I77: 12000 | J77: 10000 | K77: =AVERAGE(D77:J77) -> 11571.429
B78: - Terong Ungu (Jenis Sayur) | C78: Kg | D78: - | E78: 10000 | F78: - | G78: - | H78: 9000 | I78: 10000 | J78: 8000 | K78: =AVERAGE(D78:J78) -> 9250
B79: - Bayam (Jenis Sayur) | C79: Ikat Kecil | D79: - | E79: - | F79: 2000 | G79: 2000 | H79: 1500 | I79: 2000 | J79: 2000 | K79: =AVERAGE(D79:J79) -> 1900
B80: - Kangkung (Jenis Panjang) | C80: Ikat Kecil | D80: - | E80: - | F80: 1500 | G80: 2000 | H80: 1500 | I80: 1500 | J80: 1500 | K80: =AVERAGE(D80:J80) -> 1600
B81: - Sawi (Jenis Hijau) | C81: Ikat Kecil | D81: - | E81: - | F81: 2000 | G81: 2000 | H81: 2000 | I81: 2000 | J81: 2000 | K81: =AVERAGE(D81:J81) -> 2000
A82: 21 | B82: AIR MINERAL
B83: - Air Mineral (Aqua Galon) | C83: 19 Ltr/Galon | D83: 18000 | E83: - | F83: - | G83: 17000 | H83: - | I83: 19000 | J83: 18000 | K83: =AVERAGE(D83:J83) -> 18000

Sheet 5
A1: HARGA BAHAN-BAHAN POKOK
A2: DI PASAR TRADISIONAL KOTA SURABAYA
A3: HARI / TANGGAL : Minggu / 05 Maret 2023
B4: NAMA BAHAN POKOK DAN PENTING LAINNYA | C4: SATUAN | D4: Pasar Tambahrejo | E4: Pasar Pucang Anom | F4: Pasar Wonokromo | G4: Pasar Genteng Baru | H4: Pasar Pabean | I4: Pasar Kembang | J4: Pasar Balongsari | K4: Rata-Rata
A7: 1 | B7: BERAS
B8: - Beras Premium | C8: Kg | D8: 13000 | E8: 12500 | F8: 14500 | G8: 12800 | H8: 14000 | I8: 13500 | J8: 13000 | K8: =AVERAGE(D8:J8) -> 13328.571
B9: - Beras Medium | C9: Kg | D9: 9000 | E9: 9000 | F9: 8800 | G9: 9000 | H9: 9000 | I9: 9000 | J9: 9000 | K9: =AVERAGE(D9:J9) -> 8971.4286
B10: - Beras Jagung | C10: Kg | D10: - | E10: - | F10: - | G10: - | H10: - | I10: 11000 | J10: 8000 | K10: =AVERAGE(D10:J10) -> 9500
B11: - Beras Ketan (Jenis Siyem) | C11: Kg | D11: - | E11: 23000 | F11: - | G11: - | H11: - | I11: 20000 | J11: 17000 | K11: =AVERAGE(D11:J11) -> 20000
A12: 2 | B12: GULA
B13: Gula Pasir Lokal Curah | C13: Kg | D13: 13000 | E13: 13000 | F13: 13000 | G13: 13000 | H13: 13000 | I13: 13000 | J13: 13000 | K13: =AVERAGE(D13:J13) -> 13000
B14: - Gula Jawa/Merah (Bahan Kelapa) | C14: Kg | D14: 15000 | E14: 16000 | F14: 16000 | G14: 19000 | H14: 15000 | I14: 17000 | J14: 16000 | K14: =AVERAGE(D14:J14) -> 16285.714
A15: 3 | B15: MINYAK GORENG
B16: - Minyak Goreng Curah (Bening) | C16: Kg | D16: 15000 | E16: 16000 | F16: 14000 | G16: 16000 | H16: 14000 | I16: 16000 | J16: 16000 | K16: =AVERAGE(D16:J16) -> 15285.714
B17: - Minyak Kita | C17: Liter | D17: 14000 | E17: 14000 | F17: 14000 | G17: 14000 | H17: - | I17: 14000 | J17: 14000 | K17: =AVERAGE(D17:J17) -> 14000
A18: 4 | B18: MENTEGA
B19: - Mentega Curah (Amanda) | C19: Kg | D19: - | E19: - | F19: - | G19: 14000 | H19: - | I19: 24000 | J19: - | K19: =AVERAGE(D19:J19) -> 19000
A20: 5 | B20: DAGING
B21: - Daging Sapi Grade Atas | C21: Kg | D21: 120000 | E21: 120000 | F21: 120000 | G21: 120000 | H21: 117000 | I21: 120000 | J21: 110000 | K21: =AVERAGE(D21:J21) -> 118142.86
B22: - Daging Sapi Grade Sedang | C22: Kg | D22: 110000 | E22: 110000 | F22: 115000 | G22: 110000 | H22: 114000 | I22: 110000 | J22: 100000 | K22: =AVERAGE(D22:J22) -> 109857.14
B23: - Daging Sapi Grade Bawah | C23: Kg | D23: 100000 | E23: 95000 | F23: 105000 | G23: 100000 | H23: 100000 | I23: 100000 | J23: - | K23: =AVERAGE(D23:J23) -> 100000
B24: - Daging Ayam Broiler | C24: Kg | D24: 30000 | E24: 28000 | F24: 32000 | G24: 30000 | H24: 32000 | I24: 32000 | J24: 32000 | K24: =AVERAGE(D24:J24) -> 30857.143
A25: 6 | B25: I K A N
B26: - Ikan Tongkol Segar (Uk. Sedang) | C26: Kg | D26: 35000 | E26: 40000 | F26: - | G26: 40000 | H26: 30000 | I26: 40000 | J26: 40000 | K26: =AVERAGE(D26:J26) -> 37500
B27: - Ikan Mujair Segar (Uk. Sedang) | C27: Kg | D27: - | E27: 30000 | F27: 30000 | G27: 30000 | H27: 23000 | I27: 30000 | J27: 28000 | K27: =AVERAGE(D27:J27) -> 28500
B28: - Udang Segar (Uk. Sedang) | C28: Kg | D28: - | E28: 70000 | F28: 60000 | G28: 75000 | H28: 58000 | I28: 75000 | J28: 60000 | K28: =AVERAGE(D28:J28) -> 66333.333
B29: - Ikan Lele Segar (Ukuran Sedang) | C29: Kg | D29: - | E29: - | F29: - | G29: - | H29: 23000 | I29: 24000 | J29: 26000 | K29: =AVERAGE(D29:J29) -> 24333.333
B30: - Ikan Bandeng Segar (Uk. Sedang) | C30: Kg | D30: 40000 | E30: 36000 | F30: 40000 | G30: 40000 | H30: 28000 | I30: 40000 | J30: 36000 | K30: =AVERAGE(D30:J30) -> 37142.857
B31: - Ikan Teri Asin (Bukan Teri Medan) | C31: Kg | D31: 80000 | E31: 100000 | F31: 80000 | G31: - | H31: 80000 | I31: - | J31: - | K31: =AVERAGE(D31:J31) -> 85000
A32: 7 | B32: TELUR
B33: - Telur Ayam Broiler | C33: Kg | D33: 26000 | E33: 25000 | F33: 26000 | G33: 26000 | H33: 24000 | I33: 26000 | J33: 25000 | K33: =AVERAGE(D33:J33) -> 25428.571
B34: - Telur Ayam Kampung | C34: Butir | D34: 2500 | E34: 2000 | F34: 2000 | G34: 2500 | H34: 2000 | I34: 2500 | J34: 3000 | K34: =AVERAGE(D34:J34) -> 2357.1429
A35: 8 | B35: TAHU DAN TEMPE
B36: - Tahu | C36: Biji | D36: 1000 | E36: 1000 | F36: 3500 | G36: 3000 | H36: 4000 | I36: 1200 | J36: 3000 | K36: =AVERAGE(D36:J36) -> 2385.7143
B37: - Tempe | C37: Biji | D37: 2500 | E37: 2500 | F37: 6000 | G37: 3000 | H37: 2500 | I37: 5000 | J37: 3500 | K37: =AVERAGE(D37:J37) -> 3571.4286
A38: 9 | B38: S U S U
B39: - Susu Kental Manis "INDOMILK" Putih | C39: 390 Gr/kaleng | D39: 12500 | E39: 12000 | F39: 10000 | G39: 12000 | H39: - | I39: 12000 | J39: 10000 | K39: =AVERAGE(D39:J39) -> 11416.667
B40: - Susu Bubuk "DANCOW" Full Cream | C40: 400 Gr/Dos | D40: - | E40: 37900 | F40: - | G40: 42500 | H40: - | I40: - | J40: - | K40: =AVERAGE(D40:J40) -> 40200
A41: 10 | B41: SABUN CUCI
B42: - Sabun Detergen Rinso (Anti Noda) | C42: 900 Gram | D42: - | E42: - | F42: - | G42: - | H42: 17500 | I42: 21000 | J42: 17500 | K42: =AVERAGE(D42:J42) -> 18666.667
B43: - Sabun Colek "Wing's Biru" | C43: 350 Gram | D43: - | E43: - | F43: - | G43: - | H43: 2000 | I43: 2000 | J43: 2000 | K43: =AVERAGE(D43:J43) -> 2000
A44: 11 | B44: JAGUNG
B45: - Jagung Pipilan Kering (Jenis Kecil) | C45: Kg | D45: 11000 | E45: 8000 | F45: 9000 | G45: - | H45: 9000 | I45: 10000 | J45: 8000 | K45: =AVERAGE(D45:J45) -> 9166.6667
B46: - Jagung Pipilan Kering (Jenis Besar) | C46: Kg | D46: 9000 | E46: 10000 | F46: - | G46: 12000 | H46: 6000 | I46: - | J46: 6000 | K46: =AVERAGE(D46:J46) -> 8600
A47: 12 | B47: GARAM BERYODIUM
B48: - Garam Halus (Cap Kapal) | C48: 250 Gr/Bngks | D48: 3000 | E48: 8000 | F48: 2000 | G48: 4000 | H48: 2500 | I48: 4000 | J48: - | K48: =AVERAGE(D48:J48) -> 3916.6667
A49: 13 | B49: TEPUNG TERIGU
B50: - Tepung Terigu "Segitiga Biru" Curah | C50: Kg | D50: 10000 | E50: 10500 | F50: 12000 | G50: 12000 | H50: 11500 | I50: 11500 | J50: 7000 | K50: =AVERAGE(D50:J50) -> 10642.857
A51: 14 | B51: KACANG-KACANGAN
B52: - Kacang Kedelai (Kualitas Import) | C52: Kg | D52: 17000 | E52: 16000 | F52: 17000 | G52: 18000 | H52: 13000 | I52: 17000 | J52: - | K52: =AVERAGE(D52:J52) -> 16333.333
B53: - Kacang Kedelai (Kualitas Lokal) | C53: Kg | D53: - | E53: 14000 | F53: - | G53: - | H53: - | I53: - | J53: 13500 | K53: =AVERAGE(D53:J53) -> 13750
B54: - Kacang Hijau | C54: Kg | D54: 23000 | E54: 23000 | F54: 26000 | G54: 26000 | H54: 22000 | I54: 26000 | J54: 26000 | K54: =AVERAGE(D54:J54) -> 24571.429
B55: - Kacang Tanah (Jenis Besar) | C55: Kg | D55: 26000 | E55: 30000 | F55: 28000 | G55: 30000 | H55: 26000 | I55: 29000 | J55: 28000 | K55: =AVERAGE(D55:J55) -> 28142.857
A56: 15 | B56: MIE INSTAN
B57: - Indomie Goreng | C57: 86 Gr/Bngks | D57: 3000 | E57: 3200 | F57: 3000 | G57: 3000 | H57: - | I57: 3500 | J57: 3500 | K57: =AVERAGE(D57:J57) -> 3200
A58: 16 | B58: C A B E
B59: - Cabe Merah Besar | C59: Kg | D59: 24000 | E59: 25000 | F59: 25000 | G59: 35000 | H59: 20000 | I59: 35000 | J59: 30000 | K59: =AVERAGE(D59:J59) -> 27714.286
B60: - Cabe Merah Kriting | C60: Kg | D60: 40000 | E60: 35000 | F60: 35000 | G60: 40000 | H60: - | I60: - | J60: - | K60: =AVERAGE(D60:J60) -> 37500
B61: - Cabe Merah Kecil-Rawit | C61: Kg | D61: 62000 | E61: 70000 | F61: 60000 | G61: 65000 | H61: 55000 | I61: 65000 | J61: 65000 | K61: =AVERAGE(D61:J61) -> 63142.857
A62: 17 | B62: BAHAN BAKAR GAS LPG
B63: - Gas LPG Tabung (3 Kg.) | C63: Per Tabung | D63: 19000 | E63: 18000 | F63: 18000 | G63: 18000 | H63: - | I63: 18000 | J63: 18000 | K63: =AVERAGE(D63:J63) -> 18166.667
A64: 18 | B64: BAWANG
B65: - Bawang Putih (Jenis Kating) | C65: Kg | D65: 30000 | E65: 35000 | F65: 35000 | G65: 30000 | H65: 29000 | I65: 35000 | J65: 33000 | K65: =AVERAGE(D65:J65) -> 32428.571
B66: - Bawang Putih (Jenis Sinco) | C66: Kg | D66: 26000 | E66: 32000 | F66: 28000 | G66: 25000 | H66: 25000 | I66: 25000 | J66: 27000 | K66: =AVERAGE(D66:J66) -> 26857.143
B67: - Bawang Merah (Kualitas Lokal) | C67: Kg | D67: 32000 | E67: 35000 | F67: 32000 | G67: 35000 | H67: 25000 | I67: 35000 | J67: 28000 | K67: =AVERAGE(D67:J67) -> 31714.286
B68: - Bawang Bombay | C68: Kg | D68: 20000 | E68: 22000 | F68: 22000 | G68: 25000 | H68: 20000 | I68: 25000 | J68: 22000 | K68: =AVERAGE(D68:J68) -> 22285.714
A69: 19 | B69: UBI-UBIAN
B70: - Ketela Pohon | C70: Kg | D70: 6000 | E70: 7000 | F70: 5000 | G70: 6000 | H70: 4000 | I70: 6000 | J70: 5000 | K70: =AVERAGE(D70:J70) -> 5571.4286
B71: - Ubi Jalar | C71: Kg | D71: - | E71: - | F71: 5000 | G71: 6000 | H71: 5000 | I71: 7000 | J71: 6000 | K71: =AVERAGE(D71:J71) -> 5800
A72: 20 | B72: SAYUR-SAYURAN
B73: - Kubis | C73: Kg | D73: 8000 | E73: 9000 | F73: 9000 | G73: 10000 | H73: 9000 | I73: 10000 | J73: 7000 | K73: =AVERAGE(D73:J73) -> 8857.1429
B74: - Buncis | C74: Kg | D74: 10000 | E74: 12000 | F74: 12000 | G74: 13000 | H74: 10000 | I74: 12000 | J74: 12000 | K74: =AVERAGE(D74:J74) -> 11571.429
B75: - Kentang | C75: Kg | D75: 15000 | E75: 15000 | F75: 17000 | G75: 16000 | H75: 15000 | I75: 16000 | J75: 15000 | K75: =AVERAGE(D75:J75) -> 15571.429
B76: - Tomat | C76: Kg | D76: 12000 | E76: 12000 | F76: 15000 | G76: 15000 | H76: 8000 | I76: 8000 | J76: 7000 | K76: =AVERAGE(D76:J76) -> 11000
B77: - Wortel (Kualitas Lokal) | C77: Kg | D77: 10000 | E77: 10000 | F77: 12000 | G77: 15000 | H77: 10000 | I77: 12000 | J77: 10000 | K77: =AVERAGE(D77:J77) -> 11285.714
B78: - Terong Ungu (Jenis Sayur) | C78: Kg | D78: - | E78: 10000 | F78: - | G78: - | H78: 9000 | I78: 10000 | J78: 8000 | K78: =AVERAGE(D78:J78) -> 9250
B79: - Bayam (Jenis Sayur) | C79: Ikat Kecil | D79: - | E79: - | F79: 2000 | G79: 2000 | H79: 1500 | I79: 2000 | J79: 2000 | K79: =AVERAGE(D79:J79) -> 1900
B80: - Kangkung (Jenis Panjang) | C80: Ikat Kecil | D80: - | E80: - | F80: 1500 | G80: 2000 | H80: 1500 | I80: 1500 | J80: 1500 | K80: =AVERAGE(D80:J80) -> 1600
B81: - Sawi (Jenis Hijau) | C81: Ikat Kecil | D81: - | E81: - | F81: 2000 | G81: 2000 | H81: 2000 | I81: 2000 | J81: 2000 | K81: =AVERAGE(D81:J81) -> 2000
A82: 21 | B82: AIR MINERAL
B83: - Air Mineral (Aqua Galon) | C83: 19 Ltr/Galon | D83: 18000 | E83: - | F83: - | G83: 17000 | H83: - | I83: 19000 | J83: 18000 | K83: =AVERAGE(D83:J83) -> 18000

Sheet 6
A1: HARGA BAHAN-BAHAN POKOK
A2: DI PASAR TRADISIONAL KOTA SURABAYA
A3: HARI / TANGGAL : Senin / 06 Maret 2023
B4: NAMA BAHAN POKOK DAN PENTING LAINNYA | C4: SATUAN | D4: Pasar Tambahrejo | E4: Pasar Pucang Anom | F4: Pasar Wonokromo | G4: Pasar Genteng Baru | H4: Pasar Pabean | I4: Pasar Kembang | J4: Pasar Balongsari | K4: Rata-Rata
A7: 1 | B7: BERAS
B8: - Beras Premium | C8: Kg | D8: 13000 | E8: 12500 | F8: 14500 | G8: 12800 | H8: 14000 | I8: 13500 | J8: 13000 | K8: =AVERAGE(D8:J8) -> 13328.571
B9: - Beras Medium | C9: Kg | D9: 9000 | E9: 9000 | F9: 8800 | G9: 9000 | H9: 9000 | I9: 9000 | J9: 9000 | K9: =AVERAGE(D9:J9) -> 8971.4286
B10: - Beras Jagung | C10: Kg | D10: - | E10: - | F10: - | G10: - | H10: - | I10: 11000 | J10: 8000 | K10: =AVERAGE(D10:J10) -> 9500
B11: - Beras Ketan (Jenis Siyem) | C11: Kg | D11: - | E11: 21000 | F11: - | G11: - | H11: - | I11: 20000 | J11: 17000 | K11: =AVERAGE(D11:J11) -> 19333.333
A12: 2 | B12: GULA
B13: Gula Pasir Lokal Curah | C13: Kg | D13: 13000 | E13: 13000 | F13: 13000 | G13: 13000 | H13: 13000 | I13: 13000 | J13: 13000 | K13: =AVERAGE(D13:J13) -> 13000
B14: - Gula Jawa/Merah (Bahan Kelapa) | C14: Kg | D14: 15000 | E14: 16000 | F14: 16000 | G14: 19000 | H14: 15000 | I14: 17000 | J14: 16000 | K14: =AVERAGE(D14:J14) -> 16285.714
A15: 3 | B15: MINYAK GORENG
B16: - Minyak Goreng Curah (Bening) | C16: Kg | D16: 15000 | E16: 16000 | F16: 14000 | G16: 16000 | H16: 14000 | I16: 16000 | J16: 16000 | K16: =AVERAGE(D16:J16) -> 15285.714
B17: - Minyak Kita | C17: Liter | D17: 14000 | E17: 14000 | F17: 14000 | G17: 14000 | H17: - | I17: 14000 | J17: 14000 | K17: =AVERAGE(D17:J17) -> 14000
A18: 4 | B18: MENTEGA
B19: - Mentega Curah (Amanda) | C19: Kg | D19: - | E19: - | F19: - | G19: 14000 | H19: - | I19: 24000 | J19: - | K19: =AVERAGE(D19:J19) -> 19000
A20: 5 | B20: DAGING
B21: - Daging Sapi Grade Atas | C21: Kg | D21: 120000 | E21: 120000 | F21: 120000 | G21: 120000 | H21: 117000 | I21: 120000 | J21: 110000 | K21: =AVERAGE(D21:J21) -> 118142.86
B22: - Daging Sapi Grade Sedang | C22: Kg | D22: 110000 | E22: 110000 | F22: 115000 | G22: 110000 | H22: 114000 | I22: 110000 | J22: 100000 | K22: =AVERAGE(D22:J22) -> 109857.14
B23: - Daging Sapi Grade Bawah | C23: Kg | D23: 100000 | E23: 95000 | F23: 105000 | G23: 100000 | H23: 100000 | I23: 100000 | J23: - | K23: =AVERAGE(D23:J23) -> 100000
B24: - Daging Ayam Broiler | C24: Kg | D24: 30000 | E24: 28000 | F24: 30000 | G24: 30000 | H24: 32000 | I24: 32000 | J24: 30000 | K24: =AVERAGE(D24:J24) -> 30285.714
A25: 6 | B25: I K A N
B26: - Ikan Tongkol Segar (Uk. Sedang) | C26: Kg | D26: 35000 | E26: 40000 | F26: - | G26: 40000 | H26: 30000 | I26: 40000 | J26: 40000 | K26: =AVERAGE(D26:J26) -> 37500
B27: - Ikan Mujair Segar (Uk. Sedang) | C27: Kg | D27: - | E27: 30000 | F27: 30000 | G27: 30000 | H27: 23000 | I27: 30000 | J27: 28000 | K27: =AVERAGE(D27:J27) -> 28500
B28: - Udang Segar (Uk. Sedang) | C28: Kg | D28: - | E28: 70000 | F28: 60000 | G28: 75000 | H28: 58000 | I28: 75000 | J28: 60000 | K28: =AVERAGE(D28:J28) -> 66333.333
B29: - Ikan Lele Segar (Ukuran Sedang) | C29: Kg | D29: - | E29: - | F29: - | G29: - | H29: 23000 | I29: 24000 | J29: 26000 | K29: =AVERAGE(D29:J29) -> 24333.333
B30: - Ikan Bandeng Segar (Uk. Sedang) | C30: Kg | D30: 40000 | E30: 36000 | F30: 40000 | G30: 40000 | H30: 28000 | I30: 40000 | J30: 36000 | K30: =AVERAGE(D30:J30) -> 37142.857
B31: - Ikan Teri Asin (Bukan Teri Medan) | C31: Kg | D31: 80000 | E31: 100000 | F31: 80000 | G31: - | H31: 80000 | I31: - | J31: - | K31: =AVERAGE(D31:J31) -> 85000
A32: 7 | B32: TELUR
B33: - Telur Ayam Broiler | C33: Kg | D33: 26000 | E33: 25000 | F33: 27000 | G33: 26000 | H33: 25000 | I33: 26000 | J33: 26000 | K33: =AVERAGE(D33:J33) -> 25857.143
B34: - Telur Ayam Kampung | C34: Butir | D34: 2500 | E34: 2000 | F34: 2000 | G34: 2500 | H34: 2000 | I34: 2500 | J34: 3000 | K34: =AVERAGE(D34:J34) -> 2357.1429
A35: 8 | B35: TAHU DAN TEMPE
B36: - Tahu | C36: Biji | D36: 1000 | E36: 1000 | F36: 3500 | G36: 3000 | H36: 4000 | I36: 1200 | J36: 3000 | K36: =AVERAGE(D36:J36) -> 2385.7143
B37: - Tempe | C37: Biji | D37: 2500 | E37: 2500 | F37: 5000 | G37: 3000 | H37: 2500 | I37: 5000 | J37: 3500 | K37: =AVERAGE(D37:J37) -> 3428.5714
A38: 9 | B38: S U S U
B39: - Susu Kental Manis "INDOMILK" Putih | C39: 390 Gr/kaleng | D39: 12500 | E39: 12000 | F39: 10000 | G39: 12000 | H39: - | I39: 12000 | J39: 10000 | K39: =AVERAGE(D39:J39) -> 11416.667
B40: - Susu Bubuk "DANCOW" Full Cream | C40: 400 Gr/Dos | D40: - | E40: 37900 | F40: - | G40: 42500 | H40: - | I40: - | J40: - | K40: =AVERAGE(D40:J40) -> 40200
A41: 10 | B41: SABUN CUCI
B42: - Sabun Detergen Rinso (Anti Noda) | C42: 900 Gram | D42: - | E42: - | F42: - | G42: - | H42: 17500 | I42: 21000 | J42: 17500 | K42: =AVERAGE(D42:J42) -> 18666.667
B43: - Sabun Colek "Wing's Biru" | C43: 350 Gram | D43: - | E43: - | F43: - | G43: - | H43: 2000 | I43: 2000 | J43: 2000 | K43: =AVERAGE(D43:J43) -> 2000
A44: 11 | B44: JAGUNG
B45: - Jagung Pipilan Kering (Jenis Kecil) | C45: Kg | D45: 11000 | E45: 8000 | F45: 9000 | G45: - | H45: 9000 | I45: 10000 | J45: 8000 | K45: =AVERAGE(D45:J45) -> 9166.6667
B46: - Jagung Pipilan Kering (Jenis Besar) | C46: Kg | D46: 9000 | E46: 10000 | F46: - | G46: 12000 | H46: 6000 | I46: - | J46: 6000 | K46: =AVERAGE(D46:J46) -> 8600
A47: 12 | B47: GARAM BERYODIUM
B48: - Garam Halus (Cap Kapal) | C48: 250 Gr/Bngks | D48: 3000 | E48: 8000 | F48: 2000 | G48: 4000 | H48: 2500 | I48: 4000 | J48: - | K48: =AVERAGE(D48:J48) -> 3916.6667
A49: 13 | B49: TEPUNG TERIGU
B50: - Tepung Terigu "Segitiga Biru" Curah | C50: Kg | D50: 10000 | E50: 10500 | F50: 12000 | G50: 12000 | H50: 11500 | I50: 11500 | J50: 7000 | K50: =AVERAGE(D50:J50) -> 10642.857
A51: 14 | B51: KACANG-KACANGAN
B52: - Kacang Kedelai (Kualitas Import) | C52: Kg | D52: 17000 | E52: 16000 | F52: 17000 | G52: 18000 | H52: 13000 | I52: 17000 | J52: - | K52: =AVERAGE(D52:J52) -> 16333.333
B53: - Kacang Kedelai (Kualitas Lokal) | C53: Kg | D53: - | E53: 14000 | F53: - | G53: - | H53: - | I53: - | J53: 13500 | K53: =AVERAGE(D53:J53) -> 13750
B54: - Kacang Hijau | C54: Kg | D54: 23000 | E54: 23000 | F54: 26000 | G54: 26000 | H54: 22000 | I54: 26000 | J54: 26000 | K54: =AVERAGE(D54:J54) -> 24571.429
B55: - Kacang Tanah (Jenis Besar) | C55: Kg | D55: 26000 | E55: 30000 | F55: 28000 | G55: 30000 | H55: 26000 | I55: 29000 | J55: 28000 | K55: =AVERAGE(D55:J55) -> 28142.857
A56: 15 | B56: MIE INSTAN
B57: - Indomie Goreng | C57: 86 Gr/Bngks | D57: 3000 | E57: 3200 | F57: 3000 | G57: 3000 | H57: - | I57: 3500 | J57: 3500 | K57: =AVERAGE(D57:J57) -> 3200
A58: 16 | B58: C A B E
B59: - Cabe Merah Besar | C59: Kg | D59: 28000 | E59: 25000 | F59: 25000 | G59: 35000 | H59: 30000 | I59: 35000 | J59: 30000 | K59: =AVERAGE(D59:J59) -> 29714.286
B60: - Cabe Merah Kriting | C60: Kg | D60: 40000 | E60: 35000 | F60: 35000 | G60: 40000 | H60: - | I60: - | J60: - | K60: =AVERAGE(D60:J60) -> 37500
B61: - Cabe Merah Kecil-Rawit | C61: Kg | D61: 65000 | E61: 70000 | F61: 60000 | G61: 65000 | H61: 68000 | I61: 65000 | J61: 70000 | K61: =AVERAGE(D61:J61) -> 66142.857
A62: 17 | B62: BAHAN BAKAR GAS LPG
B63: - Gas LPG Tabung (3 Kg.) | C63: Per Tabung | D63: 19000 | E63: 18000 | F63: 18000 | G63: 18000 | H63: - | I63: 18000 | J63: 18000 | K63: =AVERAGE(D63:J63) -> 18166.667
A64: 18 | B64: BAWANG
B65: - Bawang Putih (Jenis Kating) | C65: Kg | D65: 32000 | E65: 35000 | F65: 35000 | G65: 30000 | H65: 33000 | I65: 35000 | J65: 35000 | K65: =AVERAGE(D65:J65) -> 33571.429
B66: - Bawang Putih (Jenis Sinco) | C66: Kg | D66: 26000 | E66: 32000 | F66: 28000 | G66: 25000 | H66: 30000 | I66: 25000 | J66: 28000 | K66: =AVERAGE(D66:J66) -> 27714.286
B67: - Bawang Merah (Kualitas Lokal) | C67: Kg | D67: 34000 | E67: 35000 | F67: 32000 | G67: 35000 | H67: 25000 | I67: 35000 | J67: 35000 | K67: =AVERAGE(D67:J67) -> 33000
B68: - Bawang Bombay | C68: Kg | D68: 18000 | E68: 22000 | F68: 22000 | G68: 25000 | H68: 20000 | I68: 25000 | J68: 22000 | K68: =AVERAGE(D68:J68) -> 22000
A69: 19 | B69: UBI-UBIAN
B70: - Ketela Pohon | C70: Kg | D70: 6000 | E70: 7000 | F70: 5000 | G70: 6000 | H70: 4000 | I70: 6000 | J70: 5000 | K70: =AVERAGE(D70:J70) -> 5571.4286
B71: - Ubi Jalar | C71: Kg | D71: - | E71: - | F71: 5000 | G71: 6000 | H71: 5000 | I71: 7000 | J71: 6000 | K71: =AVERAGE(D71:J71) -> 5800
A72: 20 | B72: SAYUR-SAYURAN
B73: - Kubis | C73: Kg | D73: 8000 | E73: 9000 | F73: 9000 | G73: 10000 | H73: 9000 | I73: 10000 | J73: 8000 | K73: =AVERAGE(D73:J73) -> 9000
B74: - Buncis | C74: Kg | D74: 10000 | E74: 10000 | F74: 13000 | G74: 13000 | H74: 10000 | I74: 12000 | J74: 15000 | K74: =AVERAGE(D74:J74) -> 11857.143
B75: - Kentang | C75: Kg | D75: 15000 | E75: 15000 | F75: 17000 | G75: 16000 | H75: 15000 | I75: 16000 | J75: 15000 | K75: =AVERAGE(D75:J75) -> 15571.429
B76: - Tomat | C76: Kg | D76: 12000 | E76: 12000 | F76: 15000 | G76: 15000 | H76: 10000 | I76: 8000 | J76: 10000 | K76: =AVERAGE(D76:J76) -> 11714.286
B77: - Wortel (Kualitas Lokal) | C77: Kg | D77: 10000 | E77: 10000 | F77: 12000 | G77: 15000 | H77: 10000 | I77: 12000 | J77: 10000 | K77: =AVERAGE(D77:J77) -> 11285.714
B78: - Terong Ungu (Jenis Sayur) | C78: Kg | D78: - | E78: 10000 | F78: - | G78: - | H78: 9000 | I78: 10000 | J78: 8000 | K78: =AVERAGE(D78:J78) -> 9250
B79: - Bayam (Jenis Sayur) | C79: Ikat Kecil | D79: - | E79: - | F79: 2000 | G79: 2000 | H79: 1500 | I79: 2000 | J79: 2000 | K79: =AVERAGE(D79:J79) -> 1900
B80: - Kangkung (Jenis Panjang) | C80: Ikat Kecil | D80: - | E80: - | F80: 1500 | G80: 2000 | H80: 1500 | I80: 1500 | J80: 1500 | K80: =AVERAGE(D80:J80) -> 1600
B81: - Sawi (Jenis Hijau) | C81: Ikat Kecil | D81: - | E81: - | F81: 2000 | G81: 2000 | H81: 2000 | I81: 2000 | J81: 1500 | K81: =AVERAGE(D81:J81) -> 1900
A82: 21 | B82: AIR MINERAL
B83: - Air Mineral (Aqua Galon) | C83: 19 Ltr/Galon | D83: 18000 | E83: - | F83: - | G83: 17000 | H83: - | I83: 19000 | J83: 18000 | K83: =AVERAGE(D83:J83) -> 18000

Sheet 7
A1: HARGA BAHAN-BAHAN POKOK
A2: DI PASAR TRADISIONAL KOTA SURABAYA
A3: HARI / TANGGAL : Selasa / 07 Maret 2023
B4: NAMA BAHAN POKOK DAN PENTING LAINNYA | C4: SATUAN | D4: Pasar Tambahrejo | E4: Pasar Pucang Anom | F4: Pasar Wonokromo | G4: Pasar Genteng Baru | H4: Pasar Pabean | I4: Pasar Kembang | J4: Pasar Balongsari | K4: Rata-Rata
A7: 1 | B7: BERAS
B8: - Beras Premium | C8: Kg | D8: 13000 | E8: 12500 | F8: 14500 | G8: 12800 | H8: 14000 | I8: 13500 | J8: 13000 | K8: =AVERAGE(D8:J8) -> 13328.571
B9: - Beras Medium | C9: Kg | D9: 9000 | E9: 9000 | F9: 8800 | G9: 9000 | H9: 9000 | I9: 9000 | J9: 9000 | K9: =AVERAGE(D9:J9) -> 8971.4286
B10: - Beras Jagung | C10: Kg | D10: - | E10: - | F10: - | G10: - | H10: - | I10: 11000 | J10: 8000 | K10: =AVERAGE(D10:J10) -> 9500
B11: - Beras Ketan (Jenis Siyem) | C11: Kg | D11: - | E11: 21000 | F11: - | G11: - | H11: - | I11: 20000 | J11: 17000 | K11: =AVERAGE(D11:J11) -> 19333.333
A12: 2 | B12: GULA
B13: Gula Pasir Lokal Curah | C13: Kg | D13: 13000 | E13: 13000 | F13: 13000 | G13: 13000 | H13: 13000 | I13: 13000 | J13: 13000 | K13: =AVERAGE(D13:J13) -> 13000
B14: - Gula Jawa/Merah (Bahan Kelapa) | C14: Kg | D14: 15000 | E14: 16000 | F14: 16000 | G14: 19000 | H14: 15000 | I14: 17000 | J14: 16000 | K14: =AVERAGE(D14:J14) -> 16285.714
A15: 3 | B15: MINYAK GORENG
B16: - Minyak Goreng Curah (Bening) | C16: Kg | D16: 16000 | E16: 16000 | F16: 15000 | G16: 16000 | H16: 14000 | I16: 16000 | J16: 16000 | K16: =AVERAGE(D16:J16) -> 15571.429
B17: - Minyak Kita | C17: Liter | D17: 14000 | E17: 14000 | F17: - | G17: 14000 | H17: - | I17: 14000 | J17: 14000 | K17: =AVERAGE(D17:J17) -> 14000
A18: 4 | B18: MENTEGA
B19: - Mentega Curah (Amanda) | C19: Kg | D19: - | E19: - | F19: - | G19: 14000 | H19: - | I19: 24000 | J19: - | K19: =AVERAGE(D19:J19) -> 19000
A20: 5 | B20: DAGING
B21: - Daging Sapi Grade Atas | C21: Kg | D21: 120000 | E21: 120000 | F21: 120000 | G21: 120000 | H21: 117000 | I21: 120000 | J21: 110000 | K21: =AVERAGE(D21:J21) -> 118142.86
B22: - Daging Sapi Grade Sedang | C22: Kg | D22: 110000 | E22: 110000 | F22: 110000 | G22: 110000 | H22: 114000 | I22: 110000 | J22: 100000 | K22: =AVERAGE(D22:J22) -> 109142.86
B23: - Daging Sapi Grade Bawah | C23: Kg | D23: 100000 | E23: 95000 | F23: 100000 | G23: 100000 | H23: 100000 | I23: 100000 | J23: - | K23: =AVERAGE(D23:J23) -> 99166.667
B24: - Daging Ayam Broiler | C24: Kg | D24: 30000 | E24: 30000 | F24: 28000 | G24: 30000 | H24: 32000 | I24: 30000 | J24: 30000 | K24: =AVERAGE(D24:J24) -> 30000
A25: 6 | B25: I K A N
B26: - Ikan Tongkol Segar (Uk. Sedang) | C26: Kg | D26: 35000 | E26: 38000 | F26: - | G26: 40000 | H26: 30000 | I26: 40000 | J26: 40000 | K26: =AVERAGE(D26:J26) -> 37166.667
B27: - Ikan Mujair Segar (Uk. Sedang) | C27: Kg | D27: - | E27: 30000 | F27: 30000 | G27: 30000 | H27: 23000 | I27: 30000 | J27: 28000 | K27: =AVERAGE(D27:J27) -> 28500
B28: - Udang Segar (Uk. Sedang) | C28: Kg | D28: - | E28: 70000 | F28: 60000 | G28: 75000 | H28: 58000 | I28: 80000 | J28: 60000 | K28: =AVERAGE(D28:J28) -> 67166.667
B29: - Ikan Lele Segar (Ukuran Sedang) | C29: Kg | D29: - | E29: - | F29: - | G29: - | H29: 23000 | I29: 24000 | J29: 26000 | K29: =AVERAGE(D29:J29) -> 24333.333
B30: - Ikan Bandeng Segar (Uk. Sedang) | C30: Kg | D30: 40000 | E30: 36000 | F30: 40000 | G30: 40000 | H30: 28000 | I30: 44000 | J30: 36000 | K30: =AVERAGE(D30:J30) -> 37714.286
B31: - Ikan Teri Asin (Bukan Teri Medan) | C31: Kg | D31: 80000 | E31: 100000 | F31: 80000 | G31: - | H31: 80000 | I31: - | J31: - | K31: =AVERAGE(D31:J31) -> 85000
A32: 7 | B32: TELUR
B33: - Telur Ayam Broiler | C33: Kg | D33: 26000 | E33: 26000 | F33: 27000 | G33: 26000 | H33: 25000 | I33: 26000 | J33: 26000 | K33: =AVERAGE(D33:J33) -> 26000
B34: - Telur Ayam Kampung | C34: Butir | D34: 2500 | E34: 2000 | F34: 2000 | G34: 2500 | H34: 2000 | I34: 2500 | J34: 3000 | K34: =AVERAGE(D34:J34) -> 2357.1429
A35: 8 | B35: TAHU DAN TEMPE
B36: - Tahu | C36: Biji | D36: 1000 | E36: 1000 | F36: 3500 | G36: 3000 | H36: 4000 | I36: 1200 | J36: 3000 | K36: =AVERAGE(D36:J36) -> 2385.7143
B37: - Tempe | C37: Biji | D37: 2500 | E37: 2500 | F37: 5000 | G37: 3000 | H37: 2500 | I37: 5000 | J37: 3500 | K37: =AVERAGE(D37:J37) -> 3428.5714
A38: 9 | B38: S U S U
B39: - Susu Kental Manis "INDOMILK" Putih | C39: 390 Gr/kaleng | D39: 12500 | E39: 12000 | F39: 10000 | G39: 12000 | H39: - | I39: 12000 | J39: 10000 | K39: =AVERAGE(D39:J39) -> 11416.667
B40: - Susu Bubuk "DANCOW" Full Cream | C40: 400 Gr/Dos | D40: - | E40: 37900 | F40: - | G40: 42500 | H40: - | I40: - | J40: - | K40: =AVERAGE(D40:J40) -> 40200
A41: 10 | B41: SABUN CUCI
B42: - Sabun Detergen Rinso (Anti Noda) | C42: 900 Gram | D42: - | E42: - | F42: - | G42: - | H42: 17500 | I42: 21000 | J42: 17500 | K42: =AVERAGE(D42:J42) -> 18666.667
B43: - Sabun Colek "Wing's Biru" | C43: 350 Gram | D43: - | E43: - | F43: - | G43: - | H43: 2000 | I43: 2000 | J43: 2000 | K43: =AVERAGE(D43:J43) -> 2000
A44: 11 | B44: JAGUNG
B45: - Jagung Pipilan Kering (Jenis Kecil) | C45: Kg | D45: 11000 | E45: 8000 | F45: 9000 | G45: - | H45: 9000 | I45: 10000 | J45: 8000 | K45: =AVERAGE(D45:J45) -> 9166.6667
B46: - Jagung Pipilan Kering (Jenis Besar) | C46: Kg | D46: 9000 | E46: 10000 | F46: - | G46: 12000 | H46: 6000 | I46: - | J46: 6000 | K46: =AVERAGE(D46:J46) -> 8600
A47: 12 | B47: GARAM BERYODIUM
B48: - Garam Halus (Cap Kapal) | C48: 250 Gr/Bngks | D48: 3000 | E48: 8000 | F48: 2000 | G48: 4000 | H48: 2500 | I48: 4000 | J48: - | K48: =AVERAGE(D48:J48) -> 3916.6667
A49: 13 | B49: TEPUNG TERIGU
B50: - Tepung Terigu "Segitiga Biru" Curah | C50: Kg | D50: 10000 | E50: 10500 | F50: 12000 | G50: 12000 | H50: 11500 | I50: 11500 | J50: 7000 | K50: =AVERAGE(D50:J50) -> 10642.857
A51: 14 | B51: KACANG-KACANGAN
B52: - Kacang Kedelai (Kualitas Import) | C52: Kg | D52: 17000 | E52: 16000 | F52: 17000 | G52: 18000 | H52: 13000 | I52: 17000 | J52: - | K52: =AVERAGE(D52:J52) -> 16333.333
B53: - Kacang Kedelai (Kualitas Lokal) | C53: Kg | D53: - | E53: 14000 | F53: - | G53: - | H53: - | I53: - | J53: 13500 | K53: =AVERAGE(D53:J53) -> 13750
B54: - Kacang Hijau | C54: Kg | D54: 23000 | E54: 23000 | F54: 30000 | G54: 26000 | H54: 22000 | I54: 26000 | J54: 26000 | K54: =AVERAGE(D54:J54) -> 25142.857
B55: - Kacang Tanah (Jenis Besar) | C55: Kg | D55: 26000 | E55: 30000 | F55: 28000 | G55: 30000 | H55: 26000 | I55: 29000 | J55: 28000 | K55: =AVERAGE(D55:J55) -> 28142.857
A56: 15 | B56: MIE INSTAN
B57: - Indomie Goreng | C57: 86 Gr/Bngks | D57: 3000 | E57: 3200 | F57: 3000 | G57: 3000 | H57: - | I57: 3500 | J57: 3500 | K57: =AVERAGE(D57:J57) -> 3200
A58: 16 | B58: C A B E
B59: - Cabe Merah Besar | C59: Kg | D59: 28000 | E59: 25000 | F59: 32000 | G59: 35000 | H59: 30000 | I59: 35000 | J59: 30000 | K59: =AVERAGE(D59:J59) -> 30714.286
B60: - Cabe Merah Kriting | C60: Kg | D60: 45000 | E60: 33000 | F60: 35000 | G60: 40000 | H60: - | I60: - | J60: - | K60: =AVERAGE(D60:J60) -> 38250
B61: - Cabe Merah Kecil-Rawit | C61: Kg | D61: 65000 | E61: 65000 | F61: 70000 | G61: 65000 | H61: 68000 | I61: 70000 | J61: 70000 | K61: =AVERAGE(D61:J61) -> 67571.429
A62: 17 | B62: BAHAN BAKAR GAS LPG
B63: - Gas LPG Tabung (3 Kg.) | C63: Per Tabung | D63: 19000 | E63: 18000 | F63: 18000 | G63: 18000 | H63: - | I63: 18000 | J63: 18000 | K63: =AVERAGE(D63:J63) -> 18166.667
A64: 18 | B64: BAWANG
B65: - Bawang Putih (Jenis Kating) | C65: Kg | D65: 32000 | E65: 35000 | F65: 36000 | G65: 30000 | H65: 33000 | I65: 35000 | J65: 35000 | K65: =AVERAGE(D65:J65) -> 33714.286
B66: - Bawang Putih (Jenis Sinco) | C66: Kg | D66: 27000 | E66: 30000 | F66: 30000 | G66: 25000 | H66: 30000 | I66: 25000 | J66: 28000 | K66: =AVERAGE(D66:J66) -> 27857.143
B67: - Bawang Merah (Kualitas Lokal) | C67: Kg | D67: 34000 | E67: 32000 | F67: 32000 | G67: 35000 | H67: 25000 | I67: 38000 | J67: 35000 | K67: =AVERAGE(D67:J67) -> 33000
B68: - Bawang Bombay | C68: Kg | D68: 18000 | E68: 22000 | F68: 22000 | G68: 25000 | H68: 20000 | I68: 25000 | J68: 22000 | K68: =AVERAGE(D68:J68) -> 22000
A69: 19 | B69: UBI-UBIAN
B70: - Ketela Pohon | C70: Kg | D70: 6000 | E70: 7000 | F70: 5000 | G70: 6000 | H70: 4000 | I70: 6000 | J70: 5000 | K70: =AVERAGE(D70:J70) -> 5571.4286
B71: - Ubi Jalar | C71: Kg | D71: - | E71: - | F71: 5000 | G71: 6000 | H71: 5000 | I71: 7000 | J71: 6000 | K71: =AVERAGE(D71:J71) -> 5800
A72: 20 | B72: SAYUR-SAYURAN
B73: - Kubis | C73: Kg | D73: 8000 | E73: 8000 | F73: 8000 | G73: 10000 | H73: 9000 | I73: 10000 | J73: 8000 | K73: =AVERAGE(D73:J73) -> 8714.2857
B74: - Buncis | C74: Kg | D74: 10000 | E74: 15000 | F74: 14000 | G74: 13000 | H74: 10000 | I74: 12000 | J74: 15000 | K74: =AVERAGE(D74:J74) -> 12714.286
B75: - Kentang | C75: Kg | D75: 15000 | E75: 16000 | F75: 16000 | G75: 16000 | H75: 15000 | I75: 16000 | J75: 15000 | K75: =AVERAGE(D75:J75) -> 15571.429
B76: - Tomat | C76: Kg | D76: 12000 | E76: 14000 | F76: 15000 | G76: 15000 | H76: 10000 | I76: 8000 | J76: 10000 | K76: =AVERAGE(D76:J76) -> 12000
B77: - Wortel (Kualitas Lokal) | C77: Kg | D77: 10000 | E77: 10000 | F77: 10000 | G77: 15000 | H77: 10000 | I77: 12000 | J77: 10000 | K77: =AVERAGE(D77:J77) -> 11000
B78: - Terong Ungu (Jenis Sayur) | C78: Kg | D78: - | E78: 8000 | F78: - | G78: - | H78: 9000 | I78: 10000 | J78: 8000 | K78: =AVERAGE(D78:J78) -> 8750
B79: - Bayam (Jenis Sayur) | C79: Ikat Kecil | D79: - | E79: - | F79: 2000 | G79: 2000 | H79: 1500 | I79: 2000 | J79: 2000 | K79: =AVERAGE(D79:J79) -> 1900
B80: - Kangkung (Jenis Panjang) | C80: Ikat Kecil | D80: - | E80: - | F80: 1500 | G80: 2000 | H80: 1500 | I80: 1500 | J80: 1500 | K80: =AVERAGE(D80:J80) -> 1600
B81: - Sawi (Jenis Hijau) | C81: Ikat Kecil | D81: - | E81: - | F81: 2000 | G81: 2000 | H81: 2000 | I81: 2000 | J81: 1500 | K81: =AVERAGE(D81:J81) -> 1900
A82: 21 | B82: AIR MINERAL
B83: - Air Mineral (Aqua Galon) | C83: 19 Ltr/Galon | D83: 18000 | E83: - | F83: - | G83: 17000 | H83: - | I83: 19000 | J83: 18000 | K83: =AVERAGE(D83:J83) -> 18000

Sheet 8
A1: HARGA BAHAN-BAHAN POKOK
A2: DI PASAR TRADISIONAL KOTA SURABAYA
A3: HARI / TANGGAL : Rabu / 08 Maret 2023
B4: NAMA BAHAN POKOK DAN PENTING LAINNYA | C4: SATUAN | D4: Pasar Tambahrejo | E4: Pasar Pucang Anom | F4: Pasar Wonokromo | G4: Pasar Genteng Baru | H4: Pasar Pabean | I4: Pasar Kembang | J4: Pasar Balongsari | K4: Rata-Rata
A7: 1 | B7: BERAS
B8: - Beras Premium | C8: Kg | D8: 13000 | E8: 12500 | F8: 14000 | G8: 12800 | H8: 14000 | I8: 13500 | J8: 13000 | K8: 13257.143
B9: - Beras Medium | C9: Kg | D9: 9000 | E9: 9000 | F9: 8800 | G9: 9000 | H9: 9000 | I9: 9000 | J9: 9000 | K9: 8971.4286
B10: - Beras Jagung | C10: Kg | D10: - | E10: - | F10: - | G10: - | H10: - | I10: 11000 | J10: 8000 | K10: 9500
B11: - Beras Ketan (Jenis Siyem) | C11: Kg | D11: - | E11: 21000 | F11: - | G11: - | H11: - | I11: 20000 | J11: 17000 | K11: 19333.333
A12: 2 | B12: GULA
B13: Gula Pasir Lokal Curah | C13: Kg | D13: 13000 | E13: 13000 | F13: 13000 | G13: 13000 | H13: 13000 | I13: 13000 | J13: 13000 | K13: 13000
B14: - Gula Jawa/Merah (Bahan Kelapa) | C14: Kg | D14: 15000 | E14: 16000 | F14: 16000 | G14: 19000 | H14: 15000 | I14: 17000 | J14: 16000 | K14: 16285.714
A15: 3 | B15: MINYAK GORENG
B16: - Minyak Goreng Curah (Bening) | C16: Kg | D16: 16000 | E16: 16000 | F16: 16000 | G16: 16000 | H16: 14000 | I16: 16000 | J16: 16000 | K16: 15714.286
B17: - Minyak Kita | C17: Liter | D17: 14000 | E17: 14000 | F17: - | G17: 14000 | H17: - | I17: 14000 | J17: 14000 | K17: 14000
A18: 4 | B18: MENTEGA
B19: - Mentega Curah (Amanda) | C19: Kg | D19: - | E19: - | F19: - | G19: 14000 | H19: - | I19: 24000 | J19: - | K19: 19000
A20: 5 | B20: DAGING
B21: - Daging Sapi Grade Atas | C21: Kg | D21: 120000 | E21: 120000 | F21: 120000 | G21: 120000 | H21: 117000 | I21: 120000 | J21: 110000 | K21: 118142.86
B22: - Daging Sapi Grade Sedang | C22: Kg | D22: 110000 | E22: 110000 | F22: 110000 | G22: 110000 | H22: 114000 | I22: 110000 | J22: 100000 | K22: 109142.86
B23: - Daging Sapi Grade Bawah | C23: Kg | D23: 100000 | E23: 95000 | F23: 100000 | G23: 100000 | H23: 100000 | I23: 100000 | J23: - | K23: 99166.667
B24: - Daging Ayam Broiler | C24: Kg | D24: 30000 | E24: 30000 | F24: 28000 | G24: 30000 | H24: 32000 | I24: 30000 | J24: 32000 | K24: 30285.714
A25: 6 | B25: I K A N
B26: - Ikan Tongkol Segar (Uk. Sedang) | C26: Kg | D26: 35000 | E26: 38000 | F26: - | G26: 40000 | H26: 30000 | I26: 37000 | J26: 40000 | K26: 36666.667
B27: - Ikan Mujair Segar (Uk. Sedang) | C27: Kg | D27: - | E27: 30000 | F27: 30000 | G27: 30000 | H27: 23000 | I27: 30000 | J27: 28000 | K27: 28500
B28: - Udang Segar (Uk. Sedang) | C28: Kg | D28: - | E28: 70000 | F28: 60000 | G28: 75000 | H28: 58000 | I28: 74000 | J28: 60000 | K28: 66166.667
B29: - Ikan Lele Segar (Ukuran Sedang) | C29: Kg | D29: - | E29: - | F29: - | G29: - | H29: 23000 | I29: 24000 | J29: 26000 | K29: 24333.333
B30: - Ikan Bandeng Segar (Uk. Sedang) | C30: Kg | D30: 40000 | E30: 36000 | F30: 40000 | G30: 40000 | H30: 28000 | I30: 44000 | J30: 36000 | K30: 37714.286
B31: - Ikan Teri Asin (Bukan Teri Medan) | C31: Kg | D31: 80000 | E31: 100000 | F31: 80000 | G31: - | H31: 80000 | I31: - | J31: - | K31: 85000
A32: 7 | B32: TELUR
B33: - Telur Ayam Broiler | C33: Kg | D33: 26000 | E33: 26000 | F33: 27000 | G33: 27000 | H33: 25000 | I33: 26000 | J33: 28000 | K33: 26428.571
B34: - Telur Ayam Kampung | C34: Butir | D34: 2500 | E34: 2000 | F34: 2000 | G34: 2200 | H34: 2000 | I34: 2500 | J34: 3000 | K34: 2314.2857
A35: 8 | B35: TAHU DAN TEMPE
B36: - Tahu | C36: Biji | D36: 1000 | E36: 1000 | F36: 3500 | G36: 3000 | H36: 4000 | I36: 1200 | J36: 3000 | K36: 2385.7143
B37: - Tempe | C37: Biji | D37: 2500 | E37: 2500 | F37: 5000 | G37: 3000 | H37: 2500 | I37: 5000 | J37: 3500 | K37: 3428.5714
A38: 9 | B38: S U S U
B39: - Susu Kental Manis "INDOMILK" Putih | C39: 390 Gr/kaleng | D39: 12500 | E39: 12000 | F39: 10000 | G39: 12000 | H39: - | I39: 12000 | J39: 10000 | K39: 11416.667
B40: - Susu Bubuk "DANCOW" Full Cream | C40: 400 Gr/Dos | D40: - | E40: 37900 | F40: - | G40: 42500 | H40: - | I40: - | J40: - | K40: 40200
A41: 10 | B41: SABUN CUCI
B42: - Sabun Detergen Rinso (Anti Noda) | C42: 900 Gram | D42: - | E42: - | F42: - | G42: - | H42: 17500 | I42: 21000 | J42: 17500 | K42: 18666.667
B43: - Sabun Colek "Wing's Biru" | C43: 350 Gram | D43: - | E43: - | F43: - | G43: - | H43: 2000 | I43: 2000 | J43: 2000 | K43: 2000
A44: 11 | B44: JAGUNG
B45: - Jagung Pipilan Kering (Jenis Kecil) | C45: Kg | D45: 11000 | E45: 8000 | F45: 9000 | G45: - | H45: 9000 | I45: 10000 | J45: 8000 | K45: 9166.6667
B46: - Jagung Pipilan Kering (Jenis Besar) | C46: Kg | D46: 9000 | E46: 10000 | F46: - | G46: 12000 | H46: 6000 | I46: - | J46: 6000 | K46: 8600
A47: 12 | B47: GARAM BERYODIUM
B48: - Garam Halus (Cap Kapal) | C48: 250 Gr/Bngks | D48: 3000 | E48: 8000 | F48: 2000 | G48: 4000 | H48: 2500 | I48: 4000 | J48: - | K48: 3916.6667
A49: 13 | B49: TEPUNG TERIGU
B50: - Tepung Terigu "Segitiga Biru" Curah | C50: Kg | D50: 10000 | E50: 10500 | F50: 12000 | G50: 12000 | H50: 11500 | I50: 11500 | J50: 7000 | K50: 10642.857
A51: 14 | B51: KACANG-KACANGAN
B52: - Kacang Kedelai (Kualitas Import) | C52: Kg | D52: 17000 | E52: 16000 | F52: 15000 | G52: 18000 | H52: 13000 | I52: 17000 | J52: - | K52: 16000
B53: - Kacang Kedelai (Kualitas Lokal) | C53: Kg | D53: - | E53: 14000 | F53: - | G53: - | H53: - | I53: - | J53: 13500 | K53: 13750
B54: - Kacang Hijau | C54: Kg | D54: 23000 | E54: 23000 | F54: 30000 | G54: 26000 | H54: 22000 | I54: 26000 | J54: 26000 | K54: 25142.857
B55: - Kacang Tanah (Jenis Besar) | C55: Kg | D55: 26000 | E55: 30000 | F55: 33000 | G55: 30000 | H55: 26000 | I55: 29000 | J55: 28000 | K55: 28857.143
A56: 15 | B56: MIE INSTAN
B57: - Indomie Goreng | C57: 86 Gr/Bngks | D57: 3000 | E57: 3200 | F57: 3000 | G57: 3000 | H57: - | I57: 3500 | J57: 3500 | K57: 3200
A58: 16 | B58: C A B E
B59: - Cabe Merah Besar | C59: Kg | D59: 28000 | E59: 35000 | F59: 32000 | G59: 30000 | H59: 30000 | I59: 35000 | J59: 30000 | K59: 31428.571
B60: - Cabe Merah Kriting | C60: Kg | D60: 45000 | E60: 33000 | F60: 35000 | G60: 45000 | H60: - | I60: - | J60: - | K60: 39500
B61: - Cabe Merah Kecil-Rawit | C61: Kg | D61: 65000 | E61: 65000 | F61: 70000 | G61: 70000 | H61: 68000 | I61: 70000 | J61: 70000 | K61: 68285.714
A62: 17 | B62: BAHAN BAKAR GAS LPG
B63: - Gas LPG Tabung (3 Kg.) | C63: Per Tabung | D63: 19000 | E63: 18000 | F63: 18000 | G63: 18000 | H63: - | I63: 18000 | J63: 18000 | K63: 18166.667
A64: 18 | B64: BAWANG
B65: - Bawang Putih (Jenis Kating) | C65: Kg | D65: 32000 | E65: 35000 | F65: 32000 | G65: 30000 | H65: 33000 | I65: 35000 | J65: 35000 | K65: 33142.857
B66: - Bawang Putih (Jenis Sinco) | C66: Kg | D66: 27000 | E66: 30000 | F66: 28000 | G66: 25000 | H66: 30000 | I66: 25000 | J66: 28000 | K66: 27571.429
B67: - Bawang Merah (Kualitas Lokal) | C67: Kg | D67: 34000 | E67: 35000 | F67: 30000 | G67: 35000 | H67: 27000 | I67: 38000 | J67: 35000 | K67: 33428.571
B68: - Bawang Bombay | C68: Kg | D68: 18000 | E68: 22000 | F68: 22000 | G68: 25000 | H68: 20000 | I68: 25000 | J68: 22000 | K68: 22000
A69: 19 | B69: UBI-UBIAN
B70: - Ketela Pohon | C70: Kg | D70: 6000 | E70: 7000 | F70: 5000 | G70: 6000 | H70: 4000 | I70: 6000 | J70: 5000 | K70: 5571.4286
B71: - Ubi Jalar | C71: Kg | D71: - | E71: - | F71: 6000 | G71: 6000 | H71: 5000 | I71: 7000 | J71: 6000 | K71: 6000
A72: 20 | B72: SAYUR-SAYURAN
B73: - Kubis | C73: Kg | D73: 8000 | E73: 8000 | F73: 8000 | G73: 10000 | H73: 9000 | I73: 10000 | J73: 8000 | K73: 8714.2857
B74: - Buncis | C74: Kg | D74: 10000 | E74: 15000 | F74: 14000 | G74: 13000 | H74: 10000 | I74: 12000 | J74: 15000 | K74: 12714.286
B75: - Kentang | C75: Kg | D75: 15000 | E75: 16000 | F75: 16000 | G75: 16000 | H75: 15000 | I75: 16000 | J75: 15000 | K75: 15571.429
B76: - Tomat | C76: Kg | D76: 12000 | E76: 14000 | F76: 15000 | G76: 15000 | H76: 10000 | I76: 8000 | J76: 10000 | K76: 12000
B77: - Wortel (Kualitas Lokal) | C77: Kg | D77: 10000 | E77: 10000 | F77: 10000 | G77: 15000 | H77: 10000 | I77: 12000 | J77: 10000 | K77: 11000
B78: - Terong Ungu (Jenis Sayur) | C78: Kg | D78: - | E78: 8000 | F78: - | G78: - | H78: 9000 | I78: 10000 | J78: 8000 | K78: 8750
B79: - Bayam (Jenis Sayur) | C79: Ikat Kecil | D79: - | E79: - | F79: 2000 | G79: 2000 | H79: 1500 | I79: 2000 | J79: 2000 | K79: 1900
B80: - Kangkung (Jenis Panjang) | C80: Ikat Kecil | D80: - | E80: - | F80: 1500 | G80: 2000 | H80: 1500 | I80: 1500 | J80: 1500 | K80: 1600
B81: - Sawi (Jenis Hijau) | C81: Ikat Kecil | D81: - | E81: - | F81: 2000 | G81: 2000 | H81: 2000 | I81: 2000 | J81: 1500 | K81: 1900
A82: 21 | B82: AIR MINERAL
B83: - Air Mineral (Aqua Galon) | C83: 19 Ltr/Galon | D83: 18000 | E83: - | F83: - | G83: 17000 | H83: - | I83: 19000 | J83: 18000 | K83: 18000

Sheet 9
A1: HARGA BAHAN-BAHAN POKOK
A2: DI PASAR TRADISIONAL KOTA SURABAYA
A3: HARI / TANGGAL : Kamis / 09 Maret 2023
B4: NAMA BAHAN POKOK DAN PENTING LAINNYA | C4: SATUAN | D4: Pasar Tambahrejo | E4: Pasar Pucang Anom | F4: Pasar Wonokromo | G4: Pasar Genteng Baru | H4: Pasar Pabean | I4: Pasar Kembang | J4: Pasar Balongsari | K4: Rata-Rata
A7: 1 | B7: BERAS
B8: - Beras Premium | C8: Kg | D8: 13000 | E8: 12500 | F8: 14000 | G8: 12800 | H8: 14000 | I8: 13500 | J8: 13500 | K8: 13328.571
B9: - Beras Medium | C9: Kg | D9: 12000 | E9: 9000 | F9: 8800 | G9: 9000 | H9: 9000 | I9: 9000 | J9: 9000 | K9: 9400
B10: - Beras Jagung | C10: Kg | D10: - | E10: 10000 | F10: 12000 | G10: 12000 | H10: - | I10: 11000 | J10: 8000 | K10: 10600
B11: - Beras Ketan (Jenis Siyem) | C11: Kg | D11: - | E11: 22000 | F11: 24000 | G11: 18000 | H11: - | I11: 20000 | J11: 17000 | K11: 20200
A12: 2 | B12: GULA
B13: - Gula pasir lokal curah | C13: Kg | D13: 13000 | E13: 13000 | F13: 13000 | G13: 13000 | H13: 13000 | I13: 13000 | J13: 13000 | K13: 13000
B14: - Gula Jawa/Merah (Bahan Kelapa) | C14: Kg | D14: 15000 | E14: 16000 | F14: 15000 | G14: 16000 | H14: 15000 | I14: 16000 | J14: 16000 | K14: 15571.429
A15: 3 | B15: MINYAK GORENG
B16: - Minyak Goreng Curah (Bening) | C16: Kg | D16: 15000 | E16: 16000 | F16: 17000 | G16: 16000 | H16: 14000 | I16: 17000 | J16: - | K16: 15833.333
B17: - Minyak Kita | C17: Liter | D17: 14000 | E17: 14000 | F17: 14000 | G17: 14000 | H17: - | I17: 14000 | J17: 16000 | K17: 14333.333
A18: 4 | B18: MENTEGA
B19: - Mentega Curah (Amanda) | C19: Kg | D19: 22000 | E19: - | F19: 19000 | G19: 22000 | H19: - | I19: 24000 | J19: - | K19: 21750
A20: 5 | B20: DAGING
B21: - Daging Sapi Grade Atas | C21: Kg | D21: 120000 | E21: 120000 | F21: 120000 | G21: 120000 | H21: 117000 | I21: 120000 | J21: 110000 | K21: 118142.86
B22: - Daging Sapi Grade Sedang | C22: Kg | D22: 110000 | E22: 110000 | F22: 110000 | G22: 110000 | H22: 114000 | I22: 110000 | J22: 100000 | K22: 109142.86
B23: - Daging Sapi Grade Bawah | C23: Kg | D23: 100000 | E23: 95000 | F23: 100000 | G23: 100000 | H23: 100000 | I23: 100000 | J23: - | K23: 99166.667
B24: - Daging Ayam Broiler | C24: Kg | D24: 30000 | E24: 30000 | F24: 30000 | G24: 31000 | H24: 33000 | I24: 30000 | J24: 32000 | K24: 30857.143
A25: 6 | B25: I K A N
B26: - Ikan Tongkol Segar (Uk. Sedang) | C26: Kg | D26: 35000 | E26: 38000 | F26: - | G26: 45000 | H26: 30000 | I26: 37000 | J26: 40000 | K26: 37500
B27: - Ikan Mujair Segar (Uk. Sedang) | C27: Kg | D27: 30000 | E27: 30000 | F27: 30000 | G27: 35000 | H27: 23000 | I27: 30000 | J27: 28000 | K27: 29428.571
B28: - Udang Segar (Uk. Sedang) | C28: Kg | D28: 60000 | E28: 70000 | F28: 60000 | G28: 75000 | H28: 58000 | I28: 75000 | J28: 60000 | K28: 65428.571
B29: - Ikan Lele Segar (Ukuran Sedang) | C29: Kg | D29: 25000 | E29: - | F29: - | G29: 25000 | H29: 23000 | I29: 24000 | J29: 26000 | K29: 24600
B30: - Ikan Bandeng Segar (Uk. Sedang) | C30: Kg | D30: 40000 | E30: 36000 | F30: 40000 | G30: 45000 | H30: 28000 | I30: 42000 | J30: 36000 | K30: 38142.857
B31: - Ikan Teri Asin (Bukan Teri Medan) | C31: Kg | D31: - | E31: 100000 | F31: 110000 | G31: - | H31: 80000 | I31: - | J31: - | K31: 96666.667
A32: 7 | B32: TELUR
B33: - Telur Ayam Broiler | C33: Kg | D33: 26000 | E33: 27000 | F33: 28000 | G33: 28000 | H33: 25000 | I33: 27500 | J33: 28000 | K33: 27071.429
B34: - Telur Ayam Kampung | C34: Butir | D34: 2500 | E34: 2000 | F34: 2500 | G34: 2200 | H34: 2000 | I34: 2500 | J34: 3000 | K34: 2385.7143
A35: 8 | B35: TAHU
B36: - Tahu biasa | C36: Kg | D36: 1000 | E36: 1000 | F36: 3000 | G36: 3000 | H36: 4000 | I36: 15000 | J36: 3000 | K36: 4285.7143
B37: - Tahu susu | C37: Kg | D37: - | E37: 7000 | F37: 12000 | G37: 17000 | H37: - | I37: 13000 | J37: 12000 | K37: 12200
A38: 9 | B38: TEMPE
B39: - Tempe Kw I (campuran kedelai) | C39: Kg | D39: - | E39: 6000 | F39: - | G39: 16000 | H39: 2500 | I39: 15000 | J39: 3500 | K39: 8600
B40: - Tempe Kw II (campuran jagung) | C40: Kg | D40: 2500 | E40: 4000 | F40: 6000 | G40: - | H40: - | I40: - | J40: - | K40: 4166.6667
B41: - Tempe Kw III (campuran kulit) | C41: Kg | D41: - | E41: 2000 | F41: - | G41: - | H41: - | I41: - | J41: - | K41: 2000
A42: 10 | B42: S U S U
B43: - Susu Kental Manis "INDOMILK" Putih | C43: 390 Gr/kaleng | D43: 12500 | E43: 12000 | F43: 12500 | G43: 12000 | H43: - | I43: 12500 | J43: 10000 | K43: 11916.667
B44: - Susu Bubuk "DANCOW" Full Cream | C44: 400 Gr/Dos | D44: - | E44: 37900 | F44: - | G44: 42500 | H44: - | I44: - | J44: - | K44: 40200
A45: 11 | B45: SABUN CUCI
B46: - Sabun Detergen Rinso (Anti Noda) | C46: 900 Gram | D46: - | E46: - | F46: - | G46: - | H46: 17500 | I46: 21000 | J46: 17500 | K46: 18666.667
B47: - Sabun Colek "Wing's Biru" | C47: 350 Gram | D47: - | E47: - | F47: - | G47: - | H47: 2000 | I47: 2000 | J47: 2000 | K47: 2000
A48: 12 | B48: JAGUNG
B49: - Jagung Pipilan Kering (Jenis Kecil) | C49: Kg | D49: 11000 | E49: 8000 | F49: 10000 | G49: 10000 | H49: 9000 | I49: 10000 | J49: 8000 | K49: 9428.5714
B50: - Jagung Pipilan Kering (Jenis Besar) | C50: Kg | D50: 9000 | E50: 10000 | F50: 9000 | G50: 9000 | H50: 6000 | I50: - | J50: 6000 | K50: 8166.6667
A51: 13 | B51: GARAM BERYODIUM
B52: - Garam Halus (Cap Kapal) | C52: 250 Gr/Bngks | D52: 3000 | E52: 8000 | F52: 5000 | G52: 5000 | H52: 2500 | I52: 2000 | J52: 2500 | K52: 4000
A53: 14 | B53: TEPUNG TERIGU
B54: - Tepung Terigu "Segitiga Biru" Curah | C54: Kg | D54: 10000 | E54: 10500 | F54: 13000 | G54: 11000 | H54: 11500 | I54: 11500 | J54: 7000 | K54: 10642.857
A55: 15 | B55: KACANG-KACANGAN
B56: - Kacang Kedelai (Kualitas Import) | C56: Kg | D56: 17000 | E56: 16000 | F56: 17000 | G56: 20000 | H56: 13000 | I56: 17000 | J56: - | K56: 16666.667
B57: - Kacang Kedelai (Kualitas Lokal) | C57: Kg | D57: - | E57: 14000 | F57: 15000 | G57: - | H57: - | I57: - | J57: 13500 | K57: 14166.667
B58: - Kacang Hijau | C58: Kg | D58: 24000 | E58: 23000 | F58: 30000 | G58: 30000 | H58: 22000 | I58: 26000 | J58: 26000 | K58: 25857.143
B59: - Kacang Tanah (Jenis Besar) | C59: Kg | D59: 28000 | E59: 30000 | F59: 33000 | G59: 30000 | H59: 26000 | I59: 29000 | J59: 28000 | K59: 29142.857
A60: 16 | B60: MIE INSTAN
B61: - Indomie Goreng | C61: 86 Gr/Bngks | D61: 3000 | E61: 3200 | F61: 3000 | G61: 3000 | H61: - | I61: 3500 | J61: 3500 | K61: 3200
A62: 17 | B62: C A B E
B63: - Cabe Merah Besar | C63: Kg | D63: 30000 | E63: 35000 | F63: 32000 | G63: 30000 | H63: 28000 | I63: 35000 | J63: 30000 | K63: 31428.571
B64: - Cabe Merah Kriting | C64: Kg | D64: 45000 | E64: 33000 | F64: 35000 | G64: 45000 | H64: - | I64: 45000 | J64: - | K64: 40600
B65: - Cabe Merah Kecil-Rawit | C65: Kg | D65: 65000 | E65: 65000 | F65: 70000 | G65: 75000 | H65: 75000 | I65: 70000 | J65: 70000 | K65: 70000
A66: 18 | B66: BAHAN BAKAR GAS LPG
B67: - Gas LPG Tabung (3 Kg.) | C67: Per Tabung | D67: 19000 | E67: 18000 | F67: 18000 | G67: 18000 | H67: - | I67: 18000 | J67: 18000 | K67: 18166.667
A68: 19 | B68: BAWANG
B69: - Bawang Putih (Jenis Kating) | C69: Kg | D69: 34000 | E69: 35000 | F69: 35000 | G69: 38000 | H69: 33000 | I69: 36000 | J69: 35000 | K69: 35142.857
B70: - Bawang Putih (Jenis Sinco) | C70: Kg | D70: 32000 | E70: 30000 | F70: 28000 | G70: 28000 | H70: 28000 | I70: 30000 | J70: 28000 | K70: 29142.857
B71: - Bawang Merah (Kualitas Lokal) | C71: Kg | D71: 33000 | E71: 35000 | F71: 30000 | G71: 40000 | H71: 22000 | I71: 33000 | J71: 35000 | K71: 32571.429
B72: - Bawang Bombay | C72: Kg | D72: 20000 | E72: 22000 | F72: 22000 | G72: 25000 | H72: 20000 | I72: 25000 | J72: 22000 | K72: 22285.714
A73: 20 | B73: UBI-UBIAN
B74: - Ketela Pohon | C74: Kg | D74: 6000 | E74: 7000 | F74: 5000 | G74: 6000 | H74: 4000 | I74: 6000 | J74: 5000 | K74: 5571.4286
B75: - Ubi Jalar | C75: Kg | D75: 6000 | E75: - | F75: 6000 | G75: 6000 | H75: 5000 | I75: 7000 | J75: 6000 | K75: 6000
A76: 21 | B76: SAYUR-SAYURAN
B77: - Kubis | C77: Kg | D77: 7000 | E77: 8000 | F77: 8000 | G77: 9000 | H77: 9000 | I77: 12000 | J77: 8000 | K77: 8714.2857
B78: - Buncis | C78: Kg | D78: 10000 | E78: 15000 | F78: 14000 | G78: 14000 | H78: 10000 | I78: 12000 | J78: 15000 | K78: 12857.143
B79: - Kentang | C79: Kg | D79: 14000 | E79: 16000 | F79: 16000 | G79: 17000 | H79: 15000 | I79: 16000 | J79: 10000 | K79: 14857.143
B80: - Tomat | C80: Kg | D80: 14000 | E80: 14000 | F80: 15000 | G80: 16000 | H80: 10000 | I80: 8000 | J80: 10000 | K80: 12428.571
B81: - Wortel (Kualitas Lokal) | C81: Kg | D81: 8000 | E81: 10000 | F81: 10000 | G81: 12000 | H81: 10000 | I81: 12000 | J81: 10000 | K81: 10285.714
B82: - Terong Ungu (Jenis Sayur) | C82: Kg | D82: 7000 | E82: 8000 | F82: - | G82: - | H82: 9000 | I82: 10000 | J82: 8000 | K82: 8400
B83: - Bayam (Jenis Sayur) | C83: Ikat Kecil | D83: 2000 | E83: - | F83: 2000 | G83: 2000 | H83: 1500 | I83: 2000 | J83: 2000 | K83: 1916.6667
B84: - Kangkung (Jenis Panjang) | C84: Ikat Kecil | D84: 2000 | E84: - | F84: 1500 | G84: 2000 | H84: 1500 | I84: 1500 | J84: 1500 | K84: 1666.6667
B85: - Sawi (Jenis Hijau) | C85: Ikat Kecil | D85: - | E85: - | F85: 2000 | G85: 2000 | H85: 2000 | I85: 2000 | J85: 1500 | K85: 1900
A86: 22 | B86: AIR MINERAL
B87: - Air Mineral (Aqua Galon) | C87: 19 Ltr/Galon | D87: 18000 | E87: - | F87: 17000 | G87: 17000 | H87: - | I87: 20000 | J87: 18000 | K87: 18000

Sheet 10
A1: HARGA BAHAN-BAHAN POKOK
A2: DI PASAR TRADISIONAL KOTA SURABAYA
A3: HARI / TANGGAL : Jumat / 10 Maret 2023
B4: NAMA BAHAN POKOK DAN PENTING LAINNYA | C4: SATUAN | D4: Pasar Tambahrejo | E4: Pasar Pucang Anom | F4: Pasar Wonokromo | G4: Pasar Genteng Baru | H4: Pasar Pabean | I4: Pasar Kembang | J4: Pasar Balongsari | K4: Rata-Rata
A7: 1 | B7: BERAS
B8: - Beras Premium | C8: Kg | D8: 13000 | E8: 12500 | F8: 14000 | G8: 12800 | H8: 14000 | I8: 13500 | J8: 13500 | K8: =AVERAGE(D8:J8) -> 13328.571
B9: - Beras Medium | C9: Kg | D9: 12000 | E9: 9000 | F9: 8800 | G9: 9000 | H9: 9000 | I9: 9000 | J9: 9000 | K9: =AVERAGE(D9:J9) -> 9400
B10: - Beras Jagung | C10: Kg | D10: - | E10: 10000 | F10: 12000 | G10: 12000 | H10: - | I10: 11000 | J10: 8000 | K10: =AVERAGE(D10:J10) -> 10600
B11: - Beras Ketan (Jenis Siyem) | C11: Kg | D11: - | E11: 22000 | F11: 24000 | G11: 18000 | H11: - | I11: 20000 | J11: 17000 | K11: =AVERAGE(D11:J11) -> 20200
A12: 2 | B12: GULA
B13: - Gula pasir lokal curah | C13: Kg | D13: 13000 | E13: 13000 | F13: 13000 | G13: 13000 | H13: 13000 | I13: 13000 | J13: 13000 | K13: =AVERAGE(D13:J13) -> 13000
B14: - Gula Jawa/Merah (Bahan Kelapa) | C14: Kg | D14: 15000 | E14: 16000 | F14: 15000 | G14: 16000 | H14: 15000 | I14: 16000 | J14: 16000 | K14: =AVERAGE(D14:J14) -> 15571.429
A15: 3 | B15: MINYAK GORENG
B16: - Minyak Goreng Curah (Bening) | C16: Kg | D16: 15000 | E16: 16000 | F16: 17000 | G16: 16000 | H16: 14000 | I16: 17000 | J16: - | K16: =AVERAGE(D16:J16) -> 15833.333
B17: - Minyak Kita | C17: Liter | D17: 14000 | E17: 14000 | F17: 14000 | G17: 14000 | H17: - | I17: 14000 | J17: 16000 | K17: =AVERAGE(D17:J17) -> 14333.333
A18: 4 | B18: MENTEGA
B19: - Mentega Curah (Amanda) | C19: Kg | D19: 22000 | E19: - | F19: 19000 | G19: 22000 | H19: - | I19: 24000 | J19: - | K19: =AVERAGE(D19:J19) -> 21750
A20: 5 | B20: DAGING
B21: - Daging Sapi Grade Atas | C21: Kg | D21: 120000 | E21: 120000 | F21: 120000 | G21: 120000 | H21: 117000 | I21: 120000 | J21: 110000 | K21: =AVERAGE(D21:J21) -> 118142.86
B22: - Daging Sapi Grade Sedang | C22: Kg | D22: 110000 | E22: 110000 | F22: 110000 | G22: 110000 | H22: 114000 | I22: 110000 | J22: 100000 | K22: =AVERAGE(D22:J22) -> 109142.86
B23: - Daging Sapi Grade Bawah | C23: Kg | D23: 100000 | E23: 95000 | F23: 100000 | G23: 100000 | H23: 100000 | I23: 100000 | J23: - | K23: =AVERAGE(D23:J23) -> 99166.667
B24: - Daging Ayam Broiler | C24: Kg | D24: 30000 | E24: 30000 | F24: 30000 | G24: 31000 | H24: 32000 | I24: 32000 | J24: 32000 | K24: =AVERAGE(D24:J24) -> 31000
A25: 6 | B25: I K A N
B26: - Ikan Tongkol Segar (Uk. Sedang) | C26: Kg | D26: 35000 | E26: 38000 | F26: - | G26: 45000 | H26: 30000 | I26: 37000 | J26: 40000 | K26: =AVERAGE(D26:J26) -> 37500
B27: - Ikan Mujair Segar (Uk. Sedang) | C27: Kg | D27: 30000 | E27: 30000 | F27: 30000 | G27: 35000 | H27: 23000 | I27: 30000 | J27: 28000 | K27: =AVERAGE(D27:J27) -> 29428.571
B28: - Udang Segar (Uk. Sedang) | C28: Kg | D28: 60000 | E28: 70000 | F28: 60000 | G28: 75000 | H28: 58000 | I28: 75000 | J28: 60000 | K28: =AVERAGE(D28:J28) -> 65428.571
B29: - Ikan Lele Segar (Ukuran Sedang) | C29: Kg | D29: 25000 | E29: - | F29: - | G29: 25000 | H29: 23000 | I29: 24000 | J29: 26000 | K29: =AVERAGE(D29:J29) -> 24600
B30: - Ikan Bandeng Segar (Uk. Sedang) | C30: Kg | D30: 40000 | E30: 36000 | F30: 40000 | G30: 45000 | H30: 28000 | I30: 42000 | J30: 36000 | K30: =AVERAGE(D30:J30) -> 38142.857
B31: - Ikan Teri Asin (Bukan Teri Medan) | C31: Kg | D31: - | E31: 100000 | F31: 110000 | G31: - | H31: 80000 | I31: - | J31: - | K31: =AVERAGE(D31:J31) -> 96666.667
A32: 7 | B32: TELUR
B33: - Telur Ayam Broiler | C33: Kg | D33: 26000 | E33: 27000 | F33: 27500 | G33: 28000 | H33: 26000 | I33: 28000 | J33: 27000 | K33: =AVERAGE(D33:J33) -> 27071.429
B34: - Telur Ayam Kampung | C34: Butir | D34: 2500 | E34: 2000 | F34: 2500 | G34: 2200 | H34: 2000 | I34: 2500 | J34: 3000 | K34: =AVERAGE(D34:J34) -> 2385.7143
A35: 8 | B35: TAHU
B36: - Tahu biasa | C36: Kg | D36: 1000 | E36: 1000 | F36: 3000 | G36: 3000 | H36: 4000 | I36: 15000 | J36: 3000 | K36: =AVERAGE(D36:J36) -> 4285.7143
B37: - Tahu susu | C37: Kg | D37: - | E37: 7000 | F37: 12000 | G37: 17000 | H37: - | I37: 13000 | J37: 12000 | K37: =AVERAGE(D37:J37) -> 12200
A38: 9 | B38: TEMPE
B39: - Tempe Kw I (campuran kedelai) | C39: Kg | D39: - | E39: 6000 | F39: - | G39: 16000 | H39: 2500 | I39: 15000 | J39: 15000 | K39: =AVERAGE(D39:J39) -> 10900
B40: - Tempe Kw II (campuran jagung) | C40: Kg | D40: 2500 | E40: 4000 | F40: 6000 | G40: - | H40: - | I40: - | J40: - | K40: =AVERAGE(D40:J40) -> 4166.6667
B41: - Tempe Kw III (campuran kulit) | C41: Kg | D41: - | E41: 2000 | F41: - | G41: - | H41: - | I41: - | J41: - | K41: =AVERAGE(D41:J41) -> 2000
A42: 10 | B42: S U S U
B43: - Susu Kental Manis "INDOMILK" Putih | C43: 390 Gr/kaleng | D43: 12500 | E43: 12000 | F43: 12500 | G43: 12000 | H43: - | I43: 12500 | J43: 10000 | K43: =AVERAGE(D43:J43) -> 11916.667
B44: - Susu Bubuk "DANCOW" Full Cream | C44: 400 Gr/Dos | D44: - | E44: 37900 | F44: - | G44: 42500 | H44: - | I44: - | J44: - | K44: =AVERAGE(D44:J44) -> 40200
A45: 11 | B45: SABUN CUCI
B46: - Sabun Detergen Rinso (Anti Noda) | C46: 900 Gram | D46: - | E46: - | F46: - | G46: - | H46: 17500 | I46: 21000 | J46: 17500 | K46: =AVERAGE(D46:J46) -> 18666.667
B47: - Sabun Colek "Wing's Biru" | C47: 350 Gram | D47: - | E47: - | F47: - | G47: - | H47: 2000 | I47: 2000 | J47: 2000 | K47: =AVERAGE(D47:J47) -> 2000
A48: 12 | B48: JAGUNG
B49: - Jagung Pipilan Kering (Jenis Kecil) | C49: Kg | D49: 11000 | E49: 8000 | F49: 10000 | G49: 10000 | H49: 9000 | I49: 10000 | J49: 8000 | K49: =AVERAGE(D49:J49) -> 9428.5714
B50: - Jagung Pipilan Kering (Jenis Besar) | C50: Kg | D50: 9000 | E50: 10000 | F50: 9000 | G50: 9000 | H50: 6000 | I50: - | J50: 6000 | K50: =AVERAGE(D50:J50) -> 8166.6667
A51: 13 | B51: GARAM BERYODIUM
B52: - Garam Halus (Cap Kapal) | C52: 250 Gr/Bngks | D52: 3000 | E52: 8000 | F52: 5000 | G52: 5000 | H52: 2500 | I52: 2000 | J52: 2500 | K52: =AVERAGE(D52:J52) -> 4000
A53: 14 | B53: TEPUNG TERIGU
B54: - Tepung Terigu "Segitiga Biru" Curah | C54: Kg | D54: 10000 | E54: 10500 | F54: 13000 | G54: 11000 | H54: 11500 | I54: 11500 | J54: 7000 | K54: =AVERAGE(D54:J54) -> 10642.857
A55: 15 | B55: KACANG-KACANGAN
B56: - Kacang Kedelai (Kualitas Import) | C56: Kg | D56: 17000 | E56: 16000 | F56: 17000 | G56: 20000 | H56: 13000 | I56: 18000 | J56: - | K56: =AVERAGE(D56:J56) -> 16833.333
B57: - Kacang Kedelai (Kualitas Lokal) | C57: Kg | D57: - | E57: 14000 | F57: 15000 | G57: - | H57: - | I57: - | J57: 13500 | K57: =AVERAGE(D57:J57) -> 14166.667
B58: - Kacang Hijau | C58: Kg | D58: 24000 | E58: 23000 | F58: 30000 | G58: 30000 | H58: 22000 | I58: 26000 | J58: 26000 | K58: =AVERAGE(D58:J58) -> 25857.143
B59: - Kacang Tanah (Jenis Besar) | C59: Kg | D59: 28000 | E59: 30000 | F59: 33000 | G59: 30000 | H59: 26000 | I59: 29000 | J59: 28000 | K59: =AVERAGE(D59:J59) -> 29142.857
A60: 16 | B60: MIE INSTAN
B61: - Indomie Goreng | C61: 86 Gr/Bngks | D61: 3000 | E61: 3200 | F61: 3000 | G61: 3000 | H61: - | I61: 3500 | J61: 3500 | K61: =AVERAGE(D61:J61) -> 3200
A62: 17 | B62: C A B E
B63: - Cabe Merah Besar | C63: Kg | D63: 30000 | E63: 30000 | F63: 32000 | G63: 30000 | H63: 25000 | I63: 35000 | J63: 30000 | K63: =AVERAGE(D63:J63) -> 30285.714
B64: - Cabe Merah Kriting | C64: Kg | D64: 45000 | E64: 35000 | F64: 36000 | G64: 45000 | H64: - | I64: 35000 | J64: - | K64: =AVERAGE(D64:J64) -> 39200
B65: - Cabe Merah Kecil-Rawit | C65: Kg | D65: 65000 | E65: 70000 | F65: 70000 | G65: 75000 | H65: 75000 | I65: 75000 | J65: 70000 | K65: =AVERAGE(D65:J65) -> 71428.571
A66: 18 | B66: BAHAN BAKAR GAS LPG
B67: - Gas LPG Tabung (3 Kg.) | C67: Per Tabung | D67: 19000 | E67: 18000 | F67: 18000 | G67: 18000 | H67: - | I67: 18000 | J67: 18000 | K67: =AVERAGE(D67:J67) -> 18166.667
A68: 19 | B68: BAWANG
B69: - Bawang Putih (Jenis Kating) | C69: Kg | D69: 34000 | E69: 34000 | F69: 36000 | G69: 38000 | H69: 33000 | I69: 36000 | J69: 35000 | K69: =AVERAGE(D69:J69) -> 35142.857
B70: - Bawang Putih (Jenis Sinco) | C70: Kg | D70: 32000 | E70: 30000 | F70: 32000 | G70: 28000 | H70: 28000 | I70: 30000 | J70: 28000 | K70: =AVERAGE(D70:J70) -> 29714.286
B71: - Bawang Merah (Kualitas Lokal) | C71: Kg | D71: 33000 | E71: 35000 | F71: 34000 | G71: 40000 | H71: 22000 | I71: 33000 | J71: 35000 | K71: =AVERAGE(D71:J71) -> 33142.857
B72: - Bawang Bombay | C72: Kg | D72: 20000 | E72: 22000 | F72: 22000 | G72: 25000 | H72: 20000 | I72: 25000 | J72: 22000 | K72: =AVERAGE(D72:J72) -> 22285.714
A73: 20 | B73: UBI-UBIAN
B74: - Ketela Pohon | C74: Kg | D74: 6000 | E74: 7000 | F74: 5000 | G74: 6000 | H74: 4000 | I74: 6000 | J74: 5000 | K74: =AVERAGE(D74:J74) -> 5571.4286
B75: - Ubi Jalar | C75: Kg | D75: 6000 | E75: - | F75: 6000 | G75: 6000 | H75: 5000 | I75: 7000 | J75: 6000 | K75: =AVERAGE(D75:J75) -> 6000
A76: 21 | B76: SAYUR-SAYURAN
B77: - Kubis | C77: Kg | D77: 7000 | E77: 8000 | F77: 8000 | G77: 9000 | H77: 9000 | I77: 12000 | J77: 8000 | K77: =AVERAGE(D77:J77) -> 8714.2857
B78: - Buncis | C78: Kg | D78: 10000 | E78: 17000 | F78: 14000 | G78: 14000 | H78: 10000 | I78: 12000 | J78: 15000 | K78: =AVERAGE(D78:J78) -> 13142.857
B79: - Kentang | C79: Kg | D79: 14000 | E79: 16000 | F79: 16000 | G79: 17000 | H79: 15000 | I79: 16000 | J79: 10000 | K79: =AVERAGE(D79:J79) -> 14857.143
B80: - Tomat | C80: Kg | D80: 14000 | E80: 14000 | F80: 15000 | G80: 16000 | H80: 10000 | I80: 8000 | J80: 10000 | K80: =AVERAGE(D80:J80) -> 12428.571
B81: - Wortel (Kualitas Lokal) | C81: Kg | D81: 8000 | E81: 10000 | F81: 10000 | G81: 12000 | H81: 10000 | I81: 12000 | J81: 10000 | K81: =AVERAGE(D81:J81) -> 10285.714
B82: - Terong Ungu (Jenis Sayur) | C82: Kg | D82: 7000 | E82: 8000 | F82: 9000 | G82: - | H82: 9000 | I82: 10000 | J82: 8000 | K82: =AVERAGE(D82:J82) -> 8500
B83: - Bayam (Jenis Sayur) | C83: Ikat Kecil | D83: 2000 | E83: - | F83: 2000 | G83: 2000 | H83: 1500 | I83: 2000 | J83: 2000 | K83: =AVERAGE(D83:J83) -> 1916.6667
B84: - Kangkung (Jenis Panjang) | C84: Ikat Kecil | D84: 2000 | E84: - | F84: 1500 | G84: 2000 | H84: 1500 | I84: 1500 | J84: 1500 | K84: =AVERAGE(D84:J84) -> 1666.6667
B85: - Sawi (Jenis Hijau) | C85: Ikat Kecil | D85: - | E85: - | F85: 2000 | G85: 2000 | H85: 2000 | I85: 2000 | J85: 1500 | K85: =AVERAGE(D85:J85) -> 1900
A86: 22 | B86: AIR MINERAL
B87: - Air Mineral (Aqua Galon) | C87: 19 Ltr/Galon | D87: 18000 | E87: - | F87: 17000 | G87: 17000 | H87: - | I87: 20000 | J87: 18000 | K87: =AVERAGE(D87:J87) -> 18000

Sheet 11
A1: HARGA BAHAN-BAHAN POKOK
A2: DI PASAR TRADISIONAL KOTA SURABAYA
A3: HARI / TANGGAL : Sabtu / 11 Maret 2023
B4: NAMA BAHAN POKOK DAN PENTING LAINNYA | C4: SATUAN | D4: Pasar Tambahrejo | E4: Pasar Pucang Anom | F4: Pasar Wonokromo | G4: Pasar Genteng Baru | H4: Pasar Pabean | I4: Pasar Kembang | J4: Pasar Balongsari | K4: Rata-Rata
A7: 1 | B7: BERAS
B8: - Beras Premium | C8: Kg | D8: 13000 | E8: 12500 | F8: 14000 | G8: 12800 | H8: 14000 | I8: 13500 | J8: 13500 | K8: =AVERAGE(D8:J8) -> 13328.571
B9: - Beras Medium | C9: Kg | D9: 12000 | E9: 9000 | F9: 8800 | G9: 9000 | H9: 9000 | I9: 9000 | J9: 9000 | K9: =AVERAGE(D9:J9) -> 9400
B10: - Beras Jagung | C10: Kg | D10: - | E10: 10000 | F10: 12000 | G10: 12000 | H10: - | I10: 11000 | J10: 8000 | K10: =AVERAGE(D10:J10) -> 10600
B11: - Beras Ketan (Jenis Siyem) | C11: Kg | D11: - | E11: 22000 | F11: 24000 | G11: 18000 | H11: - | I11: 20000 | J11: 17000 | K11: =AVERAGE(D11:J11) -> 20200
A12: 2 | B12: GULA
B13: - Gula pasir lokal curah | C13: Kg | D13: 13000 | E13: 13000 | F13: 13000 | G13: 13000 | H13: 13000 | I13: 13000 | J13: 13000 | K13: =AVERAGE(D13:J13) -> 13000
B14: - Gula Jawa/Merah (Bahan Kelapa) | C14: Kg | D14: 15000 | E14: 16000 | F14: 15000 | G14: 16000 | H14: 15000 | I14: 16000 | J14: 16000 | K14: =AVERAGE(D14:J14) -> 15571.429
A15: 3 | B15: MINYAK GORENG
B16: - Minyak Goreng Curah (Bening) | C16: Kg | D16: 15000 | E16: 16000 | F16: 17000 | G16: 16000 | H16: 14000 | I16: 17000 | J16: - | K16: =AVERAGE(D16:J16) -> 15833.333
B17: - Minyak Kita | C17: Liter | D17: 14000 | E17: 14000 | F17: 14000 | G17: 14000 | H17: - | I17: 14000 | J17: 16000 | K17: =AVERAGE(D17:J17) -> 14333.333
A18: 4 | B18: MENTEGA
B19: - Mentega Curah (Amanda) | C19: Kg | D19: 22000 | E19: - | F19: 19000 | G19: 22000 | H19: - | I19: 24000 | J19: - | K19: =AVERAGE(D19:J19) -> 21750
A20: 5 | B20: DAGING
B21: - Daging Sapi Grade Atas | C21: Kg | D21: 120000 | E21: 120000 | F21: 120000 | G21: 120000 | H21: 117000 | I21: 120000 | J21: 110000 | K21: =AVERAGE(D21:J21) -> 118142.86
B22: - Daging Sapi Grade Sedang | C22: Kg | D22: 110000 | E22: 110000 | F22: 110000 | G22: 110000 | H22: 114000 | I22: 110000 | J22: 100000 | K22: =AVERAGE(D22:J22) -> 109142.86
B23: - Daging Sapi Grade Bawah | C23: Kg | D23: 100000 | E23: 95000 | F23: 100000 | G23: 100000 | H23: 100000 | I23: 100000 | J23: - | K23: =AVERAGE(D23:J23) -> 99166.667
B24: - Daging Ayam Broiler | C24: Kg | D24: 32000 | E24: 30000 | F24: 30000 | G24: 31000 | H24: 32000 | I24: 32000 | J24: 32000 | K24: =AVERAGE(D24:J24) -> 31285.714
A25: 6 | B25: I K A N
B26: - Ikan Tongkol Segar (Uk. Sedang) | C26: Kg | D26: 35000 | E26: 38000 | F26: - | G26: 45000 | H26: 30000 | I26: 37000 | J26: 40000 | K26: =AVERAGE(D26:J26) -> 37500
B27: - Ikan Mujair Segar (Uk. Sedang) | C27: Kg | D27: 30000 | E27: 30000 | F27: 30000 | G27: 35000 | H27: 23000 | I27: 30000 | J27: 28000 | K27: =AVERAGE(D27:J27) -> 29428.571
B28: - Udang Segar (Uk. Sedang) | C28: Kg | D28: 60000 | E28: 70000 | F28: 60000 | G28: 75000 | H28: 58000 | I28: 75000 | J28: 60000 | K28: =AVERAGE(D28:J28) -> 65428.571
B29: - Ikan Lele Segar (Ukuran Sedang) | C29: Kg | D29: 25000 | E29: - | F29: - | G29: 25000 | H29: 23000 | I29: 24000 | J29: 26000 | K29: =AVERAGE(D29:J29) -> 24600
B30: - Ikan Bandeng Segar (Uk. Sedang) | C30: Kg | D30: 40000 | E30: 36000 | F30: 40000 | G30: 45000 | H30: 28000 | I30: 42000 | J30: 36000 | K30: =AVERAGE(D30:J30) -> 38142.857
B31: - Ikan Teri Asin (Bukan Teri Medan) | C31: Kg | D31: - | E31: 100000 | F31: 110000 | G31: - | H31: 80000 | I31: - | J31: - | K31: =AVERAGE(D31:J31) -> 96666.667
A32: 7 | B32: TELUR
B33: - Telur Ayam Broiler | C33: Kg | D33: 26000 | E33: 27000 | F33: 27500 | G33: 28000 | H33: 26000 | I33: 28000 | J33: 27000 | K33: =AVERAGE(D33:J33) -> 27071.429
B34: - Telur Ayam Kampung | C34: Butir | D34: 2500 | E34: 2000 | F34: 2500 | G34: 2200 | H34: 2000 | I34: 2500 | J34: 3000 | K34: =AVERAGE(D34:J34) -> 2385.7143
A35: 8 | B35: TAHU
B36: - Tahu biasa | C36: Kg | D36: 1000 | E36: 1000 | F36: 3000 | G36: 3000 | H36: 4000 | I36: 15000 | J36: 3000 | K36: =AVERAGE(D36:J36) -> 4285.7143
B37: - Tahu susu | C37: Kg | D37: - | E37: 7000 | F37: 12000 | G37: 17000 | H37: - | I37: 13000 | J37: 12000 | K37: =AVERAGE(D37:J37) -> 12200
A38: 9 | B38: TEMPE
B39: - Tempe Kw I (campuran kedelai) | C39: Kg | D39: - | E39: 6000 | F39: - | G39: 16000 | H39: 2500 | I39: 15000 | J39: 15000 | K39: =AVERAGE(D39:J39) -> 10900
B40: - Tempe Kw II (campuran jagung) | C40: Kg | D40: 2500 | E40: 4000 | F40: 6000 | G40: - | H40: - | I40: - | J40: - | K40: =AVERAGE(D40:J40) -> 4166.6667
B41: - Tempe Kw III (campuran kulit) | C41: Kg | D41: - | E41: 2000 | F41: - | G41: - | H41: - | I41: - | J41: - | K41: =AVERAGE(D41:J41) -> 2000
A42: 10 | B42: S U S U
B43: - Susu Kental Manis "INDOMILK" Putih | C43: 390 Gr/kaleng | D43: 12500 | E43: 12000 | F43: 12500 | G43: 12000 | H43: - | I43: 12500 | J43: 10000 | K43: =AVERAGE(D43:J43) -> 11916.667
B44: - Susu Bubuk "DANCOW" Full Cream | C44: 400 Gr/Dos | D44: - | E44: 37900 | F44: - | G44: 42500 | H44: - | I44: - | J44: - | K44: =AVERAGE(D44:J44) -> 40200
A45: 11 | B45: SABUN CUCI
B46: - Sabun Detergen Rinso (Anti Noda) | C46: 900 Gram | D46: - | E46: - | F46: - | G46: - | H46: 17500 | I46: 21000 | J46: 17500 | K46: =AVERAGE(D46:J46) -> 18666.667
B47: - Sabun Colek "Wing's Biru" | C47: 350 Gram | D47: - | E47: - | F47: - | G47: - | H47: 2000 | I47: 2000 | J47: 2000 | K47: =AVERAGE(D47:J47) -> 2000
A48: 12 | B48: JAGUNG
B49: - Jagung Pipilan Kering (Jenis Kecil) | C49: Kg | D49: 11000 | E49: 8000 | F49: 10000 | G49: 10000 | H49: 9000 | I49: 10000 | J49: 8000 | K49: =AVERAGE(D49:J49) -> 9428.5714
B50: - Jagung Pipilan Kering (Jenis Besar) | C50: Kg | D50: 9000 | E50: 10000 | F50: 9000 | G50: 9000 | H50: 6000 | I50: - | J50: 6000 | K50: =AVERAGE(D50:J50) -> 8166.6667
A51: 13 | B51: GARAM BERYODIUM
B52: - Garam Halus (Cap Kapal) | C52: 250 Gr/Bngks | D52: 3000 | E52: 8000 | F52: 5000 | G52: 5000 | H52: 2500 | I52: 2000 | J52: 2500 | K52: =AVERAGE(D52:J52) -> 4000
A53: 14 | B53: TEPUNG TERIGU
B54: - Tepung Terigu "Segitiga Biru" Curah | C54: Kg | D54: 10000 | E54: 10500 | F54: 13000 | G54: 11000 | H54: 11500 | I54: 11500 | J54: 7000 | K54: =AVERAGE(D54:J54) -> 10642.857
A55: 15 | B55: KACANG-KACANGAN
B56: - Kacang Kedelai (Kualitas Import) | C56: Kg | D56: 17000 | E56: 16000 | F56: 17000 | G56: 20000 | H56: 13000 | I56: 18000 | J56: - | K56: =AVERAGE(D56:J56) -> 16833.333
B57: - Kacang Kedelai (Kualitas Lokal) | C57: Kg | D57: - | E57: 14000 | F57: 15000 | G57: - | H57: - | I57: - | J57: 13500 | K57: =AVERAGE(D57:J57) -> 14166.667
B58: - Kacang Hijau | C58: Kg | D58: 24000 | E58: 23000 | F58: 30000 | G58: 30000 | H58: 22000 | I58: 26000 | J58: 26000 | K58: =AVERAGE(D58:J58) -> 25857.143
B59: - Kacang Tanah (Jenis Besar) | C59: Kg | D59: 28000 | E59: 30000 | F59: 33000 | G59: 30000 | H59: 26000 | I59: 29000 | J59: 28000 | K59: =AVERAGE(D59:J59) -> 29142.857
A60: 16 | B60: MIE INSTAN
B61: - Indomie Goreng | C61: 86 Gr/Bngks | D61: 3000 | E61: 3200 | F61: 3000 | G61: 3000 | H61: - | I61: 3500 | J61: 3500 | K61: =AVERAGE(D61:J61) -> 3200
A62: 17 | B62: C A B E
B63: - Cabe Merah Besar | C63: Kg | D63: 30000 | E63: 30000 | F63: 32000 | G63: 30000 | H63: 25000 | I63: 35000 | J63: 30000 | K63: =AVERAGE(D63:J63) -> 30285.714
B64: - Cabe Merah Kriting | C64: Kg | D64: 45000 | E64: 35000 | F64: 36000 | G64: 45000 | H64: - | I64: 35000 | J64: - | K64: =AVERAGE(D64:J64) -> 39200
B65: - Cabe Merah Kecil-Rawit | C65: Kg | D65: 75000 | E65: 70000 | F65: 70000 | G65: 75000 | H65: 75000 | I65: 75000 | J65: 70000 | K65: =AVERAGE(D65:J65) -> 72857.143
A66: 18 | B66: BAHAN BAKAR GAS LPG
B67: - Gas LPG Tabung (3 Kg.) | C67: Per Tabung | D67: 19000 | E67: 18000 | F67: 18000 | G67: 18000 | H67: - | I67: 18000 | J67: 18000 | K67: =AVERAGE(D67:J67) -> 18166.667
A68: 19 | B68: BAWANG
B69: - Bawang Putih (Jenis Kating) | C69: Kg | D69: 34000 | E69: 34000 | F69: 36000 | G69: 38000 | H69: 33000 | I69: 36000 | J69: 35000 | K69: =AVERAGE(D69:J69) -> 35142.857
B70: - Bawang Putih (Jenis Sinco) | C70: Kg | D70: 32000 | E70: 30000 | F70: 32000 | G70: 28000 | H70: 28000 | I70: 30000 | J70: 28000 | K70: =AVERAGE(D70:J70) -> 29714.286
B71: - Bawang Merah (Kualitas Lokal) | C71: Kg | D71: 32000 | E71: 35000 | F71: 34000 | G71: 40000 | H71: 22000 | I71: 33000 | J71: 35000 | K71: =AVERAGE(D71:J71) -> 33000
B72: - Bawang Bombay | C72: Kg | D72: 20000 | E72: 22000 | F72: 22000 | G72: 25000 | H72: 20000 | I72: 25000 | J72: 22000 | K72: =AVERAGE(D72:J72) -> 22285.714
A73: 20 | B73: UBI-UBIAN
B74: - Ketela Pohon | C74: Kg | D74: 6000 | E74: 7000 | F74: 5000 | G74: 6000 | H74: 4000 | I74: 6000 | J74: 5000 | K74: =AVERAGE(D74:J74) -> 5571.4286
B75: - Ubi Jalar | C75: Kg | D75: 6000 | E75: - | F75: 6000 | G75: 6000 | H75: 5000 | I75: 7000 | J75: 6000 | K75: =AVERAGE(D75:J75) -> 6000
A76: 21 | B76: SAYUR-SAYURAN
B77: - Kubis | C77: Kg | D77: 7000 | E77: 8000 | F77: 8000 | G77: 9000 | H77: 9000 | I77: 12000 | J77: 8000 | K77: =AVERAGE(D77:J77) -> 8714.2857
B78: - Buncis | C78: Kg | D78: 10000 | E78: 15000 | F78: 14000 | G78: 14000 | H78: 10000 | I78: 12000 | J78: 15000 | K78: =AVERAGE(D78:J78) -> 12857.143
B79: - Kentang | C79: Kg | D79: 14000 | E79: 15000 | F79: 16000 | G79: 17000 | H79: 15000 | I79: 16000 | J79: 10000 | K79: =AVERAGE(D79:J79) -> 14714.286
B80: - Tomat | C80: Kg | D80: 14000 | E80: 14000 | F80: 15000 | G80: 16000 | H80: 10000 | I80: 8000 | J80: 10000 | K80: =AVERAGE(D80:J80) -> 12428.571
B81: - Wortel (Kualitas Lokal) | C81: Kg | D81: 8000 | E81: 10000 | F81: 10000 | G81: 12000 | H81: 10000 | I81: 12000 | J81: 10000 | K81: =AVERAGE(D81:J81) -> 10285.714
B82: - Terong Ungu (Jenis Sayur) | C82: Kg | D82: 7000 | E82: 8000 | F82: 9000 | G82: - | H82: 9000 | I82: 10000 | J82: 8000 | K82: =AVERAGE(D82:J82) -> 8500
B83: - Bayam (Jenis Sayur) | C83: Ikat Kecil | D83: 2000 | E83: - | F83: 2000 | G83: 2000 | H83: 1500 | I83: 2000 | J83: 2000 | K83: =AVERAGE(D83:J83) -> 1916.6667
B84: - Kangkung (Jenis Panjang) | C84: Ikat Kecil | D84: 2000 | E84: - | F84: 1500 | G84: 2000 | H84: 1500 | I84: 1500 | J84: 1500 | K84: =AVERAGE(D84:J84) -> 1666.6667
B85: - Sawi (Jenis Hijau) | C85: Ikat Kecil | D85: - | E85: - | F85: 2000 | G85: 2000 | H85: 2000 | I85: 2000 | J85: 1500 | K85: =AVERAGE(D85:J85) -> 1900
A86: 22 | B86: AIR MINERAL
B87: - Air Mineral (Aqua Galon) | C87: 19 Ltr/Galon | D87: 18000 | E87: - | F87: 17000 | G87: 17000 | H87: - | I87: 20000 | J87: 18000 | K87: =AVERAGE(D87:J87) -> 18000

Sheet 12
A1: HARGA BAHAN-BAHAN POKOK
A2: DI PASAR TRADISIONAL KOTA SURABAYA
A3: HARI / TANGGAL : Minggu / 12 Maret 2023
B4: NAMA BAHAN POKOK DAN PENTING LAINNYA | C4: SATUAN | D4: Pasar Tambahrejo | E4: Pasar Pucang Anom | F4: Pasar Wonokromo | G4: Pasar Genteng Baru | H4: Pasar Pabean | I4: Pasar Kembang | J4: Pasar Balongsari | K4: Rata-Rata
A7: 1 | B7: BERAS
B8: - Beras Premium | C8: Kg | D8: 13000 | E8: 12500 | F8: 14000 | G8: 12800 | H8: 12000 | I8: 13500 | J8: 13500 | K8: =AVERAGE(D8:J8) -> 13042.857
B9: - Beras Medium | C9: Kg | D9: 12000 | E9: 9000 | F9: 8800 | G9: 9000 | H9: 9000 | I9: 9000 | J9: 9000 | K9: =AVERAGE(D9:J9) -> 9400
B10: - Beras Jagung | C10: Kg | D10: - | E10: 10000 | F10: 12000 | G10: 12000 | H10: - | I10: 11000 | J10: 8000 | K10: =AVERAGE(D10:J10) -> 10600
B11: - Beras Ketan (Jenis Siyem) | C11: Kg | D11: - | E11: 22000 | F11: 24000 | G11: 18000 | H11: - | I11: 20000 | J11: 17000 | K11: =AVERAGE(D11:J11) -> 20200
A12: 2 | B12: GULA
B13: - Gula pasir lokal curah | C13: Kg | D13: 13000 | E13: 13000 | F13: 13000 | G13: 13000 | H13: 13000 | I13: 13000 | J13: 13000 | K13: =AVERAGE(D13:J13) -> 13000
B14: - Gula Jawa/Merah (Bahan Kelapa) | C14: Kg | D14: 15000 | E14: 16000 | F14: 15000 | G14: 16000 | H14: 15000 | I14: 16000 | J14: 16000 | K14: =AVERAGE(D14:J14) -> 15571.429
A15: 3 | B15: MINYAK GORENG
B16: - Minyak Goreng Curah (Bening) | C16: Kg | D16: 15000 | E16: 16000 | F16: 17000 | G16: 16000 | H16: 14000 | I16: 17000 | J16: - | K16: =AVERAGE(D16:J16) -> 15833.333
B17: - Minyak Kita | C17: Liter | D17: 14000 | E17: 14000 | F17: 14000 | G17: 14000 | H17: - | I17: 14000 | J17: 16000 | K17: =AVERAGE(D17:J17) -> 14333.333
A18: 4 | B18: MENTEGA
B19: - Mentega Curah (Amanda) | C19: Kg | D19: 22000 | E19: - | F19: 19000 | G19: 22000 | H19: - | I19: 24000 | J19: - | K19: =AVERAGE(D19:J19) -> 21750
A20: 5 | B20: DAGING
B21: - Daging Sapi Grade Atas | C21: Kg | D21: 120000 | E21: 120000 | F21: 120000 | G21: 120000 | H21: 117000 | I21: 120000 | J21: 110000 | K21: =AVERAGE(D21:J21) -> 118142.86
B22: - Daging Sapi Grade Sedang | C22: Kg | D22: 110000 | E22: 110000 | F22: 110000 | G22: 110000 | H22: 114000 | I22: 110000 | J22: 100000 | K22: =AVERAGE(D22:J22) -> 109142.86
B23: - Daging Sapi Grade Bawah | C23: Kg | D23: 100000 | E23: 95000 | F23: 100000 | G23: 100000 | H23: 100000 | I23: 100000 | J23: - | K23: =AVERAGE(D23:J23) -> 99166.667
B24: - Daging Ayam Broiler | C24: Kg | D24: 32000 | E24: 30000 | F24: 32000 | G24: 31000 | H24: 32000 | I24: 32000 | J24: 32000 | K24: =AVERAGE(D24:J24) -> 31571.429
A25: 6 | B25: I K A N
B26: - Ikan Tongkol Segar (Uk. Sedang) | C26: Kg | D26: 35000 | E26: 38000 | F26: - | G26: 45000 | H26: 30000 | I26: 37000 | J26: 40000 | K26: =AVERAGE(D26:J26) -> 37500
B27: - Ikan Mujair Segar (Uk. Sedang) | C27: Kg | D27: 30000 | E27: 30000 | F27: 30000 | G27: 35000 | H27: 23000 | I27: 30000 | J27: 28000 | K27: =AVERAGE(D27:J27) -> 29428.571
B28: - Udang Segar (Uk. Sedang) | C28: Kg | D28: 60000 | E28: 70000 | F28: 60000 | G28: 75000 | H28: 58000 | I28: 75000 | J28: 60000 | K28: =AVERAGE(D28:J28) -> 65428.571
B29: - Ikan Lele Segar (Ukuran Sedang) | C29: Kg | D29: 25000 | E29: - | F29: - | G29: 25000 | H29: 23000 | I29: 24000 | J29: 26000 | K29: =AVERAGE(D29:J29) -> 24600
B30: - Ikan Bandeng Segar (Uk. Sedang) | C30: Kg | D30: 40000 | E30: 36000 | F30: 40000 | G30: 45000 | H30: 28000 | I30: 42000 | J30: 36000 | K30: =AVERAGE(D30:J30) -> 38142.857
B31: - Ikan Teri Asin (Bukan Teri Medan) | C31: Kg | D31: - | E31: 100000 | F31: 110000 | G31: - | H31: 80000 | I31: - | J31: - | K31: =AVERAGE(D31:J31) -> 96666.667
A32: 7 | B32: TELUR
B33: - Telur Ayam Broiler | C33: Kg | D33: 26000 | E33: 27000 | F33: 27000 | G33: 28000 | H33: 26000 | I33: 28000 | J33: 27000 | K33: =AVERAGE(D33:J33) -> 27000
B34: - Telur Ayam Kampung | C34: Butir | D34: 2500 | E34: 2000 | F34: 2500 | G34: 2200 | H34: 2000 | I34: 2500 | J34: 3000 | K34: =AVERAGE(D34:J34) -> 2385.7143
A35: 8 | B35: TAHU
B36: - Tahu biasa | C36: Kg | D36: 1000 | E36: 1000 | F36: 3000 | G36: 3000 | H36: 4000 | I36: 15000 | J36: 3000 | K36: =AVERAGE(D36:J36) -> 4285.7143
B37: - Tahu susu | C37: Kg | D37: - | E37: 7000 | F37: 12000 | G37: 17000 | H37: - | I37: 13000 | J37: 12000 | K37: =AVERAGE(D37:J37) -> 12200
A38: 9 | B38: TEMPE
B39: - Tempe Kw I (campuran kedelai) | C39: Kg | D39: - | E39: 6000 | F39: - | G39: 16000 | H39: 2500 | I39: 15000 | J39: 15000 | K39: =AVERAGE(D39:J39) -> 10900
B40: - Tempe Kw II (campuran jagung) | C40: Kg | D40: 2500 | E40: 4000 | F40: 6000 | G40: - | H40: - | I40: - | J40: - | K40: =AVERAGE(D40:J40) -> 4166.6667
B41: - Tempe Kw III (campuran kulit) | C41: Kg | D41: - | E41: 2000 | F41: - | G41: - | H41: - | I41: - | J41: - | K41: =AVERAGE(D41:J41) -> 2000
A42: 10 | B42: S U S U
B43: - Susu Kental Manis "INDOMILK" Putih | C43: 390 Gr/kaleng | D43: 12500 | E43: 12000 | F43: 12500 | G43: 12000 | H43: - | I43: 12500 | J43: 10000 | K43: =AVERAGE(D43:J43) -> 11916.667
B44: - Susu Bubuk "DANCOW" Full Cream | C44: 400 Gr/Dos | D44: - | E44: 37900 | F44: - | G44: 42500 | H44: - | I44: - | J44: - | K44: =AVERAGE(D44:J44) -> 40200
A45: 11 | B45: SABUN CUCI
B46: - Sabun Detergen Rinso (Anti Noda) | C46: 900 Gram | D46: - | E46: - | F46: - | G46: - | H46: 17500 | I46: 21000 | J46: 17500 | K46: =AVERAGE(D46:J46) -> 18666.667
B47: - Sabun Colek "Wing's Biru" | C47: 350 Gram | D47: - | E47: - | F47: - | G47: - | H47: 2000 | I47: 2000 | J47: 2000 | K47: =AVERAGE(D47:J47) -> 2000
A48: 12 | B48: JAGUNG
B49: - Jagung Pipilan Kering (Jenis Kecil) | C49: Kg | D49: 11000 | E49: 8000 | F49: 10000 | G49: 10000 | H49: 9000 | I49: 10000 | J49: 8000 | K49: =AVERAGE(D49:J49) -> 9428.5714
B50: - Jagung Pipilan Kering (Jenis Besar) | C50: Kg | D50: 9000 | E50: 10000 | F50: 9000 | G50: 9000 | H50: 6000 | I50: - | J50: 6000 | K50: =AVERAGE(D50:J50) -> 8166.6667
A51: 13 | B51: GARAM BERYODIUM
B52: - Garam Halus (Cap Kapal) | C52: 250 Gr/Bngks | D52: 3000 | E52: 8000 | F52: 5000 | G52: 5000 | H52: 2500 | I52: 2000 | J52: 2500 | K52: =AVERAGE(D52:J52) -> 4000
A53: 14 | B53: TEPUNG TERIGU
B54: - Tepung Terigu "Segitiga Biru" Curah | C54: Kg | D54: 10000 | E54: 10500 | F54: 13000 | G54: 11000 | H54: 11500 | I54: 11500 | J54: 7000 | K54: =AVERAGE(D54:J54) -> 10642.857
A55: 15 | B55: KACANG-KACANGAN
B56: - Kacang Kedelai (Kualitas Import) | C56: Kg | D56: 17000 | E56: 16000 | F56: 17000 | G56: 20000 | H56: 13000 | I56: 18000 | J56: - | K56: =AVERAGE(D56:J56) -> 16833.333
B57: - Kacang Kedelai (Kualitas Lokal) | C57: Kg | D57: - | E57: 14000 | F57: 15000 | G57: - | H57: - | I57: - | J57: 13500 | K57: =AVERAGE(D57:J57) -> 14166.667
B58: - Kacang Hijau | C58: Kg | D58: 24000 | E58: 23000 | F58: 30000 | G58: 30000 | H58: 22000 | I58: 26000 | J58: 26000 | K58: =AVERAGE(D58:J58) -> 25857.143
B59: - Kacang Tanah (Jenis Besar) | C59: Kg | D59: 28000 | E59: 30000 | F59: 33000 | G59: 30000 | H59: 26000 | I59: 29000 | J59: 28000 | K59: =AVERAGE(D59:J59) -> 29142.857
A60: 16 | B60: MIE INSTAN
B61: - Indomie Goreng | C61: 86 Gr/Bngks | D61: 3000 | E61: 3200 | F61: 3000 | G61: 3000 | H61: - | I61: 3500 | J61: 3500 | K61: =AVERAGE(D61:J61) -> 3200
A62: 17 | B62: C A B E
B63: - Cabe Merah Besar | C63: Kg | D63: 30000 | E63: 30000 | F63: 32000 | G63: 35000 | H63: 28000 | I63: 35000 | J63: 30000 | K63: =AVERAGE(D63:J63) -> 31428.571
B64: - Cabe Merah Kriting | C64: Kg | D64: 45000 | E64: 35000 | F64: 36000 | G64: 45000 | H64: - | I64: 35000 | J64: - | K64: =AVERAGE(D64:J64) -> 39200
B65: - Cabe Merah Kecil-Rawit | C65: Kg | D65: 75000 | E65: 70000 | F65: 70000 | G65: 75000 | H65: 80000 | I65: 75000 | J65: 70000 | K65: =AVERAGE(D65:J65) -> 73571.429
A66: 18 | B66: BAHAN BAKAR GAS LPG
B67: - Gas LPG Tabung (3 Kg.) | C67: Per Tabung | D67: 19000 | E67: 18000 | F67: 18000 | G67: 18000 | H67: - | I67: 18000 | J67: 18000 | K67: =AVERAGE(D67:J67) -> 18166.667
A68: 19 | B68: BAWANG
B69: - Bawang Putih (Jenis Kating) | C69: Kg | D69: 34000 | E69: 34000 | F69: 36000 | G69: 38000 | H69: 32000 | I69: 36000 | J69: 35000 | K69: =AVERAGE(D69:J69) -> 35000
B70: - Bawang Putih (Jenis Sinco) | C70: Kg | D70: 32000 | E70: 30000 | F70: 32000 | G70: 28000 | H70: 27000 | I70: 30000 | J70: 28000 | K70: =AVERAGE(D70:J70) -> 29571.429
B71: - Bawang Merah (Kualitas Lokal) | C71: Kg | D71: 32000 | E71: 35000 | F71: 36000 | G71: 40000 | H71: 22000 | I71: 33000 | J71: 35000 | K71: =AVERAGE(D71:J71) -> 33285.714
B72: - Bawang Bombay | C72: Kg | D72: 20000 | E72: 22000 | F72: 22000 | G72: 25000 | H72: 20000 | I72: 25000 | J72: 22000 | K72: =AVERAGE(D72:J72) -> 22285.714
A73: 20 | B73: UBI-UBIAN
B74: - Ketela Pohon | C74: Kg | D74: 6000 | E74: 7000 | F74: 5000 | G74: 6000 | H74: 4000 | I74: 6000 | J74: 5000 | K74: =AVERAGE(D74:J74) -> 5571.4286
B75: - Ubi Jalar | C75: Kg | D75: 6000 | E75: - | F75: 6000 | G75: 6000 | H75: 5000 | I75: 7000 | J75: 6000 | K75: =AVERAGE(D75:J75) -> 6000
A76: 21 | B76: SAYUR-SAYURAN
B77: - Kubis | C77: Kg | D77: 7000 | E77: 8000 | F77: 8000 | G77: 9000 | H77: 9000 | I77: 10000 | J77: 8000 | K77: =AVERAGE(D77:J77) -> 8428.5714
B78: - Buncis | C78: Kg | D78: 10000 | E78: 15000 | F78: 14000 | G78: 14000 | H78: 10000 | I78: 12000 | J78: 15000 | K78: =AVERAGE(D78:J78) -> 12857.143
B79: - Kentang | C79: Kg | D79: 14000 | E79: 15000 | F79: 16000 | G79: 17000 | H79: 15000 | I79: 16000 | J79: 10000 | K79: =AVERAGE(D79:J79) -> 14714.286
B80: - Tomat | C80: Kg | D80: 14000 | E80: 14000 | F80: 15000 | G80: 16000 | H80: 6000 | I80: 8000 | J80: 10000 | K80: =AVERAGE(D80:J80) -> 11857.143
B81: - Wortel (Kualitas Lokal) | C81: Kg | D81: 8000 | E81: 10000 | F81: 10000 | G81: 12000 | H81: 10000 | I81: 12000 | J81: 10000 | K81: =AVERAGE(D81:J81) -> 10285.714
B82: - Terong Ungu (Jenis Sayur) | C82: Kg | D82: 7000 | E82: 8000 | F82: 9000 | G82: - | H82: 9000 | I82: 10000 | J82: 8000 | K82: =AVERAGE(D82:J82) -> 8500
B83: - Bayam (Jenis Sayur) | C83: Ikat Kecil | D83: 2000 | E83: - | F83: 2000 | G83: 2000 | H83: 1500 | I83: 2000 | J83: 2000 | K83: =AVERAGE(D83:J83) -> 1916.6667
B84: - Kangkung (Jenis Panjang) | C84: Ikat Kecil | D84: 2000 | E84: - | F84: 1500 | G84: 2000 | H84: 1500 | I84: 1500 | J84: 1500 | K84: =AVERAGE(D84:J84) -> 1666.6667
B85: - Sawi (Jenis Hijau) | C85: Ikat Kecil | D85: - | E85: - | F85: 2000 | G85: 2000 | H85: 2000 | I85: 2000 | J85: 1500 | K85: =AVERAGE(D85:J85) -> 1900
A86: 22 | B86: AIR MINERAL
B87: - Air Mineral (Aqua Galon) | C87: 19 Ltr/Galon | D87: 18000 | E87: - | F87: 17000 | G87: 17000 | H87: - | I87: 20000 | J87: 18000 | K87: =AVERAGE(D87:J87) -> 18000

Sheet 13
A1: HARGA BAHAN-BAHAN POKOK
A2: DI PASAR TRADISIONAL KOTA SURABAYA
A3: HARI / TANGGAL : Senin / 13 Maret 2023
B4: NAMA BAHAN POKOK DAN PENTING LAINNYA | C4: SATUAN | D4: Pasar Tambahrejo | E4: Pasar Pucang Anom | F4: Pasar Wonokromo | G4: Pasar Genteng Baru | H4: Pasar Pabean | I4: Pasar Kembang | J4: Pasar Balongsari | K4: Rata-Rata
A7: 1 | B7: BERAS
B8: - Beras Premium | C8: Kg | D8: 13000 | E8: 12500 | F8: 14000 | G8: 12800 | H8: 12000 | I8: 13500 | J8: 13500 | K8: =AVERAGE(D8:J8) -> 13042.857
B9: - Beras Medium | C9: Kg | D9: 12000 | E9: 9000 | F9: 8800 | G9: 9000 | H9: 9000 | I9: 9000 | J9: 9000 | K9: =AVERAGE(D9:J9) -> 9400
B10: - Beras Jagung | C10: Kg | D10: - | E10: 10000 | F10: 12000 | G10: 12000 | H10: - | I10: 11000 | J10: 8000 | K10: =AVERAGE(D10:J10) -> 10600
B11: - Beras Ketan (Jenis Siyem) | C11: Kg | D11: - | E11: 22000 | F11: 24000 | G11: 18000 | H11: - | I11: 20000 | J11: 17000 | K11: =AVERAGE(D11:J11) -> 20200
A12: 2 | B12: GULA
B13: - Gula pasir lokal curah | C13: Kg | D13: 13000 | E13: 13000 | F13: 13000 | G13: 13000 | H13: 13000 | I13: 13000 | J13: 13000 | K13: =AVERAGE(D13:J13) -> 13000
B14: - Gula Jawa/Merah (Bahan Kelapa) | C14: Kg | D14: 15000 | E14: 16000 | F14: 15000 | G14: 16000 | H14: 15000 | I14: 16000 | J14: 16000 | K14: =AVERAGE(D14:J14) -> 15571.429
A15: 3 | B15: MINYAK GORENG
B16: - Minyak Goreng Curah (Bening) | C16: Kg | D16: 15000 | E16: 16000 | F16: 17000 | G16: 16000 | H16: 14000 | I16: 17000 | J16: - | K16: =AVERAGE(D16:J16) -> 15833.333
B17: - Minyak Kita | C17: Liter | D17: 14000 | E17: 14000 | F17: 14000 | G17: 14000 | H17: - | I17: 14000 | J17: 16000 | K17: =AVERAGE(D17:J17) -> 14333.333
A18: 4 | B18: MENTEGA
B19: - Mentega Curah (Amanda) | C19: Kg | D19: 22000 | E19: - | F19: 19000 | G19: 22000 | H19: - | I19: 24000 | J19: - | K19: =AVERAGE(D19:J19) -> 21750
A20: 5 | B20: DAGING
B21: - Daging Sapi Grade Atas | C21: Kg | D21: 120000 | E21: 120000 | F21: 120000 | G21: 120000 | H21: 117000 | I21: 120000 | J21: 110000 | K21: =AVERAGE(D21:J21) -> 118142.86
B22: - Daging Sapi Grade Sedang | C22: Kg | D22: 110000 | E22: 110000 | F22: 110000 | G22: 110000 | H22: 114000 | I22: 110000 | J22: 100000 | K22: =AVERAGE(D22:J22) -> 109142.86
B23: - Daging Sapi Grade Bawah | C23: Kg | D23: 100000 | E23: 95000 | F23: 100000 | G23: 100000 | H23: 100000 | I23: 100000 | J23: - | K23: =AVERAGE(D23:J23) -> 99166.667
B24: - Daging Ayam Broiler | C24: Kg | D24: 32000 | E24: 30000 | F24: 32000 | G24: 31000 | H24: 32000 | I24: 32000 | J24: 32000 | K24: =AVERAGE(D24:J24) -> 31571.429
A25: 6 | B25: I K A N
B26: - Ikan Tongkol Segar (Uk. Sedang) | C26: Kg | D26: 35000 | E26: 38000 | F26: - | G26: 45000 | H26: 30000 | I26: 37000 | J26: 40000 | K26: =AVERAGE(D26:J26) -> 37500
B27: - Ikan Mujair Segar (Uk. Sedang) | C27: Kg | D27: 30000 | E27: 30000 | F27: 30000 | G27: 35000 | H27: 23000 | I27: 30000 | J27: 28000 | K27: =AVERAGE(D27:J27) -> 29428.571
B28: - Udang Segar (Uk. Sedang) | C28: Kg | D28: 60000 | E28: 70000 | F28: 60000 | G28: 75000 | H28: 58000 | I28: 75000 | J28: 60000 | K28: =AVERAGE(D28:J28) -> 65428.571
B29: - Ikan Lele Segar (Ukuran Sedang) | C29: Kg | D29: 25000 | E29: - | F29: - | G29: 25000 | H29: 23000 | I29: 24000 | J29: 26000 | K29: =AVERAGE(D29:J29) -> 24600
B30: - Ikan Bandeng Segar (Uk. Sedang) | C30: Kg | D30: 40000 | E30: 36000 | F30: 40000 | G30: 45000 | H30: 28000 | I30: 42000 | J30: 36000 | K30: =AVERAGE(D30:J30) -> 38142.857
B31: - Ikan Teri Asin (Bukan Teri Medan) | C31: Kg | D31: - | E31: 100000 | F31: 110000 | G31: - | H31: 80000 | I31: - | J31: - | K31: =AVERAGE(D31:J31) -> 96666.667
A32: 7 | B32: TELUR
B33: - Telur Ayam Broiler | C33: Kg | D33: 27000 | E33: 27000 | F33: 27500 | G33: 28000 | H33: 26000 | I33: 28000 | J33: 28000 | K33: =AVERAGE(D33:J33) -> 27357.143
B34: - Telur Ayam Kampung | C34: Butir | D34: 2500 | E34: 2000 | F34: 2500 | G34: 2200 | H34: 2000 | I34: 2500 | J34: 3000 | K34: =AVERAGE(D34:J34) -> 2385.7143
A35: 8 | B35: TAHU
B36: - Tahu biasa | C36: Kg | D36: 1000 | E36: 1000 | F36: 3000 | G36: 3000 | H36: 4000 | I36: 15000 | J36: 3000 | K36: =AVERAGE(D36:J36) -> 4285.7143
B37: - Tahu susu | C37: Kg | D37: - | E37: 7000 | F37: 12000 | G37: 17000 | H37: - | I37: 13000 | J37: 12000 | K37: =AVERAGE(D37:J37) -> 12200
A38: 9 | B38: TEMPE
B39: - Tempe Kw I (campuran kedelai) | C39: Kg | D39: - | E39: 6000 | F39: - | G39: 16000 | H39: 2500 | I39: 15000 | J39: 15000 | K39: =AVERAGE(D39:J39) -> 10900
B40: - Tempe Kw II (campuran jagung) | C40: Kg | D40: 2500 | E40: 4000 | F40: 6000 | G40: - | H40: - | I40: - | J40: - | K40: =AVERAGE(D40:J40) -> 4166.6667
B41: - Tempe Kw III (campuran kulit) | C41: Kg | D41: - | E41: 2000 | F41: - | G41: - | H41: - | I41: - | J41: - | K41: =AVERAGE(D41:J41) -> 2000
A42: 10 | B42: S U S U
B43: - Susu Kental Manis "INDOMILK" Putih | C43: 390 Gr/kaleng | D43: 12500 | E43: 12000 | F43: 12500 | G43: 12000 | H43: - | I43: 12500 | J43: 10000 | K43: =AVERAGE(D43:J43) -> 11916.667
B44: - Susu Bubuk "DANCOW" Full Cream | C44: 400 Gr/Dos | D44: - | E44: 37900 | F44: - | G44: 42500 | H44: - | I44: - | J44: - | K44: =AVERAGE(D44:J44) -> 40200
A45: 11 | B45: SABUN CUCI
B46: - Sabun Detergen Rinso (Anti Noda) | C46: 900 Gram | D46: - | E46: - | F46: - | G46: - | H46: 17500 | I46: 21000 | J46: 17500 | K46: =AVERAGE(D46:J46) -> 18666.667
B47: - Sabun Colek "Wing's Biru" | C47: 350 Gram | D47: - | E47: - | F47: - | G47: - | H47: 2000 | I47: 2000 | J47: 2000 | K47: =AVERAGE(D47:J47) -> 2000
A48: 12 | B48: JAGUNG
B49: - Jagung Pipilan Kering (Jenis Kecil) | C49: Kg | D49: 11000 | E49: 8000 | F49: 10000 | G49: 10000 | H49: 9000 | I49: 10000 | J49: 8000 | K49: =AVERAGE(D49:J49) -> 9428.5714
B50: - Jagung Pipilan Kering (Jenis Besar) | C50: Kg | D50: 9000 | E50: 10000 | F50: 9000 | G50: 9000 | H50: 6000 | I50: - | J50: 6000 | K50: =AVERAGE(D50:J50) -> 8166.6667
A51: 13 | B51: GARAM BERYODIUM
B52: - Garam Halus (Cap Kapal) | C52: 250 Gr/Bngks | D52: 3000 | E52: 8000 | F52: 5000 | G52: 5000 | H52: 2500 | I52: 2000 | J52: 2500 | K52: =AVERAGE(D52:J52) -> 4000
A53: 14 | B53: TEPUNG TERIGU
B54: - Tepung Terigu "Segitiga Biru" Curah | C54: Kg | D54: 10000 | E54: 10500 | F54: 13000 | G54: 11000 | H54: 11500 | I54: 11500 | J54: 7000 | K54: =AVERAGE(D54:J54) -> 10642.857
A55: 15 | B55: KACANG-KACANGAN
B56: - Kacang Kedelai (Kualitas Import) | C56: Kg | D56: 17000 | E56: 16000 | F56: 17000 | G56: 20000 | H56: 13000 | I56: 18000 | J56: - | K56: =AVERAGE(D56:J56) -> 16833.333
B57: - Kacang Kedelai (Kualitas Lokal) | C57: Kg | D57: - | E57: 14000 | F57: 15000 | G57: - | H57: - | I57: - | J57: 13500 | K57: =AVERAGE(D57:J57) -> 14166.667
B58: - Kacang Hijau | C58: Kg | D58: 24000 | E58: 23000 | F58: 30000 | G58: 30000 | H58: 22000 | I58: 26000 | J58: 26000 | K58: =AVERAGE(D58:J58) -> 25857.143
B59: - Kacang Tanah (Jenis Besar) | C59: Kg | D59: 28000 | E59: 30000 | F59: 33000 | G59: 30000 | H59: 26000 | I59: 29000 | J59: 28000 | K59: =AVERAGE(D59:J59) -> 29142.857
A60: 16 | B60: MIE INSTAN
B61: - Indomie Goreng | C61: 86 Gr/Bngks | D61: 3000 | E61: 3200 | F61: 3000 | G61: 3000 | H61: - | I61: 3500 | J61: 3500 | K61: =AVERAGE(D61:J61) -> 3200
A62: 17 | B62: C A B E
B63: - Cabe Merah Besar | C63: Kg | D63: 30000 | E63: 30000 | F63: 33000 | G63: 35000 | H63: 28000 | I63: 35000 | J63: 35000 | K63: =AVERAGE(D63:J63) -> 32285.714
B64: - Cabe Merah Kriting | C64: Kg | D64: 45000 | E64: 35000 | F64: 35000 | G64: 45000 | H64: - | I64: 35000 | J64: - | K64: =AVERAGE(D64:J64) -> 39000
B65: - Cabe Merah Kecil-Rawit | C65: Kg | D65: 75000 | E65: 70000 | F65: 70000 | G65: 75000 | H65: 80000 | I65: 75000 | J65: 75000 | K65: =AVERAGE(D65:J65) -> 74285.714
A66: 18 | B66: BAHAN BAKAR GAS LPG
B67: - Gas LPG Tabung (3 Kg.) | C67: Per Tabung | D67: 19000 | E67: 18000 | F67: 18000 | G67: 18000 | H67: - | I67: 18000 | J67: 18000 | K67: =AVERAGE(D67:J67) -> 18166.667
A68: 19 | B68: BAWANG
B69: - Bawang Putih (Jenis Kating) | C69: Kg | D69: 34000 | E69: 34000 | F69: 36000 | G69: 38000 | H69: 32000 | I69: 36000 | J69: 38000 | K69: =AVERAGE(D69:J69) -> 35428.571
B70: - Bawang Putih (Jenis Sinco) | C70: Kg | D70: 32000 | E70: 30000 | F70: 34000 | G70: 28000 | H70: 27000 | I70: 30000 | J70: 28000 | K70: =AVERAGE(D70:J70) -> 29857.143
B71: - Bawang Merah (Kualitas Lokal) | C71: Kg | D71: 32000 | E71: 35000 | F71: 36000 | G71: 40000 | H71: 22000 | I71: 33000 | J71: 35000 | K71: =AVERAGE(D71:J71) -> 33285.714
B72: - Bawang Bombay | C72: Kg | D72: 20000 | E72: 22000 | F72: 22000 | G72: 25000 | H72: 20000 | I72: 25000 | J72: 22000 | K72: =AVERAGE(D72:J72) -> 22285.714
A73: 20 | B73: UBI-UBIAN
B74: - Ketela Pohon | C74: Kg | D74: 6000 | E74: 7000 | F74: 5000 | G74: 6000 | H74: 4000 | I74: 6000 | J74: 5000 | K74: =AVERAGE(D74:J74) -> 5571.4286
B75: - Ubi Jalar | C75: Kg | D75: 6000 | E75: - | F75: 6000 | G75: 6000 | H75: 5000 | I75: 7000 | J75: 6000 | K75: =AVERAGE(D75:J75) -> 6000
A76: 21 | B76: SAYUR-SAYURAN
B77: - Kubis | C77: Kg | D77: 7000 | E77: 8000 | F77: 8000 | G77: 9000 | H77: 9000 | I77: 10000 | J77: 8000 | K77: =AVERAGE(D77:J77) -> 8428.5714
B78: - Buncis | C78: Kg | D78: 10000 | E78: 15000 | F78: 15000 | G78: 14000 | H78: 10000 | I78: 12000 | J78: 15000 | K78: =AVERAGE(D78:J78) -> 13000
B79: - Kentang | C79: Kg | D79: 14000 | E79: 15000 | F79: 16000 | G79: 17000 | H79: 15000 | I79: 16000 | J79: 14000 | K79: =AVERAGE(D79:J79) -> 15285.714
B80: - Tomat | C80: Kg | D80: 14000 | E80: 14000 | F80: 15000 | G80: 16000 | H80: 6000 | I80: 8000 | J80: 9000 | K80: =AVERAGE(D80:J80) -> 11714.286
B81: - Wortel (Kualitas Lokal) | C81: Kg | D81: 8000 | E81: 10000 | F81: 12000 | G81: 12000 | H81: 10000 | I81: 12000 | J81: 10000 | K81: =AVERAGE(D81:J81) -> 10571.429
B82: - Terong Ungu (Jenis Sayur) | C82: Kg | D82: 7000 | E82: 8000 | F82: 9000 | G82: - | H82: 9000 | I82: 10000 | J82: 8000 | K82: =AVERAGE(D82:J82) -> 8500
B83: - Bayam (Jenis Sayur) | C83: Ikat Kecil | D83: 2000 | E83: - | F83: 2000 | G83: 2000 | H83: 1500 | I83: 2000 | J83: 2000 | K83: =AVERAGE(D83:J83) -> 1916.6667
B84: - Kangkung (Jenis Panjang) | C84: Ikat Kecil | D84: 2000 | E84: - | F84: 1500 | G84: 2000 | H84: 1500 | I84: 1500 | J84: 1500 | K84: =AVERAGE(D84:J84) -> 1666.6667
B85: - Sawi (Jenis Hijau) | C85: Ikat Kecil | D85: - | E85: - | F85: 2000 | G85: 2000 | H85: 2000 | I85: 2000 | J85: 1500 | K85: =AVERAGE(D85:J85) -> 1900
A86: 22 | B86: AIR MINERAL
B87: - Air Mineral (Aqua Galon) | C87: 19 Ltr/Galon | D87: 18000 | E87: - | F87: 17000 | G87: 17000 | H87: - | I87: 20000 | J87: 18000 | K87: =AVERAGE(D87:J87) -> 18000

Sheet 14
A1: HARGA BAHAN-BAHAN POKOK
A2: DI PASAR TRADISIONAL KOTA SURABAYA
A3: HARI / TANGGAL : Selasa / 14 Maret 2023
B4: NAMA BAHAN POKOK DAN PENTING LAINNYA | C4: SATUAN | D4: Pasar Tambahrejo | E4: Pasar Pucang Anom | F4: Pasar Wonokromo | G4: Pasar Genteng Baru | H4: Pasar Pabean | I4: Pasar Kembang | J4: Pasar Balongsari | K4: Rata-Rata
A7: 1 | B7: BERAS
B8: - Beras Premium | C8: Kg | D8: 13000 | E8: 12500 | F8: 14000 | G8: 12800 | H8: 12000 | I8: 13500 | J8: 13500 | K8: =AVERAGE(D8:J8) -> 13042.857
B9: - Beras Medium | C9: Kg | D9: 12000 | E9: 9000 | F9: 8800 | G9: 9000 | H9: 9000 | I9: 9000 | J9: 9000 | K9: =AVERAGE(D9:J9) -> 9400
B10: - Beras Jagung | C10: Kg | D10: - | E10: 10000 | F10: 12000 | G10: 12000 | H10: - | I10: 11000 | J10: 8000 | K10: =AVERAGE(D10:J10) -> 10600
B11: - Beras Ketan (Jenis Siyem) | C11: Kg | D11: - | E11: 22000 | F11: 24000 | G11: 18000 | H11: - | I11: 20000 | J11: 17000 | K11: =AVERAGE(D11:J11) -> 20200
A12: 2 | B12: GULA
B13: - Gula pasir lokal curah | C13: Kg | D13: 13000 | E13: 13000 | F13: 13000 | G13: 13000 | H13: 13000 | I13: 13000 | J13: 13000 | K13: =AVERAGE(D13:J13) -> 13000
B14: - Gula Jawa/Merah (Bahan Kelapa) | C14: Kg | D14: 15000 | E14: 16000 | F14: 15000 | G14: 16000 | H14: 15000 | I14: 16000 | J14: 16000 | K14: =AVERAGE(D14:J14) -> 15571.429
A15: 3 | B15: MINYAK GORENG
B16: - Minyak Goreng Curah (Bening) | C16: Kg | D16: 16000 | E16: 16000 | F16: 17000 | G16: 16000 | H16: 14000 | I16: 17000 | J16: - | K16: =AVERAGE(D16:J16) -> 16000
B17: - Minyak Kita | C17: Liter | D17: 14000 | E17: 14000 | F17: 14000 | G17: 14000 | H17: - | I17: 14000 | J17: 16000 | K17: =AVERAGE(D17:J17) -> 14333.333
A18: 4 | B18: MENTEGA
B19: - Mentega Curah (Amanda) | C19: Kg | D19: 20000 | E19: - | F19: 19000 | G19: 22000 | H19: - | I19: 24000 | J19: - | K19: =AVERAGE(D19:J19) -> 21250
A20: 5 | B20: DAGING
B21: - Daging Sapi Grade Atas | C21: Kg | D21: 120000 | E21: 120000 | F21: 120000 | G21: 120000 | H21: 117000 | I21: 120000 | J21: 110000 | K21: =AVERAGE(D21:J21) -> 118142.86
B22: - Daging Sapi Grade Sedang | C22: Kg | D22: 110000 | E22: 110000 | F22: 110000 | G22: 110000 | H22: 114000 | I22: 110000 | J22: 100000 | K22: =AVERAGE(D22:J22) -> 109142.86
B23: - Daging Sapi Grade Bawah | C23: Kg | D23: 100000 | E23: 95000 | F23: 100000 | G23: 100000 | H23: 100000 | I23: 100000 | J23: - | K23: =AVERAGE(D23:J23) -> 99166.667
B24: - Daging Ayam Broiler | C24: Kg | D24: 32000 | E24: 30000 | F24: 32000 | G24: 32000 | H24: 32000 | I24: 32000 | J24: 32000 | K24: =AVERAGE(D24:J24) -> 31714.286
A25: 6 | B25: I K A N
B26: - Ikan Tongkol Segar (Uk. Sedang) | C26: Kg | D26: 35000 | E26: 38000 | F26: - | G26: 45000 | H26: 30000 | I26: 37000 | J26: 40000 | K26: =AVERAGE(D26:J26) -> 37500
B27: - Ikan Mujair Segar (Uk. Sedang) | C27: Kg | D27: 28000 | E27: 30000 | F27: 30000 | G27: 35000 | H27: 23000 | I27: 30000 | J27: 28000 | K27: =AVERAGE(D27:J27) -> 29142.857
B28: - Udang Segar (Uk. Sedang) | C28: Kg | D28: 60000 | E28: 70000 | F28: 60000 | G28: 75000 | H28: 58000 | I28: 75000 | J28: 60000 | K28: =AVERAGE(D28:J28) -> 65428.571
B29: - Ikan Lele Segar (Ukuran Sedang) | C29: Kg | D29: 25000 | E29: - | F29: - | G29: 25000 | H29: 23000 | I29: 24000 | J29: 26000 | K29: =AVERAGE(D29:J29) -> 24600
B30: - Ikan Bandeng Segar (Uk. Sedang) | C30: Kg | D30: 40000 | E30: 36000 | F30: 40000 | G30: 45000 | H30: 28000 | I30: 42000 | J30: 36000 | K30: =AVERAGE(D30:J30) -> 38142.857
