Workbook

Sheet REKAPITULASI
A1: BAGIAN PEREKONOMIAN DAN SUMBER DAYA ALAM
A2: LAPORAN HARGA BAHAN POKOK DI KOTA SURABAYA
A3: PERIODE APRIL 2023
B4: NAMA BAHAN POKOK DAN PENTING LAINNYA | C4: SAT | AF4: HET/HAPK (Harga Eceran Tertinggi) | AG4: FLUKTUASI
D5: 1 | E5: 2 | F5: 3 | G5: 4 | H5: 5 | I5: 6 | J5: 7 | K5: 8 | L5: 9 | M5: 10 | N5: 11 | O5: 12 | P5: 13 | Q5: 14 | R5: 15 | S5: 16 | T5: 17 | U5: 18 | V5: 19 | W5: 20 | X5: 21 | Y5: 24 | Z5: 25 | AA5: 26 | AB5: 27 | AC5: 28 | AD5: 29 | AE5: 30
A7: 1 | B7: BERAS
B8: - Beras Premium | C8: Kg | D8: ='1'!K8 -> 13428.571 | E8: ='2'!K8 -> 13500 | F8: ='3'!K8 -> 13500 | G8: ='4'!K8 -> 13500 | H8: ='5'!K8 -> 13500 | I8: ='6'!K8 -> 13500 | J8: ='7'!K8 -> 13500 | K8: ='8'!K8 -> 13500 | L8: ='9'!K8 -> 13357.143 | M8: ='10'!K8 -> 13357.143 | N8: ='11'!K8 -> 13357.143 | O8: ='12'!K8 -> 13357.143 | P8: ='13'!K8 -> 13357.143 | Q8: ='14'!K8 -> 13357.143 | R8: ='15'!K8 -> 13357.143 | S8: ='16'!K8 -> 13357.143 | T8: ='17'!K8 -> 13357.143 | U8: ='18'!K8 -> 13357.143 | V8: ='19'!K8 -> 13357.143 | W8: ='20'!K8 -> 13357.143 | X8: ='21'!K8 -> 13357.143 | Y8: ='24'!K8 -> 13357.143 | Z8: ='25'!K8 -> 13642.857 | AA8: ='26'!K8 -> 13642.857 | AB8: ='27'!K8 -> 13642.857 | AC8: ='28'!K8 -> 13357.143 | AD8: ='29'!K8 -> 13500 | AE8: ='30'!K8 -> 13500 | AF8: 12800 | AG8: =AE8-D8 -> 71.428571 | AH8: =AVERAGE(D8:AE8) -> 13436.224
B9: - Beras Medium Bulog | C9: Kg | D9: ='1'!K9 -> 9566.6667 | E9: ='2'!K9 -> 9566.6667 | F9: ='3'!K9 -> 9566.6667 | G9: ='4'!K9 -> 9750 | H9: ='5'!K9 -> 9750 | I9: ='6'!K9 -> 9750 | J9: ='7'!K9 -> 9750 | K9: ='8'!K9 -> 9750 | L9: ='9'!K9 -> 9750 | M9: ='10'!K9 -> 9750 | N9: ='11'!K9 -> 9750 | O9: ='12'!K9 -> 9750 | P9: ='13'!K9 -> 9750 | Q9: ='14'!K9 -> 9750 | R9: ='15'!K9 -> 9750 | S9: ='16'!K9 -> 9750 | T9: ='17'!K9 -> 9750 | U9: ='18'!K9 -> 9750 | V9: ='19'!K9 -> 10000 | W9: ='20'!K9 -> 10000 | X9: ='21'!K9 -> 10000 | Y9: ='24'!K9 -> 10000 | Z9: ='25'!K9 -> 10666.667 | AA9: ='26'!K9 -> 10666.667 | AB9: ='27'!K9 -> 10666.667 | AC9: ='28'!K9 -> 10333.333 | AD9: ='29'!K9 -> 10333.333 | AE9: ='30'!K9 -> 10333.333 | AG9: =AE9-D9 -> 766.66667 | AH9: =AVERAGE(D9:AE9) -> 9926.7857
B10: - Beras Medium | C10: Kg | D10: ='1'!K10 -> 11166.667 | E10: ='2'!K10 -> 11166.667 | F10: ='3'!K10 -> 11333.333 | G10: ='4'!K10 -> 11333.333 | H10: ='5'!K10 -> 11333.333 | I10: ='6'!K10 -> 11333.333 | J10: ='7'!K10 -> 11333.333 | K10: ='8'!K10 -> 11333.333 | L10: ='9'!K10 -> 11333.333 | M10: ='10'!K10 -> 11333.333 | N10: ='11'!K10 -> 11333.333 | O10: ='12'!K10 -> 11333.333 | P10: ='13'!K10 -> 11333.333 | Q10: ='14'!K10 -> 11333.333 | R10: ='15'!K10 -> 11333.333 | S10: ='16'!K10 -> 11333.333 | T10: ='17'!K10 -> 11333.333 | U10: ='18'!K10 -> 11333.333 | V10: ='19'!K10 -> 11250 | W10: ='20'!K10 -> 11375 | X10: ='21'!K10 -> 11375 | Y10: ='24'!K10 -> 11375 | Z10: ='25'!K10 -> 11375 | AA10: ='26'!K10 -> 11375 | AB10: ='27'!K10 -> 11375 | AC10: ='28'!K10 -> 11375 | AD10: ='29'!K10 -> 11375 | AE10: ='30'!K10 -> 11375 | AF10: 9450 | AG10: =AE10-D10 -> 208.33333 | AH10: =AVERAGE(D10:AE10) -> 11331.845
B11: - Beras Jagung | C11: Kg | D11: ='1'!K11 -> 10600 | E11: ='2'!K11 -> 10600 | F11: ='3'!K11 -> 10600 | G11: ='4'!K11 -> 10600 | H11: ='5'!K11 -> 10600 | I11: ='6'!K11 -> 10600 | J11: ='7'!K11 -> 10600 | K11: ='8'!K11 -> 10600 | L11: ='9'!K11 -> 10600 | M11: ='10'!K11 -> 10600 | N11: ='11'!K11 -> 10600 | O11: ='12'!K11 -> 10600 | P11: ='13'!K11 -> 10600 | Q11: ='14'!K11 -> 10600 | R11: ='15'!K11 -> 10600 | S11: ='16'!K11 -> 10600 | T11: ='17'!K11 -> 10600 | U11: ='18'!K11 -> 10600 | V11: ='19'!K11 -> 10600 | W11: ='20'!K11 -> 10600 | X11: ='21'!K11 -> 10600 | Y11: ='24'!K11 -> 10600 | Z11: ='25'!K11 -> 10600 | AA11: ='26'!K11 -> 10600 | AB11: ='27'!K11 -> 10600 | AC11: ='28'!K11 -> 10600 | AD11: ='29'!K11 -> 10600 | AE11: ='30'!K11 -> 10600 | AG11: =AE11-D11 -> 0 | AH11: =AVERAGE(D11:AE11) -> 10600
B12: - Beras Ketan (Jenis Siyem) | C12: Kg | D12: ='1'!K12 -> 21000 | E12: ='2'!K12 -> 21000 | F12: ='3'!K12 -> 21000 | G12: ='4'!K12 -> 21000 | H12: ='5'!K12 -> 21000 | I12: ='6'!K12 -> 21000 | J12: ='7'!K12 -> 21000 | K12: ='8'!K12 -> 21000 | L12: ='9'!K12 -> 21000 | M12: ='10'!K12 -> 21000 | N12: ='11'!K12 -> 21000 | O12: ='12'!K12 -> 21000 | P12: ='13'!K12 -> 21000 | Q12: ='14'!K12 -> 21000 | R12: ='15'!K12 -> 21000 | S12: ='16'!K12 -> 21000 | T12: ='17'!K12 -> 21000 | U12: ='18'!K12 -> 21000 | V12: ='19'!K12 -> 21000 | W12: ='20'!K12 -> 21000 | X12: ='21'!K12 -> 21000 | Y12: ='24'!K12 -> 21000 | Z12: ='25'!K12 -> 20200 | AA12: ='26'!K12 -> 20600 | AB12: ='27'!K12 -> 21000 | AC12: ='28'!K12 -> 21000 | AD12: ='29'!K12 -> 20200 | AE12: ='30'!K12 -> 20200 | AG12: =AE12-D12 -> -800 | AH12: =AVERAGE(D12:AE12) -> 20900
A13: 2 | B13: GULA | D13: ='1'!K13 -> 0 | E13: ='2'!K13 -> 0 | F13: ='3'!K13 -> 0 | G13: ='4'!K13 -> 0 | H13: ='5'!K13 -> 0 | I13: ='6'!K13 -> 0 | J13: ='7'!K13 -> 0 | K13: ='8'!K13 -> 0 | L13: ='9'!K13 -> 0 | M13: ='10'!K13 -> 0 | N13: ='11'!K13 -> 0 | O13: ='12'!K13 -> 0 | P13: ='13'!K13 -> 0 | Q13: ='14'!K13 -> 0 | R13: ='15'!K13 -> 0 | S13: ='16'!K13 -> 0 | T13: ='17'!K13 -> 0 | U13: ='18'!K13 -> 0 | V13: ='19'!K13 -> 0 | W13: ='20'!K13 -> 0 | X13: ='21'!K13 -> 0 | Y13: ='24'!K13 -> 0 | Z13: ='25'!K13 -> 0 | AA13: ='26'!K13 -> 0 | AB13: ='27'!K13 -> 0 | AC13: ='28'!K13 -> 0 | AD13: ='29'!K13 -> 0 | AE13: ='30'!K13 -> 0 | AG13: =AE13-D13 -> 0 | AH13: =AVERAGE(D13:AE13) -> 0
B14: - Gula pasir lokal curah | C14: Kg | D14: ='1'!K14 -> 13142.857 | E14: ='2'!K14 -> 13142.857 | F14: ='3'!K14 -> 13142.857 | G14: ='4'!K14 -> 13142.857 | H14: ='5'!K14 -> 13142.857 | I14: ='6'!K14 -> 13142.857 | J14: ='7'!K14 -> 13142.857 | K14: ='8'!K14 -> 13142.857 | L14: ='9'!K14 -> 13142.857 | M14: ='10'!K14 -> 13142.857 | N14: ='11'!K14 -> 13142.857 | O14: ='12'!K14 -> 13142.857 | P14: ='13'!K14 -> 13142.857 | Q14: ='14'!K14 -> 13142.857 | R14: ='15'!K14 -> 13142.857 | S14: ='16'!K14 -> 13142.857 | T14: ='17'!K14 -> 13142.857 | U14: ='18'!K14 -> 13142.857 | V14: ='19'!K14 -> 13142.857 | W14: ='20'!K14 -> 13071.429 | X14: ='21'!K14 -> 13071.429 | Y14: ='24'!K14 -> 13071.429 | Z14: ='25'!K14 -> 13142.857 | AA14: ='26'!K14 -> 13071.429 | AB14: ='27'!K14 -> 13142.857 | AC14: ='28'!K14 -> 13142.857 | AD14: ='29'!K14 -> 13071.429 | AE14: ='30'!K14 -> 13071.429 | AF14: 13500 | AG14: =AE14-D14 -> -71.428571 | AH14: =AVERAGE(D14:AE14) -> 13127.551
B15: - Gula Jawa/Merah (Bahan Kelapa) | C15: Kg | D15: ='1'!K15 -> 15714.286 | E15: ='2'!K15 -> 15714.286 | F15: ='3'!K15 -> 15714.286 | G15: ='4'!K15 -> 15714.286 | H15: ='5'!K15 -> 15714.286 | I15: ='6'!K15 -> 15714.286 | J15: ='7'!K15 -> 15714.286 | K15: ='8'!K15 -> 15714.286 | L15: ='9'!K15 -> 15714.286 | M15: ='10'!K15 -> 15714.286 | N15: ='11'!K15 -> 15714.286 | O15: ='12'!K15 -> 15714.286 | P15: ='13'!K15 -> 15714.286 | Q15: ='14'!K15 -> 15714.286 | R15: ='15'!K15 -> 15714.286 | S15: ='16'!K15 -> 15714.286 | T15: ='17'!K15 -> 15714.286 | U15: ='18'!K15 -> 15714.286 | V15: ='19'!K15 -> 15714.286 | W15: ='20'!K15 -> 15571.429 | X15: ='21'!K15 -> 15714.286 | Y15: ='24'!K15 -> 15714.286 | Z15: ='25'!K15 -> 16285.714 | AA15: ='26'!K15 -> 16285.714 | AB15: ='27'!K15 -> 16142.857 | AC15: ='28'!K15 -> 15571.429 | AD15: ='29'!K15 -> 16285.714 | AE15: ='30'!K15 -> 16285.714 | AG15: =AE15-D15 -> 571.42857 | AH15: =AVERAGE(D15:AE15) -> 15801.02
A16: 3 | B16: MINYAK GORENG | D16: ='1'!K16 -> 0 | E16: ='2'!K16 -> 0 | F16: ='3'!K16 -> 0 | G16: ='4'!K16 -> 0 | H16: ='5'!K16 -> 0 | I16: ='6'!K16 -> 0 | J16: ='7'!K16 -> 0 | K16: ='8'!K16 -> 0 | L16: ='9'!K16 -> 0 | M16: ='10'!K16 -> 0 | N16: ='11'!K16 -> 0 | O16: ='12'!K16 -> 0 | P16: ='13'!K16 -> 0 | Q16: ='14'!K16 -> 0 | R16: ='15'!K16 -> 0 | S16: ='16'!K16 -> 0 | T16: ='17'!K16 -> 0 | U16: ='18'!K16 -> 0 | V16: ='19'!K16 -> 0 | W16: ='20'!K16 -> 0 | X16: ='21'!K16 -> 0 | Y16: ='24'!K16 -> 0 | Z16: ='25'!K16 -> 0 | AA16: ='26'!K16 -> 0 | AB16: ='27'!K16 -> 0 | AC16: ='28'!K16 -> 0 | AD16: ='29'!K16 -> 0 | AE16: ='30'!K16 -> 0 | AG16: =AE16-D16 -> 0 | AH16: =AVERAGE(D16:AE16) -> 0
B17: - Minyak Goreng Curah (Bening) | C17: Kg | D17: ='1'!K17 -> 15785.714 | E17: ='2'!K17 -> 15785.714 | F17: ='3'!K17 -> 15642.857 | G17: ='4'!K17 -> 15500 | H17: ='5'!K17 -> 15642.857 | I17: ='6'!K17 -> 15571.429 | J17: ='7'!K17 -> 15571.429 | K17: ='8'!K17 -> 15571.429 | L17: ='9'!K17 -> 15571.429 | M17: ='10'!K17 -> 15428.571 | N17: ='11'!K17 -> 15571.429 | O17: ='12'!K17 -> 15571.429 | P17: ='13'!K17 -> 15571.429 | Q17: ='14'!K17 -> 15500 | R17: ='15'!K17 -> 15500 | S17: ='16'!K17 -> 15500 | T17: ='17'!K17 -> 15500 | U17: ='18'!K17 -> 15500 | V17: ='19'!K17 -> 15500 | W17: ='20'!K17 -> 15500 | X17: ='21'!K17 -> 15357.143 | Y17: ='24'!K17 -> 15357.143 | Z17: ='25'!K17 -> 15500 | AA17: ='26'!K17 -> 15357.143 | AB17: ='27'!K17 -> 15357.143 | AC17: ='28'!K17 -> 15500 | AD17: ='29'!K17 -> 15357.143 | AE17: ='30'!K17 -> 15357.143 | AF17: 15500 | AG17: =AE17-D17 -> -428.57143 | AH17: =AVERAGE(D17:AE17) -> 15515.306
B18: - Minyak Kita | C18: Liter | D18: ='1'!K18 -> 14000 | E18: ='2'!K18 -> 14000 | F18: ='3'!K18 -> 14000 | G18: ='4'!K18 -> 14000 | H18: ='5'!K18 -> 14000 | I18: ='6'!K18 -> 14000 | J18: ='7'!K18 -> 14000 | K18: ='8'!K18 -> 14000 | L18: ='9'!K18 -> 14000 | M18: ='10'!K18 -> 14000 | N18: ='11'!K18 -> 14000 | O18: ='12'!K18 -> 14000 | P18: ='13'!K18 -> 14000 | Q18: ='14'!K18 -> 14000 | R18: ='15'!K18 -> 14000 | S18: ='16'!K18 -> 14000 | T18: ='17'!K18 -> 14000 | U18: ='18'!K18 -> 14000 | V18: ='19'!K18 -> 14000 | W18: ='20'!K18 -> 14000 | X18: ='21'!K18 -> 14000 | Y18: ='24'!K18 -> 14000 | Z18: ='25'!K18 -> 14000 | AA18: ='26'!K18 -> 14000 | AB18: ='27'!K18 -> 14000 | AC18: ='28'!K18 -> 14000 | AD18: ='29'!K18 -> 14000 | AE18: ='30'!K18 -> 14000 | AF18: 14000 | AG18: =AE18-D18 -> 0 | AH18: =AVERAGE(D18:AE18) -> 14000
A19: 4 | B19: MENTEGA | D19: ='1'!K19 -> 0 | E19: ='2'!K19 -> 0 | F19: ='3'!K19 -> 0 | G19: ='4'!K19 -> 0 | H19: ='5'!K19 -> 0 | I19: ='6'!K19 -> 0 | J19: ='7'!K19 -> 0 | K19: ='8'!K19 -> 0 | L19: ='9'!K19 -> 0 | M19: ='10'!K19 -> 0 | N19: ='11'!K19 -> 0 | O19: ='12'!K19 -> 0 | P19: ='13'!K19 -> 0 | Q19: ='14'!K19 -> 0 | R19: ='15'!K19 -> 0 | S19: ='16'!K19 -> 0 | T19: ='17'!K19 -> 0 | U19: ='18'!K19 -> 0 | V19: ='19'!K19 -> 0 | W19: ='20'!K19 -> 0 | X19: ='21'!K19 -> 0 | Y19: ='24'!K19 -> 0 | Z19: ='25'!K19 -> 0 | AA19: ='26'!K19 -> 0 | AB19: ='27'!K19 -> 0 | AC19: ='28'!K19 -> 0 | AD19: ='29'!K19 -> 0 | AE19: ='30'!K19 -> 0 | AG19: =AE19-D19 -> 0 | AH19: =AVERAGE(D19:AE19) -> 0
B20: - Mentega Curah (Amanda) | C20: Kg | D20: ='1'!K20 -> 21250 | E20: ='2'!K20 -> 21250 | F20: ='3'!K20 -> 21250 | G20: ='4'!K20 -> 21250 | H20: ='5'!K20 -> 21250 | I20: ='6'!K20 -> 21250 | J20: ='7'!K20 -> 21250 | K20: ='8'!K20 -> 21250 | L20: ='9'!K20 -> 21250 | M20: ='10'!K20 -> 21250 | N20: ='11'!K20 -> 21250 | O20: ='12'!K20 -> 21250 | P20: ='13'!K20 -> 21250 | Q20: ='14'!K20 -> 21250 | R20: ='15'!K20 -> 21250 | S20: ='16'!K20 -> 21250 | T20: ='17'!K20 -> 21250 | U20: ='18'!K20 -> 21250 | V20: ='19'!K20 -> 21250 | W20: ='20'!K20 -> 21250 | X20: ='21'!K20 -> 21250 | Y20: ='24'!K20 -> 21250 | Z20: ='25'!K20 -> 22500 | AA20: ='26'!K20 -> 22500 | AB20: ='27'!K20 -> 22500 | AC20: ='28'!K20 -> 21250 | AD20: ='29'!K20 -> 22500 | AE20: ='30'!K20 -> 22500 | AG20: =AE20-D20 -> 1250 | AH20: =AVERAGE(D20:AE20) -> 21473.214
A21: 5 | B21: DAGING | D21: ='1'!K21 -> 0 | E21: ='2'!K21 -> 0 | F21: ='3'!K21 -> 0 | G21: ='4'!K21 -> 0 | H21: ='5'!K21 -> 0 | I21: ='6'!K21 -> 0 | J21: ='7'!K21 -> 0 | K21: ='8'!K21 -> 0 | L21: ='9'!K21 -> 0 | M21: ='10'!K21 -> 0 | N21: ='11'!K21 -> 0 | O21: ='12'!K21 -> 0 | P21: ='13'!K21 -> 0 | Q21: ='14'!K21 -> 0 | R21: ='15'!K21 -> 0 | S21: ='16'!K21 -> 0 | T21: ='17'!K21 -> 0 | U21: ='18'!K21 -> 0 | V21: ='19'!K21 -> 0 | W21: ='20'!K21 -> 0 | X21: ='21'!K21 -> 0 | Y21: ='24'!K21 -> 0 | Z21: ='25'!K21 -> 0 | AA21: ='26'!K21 -> 0 | AB21: ='27'!K21 -> 0 | AC21: ='28'!K21 -> 0 | AD21: ='29'!K21 -> 0 | AE21: ='30'!K21 -> 0 | AG21: =AE21-D21 -> 0 | AH21: =AVERAGE(D21:AE21) -> 0
B22: - Daging Sapi Grade Atas | C22: Kg | D22: ='1'!K22 -> 118571.43 | E22: ='2'!K22 -> 118571.43 | F22: ='3'!K22 -> 118571.43 | G22: ='4'!K22 -> 118571.43 | H22: ='5'!K22 -> 118571.43 | I22: ='6'!K22 -> 118571.43 | J22: ='7'!K22 -> 118571.43 | K22: ='8'!K22 -> 118571.43 | L22: ='9'!K22 -> 118571.43 | M22: ='10'!K22 -> 118571.43 | N22: ='11'!K22 -> 118571.43 | O22: ='12'!K22 -> 118571.43 | P22: ='13'!K22 -> 118571.43 | Q22: ='14'!K22 -> 118571.43 | R22: ='15'!K22 -> 118571.43 | S22: ='16'!K22 -> 118571.43 | T22: ='17'!K22 -> 118571.43 | U22: ='18'!K22 -> 118571.43 | V22: ='19'!K22 -> 120000 | W22: ='20'!K22 -> 123571.43 | X22: ='21'!K22 -> 124285.71 | Y22: ='24'!K22 -> 124285.71 | Z22: ='25'!K22 -> 124285.71 | AA22: ='26'!K22 -> 122857.14 | AB22: ='27'!K22 -> 122857.14 | AC22: ='28'!K22 -> 121428.57 | AD22: ='29'!K22 -> 122857.14 | AE22: ='30'!K22 -> 122857.14 | AF22: 105000 | AG22: =AE22-D22 -> 4285.7143 | AH22: =AVERAGE(D22:AE22) -> 120127.55
B23: - Daging Sapi Grade Sedang | C23: Kg | D23: ='1'!K23 -> 109142.86 | E23: ='2'!K23 -> 109142.86 | F23: ='3'!K23 -> 109142.86 | G23: ='4'!K23 -> 109142.86 | H23: ='5'!K23 -> 109142.86 | I23: ='6'!K23 -> 109142.86 | J23: ='7'!K23 -> 109142.86 | K23: ='8'!K23 -> 109142.86 | L23: ='9'!K23 -> 109142.86 | M23: ='10'!K23 -> 109142.86 | N23: ='11'!K23 -> 109142.86 | O23: ='12'!K23 -> 109142.86 | P23: ='13'!K23 -> 109142.86 | Q23: ='14'!K23 -> 109142.86 | R23: ='15'!K23 -> 109142.86 | S23: ='16'!K23 -> 109142.86 | T23: ='17'!K23 -> 109142.86 | U23: ='18'!K23 -> 109142.86 | V23: ='19'!K23 -> 110571.43 | W23: ='20'!K23 -> 113428.57 | X23: ='21'!K23 -> 114142.86 | Y23: ='24'!K23 -> 114142.86 | Z23: ='25'!K23 -> 114142.86 | AA23: ='26'!K23 -> 113428.57 | AB23: ='27'!K23 -> 98714.286 | AC23: ='28'!K23 -> 113857.14 | AD23: ='29'!K23 -> 114142.86 | AE23: ='30'!K23 -> 114142.86 | AF23: 80000 | AG23: =AE23-D23 -> 5000 | AH23: =AVERAGE(D23:AE23) -> 110188.78
B24: - Daging Sapi Grade Bawah | C24: Kg | D24: ='1'!K24 -> 99166.667 | E24: ='2'!K24 -> 99166.667 | F24: ='3'!K24 -> 99166.667 | G24: ='4'!K24 -> 99166.667 | H24: ='5'!K24 -> 99166.667 | I24: ='6'!K24 -> 99166.667 | J24: ='7'!K24 -> 99166.667 | K24: ='8'!K24 -> 99166.667 | L24: ='9'!K24 -> 99166.667 | M24: ='10'!K24 -> 99166.667 | N24: ='11'!K24 -> 99166.667 | O24: ='12'!K24 -> 99166.667 | P24: ='13'!K24 -> 99166.667 | Q24: ='14'!K24 -> 99166.667 | R24: ='15'!K24 -> 99166.667 | S24: ='16'!K24 -> 99166.667 | T24: ='17'!K24 -> 99166.667 | U24: ='18'!K24 -> 99166.667 | V24: ='19'!K24 -> 100833.33 | W24: ='20'!K24 -> 103333.33 | X24: ='21'!K24 -> 104166.67 | Y24: ='24'!K24 -> 104166.67 | Z24: ='25'!K24 -> 104166.67 | AA24: ='26'!K24 -> 103333.33 | AB24: ='27'!K24 -> 104166.67 | AC24: ='28'!K24 -> 105000 | AD24: ='29'!K24 -> 105000 | AE24: ='30'!K24 -> 105000 | AF24: 80000 | AG24: =AE24-D24 -> 5833.3333 | AH24: =AVERAGE(D24:AE24) -> 100863.1
B25: - Daging Ayam Broiler | C25: Kg | D25: ='1'!K25 -> 30571.429 | E25: ='2'!K25 -> 30714.286 | F25: ='3'!K25 -> 31142.857 | G25: ='4'!K25 -> 31142.857 | H25: ='5'!K25 -> 31142.857 | I25: ='6'!K25 -> 30857.143 | J25: ='7'!K25 -> 30857.143 | K25: ='8'!K25 -> 30857.143 | L25: ='9'!K25 -> 30571.429 | M25: ='10'!K25 -> 31857.143 | N25: ='11'!K25 -> 32428.571 | O25: ='12'!K25 -> 32428.571 | P25: ='13'!K25 -> 32142.857 | Q25: ='14'!K25 -> 33000 | R25: ='15'!K25 -> 33000 | S25: ='16'!K25 -> 32857.143 | T25: ='17'!K25 -> 33428.571 | U25: ='18'!K25 -> 33857.143 | V25: ='19'!K25 -> 34428.571 | W25: ='20'!K25 -> 36571.429 | X25: ='21'!K25 -> 38833.333 | Y25: ='24'!K25 -> 38833.333 | Z25: ='25'!K25 -> 39833.333 | AA25: ='26'!K25 -> 40285.714 | AB25: ='27'!K25 -> 39285.714 | AC25: ='28'!K25 -> 36428.571 | AD25: ='29'!K25 -> 36571.429 | AE25: ='30'!K25 -> 36571.429 | AF25: 36750 | AG25: =AE25-D25 -> 6000 | AH25: =AVERAGE(D25:AE25) -> 33946.429
A26: 6 | B26: I K A N | D26: ='1'!K26 -> 0 | E26: ='2'!K26 -> 0 | F26: ='3'!K26 -> 0 | G26: ='4'!K26 -> 0 | H26: ='5'!K26 -> 0 | I26: ='6'!K26 -> 0 | J26: ='7'!K26 -> 0 | K26: ='8'!K26 -> 0 | L26: ='9'!K26 -> 0 | M26: ='10'!K26 -> 0 | N26: ='11'!K26 -> 0 | O26: ='12'!K26 -> 0 | P26: ='13'!K26 -> 0 | Q26: ='14'!K26 -> 0 | R26: ='15'!K26 -> 0 | S26: ='16'!K26 -> 0 | T26: ='17'!K26 -> 0 | U26: ='18'!K26 -> 0 | V26: ='19'!K26 -> 0 | W26: ='20'!K26 -> 0 | X26: ='21'!K26 -> 0 | Y26: ='24'!K26 -> 0 | Z26: ='25'!K26 -> 0 | AA26: ='26'!K26 -> 0 | AB26: ='27'!K26 -> 0 | AC26: ='28'!K26 -> 0 | AD26: ='29'!K26 -> 0 | AE26: ='30'!K26 -> 0 | AG26: =AE26-D26 -> 0 | AH26: =AVERAGE(D26:AE26) -> 0
B27: - Ikan Tongkol Segar (Uk. Sedang) | C27: Kg | D27: ='1'!K27 -> 37333.333 | E27: ='2'!K27 -> 37333.333 | F27: ='3'!K27 -> 36833.333 | G27: ='4'!K27 -> 36833.333 | H27: ='5'!K27 -> 36833.333 | I27: ='6'!K27 -> 36833.333 | J27: ='7'!K27 -> 36833.333 | K27: ='8'!K27 -> 37666.667 | L27: ='9'!K27 -> 37666.667 | M27: ='10'!K27 -> 37666.667 | N27: ='11'!K27 -> 37666.667 | O27: ='12'!K27 -> 37666.667 | P27: ='13'!K27 -> 38000 | Q27: ='14'!K27 -> 38000 | R27: ='15'!K27 -> 38000 | S27: ='16'!K27 -> 38333.333 | T27: ='17'!K27 -> 38333.333 | U27: ='18'!K27 -> 37666.667 | V27: ='19'!K27 -> 37666.667 | W27: ='20'!K27 -> 37666.667 | X27: ='21'!K27 -> 37600 | Y27: ='24'!K27 -> 37600 | Z27: ='25'!K27 -> 37600 | AA27: ='26'!K27 -> 39666.667 | AB27: ='27'!K27 -> 39666.667 | AC27: ='28'!K27 -> 39666.667 | AD27: ='29'!K27 -> 35714.286 | AE27: ='30'!K27 -> 35714.286 | AG27: =AE27-D27 -> -1619.0476 | AH27: =AVERAGE(D27:AE27) -> 37645.068
B28: - Ikan Mujair Segar (Uk. Sedang) | C28: Kg | D28: ='1'!K28 -> 28857.143 | E28: ='2'!K28 -> 29571.429 | F28: ='3'!K28 -> 29142.857 | G28: ='4'!K28 -> 29142.857 | H28: ='5'!K28 -> 29142.857 | I28: ='6'!K28 -> 29142.857 | J28: ='7'!K28 -> 29142.857 | K28: ='8'!K28 -> 29714.286 | L28: ='9'!K28 -> 29714.286 | M28: ='10'!K28 -> 29714.286 | N28: ='11'!K28 -> 29714.286 | O28: ='12'!K28 -> 29714.286 | P28: ='13'!K28 -> 29714.286 | Q28: ='14'!K28 -> 30000 | R28: ='15'!K28 -> 30000 | S28: ='16'!K28 -> 30000 | T28: ='17'!K28 -> 30000 | U28: ='18'!K28 -> 30285.714 | V28: ='19'!K28 -> 30285.714 | W28: ='20'!K28 -> 30285.714 | X28: ='21'!K28 -> 30000 | Y28: ='24'!K28 -> 30000 | Z28: ='25'!K28 -> 30000 | AA28: ='26'!K28 -> 31428.571 | AB28: ='27'!K28 -> 31000 | AC28: ='28'!K28 -> 31428.571 | AD28: ='29'!K28 -> 31428.571 | AE28: ='30'!K28 -> 31428.571 | AG28: =AE28-D28 -> 2571.4286 | AH28: =AVERAGE(D28:AE28) -> 30000
B29: - Udang Segar (Uk. Sedang) | C29: Kg | D29: ='1'!K29 -> 64000 | E29: ='2'!K29 -> 64000 | F29: ='3'!K29 -> 65428.571 | G29: ='4'!K29 -> 65428.571 | H29: ='5'!K29 -> 65142.857 | I29: ='6'!K29 -> 63714.286 | J29: ='7'!K29 -> 62285.714 | K29: ='8'!K29 -> 63714.286 | L29: ='9'!K29 -> 64285.714 | M29: ='10'!K29 -> 64285.714 | N29: ='11'!K29 -> 64285.714 | O29: ='12'!K29 -> 64285.714 | P29: ='13'!K29 -> 63285.714 | Q29: ='14'!K29 -> 63285.714 | R29: ='15'!K29 -> 63285.714 | S29: ='16'!K29 -> 63285.714 | T29: ='17'!K29 -> 63285.714 | U29: ='18'!K29 -> 63285.714 | V29: ='19'!K29 -> 63285.714 | W29: ='20'!K29 -> 64714.286 | X29: ='21'!K29 -> 64666.667 | Y29: ='24'!K29 -> 64666.667 | Z29: ='25'!K29 -> 64666.667 | AA29: ='26'!K29 -> 70000 | AB29: ='27'!K29 -> 67142.857 | AC29: ='28'!K29 -> 65714.286 | AD29: ='29'!K29 -> 67142.857 | AE29: ='30'!K29 -> 67142.857 | AG29: =AE29-D29 -> 3142.8571 | AH29: =AVERAGE(D29:AE29) -> 64632.653
B30: - Ikan Lele Segar (Ukuran Sedang) | C30: Kg | D30: ='1'!K30 -> 24600 | E30: ='2'!K30 -> 24600 | F30: ='3'!K30 -> 24600 | G30: ='4'!K30 -> 24600 | H30: ='5'!K30 -> 24600 | I30: ='6'!K30 -> 24600 | J30: ='7'!K30 -> 24600 | K30: ='8'!K30 -> 24600 | L30: ='9'!K30 -> 24600 | M30: ='10'!K30 -> 24600 | N30: ='11'!K30 -> 24600 | O30: ='12'!K30 -> 24600 | P30: ='13'!K30 -> 24600 | Q30: ='14'!K30 -> 24600 | R30: ='15'!K30 -> 24600 | S30: ='16'!K30 -> 24600 | T30: ='17'!K30 -> 24600 | U30: ='18'!K30 -> 24600 | V30: ='19'!K30 -> 24600 | W30: ='20'!K30 -> 24600 | X30: ='21'!K30 -> 24600 | Y30: ='24'!K30 -> 24600 | Z30: ='25'!K30 -> 24600 | AA30: ='26'!K30 -> 24600 | AB30: ='27'!K30 -> 24600 | AC30: ='28'!K30 -> 24600 | AD30: ='29'!K30 -> 24600 | AE30: ='30'!K30 -> 24600 | AG30: =AE30-D30 -> 0 | AH30: =AVERAGE(D30:AE30) -> 24600
B31: - Ikan Bandeng Segar (Uk. Sedang) | C31: Kg | D31: ='1'!K31 -> 38857.143 | E31: ='2'!K31 -> 38857.143 | F31: ='3'!K31 -> 38857.143 | G31: ='4'!K31 -> 38857.143 | H31: ='5'!K31 -> 38571.429 | I31: ='6'!K31 -> 38571.429 | J31: ='7'!K31 -> 38571.429 | K31: ='8'!K31 -> 37857.143 | L31: ='9'!K31 -> 37857.143 | M31: ='10'!K31 -> 38000 | N31: ='11'!K31 -> 38000 | O31: ='12'!K31 -> 38000 | P31: ='13'!K31 -> 38428.571 | Q31: ='14'!K31 -> 38428.571 | R31: ='15'!K31 -> 38428.571 | S31: ='16'!K31 -> 38428.571 | T31: ='17'!K31 -> 38428.571 | U31: ='18'!K31 -> 38142.857 | V31: ='19'!K31 -> 38142.857 | W31: ='20'!K31 -> 38428.571 | X31: ='21'!K31 -> 38500 | Y31: ='24'!K31 -> 38500 | Z31: ='25'!K31 -> 38500 | AA31: ='26'!K31 -> 38428.571 | AB31: ='27'!K31 -> 38428.571 | AC31: ='28'!K31 -> 38428.571 | AD31: ='29'!K31 -> 38428.571 | AE31: ='30'!K31 -> 38428.571 | AG31: =AE31-D31 -> -428.57143 | AH31: =AVERAGE(D31:AE31) -> 38405.612
B32: - Ikan Teri Asin (Bukan Teri Medan) | C32: Kg | D32: ='1'!K32 -> 96666.667 | E32: ='2'!K32 -> 96666.667 | F32: ='3'!K32 -> 96666.667 | G32: ='4'!K32 -> 96666.667 | H32: ='5'!K32 -> 96666.667 | I32: ='6'!K32 -> 96666.667 | J32: ='7'!K32 -> 96666.667 | K32: ='8'!K32 -> 96666.667 | L32: ='9'!K32 -> 96666.667 | M32: ='10'!K32 -> 96666.667 | N32: ='11'!K32 -> 96666.667 | O32: ='12'!K32 -> 96666.667 | P32: ='13'!K32 -> 96666.667 | Q32: ='14'!K32 -> 96666.667 | R32: ='15'!K32 -> 96666.667 | S32: ='16'!K32 -> 96666.667 | T32: ='17'!K32 -> 96666.667 | U32: ='18'!K32 -> 96666.667 | V32: ='19'!K32 -> 96666.667 | W32: ='20'!K32 -> 96666.667 | X32: ='21'!K32 -> 96666.667 | Y32: ='24'!K32 -> 96666.667 | Z32: ='25'!K32 -> 96666.667 | AA32: ='26'!K32 -> 91666.667 | AB32: ='27'!K32 -> 91666.667 | AC32: ='28'!K32 -> 96666.667 | AD32: ='29'!K32 -> 103333.33 | AE32: ='30'!K32 -> 103333.33 | AG32: =AE32-D32 -> 6666.6667 | AH32: =AVERAGE(D32:AE32) -> 96785.714
A33: 7 | B33: TELUR | D33: ='1'!K33 -> 0 | E33: ='2'!K33 -> 0 | F33: ='3'!K33 -> 0 | G33: ='4'!K33 -> 0 | H33: ='5'!K33 -> 0 | I33: ='6'!K33 -> 0 | J33: ='7'!K33 -> 0 | K33: ='8'!K33 -> 0 | L33: ='9'!K33 -> 0 | M33: ='10'!K33 -> 0 | N33: ='11'!K33 -> 0 | O33: ='12'!K33 -> 0 | P33: ='13'!K33 -> 0 | Q33: ='14'!K33 -> 0 | R33: ='15'!K33 -> 0 | S33: ='16'!K33 -> 0 | T33: ='17'!K33 -> 0 | U33: ='18'!K33 -> 0 | V33: ='19'!K33 -> 0 | W33: ='20'!K33 -> 0 | X33: ='21'!K33 -> 0 | Y33: ='24'!K33 -> 0 | Z33: ='25'!K33 -> 0 | AA33: ='26'!K33 -> 0 | AB33: ='27'!K33 -> 0 | AC33: ='28'!K33 -> 0 | AD33: ='29'!K33 -> 0 | AE33: ='30'!K33 -> 0 | AG33: =AE33-D33 -> 0 | AH33: =AVERAGE(D33:AE33) -> 0
B34: - Telur Ayam Broiler | C34: Kg | D34: ='1'!K34 -> 28642.857 | E34: ='2'!K34 -> 28500 | F34: ='3'!K34 -> 27428.571 | G34: ='4'!K34 -> 27142.857 | H34: ='5'!K34 -> 27142.857 | I34: ='6'!K34 -> 27142.857 | J34: ='7'!K34 -> 27142.857 | K34: ='8'!K34 -> 26928.571 | L34: ='9'!K34 -> 26785.714 | M34: ='10'!K34 -> 26928.571 | N34: ='11'!K34 -> 26642.857 | O34: ='12'!K34 -> 26642.857 | P34: ='13'!K34 -> 26642.857 | Q34: ='14'!K34 -> 26357.143 | R34: ='15'!K34 -> 26214.286 | S34: ='16'!K34 -> 26357.143 | T34: ='17'!K34 -> 26500 | U34: ='18'!K34 -> 26357.143 | V34: ='19'!K34 -> 26571.429 | W34: ='20'!K34 -> 26857.143 | X34: ='21'!K34 -> 27428.571 | Y34: ='24'!K34 -> 27428.571 | Z34: ='25'!K34 -> 27428.571 | AA34: ='26'!K34 -> 27285.714 | AB34: ='27'!K34 -> 27142.857 | AC34: ='28'!K34 -> 26857.143 | AD34: ='29'!K34 -> 27142.857 | AE34: ='30'!K34 -> 27142.857 | AF34: 27000 | AG34: =AE34-D34 -> -1500 | AH34: =AVERAGE(D34:AE34) -> 27028.061
B35: - Telur Ayam Kampung | C35: Butir | D35: ='1'!K35 -> 2500 | E35: ='2'!K35 -> 2500 | F35: ='3'!K35 -> 2500 | G35: ='4'!K35 -> 2528.5714 | H35: ='5'!K35 -> 2485.7143 | I35: ='6'!K35 -> 2485.7143 | J35: ='7'!K35 -> 2414.2857 | K35: ='8'!K35 -> 2414.2857 | L35: ='9'!K35 -> 2414.2857 | M35: ='10'!K35 -> 2414.2857 | N35: ='11'!K35 -> 2414.2857 | O35: ='12'!K35 -> 2385.7143 | P35: ='13'!K35 -> 2385.7143 | Q35: ='14'!K35 -> 2385.7143 | R35: ='15'!K35 -> 2385.7143 | S35: ='16'!K35 -> 2385.7143 | T35: ='17'!K35 -> 2414.2857 | U35: ='18'!K35 -> 2414.2857 | V35: ='19'!K35 -> 2485.7143 | W35: ='20'!K35 -> 2414.2857 | X35: ='21'!K35 -> 2414.2857 | Y35: ='24'!K35 -> 2414.2857 | Z35: ='25'!K35 -> 2414.2857 | AA35: ='26'!K35 -> 2414.2857 | AB35: ='27'!K35 -> 2385.7143 | AC35: ='28'!K35 -> 2385.7143 | AD35: ='29'!K35 -> 2385.7143 | AE35: ='30'!K35 -> 2385.7143 | AG35: =AE35-D35 -> -114.28571 | AH35: =AVERAGE(D35:AE35) -> 2426.0204
A36: 8 | B36: TAHU | D36: ='1'!K36 -> 0 | E36: ='2'!K36 -> 0 | F36: ='3'!K36 -> 0 | G36: ='4'!K36 -> 0 | H36: ='5'!K36 -> 0 | I36: ='6'!K36 -> 0 | J36: ='7'!K36 -> 0 | K36: ='8'!K36 -> 0 | L36: ='9'!K36 -> 0 | M36: ='10'!K36 -> 0 | N36: ='11'!K36 -> 0 | O36: ='12'!K36 -> 0 | P36: ='13'!K36 -> 0 | Q36: ='14'!K36 -> 0 | R36: ='15'!K36 -> 0 | S36: ='16'!K36 -> 0 | T36: ='17'!K36 -> 0 | U36: ='18'!K36 -> 0 | V36: ='19'!K36 -> 0 | W36: ='20'!K36 -> 0 | X36: ='21'!K36 -> 0 | Y36: ='24'!K36 -> 0 | Z36: ='25'!K36 -> 0 | AA36: ='26'!K36 -> 0 | AB36: ='27'!K36 -> 0 | AC36: ='28'!K36 -> 0 | AD36: ='29'!K36 -> 0 | AE36: ='30'!K36 -> 0 | AG36: =AE36-D36 -> 0 | AH36: =AVERAGE(D36:AE36) -> 0
B37: - Tahu biasa | C37: Kg | D37: ='1'!K37 -> 11142.857 | E37: ='2'!K37 -> 11142.857 | F37: ='3'!K37 -> 11142.857 | G37: ='4'!K37 -> 11142.857 | H37: ='5'!K37 -> 11142.857 | I37: ='6'!K37 -> 11142.857 | J37: ='7'!K37 -> 11142.857 | K37: ='8'!K37 -> 11142.857 | L37: ='9'!K37 -> 11142.857 | M37: ='10'!K37 -> 11142.857 | N37: ='11'!K37 -> 11142.857 | O37: ='12'!K37 -> 11142.857 | P37: ='13'!K37 -> 11142.857 | Q37: ='14'!K37 -> 11142.857 | R37: ='15'!K37 -> 11142.857 | S37: ='16'!K37 -> 11142.857 | T37: ='17'!K37 -> 11142.857 | U37: ='18'!K37 -> 11142.857 | V37: ='19'!K37 -> 11142.857 | W37: ='20'!K37 -> 11142.857 | X37: ='21'!K37 -> 11142.857 | Y37: ='24'!K37 -> 11142.857 | Z37: ='25'!K37 -> 11571.429 | AA37: ='26'!K37 -> 11357.143 | AB37: ='27'!K37 -> 11357.143 | AC37: ='28'!K37 -> 10714.286 | AD37: ='29'!K37 -> 11142.857 | AE37: ='30'!K37 -> 11142.857 | AG37: =AE37-D37 -> 0 | AH37: =AVERAGE(D37:AE37) -> 11158.163
B38: - Tahu susu | C38: Kg | D38: ='1'!K38 -> 12200 | E38: ='2'!K38 -> 12200 | F38: ='3'!K38 -> 12200 | G38: ='4'!K38 -> 12200 | H38: ='5'!K38 -> 12200 | I38: ='6'!K38 -> 12200 | J38: ='7'!K38 -> 12200 | K38: ='8'!K38 -> 12200 | L38: ='9'!K38 -> 12200 | M38: ='10'!K38 -> 12200 | N38: ='11'!K38 -> 12200 | O38: ='12'!K38 -> 12200 | P38: ='13'!K38 -> 12200 | Q38: ='14'!K38 -> 12200 | R38: ='15'!K38 -> 12200 | S38: ='16'!K38 -> 12200 | T38: ='17'!K38 -> 12200 | U38: ='18'!K38 -> 12200 | V38: ='19'!K38 -> 12200 | W38: ='20'!K38 -> 12200 | X38: ='21'!K38 -> 12200 | Y38: ='24'!K38 -> 12200 | Z38: ='25'!K38 -> 12400 | AA38: ='26'!K38 -> 12200 | AB38: ='27'!K38 -> 12200 | AC38: ='28'!K38 -> 12200 | AD38: ='29'!K38 -> 12400 | AE38: ='30'!K38 -> 12400 | AG38: =AE38-D38 -> 200 | AH38: =AVERAGE(D38:AE38) -> 12221.429
A39: 9 | B39: TEMPE | D39: ='1'!K39 -> 0 | E39: ='2'!K39 -> 0 | F39: ='3'!K39 -> 0 | G39: ='4'!K39 -> 0 | H39: ='5'!K39 -> 0 | I39: ='6'!K39 -> 0 | J39: ='7'!K39 -> 0 | K39: ='8'!K39 -> 0 | L39: ='9'!K39 -> 0 | M39: ='10'!K39 -> 0 | N39: ='11'!K39 -> 0 | O39: ='12'!K39 -> 0 | P39: ='13'!K39 -> 0 | Q39: ='14'!K39 -> 0 | R39: ='15'!K39 -> 0 | S39: ='16'!K39 -> 0 | T39: ='17'!K39 -> 0 | U39: ='18'!K39 -> 0 | V39: ='19'!K39 -> 0 | W39: ='20'!K39 -> 0 | X39: ='21'!K39 -> 0 | Y39: ='24'!K39 -> 0 | Z39: ='25'!K39 -> 0 | AA39: ='26'!K39 -> 0 | AB39: ='27'!K39 -> 0 | AC39: ='28'!K39 -> 0 | AD39: ='29'!K39 -> 0 | AE39: ='30'!K39 -> 0 | AG39: =AE39-D39 -> 0 | AH39: =AVERAGE(D39:AE39) -> 0
B40: - Tempe Kw I (campuran kedelai) | C40: Kg | D40: ='1'!K40 -> 15600 | E40: ='2'!K40 -> 15600 | F40: ='3'!K40 -> 15600 | G40: ='4'!K40 -> 15600 | H40: ='5'!K40 -> 15600 | I40: ='6'!K40 -> 15600 | J40: ='7'!K40 -> 15600 | K40: ='8'!K40 -> 15600 | L40: ='9'!K40 -> 15600 | M40: ='10'!K40 -> 15600 | N40: ='11'!K40 -> 15600 | O40: ='12'!K40 -> 15600 | P40: ='13'!K40 -> 15600 | Q40: ='14'!K40 -> 15600 | R40: ='15'!K40 -> 15600 | S40: ='16'!K40 -> 15600 | T40: ='17'!K40 -> 15600 | U40: ='18'!K40 -> 15600 | V40: ='19'!K40 -> 15600 | W40: ='20'!K40 -> 15600 | X40: ='21'!K40 -> 15600 | Y40: ='24'!K40 -> 15600 | Z40: ='25'!K40 -> 15600 | AA40: ='26'!K40 -> 15600 | AB40: ='27'!K40 -> 15600 | AC40: ='28'!K40 -> 15600 | AD40: ='29'!K40 -> 15600 | AE40: ='30'!K40 -> 15600 | AG40: =AE40-D40 -> 0 | AH40: =AVERAGE(D40:AE40) -> 15600
B41: - Tempe Kw II (campuran jagung) | C41: Kg | D41: ='1'!K41 -> 6833.3333 | E41: ='2'!K41 -> 6833.3333 | F41: ='3'!K41 -> 6833.3333 | G41: ='4'!K41 -> 6833.3333 | H41: ='5'!K41 -> 6833.3333 | I41: ='6'!K41 -> 6833.3333 | J41: ='7'!K41 -> 6833.3333 | K41: ='8'!K41 -> 6833.3333 | L41: ='9'!K41 -> 6833.3333 | M41: ='10'!K41 -> 6833.3333 | N41: ='11'!K41 -> 6833.3333 | O41: ='12'!K41 -> 6833.3333 | P41: ='13'!K41 -> 6833.3333 | Q41: ='14'!K41 -> 6833.3333 | R41: ='15'!K41 -> 6833.3333 | S41: ='16'!K41 -> 6833.3333 | T41: ='17'!K41 -> 6833.3333 | U41: ='18'!K41 -> 6833.3333 | V41: ='19'!K41 -> 6833.3333 | W41: ='20'!K41 -> 6833.3333 | X41: ='21'!K41 -> 6833.3333 | Y41: ='24'!K41 -> 6833.3333 | Z41: ='25'!K41 -> 6833.3333 | AA41: ='26'!K41 -> 6833.3333 | AB41: ='27'!K41 -> 6833.3333 | AC41: ='28'!K41 -> 6833.3333 | AD41: ='29'!K41 -> 6833.3333 | AE41: ='30'!K41 -> 6833.3333 | AG41: =AE41-D41 -> 0 | AH41: =AVERAGE(D41:AE41) -> 6833.3333
B42: - Tempe Kw III (campuran kulit) | C42: Kg | D42: ='1'!K42 -> 2000 | E42: ='2'!K42 -> 2000 | F42: ='3'!K42 -> 2000 | G42: ='4'!K42 -> 2000 | H42: ='5'!K42 -> 2000 | I42: ='6'!K42 -> 2000 | J42: ='7'!K42 -> 2000 | K42: ='8'!K42 -> 2000 | L42: ='9'!K42 -> 2000 | M42: ='10'!K42 -> 2000 | N42: ='11'!K42 -> 2000 | O42: ='12'!K42 -> 2000 | P42: ='13'!K42 -> 2000 | Q42: ='14'!K42 -> 2000 | R42: ='15'!K42 -> 2000 | S42: ='16'!K42 -> 2000 | T42: ='17'!K42 -> 2000 | U42: ='18'!K42 -> 2000 | V42: ='19'!K42 -> 2000 | W42: ='20'!K42 -> 2000 | X42: ='21'!K42 -> 2000 | Y42: ='24'!K42 -> 2000 | Z42: ='25'!K42 -> 2000 | AA42: ='26'!K42 -> 2000 | AB42: ='27'!K42 -> 2000 | AC42: ='28'!K42 -> 2000 | AD42: ='29'!K42 -> 2000 | AE42: ='30'!K42 -> 2000 | AG42: =AE42-D42 -> 0 | AH42: =AVERAGE(D42:AE42) -> 2000
A43: 10 | B43: S U S U | D43: ='1'!K43 -> 0 | E43: ='2'!K43 -> 0 | F43: ='3'!K43 -> 0 | G43: ='4'!K43 -> 0 | H43: ='5'!K43 -> 0 | I43: ='6'!K43 -> 0 | J43: ='7'!K43 -> 0 | K43: ='8'!K43 -> 0 | L43: ='9'!K43 -> 0 | M43: ='10'!K43 -> 0 | N43: ='11'!K43 -> 0 | O43: ='12'!K43 -> 0 | P43: ='13'!K43 -> 0 | Q43: ='14'!K43 -> 0 | R43: ='15'!K43 -> 0 | S43: ='16'!K43 -> 0 | T43: ='17'!K43 -> 0 | U43: ='18'!K43 -> 0 | V43: ='19'!K43 -> 0 | W43: ='20'!K43 -> 0 | X43: ='21'!K43 -> 0 | Y43: ='24'!K43 -> 0 | Z43: ='25'!K43 -> 0 | AA43: ='26'!K43 -> 0 | AB43: ='27'!K43 -> 0 | AC43: ='28'!K43 -> 0 | AD43: ='29'!K43 -> 0 | AE43: ='30'!K43 -> 0 | AG43: =AE43-D43 -> 0 | AH43: =AVERAGE(D43:AE43) -> 0
B44: - Susu Kental Manis "INDOMILK" Putih | C44: 390 Gr/Klg | D44: ='1'!K44 -> 12333.333 | E44: ='2'!K44 -> 12333.333 | F44: ='3'!K44 -> 12333.333 | G44: ='4'!K44 -> 12333.333 | H44: ='5'!K44 -> 12333.333 | I44: ='6'!K44 -> 12333.333 | J44: ='7'!K44 -> 12333.333 | K44: ='8'!K44 -> 12333.333 | L44: ='9'!K44 -> 12333.333 | M44: ='10'!K44 -> 12333.333 | N44: ='11'!K44 -> 12333.333 | O44: ='12'!K44 -> 12333.333 | P44: ='13'!K44 -> 12333.333 | Q44: ='14'!K44 -> 12333.333 | R44: ='15'!K44 -> 12333.333 | S44: ='16'!K44 -> 12333.333 | T44: ='17'!K44 -> 12333.333 | U44: ='18'!K44 -> 12333.333 | V44: ='19'!K44 -> 12333.333 | W44: ='20'!K44 -> 12333.333 | X44: ='21'!K44 -> 12333.333 | Y44: ='24'!K44 -> 12333.333 | Z44: ='25'!K44 -> 12333.333 | AA44: ='26'!K44 -> 12416.667 | AB44: ='27'!K44 -> 12416.667 | AC44: ='28'!K44 -> 12333.333 | AD44: ='29'!K44 -> 12333.333 | AE44: ='30'!K44 -> 12333.333 | AG44: =AE44-D44 -> 0 | AH44: =AVERAGE(D44:AE44) -> 12339.286
B45: - Susu Kental Manis "BENDERA" Putih | C45: 390 Gr/klg | D45: ='1'!K45 -> 12500 | E45: ='2'!K45 -> 12500 | F45: ='3'!K45 -> 12500 | G45: ='4'!K45 -> 12500 | H45: ='5'!K45 -> 12500 | I45: ='6'!K45 -> 12500 | J45: ='7'!K45 -> 12500 | K45: ='8'!K45 -> 12500 | L45: ='9'!K45 -> 12500 | M45: ='10'!K45 -> 12500 | N45: ='11'!K45 -> 12500 | O45: ='12'!K45 -> 12500 | P45: ='13'!K45 -> 12500 | Q45: ='14'!K45 -> 12500 | R45: ='15'!K45 -> 12500 | S45: ='16'!K45 -> 12500 | T45: ='17'!K45 -> 12500 | U45: ='18'!K45 -> 12500 | V45: ='19'!K45 -> 12500 | W45: ='20'!K45 -> 12500 | X45: ='21'!K45 -> 12500 | Y45: ='24'!K45 -> 12500 | Z45: ='25'!K45 -> 12500 | AA45: ='26'!K45 -> 12583.333 | AB45: ='27'!K45 -> 12583.333 | AC45: ='28'!K45 -> 12500 | AD45: ='29'!K45 -> 12500 | AE45: ='30'!K45 -> 12500 | AG45: =AE45-D45 -> 0 | AH45: =AVERAGE(D45:AE45) -> 12505.952
A46: 11 | B46: SABUN CUCI | D46: ='1'!K46 -> 0 | E46: ='2'!K46 -> 0 | F46: ='3'!K46 -> 0 | G46: ='4'!K46 -> 0 | H46: ='5'!K46 -> 0 | I46: ='6'!K46 -> 0 | J46: ='7'!K46 -> 0 | K46: ='8'!K46 -> 0 | L46: ='9'!K46 -> 0 | M46: ='10'!K46 -> 0 | N46: ='11'!K46 -> 0 | O46: ='12'!K46 -> 0 | P46: ='13'!K46 -> 0 | Q46: ='14'!K46 -> 0 | R46: ='15'!K46 -> 0 | S46: ='16'!K46 -> 0 | T46: ='17'!K46 -> 0 | U46: ='18'!K46 -> 0 | V46: ='19'!K46 -> 0 | W46: ='20'!K46 -> 0 | X46: ='21'!K46 -> 0 | Y46: ='24'!K46 -> 0 | Z46: ='25'!K46 -> 0 | AA46: ='26'!K46 -> 0 | AB46: ='27'!K46 -> 0 | AC46: ='28'!K46 -> 0 | AD46: ='29'!K46 -> 0 | AE46: ='30'!K46 -> 0 | AG46: =AE46-D46 -> 0 | AH46: =AVERAGE(D46:AE46) -> 0
B47: - Sabun Detergen Rinso (Anti Noda) | C47: 900 Gram | D47: ='1'!K47 -> 17500 | E47: ='2'!K47 -> 17500 | F47: ='3'!K47 -> 17500 | G47: ='4'!K47 -> 17500 | H47: ='5'!K47 -> 17500 | I47: ='6'!K47 -> 17500 | J47: ='7'!K47 -> 17500 | K47: ='8'!K47 -> 17500 | L47: ='9'!K47 -> 17500 | M47: ='10'!K47 -> 17500 | N47: ='11'!K47 -> 17500 | O47: ='12'!K47 -> 17500 | P47: ='13'!K47 -> 17500 | Q47: ='14'!K47 -> 17500 | R47: ='15'!K47 -> 17500 | S47: ='16'!K47 -> 17500 | T47: ='17'!K47 -> 17500 | U47: ='18'!K47 -> 17500 | V47: ='19'!K47 -> 17500 | W47: ='20'!K47 -> 17500 | X47: ='21'!K47 -> 17500 | Y47: ='24'!K47 -> 17500 | Z47: ='25'!K47 -> 17500 | AA47: ='26'!K47 -> 17500 | AB47: ='27'!K47 -> 17500 | AC47: ='28'!K47 -> 17500 | AD47: ='29'!K47 -> 17500 | AE47: ='30'!K47 -> 17500 | AG47: =AE47-D47 -> 0 | AH47: =AVERAGE(D47:AE47) -> 17500
B48: - Sabun Colek "Wing's Biru" | C48: 350 Gram | D48: ='1'!K48 -> 2000 | E48: ='2'!K48 -> 2000 | F48: ='3'!K48 -> 2000 | G48: ='4'!K48 -> 2000 | H48: ='5'!K48 -> 2000 | I48: ='6'!K48 -> 2000 | J48: ='7'!K48 -> 2000 | K48: ='8'!K48 -> 2000 | L48: ='9'!K48 -> 2000 | M48: ='10'!K48 -> 2000 | N48: ='11'!K48 -> 2000 | O48: ='12'!K48 -> 2000 | P48: ='13'!K48 -> 2000 | Q48: ='14'!K48 -> 2000 | R48: ='15'!K48 -> 2000 | S48: ='16'!K48 -> 2000 | T48: ='17'!K48 -> 2000 | U48: ='18'!K48 -> 2000 | V48: ='19'!K48 -> 2000 | W48: ='20'!K48 -> 2000 | X48: ='21'!K48 -> 2000 | Y48: ='24'!K48 -> 2000 | Z48: ='25'!K48 -> 2000 | AA48: ='26'!K48 -> 2000 | AB48: ='27'!K48 -> 2000 | AC48: ='28'!K48 -> 2000 | AD48: ='29'!K48 -> 2000 | AE48: ='30'!K48 -> 2000 | AG48: =AE48-D48 -> 0 | AH48: =AVERAGE(D48:AE48) -> 2000
A49: 12 | B49: JAGUNG | D49: ='1'!K49 -> 0 | E49: ='2'!K49 -> 0 | F49: ='3'!K49 -> 0 | G49: ='4'!K49 -> 0 | H49: ='5'!K49 -> 0 | I49: ='6'!K49 -> 0 | J49: ='7'!K49 -> 0 | K49: ='8'!K49 -> 0 | L49: ='9'!K49 -> 0 | M49: ='10'!K49 -> 0 | N49: ='11'!K49 -> 0 | O49: ='12'!K49 -> 0 | P49: ='13'!K49 -> 0 | Q49: ='14'!K49 -> 0 | R49: ='15'!K49 -> 0 | S49: ='16'!K49 -> 0 | T49: ='17'!K49 -> 0 | U49: ='18'!K49 -> 0 | V49: ='19'!K49 -> 0 | W49: ='20'!K49 -> 0 | X49: ='21'!K49 -> 0 | Y49: ='24'!K49 -> 0 | Z49: ='25'!K49 -> 0 | AA49: ='26'!K49 -> 0 | AB49: ='27'!K49 -> 0 | AC49: ='28'!K49 -> 0 | AD49: ='29'!K49 -> 0 | AE49: ='30'!K49 -> 0 | AG49: =AE49-D49 -> 0 | AH49: =AVERAGE(D49:AE49) -> 0
B50: - Jagung Pipilan Kering (Jenis Kecil) | C50: Kg | D50: ='1'!K50 -> 9285.7143 | E50: ='2'!K50 -> 9285.7143 | F50: ='3'!K50 -> 9285.7143 | G50: ='4'!K50 -> 9285.7143 | H50: ='5'!K50 -> 9285.7143 | I50: ='6'!K50 -> 9285.7143 | J50: ='7'!K50 -> 9285.7143 | K50: ='8'!K50 -> 9285.7143 | L50: ='9'!K50 -> 9285.7143 | M50: ='10'!K50 -> 9285.7143 | N50: ='11'!K50 -> 9285.7143 | O50: ='12'!K50 -> 9285.7143 | P50: ='13'!K50 -> 9285.7143 | Q50: ='14'!K50 -> 9285.7143 | R50: ='15'!K50 -> 9285.7143 | S50: ='16'!K50 -> 9285.7143 | T50: ='17'!K50 -> 9285.7143 | U50: ='18'!K50 -> 9285.7143 | V50: ='19'!K50 -> 9285.7143 | W50: ='20'!K50 -> 9285.7143 | X50: ='21'!K50 -> 9285.7143 | Y50: ='24'!K50 -> 9285.7143 | Z50: ='25'!K50 -> 9285.7143 | AA50: ='26'!K50 -> 9285.7143 | AB50: ='27'!K50 -> 9285.7143 | AC50: ='28'!K50 -> 9142.8571 | AD50: ='29'!K50 -> 9142.8571 | AE50: ='30'!K50 -> 9142.8571 | AG50: =AE50-D50 -> -142.85714 | AH50: =AVERAGE(D50:AE50) -> 9270.4082
B51: - Jagung Pipilan Kering (Jenis Besar) | C51: Kg | D51: ='1'!K51 -> 8166.6667 | E51: ='2'!K51 -> 8166.6667 | F51: ='3'!K51 -> 8166.6667 | G51: ='4'!K51 -> 8166.6667 | H51: ='5'!K51 -> 8166.6667 | I51: ='6'!K51 -> 8166.6667 | J51: ='7'!K51 -> 8166.6667 | K51: ='8'!K51 -> 8166.6667 | L51: ='9'!K51 -> 8166.6667 | M51: ='10'!K51 -> 8166.6667 | N51: ='11'!K51 -> 8166.6667 | O51: ='12'!K51 -> 8166.6667 | P51: ='13'!K51 -> 8166.6667 | Q51: ='14'!K51 -> 8166.6667 | R51: ='15'!K51 -> 8166.6667 | S51: ='16'!K51 -> 8166.6667 | T51: ='17'!K51 -> 8166.6667 | U51: ='18'!K51 -> 8166.6667 | V51: ='19'!K51 -> 8166.6667 | W51: ='20'!K51 -> 8166.6667 | X51: ='21'!K51 -> 8166.6667 | Y51: ='24'!K51 -> 8166.6667 | Z51: ='25'!K51 -> 8166.6667 | AA51: ='26'!K51 -> 8333.3333 | AB51: ='27'!K51 -> 8333.3333 | AC51: ='28'!K51 -> 8333.3333 | AD51: ='29'!K51 -> 8333.3333 | AE51: ='30'!K51 -> 8333.3333 | AG51: =AE51-D51 -> 166.66667 | AH51: =AVERAGE(D51:AE51) -> 8196.4286
A52: 13 | B52: GARAM BERYODIUM | D52: ='1'!K52 -> 0 | E52: ='2'!K52 -> 0 | F52: ='3'!K52 -> 0 | G52: ='4'!K52 -> 0 | H52: ='5'!K52 -> 0 | I52: ='6'!K52 -> 0 | J52: ='7'!K52 -> 0 | K52: ='8'!K52 -> 0 | L52: ='9'!K52 -> 0 | M52: ='10'!K52 -> 0 | N52: ='11'!K52 -> 0 | O52: ='12'!K52 -> 0 | P52: ='13'!K52 -> 0 | Q52: ='14'!K52 -> 0 | R52: ='15'!K52 -> 0 | S52: ='16'!K52 -> 0 | T52: ='17'!K52 -> 0 | U52: ='18'!K52 -> 0 | V52: ='19'!K52 -> 0 | W52: ='20'!K52 -> 0 | X52: ='21'!K52 -> 0 | Y52: ='24'!K52 -> 0 | Z52: ='25'!K52 -> 0 | AA52: ='26'!K52 -> 0 | AB52: ='27'!K52 -> 0 | AC52: ='28'!K52 -> 0 | AD52: ='29'!K52 -> 0 | AE52: ='30'!K52 -> 0 | AG52: =AE52-D52 -> 0 | AH52: =AVERAGE(D52:AE52) -> 0
B53: - Garam Halus (Cap Kapal) | C53: 250 Gr/Bngks | D53: ='1'!K53 -> 4000 | E53: ='2'!K53 -> 4000 | F53: ='3'!K53 -> 4000 | G53: ='4'!K53 -> 4000 | H53: ='5'!K53 -> 4000 | I53: ='6'!K53 -> 4000 | J53: ='7'!K53 -> 4000 | K53: ='8'!K53 -> 4000 | L53: ='9'!K53 -> 4000 | M53: ='10'!K53 -> 4000 | N53: ='11'!K53 -> 4000 | O53: ='12'!K53 -> 4000 | P53: ='13'!K53 -> 4000 | Q53: ='14'!K53 -> 4000 | R53: ='15'!K53 -> 4000 | S53: ='16'!K53 -> 4000 | T53: ='17'!K53 -> 4000 | U53: ='18'!K53 -> 4000 | V53: ='19'!K53 -> 4000 | W53: ='20'!K53 -> 4000 | X53: ='21'!K53 -> 4000 | Y53: ='24'!K53 -> 4000 | Z53: ='25'!K53 -> 4000 | AA53: ='26'!K53 -> 4000 | AB53: ='27'!K53 -> 4000 | AC53: ='28'!K53 -> 4000 | AD53: ='29'!K53 -> 4000 | AE53: ='30'!K53 -> 4000 | AG53: =AE53-D53 -> 0 | AH53: =AVERAGE(D53:AE53) -> 4000
A54: 14 | B54: TEPUNG TERIGU | D54: ='1'!K54 -> 0 | E54: ='2'!K54 -> 0 | F54: ='3'!K54 -> 0 | G54: ='4'!K54 -> 0 | H54: ='5'!K54 -> 0 | I54: ='6'!K54 -> 0 | J54: ='7'!K54 -> 0 | K54: ='8'!K54 -> 0 | L54: ='9'!K54 -> 0 | M54: ='10'!K54 -> 0 | N54: ='11'!K54 -> 0 | O54: ='12'!K54 -> 0 | P54: ='13'!K54 -> 0 | Q54: ='14'!K54 -> 0 | R54: ='15'!K54 -> 0 | S54: ='16'!K54 -> 0 | T54: ='17'!K54 -> 0 | U54: ='18'!K54 -> 0 | V54: ='19'!K54 -> 0 | W54: ='20'!K54 -> 0 | X54: ='21'!K54 -> 0 | Y54: ='24'!K54 -> 0 | Z54: ='25'!K54 -> 0 | AA54: ='26'!K54 -> 0 | AB54: ='27'!K54 -> 0 | AC54: ='28'!K54 -> 0 | AD54: ='29'!K54 -> 0 | AE54: ='30'!K54 -> 0 | AG54: =AE54-D54 -> 0 | AH54: =AVERAGE(D54:AE54) -> 0
B55: - Tepung Terigu "Segitiga Biru" Curah | C55: Kg | D55: ='1'!K55 -> 11357.143 | E55: ='2'!K55 -> 11357.143 | F55: ='3'!K55 -> 11357.143 | G55: ='4'!K55 -> 11357.143 | H55: ='5'!K55 -> 11357.143 | I55: ='6'!K55 -> 11357.143 | J55: ='7'!K55 -> 11357.143 | K55: ='8'!K55 -> 11357.143 | L55: ='9'!K55 -> 11357.143 | M55: ='10'!K55 -> 11357.143 | N55: ='11'!K55 -> 11357.143 | O55: ='12'!K55 -> 11357.143 | P55: ='13'!K55 -> 11357.143 | Q55: ='14'!K55 -> 11357.143 | R55: ='15'!K55 -> 11357.143 | S55: ='16'!K55 -> 11357.143 | T55: ='17'!K55 -> 11357.143 | U55: ='18'!K55 -> 11357.143 | V55: ='19'!K55 -> 11357.143 | W55: ='20'!K55 -> 11357.143 | X55: ='21'!K55 -> 11285.714 | Y55: ='24'!K55 -> 11285.714 | Z55: ='25'!K55 -> 11285.714 | AA55: ='26'!K55 -> 11357.143 | AB55: ='27'!K55 -> 11357.143 | AC55: ='28'!K55 -> 11357.143 | AD55: ='29'!K55 -> 11285.714 | AE55: ='30'!K55 -> 11285.714 | AG55: =AE55-D55 -> -71.428571 | AH55: =AVERAGE(D55:AE55) -> 11344.388
A56: 15 | B56: KACANG-KACANGAN | D56: ='1'!K56 -> 0 | E56: ='2'!K56 -> 0 | F56: ='3'!K56 -> 0 | G56: ='4'!K56 -> 0 | H56: ='5'!K56 -> 0 | I56: ='6'!K56 -> 0 | J56: ='7'!K56 -> 0 | K56: ='8'!K56 -> 0 | L56: ='9'!K56 -> 0 | M56: ='10'!K56 -> 0 | N56: ='11'!K56 -> 0 | O56: ='12'!K56 -> 0 | P56: ='13'!K56 -> 0 | Q56: ='14'!K56 -> 0 | R56: ='15'!K56 -> 0 | S56: ='16'!K56 -> 0 | T56: ='17'!K56 -> 0 | U56: ='18'!K56 -> 0 | V56: ='19'!K56 -> 0 | W56: ='20'!K56 -> 0 | X56: ='21'!K56 -> 0 | Y56: ='24'!K56 -> 0 | Z56: ='25'!K56 -> 0 | AA56: ='26'!K56 -> 0 | AB56: ='27'!K56 -> 0 | AC56: ='28'!K56 -> 0 | AD56: ='29'!K56 -> 0 | AE56: ='30'!K56 -> 0 | AG56: =AE56-D56 -> 0 | AH56: =AVERAGE(D56:AE56) -> 0
B57: - Kacang Kedelai (Kualitas Import) | C57: Kg | D57: ='1'!K57 -> 16333.333 | E57: ='2'!K57 -> 16333.333 | F57: ='3'!K57 -> 16333.333 | G57: ='4'!K57 -> 16333.333 | H57: ='5'!K57 -> 16333.333 | I57: ='6'!K57 -> 16333.333 | J57: ='7'!K57 -> 16333.333 | K57: ='8'!K57 -> 16333.333 | L57: ='9'!K57 -> 16333.333 | M57: ='10'!K57 -> 16333.333 | N57: ='11'!K57 -> 16333.333 | O57: ='12'!K57 -> 16333.333 | P57: ='13'!K57 -> 16333.333 | Q57: ='14'!K57 -> 16333.333 | R57: ='15'!K57 -> 16333.333 | S57: ='16'!K57 -> 16333.333 | T57: ='17'!K57 -> 16333.333 | U57: ='18'!K57 -> 16333.333 | V57: ='19'!K57 -> 16333.333 | W57: ='20'!K57 -> 16166.667 | X57: ='21'!K57 -> 16166.667 | Y57: ='24'!K57 -> 16166.667 | Z57: ='25'!K57 -> 16166.667 | AA57: ='26'!K57 -> 15666.667 | AB57: ='27'!K57 -> 15666.667 | AC57: ='28'!K57 -> 15666.667 | AD57: ='29'!K57 -> 15666.667 | AE57: ='30'!K57 -> 15666.667 | AF57: 6800 | AG57: =AE57-D57 -> -666.66667 | AH57: =AVERAGE(D57:AE57) -> 16190.476
B58: - Kacang Kedelai (Kualitas Lokal) | C58: Kg | D58: ='1'!K58 -> 14166.667 | E58: ='2'!K58 -> 14166.667 | F58: ='3'!K58 -> 14166.667 | G58: ='4'!K58 -> 14166.667 | H58: ='5'!K58 -> 14166.667 | I58: ='6'!K58 -> 14166.667 | J58: ='7'!K58 -> 14166.667 | K58: ='8'!K58 -> 14166.667 | L58: ='9'!K58 -> 14166.667 | M58: ='10'!K58 -> 14166.667 | N58: ='11'!K58 -> 14166.667 | O58: ='12'!K58 -> 14166.667 | P58: ='13'!K58 -> 14166.667 | Q58: ='14'!K58 -> 14166.667 | R58: ='15'!K58 -> 14166.667 | S58: ='16'!K58 -> 14166.667 | T58: ='17'!K58 -> 14166.667 | U58: ='18'!K58 -> 14166.667 | V58: ='19'!K58 -> 14166.667 | W58: ='20'!K58 -> 14166.667 | X58: ='21'!K58 -> 14166.667 | Y58: ='24'!K58 -> 14166.667 | Z58: ='25'!K58 -> 14166.667 | AA58: ='26'!K58 -> 19166.667 | AB58: ='27'!K58 -> 19166.667 | AC58: ='28'!K58 -> 14166.667 | AD58: ='29'!K58 -> 14166.667 | AE58: ='30'!K58 -> 14166.667 | AF58: 9200 | AG58: =AE58-D58 -> 0 | AH58: =AVERAGE(D58:AE58) -> 14523.81
B59: - Kacang Hijau | C59: Kg | D59: ='1'!K59 -> 26142.857 | E59: ='2'!K59 -> 26142.857 | F59: ='3'!K59 -> 26000 | G59: ='4'!K59 -> 26000 | H59: ='5'!K59 -> 26000 | I59: ='6'!K59 -> 25714.286 | J59: ='7'!K59 -> 26000 | K59: ='8'!K59 -> 26000 | L59: ='9'!K59 -> 26000 | M59: ='10'!K59 -> 26000 | N59: ='11'!K59 -> 26000 | O59: ='12'!K59 -> 26000 | P59: ='13'!K59 -> 26000 | Q59: ='14'!K59 -> 26000 | R59: ='15'!K59 -> 26000 | S59: ='16'!K59 -> 26000 | T59: ='17'!K59 -> 26000 | U59: ='18'!K59 -> 26000 | V59: ='19'!K59 -> 26000 | W59: ='20'!K59 -> 25714.286 | X59: ='21'!K59 -> 25571.429 | Y59: ='24'!K59 -> 25571.429 | Z59: ='25'!K59 -> 25571.429 | AA59: ='26'!K59 -> 25571.429 | AB59: ='27'!K59 -> 25571.429 | AC59: ='28'!K59 -> 25714.286 | AD59: ='29'!K59 -> 25285.714 | AE59: ='30'!K59 -> 25285.714 | AG59: =AE59-D59 -> -857.14286 | AH59: =AVERAGE(D59:AE59) -> 25852.041
B60: - Kacang Tanah (Jenis Besar) | C60: Kg | D60: ='1'!K60 -> 29142.857 | E60: ='2'!K60 -> 29142.857 | F60: ='3'!K60 -> 29142.857 | G60: ='4'!K60 -> 29142.857 | H60: ='5'!K60 -> 29571.429 | I60: ='6'!K60 -> 29571.429 | J60: ='7'!K60 -> 29571.429 | K60: ='8'!K60 -> 29571.429 | L60: ='9'!K60 -> 29571.429 | M60: ='10'!K60 -> 29571.429 | N60: ='11'!K60 -> 29571.429 | O60: ='12'!K60 -> 29571.429 | P60: ='13'!K60 -> 29571.429 | Q60: ='14'!K60 -> 29428.571 | R60: ='15'!K60 -> 29428.571 | S60: ='16'!K60 -> 29428.571 | T60: ='17'!K60 -> 29428.571 | U60: ='18'!K60 -> 29428.571 | V60: ='19'!K60 -> 29428.571 | W60: ='20'!K60 -> 29428.571 | X60: ='21'!K60 -> 29428.571 | Y60: ='24'!K60 -> 29428.571 | Z60: ='25'!K60 -> 29428.571 | AA60: ='26'!K60 -> 29428.571 | AB60: ='27'!K60 -> 29428.571 | AC60: ='28'!K60 -> 29142.857 | AD60: ='29'!K60 -> 29428.571 | AE60: ='30'!K60 -> 29428.571 | AG60: =AE60-D60 -> 285.71429 | AH60: =AVERAGE(D60:AE60) -> 29423.469
A61: 16 | B61: MIE INSTAN | D61: ='1'!K61 -> 0 | E61: ='2'!K61 -> 0 | F61: ='3'!K61 -> 0 | G61: ='4'!K61 -> 0 | H61: ='5'!K61 -> 0 | I61: ='6'!K61 -> 0 | J61: ='7'!K61 -> 0 | K61: ='8'!K61 -> 0 | L61: ='9'!K61 -> 0 | M61: ='10'!K61 -> 0 | N61: ='11'!K61 -> 0 | O61: ='12'!K61 -> 0 | P61: ='13'!K61 -> 0 | Q61: ='14'!K61 -> 0 | R61: ='15'!K61 -> 0 | S61: ='16'!K61 -> 0 | T61: ='17'!K61 -> 0 | U61: ='18'!K61 -> 0 | V61: ='19'!K61 -> 0 | W61: ='20'!K61 -> 0 | X61: ='21'!K61 -> 0 | Y61: ='24'!K61 -> 0 | Z61: ='25'!K61 -> 0 | AA61: ='26'!K61 -> 0 | AB61: ='27'!K61 -> 0 | AC61: ='28'!K61 -> 0 | AD61: ='29'!K61 -> 0 | AE61: ='30'!K61 -> 0 | AG61: =AE61-D61 -> 0 | AH61: =AVERAGE(D61:AE61) -> 0
B62: - Indomie Goreng | C62: 86 Gr/Bngks | D62: ='1'!K62 -> 3200 | E62: ='2'!K62 -> 3200 | F62: ='3'!K62 -> 3200 | G62: ='4'!K62 -> 3200 | H62: ='5'!K62 -> 3200 | I62: ='6'!K62 -> 3200 | J62: ='7'!K62 -> 3200 | K62: ='8'!K62 -> 3200 | L62: ='9'!K62 -> 3200 | M62: ='10'!K62 -> 3200 | N62: ='11'!K62 -> 3200 | O62: ='12'!K62 -> 3200 | P62: ='13'!K62 -> 3200 | Q62: ='14'!K62 -> 3200 | R62: ='15'!K62 -> 3200 | S62: ='16'!K62 -> 3200 | T62: ='17'!K62 -> 3200 | U62: ='18'!K62 -> 3200 | V62: ='19'!K62 -> 3200 | W62: ='20'!K62 -> 3200 | X62: ='21'!K62 -> 3200 | Y62: ='24'!K62 -> 3200 | Z62: ='25'!K62 -> 3200 | AA62: ='26'!K62 -> 3200 | AB62: ='27'!K62 -> 3200 | AC62: ='28'!K62 -> 3200 | AD62: ='29'!K62 -> 3200 | AE62: ='30'!K62 -> 3200 | AG62: =AE62-D62 -> 0 | AH62: =AVERAGE(D62:AE62) -> 3200
A63: 17 | B63: C A B E | D63: ='1'!K63 -> 0 | E63: ='2'!K63 -> 0 | F63: ='3'!K63 -> 0 | G63: ='4'!K63 -> 0 | H63: ='5'!K63 -> 0 | I63: ='6'!K63 -> 0 | J63: ='7'!K63 -> 0 | K63: ='8'!K63 -> 0 | L63: ='9'!K63 -> 0 | M63: ='10'!K63 -> 0 | N63: ='11'!K63 -> 0 | O63: ='12'!K63 -> 0 | P63: ='13'!K63 -> 0 | Q63: ='14'!K63 -> 0 | R63: ='15'!K63 -> 0 | S63: ='16'!K63 -> 0 | T63: ='17'!K63 -> 0 | U63: ='18'!K63 -> 0 | V63: ='19'!K63 -> 0 | W63: ='20'!K63 -> 0 | X63: ='21'!K63 -> 0 | Y63: ='24'!K63 -> 0 | Z63: ='25'!K63 -> 0 | AA63: ='26'!K63 -> 0 | AB63: ='27'!K63 -> 0 | AC63: ='28'!K63 -> 0 | AD63: ='29'!K63 -> 0 | AE63: ='30'!K63 -> 0 | AG63: =AE63-D63 -> 0 | AH63: =AVERAGE(D63:AE63) -> 0
B64: - Cabe Merah Besar | C64: Kg | D64: ='1'!K64 -> 29000 | E64: ='2'!K64 -> 29000 | F64: ='3'!K64 -> 26714.286 | G64: ='4'!K64 -> 26285.714 | H64: ='5'!K64 -> 27285.714 | I64: ='6'!K64 -> 27428.571 | J64: ='7'!K64 -> 26857.143 | K64: ='8'!K64 -> 26857.143 | L64: ='9'!K64 -> 26857.143 | M64: ='10'!K64 -> 27142.857 | N64: ='11'!K64 -> 27142.857 | O64: ='12'!K64 -> 27571.429 | P64: ='13'!K64 -> 27285.714 | Q64: ='14'!K64 -> 29000 | R64: ='15'!K64 -> 29714.286 | S64: ='16'!K64 -> 31142.857 | T64: ='17'!K64 -> 37571.429 | U64: ='18'!K64 -> 46857.143 | V64: ='19'!K64 -> 48142.857 | W64: ='20'!K64 -> 48571.429 | X64: ='21'!K64 -> 50000 | Y64: ='24'!K64 -> 50000 | Z64: ='25'!K64 -> 45714.286 | AA64: ='26'!K64 -> 36571.429 | AB64: ='27'!K64 -> 32285.714 | AC64: ='28'!K64 -> 30142.857 | AD64: ='29'!K64 -> 27857.143 | AE64: ='30'!K64 -> 27857.143 | AG64: =AE64-D64 -> -1142.8571 | AH64: =AVERAGE(D64:AE64) -> 33102.041
B65: - Cabe Merah Kriting | C65: Kg | D65: ='1'!K65 -> 35000 | E65: ='2'!K65 -> 36000 | F65: ='3'!K65 -> 33000 | G65: ='4'!K65 -> 32600 | H65: ='5'!K65 -> 31000 | I65: ='6'!K65 -> 31000 | J65: ='7'!K65 -> 30600 | K65: ='8'!K65 -> 29600 | L65: ='9'!K65 -> 30000 | M65: ='10'!K65 -> 29600 | N65: ='11'!K65 -> 29600 | O65: ='12'!K65 -> 29600 | P65: ='13'!K65 -> 29600 | Q65: ='14'!K65 -> 31000 | R65: ='15'!K65 -> 32000 | S65: ='16'!K65 -> 32000 | T65: ='17'!K65 -> 34000 | U65: ='18'!K65 -> 37000 | V65: ='19'!K65 -> 37500 | W65: ='20'!K65 -> 45000 | X65: ='21'!K65 -> 52500 | Y65: ='24'!K65 -> 52500 | Z65: ='25'!K65 -> 45000 | AA65: ='26'!K65 -> 45000 | AB65: ='27'!K65 -> 45000 | AC65: ='28'!K65 -> 38750 | AD65: ='29'!K65 -> 36250 | AE65: ='30'!K65 -> 36250 | AG65: =AE65-D65 -> 1250 | AH65: =AVERAGE(D65:AE65) -> 35962.5
B66: - Cabe Merah Kecil-Rawit | C66: Kg | D66: ='1'!K66 -> 47142.857 | E66: ='2'!K66 -> 47142.857 | F66: ='3'!K66 -> 42142.857 | G66: ='4'!K66 -> 40285.714 | H66: ='5'!K66 -> 38571.429 | I66: ='6'!K66 -> 39714.286 | J66: ='7'!K66 -> 37571.429 | K66: ='8'!K66 -> 36142.857 | L66: ='9'!K66 -> 32571.429 | M66: ='10'!K66 -> 30714.286 | N66: ='11'!K66 -> 29714.286 | O66: ='12'!K66 -> 31857.143 | P66: ='13'!K66 -> 29142.857 | Q66: ='14'!K66 -> 29428.571 | R66: ='15'!K66 -> 29428.571 | S66: ='16'!K66 -> 30857.143 | T66: ='17'!K66 -> 30857.143 | U66: ='18'!K66 -> 32571.429 | V66: ='19'!K66 -> 31142.857 | W66: ='20'!K66 -> 29714.286 | X66: ='21'!K66 -> 40000 | Y66: ='24'!K66 -> 40000 | Z66: ='25'!K66 -> 29285.714 | AA66: ='26'!K66 -> 25714.286 | AB66: ='27'!K66 -> 28428.571 | AC66: ='28'!K66 -> 27000 | AD66: ='29'!K66 -> 26285.714 | AE66: ='30'!K66 -> 26285.714 | AG66: =AE66-D66 -> -20857.143 | AH66: =AVERAGE(D66:AE66) -> 33561.224
A67: 18 | B67: BAHAN BAKAR GAS LPG | D67: ='1'!K67 -> 0 | E67: ='2'!K67 -> 0 | F67: ='3'!K67 -> 0 | G67: ='4'!K67 -> 0 | H67: ='5'!K67 -> 0 | I67: ='6'!K67 -> 0 | J67: ='7'!K67 -> 0 | K67: ='8'!K67 -> 0 | L67: ='9'!K67 -> 0 | M67: ='10'!K67 -> 0 | N67: ='11'!K67 -> 0 | O67: ='12'!K67 -> 0 | P67: ='13'!K67 -> 0 | Q67: ='14'!K67 -> 0 | R67: ='15'!K67 -> 0 | S67: ='16'!K67 -> 0 | T67: ='17'!K67 -> 0 | U67: ='18'!K67 -> 0 | V67: ='19'!K67 -> 0 | W67: ='20'!K67 -> 0 | X67: ='21'!K67 -> 0 | Y67: ='24'!K67 -> 0 | Z67: ='25'!K67 -> 0 | AA67: ='26'!K67 -> 0 | AB67: ='27'!K67 -> 0 | AC67: ='28'!K67 -> 0 | AD67: ='29'!K67 -> 0 | AE67: ='30'!K67 -> 0 | AG67: =AE67-D67 -> 0 | AH67: =AVERAGE(D67:AE67) -> 0
B68: - Gas LPG Tabung (3 Kg.) | C68: Per Tabung | D68: ='1'!K68 -> 18166.667 | E68: ='2'!K68 -> 18166.667 | F68: ='3'!K68 -> 18166.667 | G68: ='4'!K68 -> 18166.667 | H68: ='5'!K68 -> 18166.667 | I68: ='6'!K68 -> 18166.667 | J68: ='7'!K68 -> 18166.667 | K68: ='8'!K68 -> 18166.667 | L68: ='9'!K68 -> 18166.667 | M68: ='10'!K68 -> 18166.667 | N68: ='11'!K68 -> 18166.667 | O68: ='12'!K68 -> 18166.667 | P68: ='13'!K68 -> 18166.667 | Q68: ='14'!K68 -> 18166.667 | R68: ='15'!K68 -> 18166.667 | S68: ='16'!K68 -> 18166.667 | T68: ='17'!K68 -> 18166.667 | U68: ='18'!K68 -> 18166.667 | V68: ='19'!K68 -> 18166.667 | W68: ='20'!K68 -> 18166.667 | X68: ='21'!K68 -> 18166.667 | Y68: ='24'!K68 -> 18166.667 | Z68: ='25'!K68 -> 18166.667 | AA68: ='26'!K68 -> 18166.667 | AB68: ='27'!K68 -> 18166.667 | AC68: ='28'!K68 -> 18166.667 | AD68: ='29'!K68 -> 18166.667 | AE68: ='30'!K68 -> 18166.667 | AG68: =AE68-D68 -> 0 | AH68: =AVERAGE(D68:AE68) -> 18166.667
A69: 19 | B69: BAWANG | D69: ='1'!K69 -> 0 | E69: ='2'!K69 -> 0 | F69: ='3'!K69 -> 0 | G69: ='4'!K69 -> 0 | H69: ='5'!K69 -> 0 | I69: ='6'!K69 -> 0 | J69: ='7'!K69 -> 0 | K69: ='8'!K69 -> 0 | L69: ='9'!K69 -> 0 | M69: ='10'!K69 -> 0 | N69: ='11'!K69 -> 0 | O69: ='12'!K69 -> 0 | P69: ='13'!K69 -> 0 | Q69: ='14'!K69 -> 0 | R69: ='15'!K69 -> 0 | S69: ='16'!K69 -> 0 | T69: ='17'!K69 -> 0 | U69: ='18'!K69 -> 0 | V69: ='19'!K69 -> 0 | W69: ='20'!K69 -> 0 | X69: ='21'!K69 -> 0 | Y69: ='24'!K69 -> 0 | Z69: ='25'!K69 -> 0 | AA69: ='26'!K69 -> 0 | AB69: ='27'!K69 -> 0 | AC69: ='28'!K69 -> 0 | AD69: ='29'!K69 -> 0 | AE69: ='30'!K69 -> 0 | AG69: =AE69-D69 -> 0 | AH69: =AVERAGE(D69:AE69) -> 0
B70: - Bawang Putih (Jenis Kating) | C70: Kg | D70: ='1'!K70 -> 33428.571 | E70: ='2'!K70 -> 33428.571 | F70: ='3'!K70 -> 32142.857 | G70: ='4'!K70 -> 31857.143 | H70: ='5'!K70 -> 32285.714 | I70: ='6'!K70 -> 32000 | J70: ='7'!K70 -> 32285.714 | K70: ='8'!K70 -> 32142.857 | L70: ='9'!K70 -> 32000 | M70: ='10'!K70 -> 32000 | N70: ='11'!K70 -> 32000 | O70: ='12'!K70 -> 32571.429 | P70: ='13'!K70 -> 32571.429 | Q70: ='14'!K70 -> 32285.714 | R70: ='15'!K70 -> 32571.429 | S70: ='16'!K70 -> 32571.429 | T70: ='17'!K70 -> 32714.286 | U70: ='18'!K70 -> 32714.286 | V70: ='19'!K70 -> 33714.286 | W70: ='20'!K70 -> 34285.714 | X70: ='21'!K70 -> 36571.429 | Y70: ='24'!K70 -> 36571.429 | Z70: ='25'!K70 -> 37571.429 | AA70: ='26'!K70 -> 36142.857 | AB70: ='27'!K70 -> 34285.714 | AC70: ='28'!K70 -> 34285.714 | AD70: ='29'!K70 -> 35000 | AE70: ='30'!K70 -> 35000 | AG70: =AE70-D70 -> 1571.4286 | AH70: =AVERAGE(D70:AE70) -> 33464.286
B71: - Bawang Putih (Jenis Sinco) | C71: Kg | D71: ='1'!K71 -> 28571.429 | E71: ='2'!K71 -> 28571.429 | F71: ='3'!K71 -> 27857.143 | G71: ='4'!K71 -> 28000 | H71: ='5'!K71 -> 28285.714 | I71: ='6'!K71 -> 28142.857 | J71: ='7'!K71 -> 28428.571 | K71: ='8'!K71 -> 28428.571 | L71: ='9'!K71 -> 28285.714 | M71: ='10'!K71 -> 28142.857 | N71: ='11'!K71 -> 28142.857 | O71: ='12'!K71 -> 28714.286 | P71: ='13'!K71 -> 28857.143 | Q71: ='14'!K71 -> 28142.857 | R71: ='15'!K71 -> 28428.571 | S71: ='16'!K71 -> 28428.571 | T71: ='17'!K71 -> 28428.571 | U71: ='18'!K71 -> 28428.571 | V71: ='19'!K71 -> 28714.286 | W71: ='20'!K71 -> 29000 | X71: ='21'!K71 -> 31000 | Y71: ='24'!K71 -> 31000 | Z71: ='25'!K71 -> 31428.571 | AA71: ='26'!K71 -> 30285.714 | AB71: ='27'!K71 -> 30000 | AC71: ='28'!K71 -> 30000 | AD71: ='29'!K71 -> 30571.429 | AE71: ='30'!K71 -> 30571.429 | AG71: =AE71-D71 -> 2000 | AH71: =AVERAGE(D71:AE71) -> 29030.612
B72: - Bawang Merah (Kualitas Lokal) | C72: Kg | D72: ='1'!K72 -> 31714.286 | E72: ='2'!K72 -> 31714.286 | F72: ='3'!K72 -> 30285.714 | G72: ='4'!K72 -> 30714.286 | H72: ='5'!K72 -> 31000 | I72: ='6'!K72 -> 30714.286 | J72: ='7'!K72 -> 30714.286 | K72: ='8'!K72 -> 30714.286 | L72: ='9'!K72 -> 30571.429 | M72: ='10'!K72 -> 31142.857 | N72: ='11'!K72 -> 31285.714 | O72: ='12'!K72 -> 31142.857 | P72: ='13'!K72 -> 31142.857 | Q72: ='14'!K72 -> 31857.143 | R72: ='15'!K72 -> 31857.143 | S72: ='16'!K72 -> 32142.857 | T72: ='17'!K72 -> 32714.286 | U72: ='18'!K72 -> 33428.571 | V72: ='19'!K72 -> 33857.143 | W72: ='20'!K72 -> 37285.714 | X72: ='21'!K72 -> 41000 | Y72: ='24'!K72 -> 41000 | Z72: ='25'!K72 -> 42857.143 | AA72: ='26'!K72 -> 42571.429 | AB72: ='27'!K72 -> 41428.571 | AC72: ='28'!K72 -> 43000 | AD72: ='29'!K72 -> 42714.286 | AE72: ='30'!K72 -> 42714.286 | AF72: 12000 | AG72: =AE72-D72 -> 11000 | AH72: =AVERAGE(D72:AE72) -> 34760.204
B73: - Bawang Bombay | C73: Kg | D73: ='1'!K73 -> 27142.857 | E73: ='2'!K73 -> 27142.857 | F73: ='3'!K73 -> 28714.286 | G73: ='4'!K73 -> 28714.286 | H73: ='5'!K73 -> 29000 | I73: ='6'!K73 -> 30714.286 | J73: ='7'!K73 -> 30714.286 | K73: ='8'!K73 -> 31142.857 | L73: ='9'!K73 -> 31142.857 | M73: ='10'!K73 -> 32428.571 | N73: ='11'!K73 -> 31714.286 | O73: ='12'!K73 -> 31714.286 | P73: ='13'!K73 -> 29571.429 | Q73: ='14'!K73 -> 33142.857 | R73: ='15'!K73 -> 35285.714 | S73: ='16'!K73 -> 35285.714 | T73: ='17'!K73 -> 35285.714 | U73: ='18'!K73 -> 37428.571 | V73: ='19'!K73 -> 37428.571 | W73: ='20'!K73 -> 38285.714 | X73: ='21'!K73 -> 37428.571 | Y73: ='24'!K73 -> 37428.571 | Z73: ='25'!K73 -> 38428.571 | AA73: ='26'!K73 -> 39571.429 | AB73: ='27'!K73 -> 41000 | AC73: ='28'!K73 -> 41714.286 | AD73: ='29'!K73 -> 39571.429 | AE73: ='30'!K73 -> 39571.429 | AG73: =AE73-D73 -> 12428.571 | AH73: =AVERAGE(D73:AE73) -> 34168.367
A74: 20 | B74: UBI-UBIAN | D74: ='1'!K74 -> 0 | E74: ='2'!K74 -> 0 | F74: ='3'!K74 -> 0 | G74: ='4'!K74 -> 0 | H74: ='5'!K74 -> 0 | I74: ='6'!K74 -> 0 | J74: ='7'!K74 -> 0 | K74: ='8'!K74 -> 0 | L74: ='9'!K74 -> 0 | M74: ='10'!K74 -> 0 | N74: ='11'!K74 -> 0 | O74: ='12'!K74 -> 0 | P74: ='13'!K74 -> 0 | Q74: ='14'!K74 -> 0 | R74: ='15'!K74 -> 0 | S74: ='16'!K74 -> 0 | T74: ='17'!K74 -> 0 | U74: ='18'!K74 -> 0 | V74: ='19'!K74 -> 0 | W74: ='20'!K74 -> 0 | X74: ='21'!K74 -> 0 | Y74: ='24'!K74 -> 0 | Z74: ='25'!K74 -> 0 | AA74: ='26'!K74 -> 0 | AB74: ='27'!K74 -> 0 | AC74: ='28'!K74 -> 0 | AD74: ='29'!K74 -> 0 | AE74: ='30'!K74 -> 0 | AG74: =AE74-D74 -> 0 | AH74: =AVERAGE(D74:AE74) -> 0
B75: - Ketela Pohon | C75: Kg | D75: ='1'!K75 -> 5571.4286 | E75: ='2'!K75 -> 5571.4286 | F75: ='3'!K75 -> 5714.2857 | G75: ='4'!K75 -> 5714.2857 | H75: ='5'!K75 -> 5714.2857 | I75: ='6'!K75 -> 5714.2857 | J75: ='7'!K75 -> 5714.2857 | K75: ='8'!K75 -> 5714.2857 | L75: ='9'!K75 -> 5714.2857 | M75: ='10'!K75 -> 5714.2857 | N75: ='11'!K75 -> 5714.2857 | O75: ='12'!K75 -> 5714.2857 | P75: ='13'!K75 -> 5714.2857 | Q75: ='14'!K75 -> 5714.2857 | R75: ='15'!K75 -> 5714.2857 | S75: ='16'!K75 -> 5714.2857 | T75: ='17'!K75 -> 5714.2857 | U75: ='18'!K75 -> 5714.2857 | V75: ='19'!K75 -> 5714.2857 | W75: ='20'!K75 -> 5714.2857 | X75: ='21'!K75 -> 5714.2857 | Y75: ='24'!K75 -> 5714.2857 | Z75: ='25'!K75 -> 5714.2857 | AA75: ='26'!K75 -> 5714.2857 | AB75: ='27'!K75 -> 5714.2857 | AC75: ='28'!K75 -> 5714.2857 | AD75: ='29'!K75 -> 5714.2857 | AE75: ='30'!K75 -> 5714.2857 | AG75: =AE75-D75 -> 142.85714 | AH75: =AVERAGE(D75:AE75) -> 5704.0816
B76: - Ubi Jalar | C76: Kg | D76: ='1'!K76 -> 6000 | E76: ='2'!K76 -> 6000 | F76: ='3'!K76 -> 6166.6667 | G76: ='4'!K76 -> 6166.6667 | H76: ='5'!K76 -> 6166.6667 | I76: ='6'!K76 -> 6166.6667 | J76: ='7'!K76 -> 6166.6667 | K76: ='8'!K76 -> 6166.6667 | L76: ='9'!K76 -> 6166.6667 | M76: ='10'!K76 -> 6166.6667 | N76: ='11'!K76 -> 6166.6667 | O76: ='12'!K76 -> 6166.6667 | P76: ='13'!K76 -> 6166.6667 | Q76: ='14'!K76 -> 6166.6667 | R76: ='15'!K76 -> 6166.6667 | S76: ='16'!K76 -> 6166.6667 | T76: ='17'!K76 -> 6166.6667 | U76: ='18'!K76 -> 6166.6667 | V76: ='19'!K76 -> 6166.6667 | W76: ='20'!K76 -> 6166.6667 | X76: ='21'!K76 -> 6166.6667 | Y76: ='24'!K76 -> 6166.6667 | Z76: ='25'!K76 -> 6166.6667 | AA76: ='26'!K76 -> 6000 | AB76: ='27'!K76 -> 6000 | AC76: ='28'!K76 -> 6000 | AD76: ='29'!K76 -> 6000 | AE76: ='30'!K76 -> 6000 | AG76: =AE76-D76 -> 0 | AH76: =AVERAGE(D76:AE76) -> 6125
A77: 21 | B77: SAYUR-SAYURAN | D77: ='1'!K77 -> 0 | E77: ='2'!K77 -> 0 | F77: ='3'!K77 -> 0 | G77: ='4'!K77 -> 0 | H77: ='5'!K77 -> 0 | I77: ='6'!K77 -> 0 | J77: ='7'!K77 -> 0 | K77: ='8'!K77 -> 0 | L77: ='9'!K77 -> 0 | M77: ='10'!K77 -> 0 | N77: ='11'!K77 -> 0 | O77: ='12'!K77 -> 0 | P77: ='13'!K77 -> 0 | Q77: ='14'!K77 -> 0 | R77: ='15'!K77 -> 0 | S77: ='16'!K77 -> 0 | T77: ='17'!K77 -> 0 | U77: ='18'!K77 -> 0 | V77: ='19'!K77 -> 0 | W77: ='20'!K77 -> 0 | X77: ='21'!K77 -> 0 | Y77: ='24'!K77 -> 0 | Z77: ='25'!K77 -> 0 | AA77: ='26'!K77 -> 0 | AB77: ='27'!K77 -> 0 | AC77: ='28'!K77 -> 0 | AD77: ='29'!K77 -> 0 | AE77: ='30'!K77 -> 0 | AG77: =AE77-D77 -> 0 | AH77: =AVERAGE(D77:AE77) -> 0
B78: - Kubis | C78: Kg | D78: ='1'!K78 -> 8142.8571 | E78: ='2'!K78 -> 8142.8571 | F78: ='3'!K78 -> 8142.8571 | G78: ='4'!K78 -> 8142.8571 | H78: ='5'!K78 -> 8000 | I78: ='6'!K78 -> 8142.8571 | J78: ='7'!K78 -> 8142.8571 | K78: ='8'!K78 -> 8142.8571 | L78: ='9'!K78 -> 8142.8571 | M78: ='10'!K78 -> 8142.8571 | N78: ='11'!K78 -> 8142.8571 | O78: ='12'!K78 -> 8285.7143 | P78: ='13'!K78 -> 8285.7143 | Q78: ='14'!K78 -> 8285.7143 | R78: ='15'!K78 -> 8285.7143 | S78: ='16'!K78 -> 8285.7143 | T78: ='17'!K78 -> 8142.8571 | U78: ='18'!K78 -> 8142.8571 | V78: ='19'!K78 -> 8142.8571 | W78: ='20'!K78 -> 8428.5714 | X78: ='21'!K78 -> 9000 | Y78: ='24'!K78 -> 9000 | Z78: ='25'!K78 -> 9000 | AA78: ='26'!K78 -> 9000 | AB78: ='27'!K78 -> 9000 | AC78: ='28'!K78 -> 8857.1429 | AD78: ='29'!K78 -> 9142.8571 | AE78: ='30'!K78 -> 9142.8571 | AG78: =AE78-D78 -> 1000 | AH78: =AVERAGE(D78:AE78) -> 8423.4694
B79: - Buncis | C79: Kg | D79: ='1'!K79 -> 13285.714 | E79: ='2'!K79 -> 13285.714 | F79: ='3'!K79 -> 13000 | G79: ='4'!K79 -> 13000 | H79: ='5'!K79 -> 12857.143 | I79: ='6'!K79 -> 12571.429 | J79: ='7'!K79 -> 12857.143 | K79: ='8'!K79 -> 12857.143 | L79: ='9'!K79 -> 12857.143 | M79: ='10'!K79 -> 12857.143 | N79: ='11'!K79 -> 14428.571 | O79: ='12'!K79 -> 14142.857 | P79: ='13'!K79 -> 14428.571 | Q79: ='14'!K79 -> 14571.429 | R79: ='15'!K79 -> 14571.429 | S79: ='16'!K79 -> 15142.857 | T79: ='17'!K79 -> 14428.571 | U79: ='18'!K79 -> 13857.143 | V79: ='19'!K79 -> 13857.143 | W79: ='20'!K79 -> 14571.429 | X79: ='21'!K79 -> 14571.429 | Y79: ='24'!K79 -> 14571.429 | Z79: ='25'!K79 -> 14000 | AA79: ='26'!K79 -> 14428.571 | AB79: ='27'!K79 -> 14428.571 | AC79: ='28'!K79 -> 14857.143 | AD79: ='29'!K79 -> 14142.857 | AE79: ='30'!K79 -> 14142.857 | AG79: =AE79-D79 -> 857.14286 | AH79: =AVERAGE(D79:AE79) -> 13877.551
B80: - Kentang | C80: Kg | D80: ='1'!K80 -> 15571.429 | E80: ='2'!K80 -> 15571.429 | F80: ='3'!K80 -> 15428.571 | G80: ='4'!K80 -> 15428.571 | H80: ='5'!K80 -> 15285.714 | I80: ='6'!K80 -> 15285.714 | J80: ='7'!K80 -> 15428.571 | K80: ='8'!K80 -> 15428.571 | L80: ='9'!K80 -> 15428.571 | M80: ='10'!K80 -> 15428.571 | N80: ='11'!K80 -> 15428.571 | O80: ='12'!K80 -> 15428.571 | P80: ='13'!K80 -> 15285.714 | Q80: ='14'!K80 -> 15428.571 | R80: ='15'!K80 -> 15428.571 | S80: ='16'!K80 -> 15571.429 | T80: ='17'!K80 -> 15285.714 | U80: ='18'!K80 -> 15142.857 | V80: ='19'!K80 -> 15142.857 | W80: ='20'!K80 -> 15142.857 | X80: ='21'!K80 -> 15857.143 | Y80: ='24'!K80 -> 15857.143 | Z80: ='25'!K80 -> 15857.143 | AA80: ='26'!K80 -> 15571.429 | AB80: ='27'!K80 -> 15285.714 | AC80: ='28'!K80 -> 15285.714 | AD80: ='29'!K80 -> 15285.714 | AE80: ='30'!K80 -> 15285.714 | AG80: =AE80-D80 -> -285.71429 | AH80: =AVERAGE(D80:AE80) -> 15423.469
B81: - Tomat | C81: Kg | D81: ='1'!K81 -> 14714.286 | E81: ='2'!K81 -> 14714.286 | F81: ='3'!K81 -> 14000 | G81: ='4'!K81 -> 14428.571 | H81: ='5'!K81 -> 14428.571 | I81: ='6'!K81 -> 13428.571 | J81: ='7'!K81 -> 13857.143 | K81: ='8'!K81 -> 13857.143 | L81: ='9'!K81 -> 14571.429 | M81: ='10'!K81 -> 15000 | N81: ='11'!K81 -> 16000 | O81: ='12'!K81 -> 15714.286 | P81: ='13'!K81 -> 15000 | Q81: ='14'!K81 -> 15285.714 | R81: ='15'!K81 -> 15285.714 | S81: ='16'!K81 -> 15571.429 | T81: ='17'!K81 -> 15571.429 | U81: ='18'!K81 -> 16000 | V81: ='19'!K81 -> 16000 | W81: ='20'!K81 -> 16000 | X81: ='21'!K81 -> 16714.286 | Y81: ='24'!K81 -> 16714.286 | Z81: ='25'!K81 -> 17428.571 | AA81: ='26'!K81 -> 17571.429 | AB81: ='27'!K81 -> 16571.429 | AC81: ='28'!K81 -> 15857.143 | AD81: ='29'!K81 -> 15142.857 | AE81: ='30'!K81 -> 15142.857 | AG81: =AE81-D81 -> 428.57143 | AH81: =AVERAGE(D81:AE81) -> 15377.551
B82: - Wortel (Kualitas Lokal) | C82: Kg | D82: ='1'!K82 -> 10857.143 | E82: ='2'!K82 -> 10857.143 | F82: ='3'!K82 -> 10571.429 | G82: ='4'!K82 -> 10571.429 | H82: ='5'!K82 -> 10285.714 | I82: ='6'!K82 -> 10428.571 | J82: ='7'!K82 -> 10428.571 | K82: ='8'!K82 -> 10428.571 | L82: ='9'!K82 -> 10428.571 | M82: ='10'!K82 -> 10428.571 | N82: ='11'!K82 -> 10571.429 | O82: ='12'!K82 -> 10857.143 | P82: ='13'!K82 -> 10571.429 | Q82: ='14'!K82 -> 11142.857 | R82: ='15'!K82 -> 11142.857 | S82: ='16'!K82 -> 11428.571 | T82: ='17'!K82 -> 11428.571 | U82: ='18'!K82 -> 11142.857 | V82: ='19'!K82 -> 12000 | W82: ='20'!K82 -> 12000 | X82: ='21'!K82 -> 11571.429 | Y82: ='24'!K82 -> 11571.429 | Z82: ='25'!K82 -> 11285.714 | AA82: ='26'!K82 -> 11000 | AB82: ='27'!K82 -> 11285.714 | AC82: ='28'!K82 -> 12000 | AD82: ='29'!K82 -> 11571.429 | AE82: ='30'!K82 -> 11571.429 | AG82: =AE82-D82 -> 714.28571 | AH82: =AVERAGE(D82:AE82) -> 11051.02
B83: - Terong Ungu (Jenis Sayur) | C83: Kg | D83: ='1'!K83 -> 8666.6667 | E83: ='2'!K83 -> 8666.6667 | F83: ='3'!K83 -> 8666.6667 | G83: ='4'!K83 -> 8666.6667 | H83: ='5'!K83 -> 9000 | I83: ='6'!K83 -> 9166.6667 | J83: ='7'!K83 -> 9166.6667 | K83: ='8'!K83 -> 9166.6667 | L83: ='9'!K83 -> 9166.6667 | M83: ='10'!K83 -> 9166.6667 | N83: ='11'!K83 -> 9000 | O83: ='12'!K83 -> 9000 | P83: ='13'!K83 -> 9000 | Q83: ='14'!K83 -> 9000 | R83: ='15'!K83 -> 9000 | S83: ='16'!K83 -> 9000 | T83: ='17'!K83 -> 9000 | U83: ='18'!K83 -> 9000 | V83: ='19'!K83 -> 9000 | W83: ='20'!K83 -> 9000 | X83: ='21'!K83 -> 9000 | Y83: ='24'!K83 -> 9000 | Z83: ='25'!K83 -> 9166.6667 | AA83: ='26'!K83 -> 9333.3333 | AB83: ='27'!K83 -> 9333.3333 | AC83: ='28'!K83 -> 9166.6667 | AD83: ='29'!K83 -> 9333.3333 | AE83: ='30'!K83 -> 9333.3333 | AG83: =AE83-D83 -> 666.66667 | AH83: =AVERAGE(D83:AE83) -> 9041.6667
B84: - Bayam (Jenis Sayur) | C84: Ikat Kecil | D84: ='1'!K84 -> 1916.6667 | E84: ='2'!K84 -> 1916.6667 | F84: ='3'!K84 -> 1750 | G84: ='4'!K84 -> 1750 | H84: ='5'!K84 -> 1750 | I84: ='6'!K84 -> 1916.6667 | J84: ='7'!K84 -> 1916.6667 | K84: ='8'!K84 -> 1916.6667 | L84: ='9'!K84 -> 1916.6667 | M84: ='10'!K84 -> 1916.6667 | N84: ='11'!K84 -> 1916.6667 | O84: ='12'!K84 -> 1916.6667 | P84: ='13'!K84 -> 1916.6667 | Q84: ='14'!K84 -> 1916.6667 | R84: ='15'!K84 -> 1916.6667 | S84: ='16'!K84 -> 1916.6667 | T84: ='17'!K84 -> 1916.6667 | U84: ='18'!K84 -> 1916.6667 | V84: ='19'!K84 -> 1916.6667 | W84: ='20'!K84 -> 1916.6667 | X84: ='21'!K84 -> 1916.6667 | Y84: ='24'!K84 -> 1916.6667 | Z84: ='25'!K84 -> 1916.6667 | AA84: ='26'!K84 -> 1916.6667 | AB84: ='27'!K84 -> 1916.6667 | AC84: ='28'!K84 -> 1916.6667 | AD84: ='29'!K84 -> 1916.6667 | AE84: ='30'!K84 -> 1916.6667 | AG84: =AE84-D84 -> 0 | AH84: =AVERAGE(D84:AE84) -> 1898.8095
B85: - Kangkung (Jenis Panjang) | C85: Ikat Kecil | D85: ='1'!K85 -> 1666.6667 | E85: ='2'!K85 -> 1666.6667 | F85: ='3'!K85 -> 1500 | G85: ='4'!K85 -> 1500 | H85: ='5'!K85 -> 1500 | I85: ='6'!K85 -> 1666.6667 | J85: ='7'!K85 -> 1666.6667 | K85: ='8'!K85 -> 1666.6667 | L85: ='9'!K85 -> 1666.6667 | M85: ='10'!K85 -> 1666.6667 | N85: ='11'!K85 -> 1666.6667 | O85: ='12'!K85 -> 1666.6667 | P85: ='13'!K85 -> 1666.6667 | Q85: ='14'!K85 -> 1666.6667 | R85: ='15'!K85 -> 1666.6667 | S85: ='16'!K85 -> 1666.6667 | T85: ='17'!K85 -> 1666.6667 | U85: ='18'!K85 -> 1666.6667 | V85: ='19'!K85 -> 1666.6667 | W85: ='20'!K85 -> 1666.6667 | X85: ='21'!K85 -> 1666.6667 | Y85: ='24'!K85 -> 1666.6667 | Z85: ='25'!K85 -> 1666.6667 | AA85: ='26'!K85 -> 1666.6667 | AB85: ='27'!K85 -> 1666.6667 | AC85: ='28'!K85 -> 1666.6667 | AD85: ='29'!K85 -> 1666.6667 | AE85: ='30'!K85 -> 1666.6667 | AG85: =AE85-D85 -> 0 | AH85: =AVERAGE(D85:AE85) -> 1648.8095
B86: - Sawi (Jenis Hijau) | C86: Ikat Kecil | D86: ='1'!K86 -> 2000 | E86: ='2'!K86 -> 2000 | F86: ='3'!K86 -> 2000 | G86: ='4'!K86 -> 2000 | H86: ='5'!K86 -> 2000 | I86: ='6'!K86 -> 2000 | J86: ='7'!K86 -> 2000 | K86: ='8'!K86 -> 2000 | L86: ='9'!K86 -> 2000 | M86: ='10'!K86 -> 2000 | N86: ='11'!K86 -> 2000 | O86: ='12'!K86 -> 2000 | P86: ='13'!K86 -> 2000 | Q86: ='14'!K86 -> 2000 | R86: ='15'!K86 -> 2000 | S86: ='16'!K86 -> 2000 | T86: ='17'!K86 -> 2000 | U86: ='18'!K86 -> 2000 | V86: ='19'!K86 -> 2000 | W86: ='20'!K86 -> 2000 | X86: ='21'!K86 -> 2000 | Y86: ='24'!K86 -> 2000 | Z86: ='25'!K86 -> 2000 | AA86: ='26'!K86 -> 2000 | AB86: ='27'!K86 -> 2000 | AC86: ='28'!K86 -> 2000 | AD86: ='29'!K86 -> 2000 | AE86: ='30'!K86 -> 2000 | AG86: =AE86-D86 -> 0 | AH86: =AVERAGE(D86:AE86) -> 2000
A87: 22 | B87: AIR MINERAL | D87: ='1'!K87 -> 0 | E87: ='2'!K87 -> 0 | F87: ='3'!K87 -> 0 | G87: ='4'!K87 -> 0 | H87: ='5'!K87 -> 0 | I87: ='6'!K87 -> 0 | J87: ='7'!K87 -> 0 | K87: ='8'!K87 -> 0 | L87: ='9'!K87 -> 0 | M87: ='10'!K87 -> 0 | N87: ='11'!K87 -> 0 | O87: ='12'!K87 -> 0 | P87: ='13'!K87 -> 0 | Q87: ='14'!K87 -> 0 | R87: ='15'!K87 -> 0 | S87: ='16'!K87 -> 0 | T87: ='17'!K87 -> 0 | U87: ='18'!K87 -> 0 | V87: ='19'!K87 -> 0 | W87: ='20'!K87 -> 0 | X87: ='21'!K87 -> 0 | Y87: ='24'!K87 -> 0 | Z87: ='25'!K87 -> 0 | AA87: ='26'!K87 -> 0 | AB87: ='27'!K87 -> 0 | AC87: ='28'!K87 -> 0 | AD87: ='29'!K87 -> 0 | AE87: ='30'!K87 -> 0 | AG87: =AE87-D87 -> 0 | AH87: =AVERAGE(D87:AE87) -> 0
B88: - Air Mineral (Aqua Galon) | C88: 19 Ltr/Galon | D88: ='1'!K88 -> 18000 | E88: ='2'!K88 -> 18000 | F88: ='3'!K88 -> 18000 | G88: ='4'!K88 -> 18000 | H88: ='5'!K88 -> 18000 | I88: ='6'!K88 -> 18000 | J88: ='7'!K88 -> 18000 | K88: ='8'!K88 -> 18000 | L88: ='9'!K88 -> 18000 | M88: ='10'!K88 -> 18000 | N88: ='11'!K88 -> 18000 | O88: ='12'!K88 -> 18000 | P88: ='13'!K88 -> 18000 | Q88: ='14'!K88 -> 18000 | R88: ='15'!K88 -> 18000 | S88: ='16'!K88 -> 18000 | T88: ='17'!K88 -> 18000 | U88: ='18'!K88 -> 18000 | V88: ='19'!K88 -> 18000 | W88: ='20'!K88 -> 18000 | X88: ='21'!K88 -> 18000 | Y88: ='24'!K88 -> 18000 | Z88: ='25'!K88 -> 18000 | AA88: ='26'!K88 -> 18000 | AB88: ='27'!K88 -> 18000 | AC88: ='28'!K88 -> 18000 | AD88: ='29'!K88 -> 18000 | AE88: ='30'!K88 -> 18000 | AG88: =AE88-D88 -> 0 | AH88: =AVERAGE(D88:AE88) -> 18000

Sheet 1
A1: HARGA BAHAN-BAHAN POKOK
A2: DI PASAR TRADISIONAL KOTA SURABAYA
A3: HARI / TANGGAL : Sabtu / 01 April 2023
B4: NAMA BAHAN POKOK DAN PENTING LAINNYA | C4: SATUAN | D4: Pasar Tambahrejo | E4: Pasar Pucang Anom | F4: Pasar Wonokromo | G4: Pasar Genteng Baru | H4: Pasar Pabean | I4: Pasar Kembang | J4: Pasar Balongsari | K4: Rata-Rata
A7: 1 | B7: BERAS
B8: - Beras Premium | C8: Kg | D8: 13000 | E8: 13000 | F8: 14000 | G8: 13500 | H8: 13000 | I8: 14000 | J8: 13500 | K8: =AVERAGE(D8:J8) -> 13428.571
B9: - Beras Medium Bulog | C9: Kg | D9: - | E9: 9400 | F9: 12000 | G9: 9000 | H9: 9000 | I9: 9000 | J9: 9000 | K9: =AVERAGE(D9:J9) -> 9566.6667
B10: - Beras Medium | C10: Kg | D10: 11000 | E10: 11000 | F10: - | G10: 11500 | H10: - | I10: - | J10: - | K10: =AVERAGE(D10:J10) -> 11166.667
B11: - Beras Jagung | C11: Kg | D11: - | E11: 10000 | F11: 12000 | G11: 12000 | H11: - | I11: 11000 | J11: 8000 | K11: =AVERAGE(D11:J11) -> 10600
B12: - Beras Ketan (Jenis Siyem) | C12: Kg | D12: - | E12: 22000 | F12: 24000 | G12: 20000 | H12: - | I12: 22000 | J12: 17000 | K12: =AVERAGE(D12:J12) -> 21000
A13: 2 | B13: GULA
B14: - Gula pasir lokal curah | C14: Kg | D14: 13000 | E14: 13000 | F14: 13500 | G14: 13000 | H14: 13000 | I14: 13000 | J14: 13500 | K14: =AVERAGE(D14:J14) -> 13142.857
B15: - Gula Jawa/Merah (Bahan Kelapa) | C15: Kg | D15: 15000 | E15: 16000 | F15: 16000 | G15: 16000 | H15: 15000 | I15: 16000 | J15: 16000 | K15: =AVERAGE(D15:J15) -> 15714.286
A16: 3 | B16: MINYAK GORENG
B17: - Minyak Goreng Curah (Bening) | C17: Kg | D17: 16000 | E17: 16000 | F17: 17000 | G17: 16000 | H17: 14000 | I17: 16000 | J17: 15500 | K17: =AVERAGE(D17:J17) -> 15785.714
B18: - Minyak Kita | C18: Liter | D18: 14000 | E18: 14000 | F18: 14000 | G18: 14000 | H18: - | I18: 14000 | J18: 14000 | K18: =AVERAGE(D18:J18) -> 14000
A19: 4 | B19: MENTEGA
B20: - Mentega Curah (Amanda) | C20: Kg | D20: 20000 | E20: - | F20: 19000 | G20: 22000 | H20: - | I20: 24000 | J20: - | K20: =AVERAGE(D20:J20) -> 21250
A21: 5 | B21: DAGING
B22: - Daging Sapi Grade Atas | C22: Kg | D22: 120000 | E22: 120000 | F22: 120000 | G22: 120000 | H22: 120000 | I22: 120000 | J22: 110000 | K22: =AVERAGE(D22:J22) -> 118571.43
B23: - Daging Sapi Grade Sedang | C23: Kg | D23: 110000 | E23: 110000 | F23: 110000 | G23: 110000 | H23: 114000 | I23: 110000 | J23: 100000 | K23: =AVERAGE(D23:J23) -> 109142.86
B24: - Daging Sapi Grade Bawah | C24: Kg | D24: 100000 | E24: 95000 | F24: 100000 | G24: 100000 | H24: 100000 | I24: 100000 | J24: - | K24: =AVERAGE(D24:J24) -> 99166.667
B25: - Daging Ayam Broiler | C25: Kg | D25: 30000 | E25: 30000 | F25: 30000 | G25: 30000 | H25: 32000 | I25: 30000 | J25: 32000 | K25: =AVERAGE(D25:J25) -> 30571.429
A26: 6 | B26: I K A N
B27: - Ikan Tongkol Segar (Uk. Sedang) | C27: Kg | D27: 38000 | E27: 38000 | F27: - | G27: 45000 | H27: 30000 | I27: 38000 | J27: 35000 | K27: =AVERAGE(D27:J27) -> 37333.333
B28: - Ikan Mujair Segar (Uk. Sedang) | C28: Kg | D28: 28000 | E28: 30000 | F28: 30000 | G28: 35000 | H28: 23000 | I28: 30000 | J28: 26000 | K28: =AVERAGE(D28:J28) -> 28857.143
B29: - Udang Segar (Uk. Sedang) | C29: Kg | D29: 60000 | E29: 70000 | F29: 70000 | G29: 75000 | H29: 58000 | I29: 65000 | J29: 50000 | K29: =AVERAGE(D29:J29) -> 64000
B30: - Ikan Lele Segar (Ukuran Sedang) | C30: Kg | D30: 25000 | E30: - | F30: - | G30: 25000 | H30: 23000 | I30: 24000 | J30: 26000 | K30: =AVERAGE(D30:J30) -> 24600
B31: - Ikan Bandeng Segar (Uk. Sedang) | C31: Kg | D31: 45000 | E31: 36000 | F31: 40000 | G31: 45000 | H31: 28000 | I31: 38000 | J31: 40000 | K31: =AVERAGE(D31:J31) -> 38857.143
B32: - Ikan Teri Asin (Bukan Teri Medan) | C32: Kg | D32: - | E32: 100000 | F32: 110000 | G32: - | H32: 80000 | I32: - | J32: - | K32: =AVERAGE(D32:J32) -> 96666.667
A33: 7 | B33: TELUR
B34: - Telur Ayam Broiler | C34: Kg | D34: 29000 | E34: 28000 | F34: 29000 | G34: 29000 | H34: 28000 | I34: 29000 | J34: 28500 | K34: =AVERAGE(D34:J34) -> 28642.857
B35: - Telur Ayam Kampung | C35: Butir | D35: 3000 | E35: 2000 | F35: 2500 | G35: 2500 | H35: 2000 | I35: 2500 | J35: 3000 | K35: =AVERAGE(D35:J35) -> 2500
A36: 8 | B36: TAHU
B37: - Tahu biasa | C37: Kg | D37: 10000 | E37: 10000 | F37: 9000 | G37: 9000 | H37: 16000 | I37: 15000 | J37: 9000 | K37: =AVERAGE(D37:J37) -> 11142.857
B38: - Tahu susu | C38: Kg | D38: - | E38: 7000 | F38: 12000 | G38: 17000 | H38: - | I38: 13000 | J38: 12000 | K38: =AVERAGE(D38:J38) -> 12200
A39: 9 | B39: TEMPE
B40: - Tempe Kw I (campuran kedelai) | C40: Kg | D40: - | E40: 18000 | F40: - | G40: 16000 | H40: 14000 | I40: 15000 | J40: 15000 | K40: =AVERAGE(D40:J40) -> 15600
B41: - Tempe Kw II (campuran jagung) | C41: Kg | D41: 2500 | E41: 12000 | F41: 6000 | G41: - | H41: - | I41: - | J41: - | K41: =AVERAGE(D41:J41) -> 6833.3333
B42: - Tempe Kw III (campuran kulit) | C42: Kg | D42: - | E42: 2000 | F42: - | G42: - | H42: - | I42: - | J42: - | K42: =AVERAGE(D42:J42) -> 2000
A43: 10 | B43: S U S U
B44: - Susu Kental Manis "INDOMILK" Putih | C44: 390 Gr/kaleng | D44: 12500 | E44: 12000 | F44: 12500 | G44: 12000 | H44: - | I44: 12500 | J44: 12500 | K44: =AVERAGE(D44:J44) -> 12333.333
B45: - Susu Kental Manis "BENDERA" Putih | C45: 390 Gr/kaleng | D45: 12500 | E45: 13000 | F45: 12500 | G45: 12000 | H45: - | I45: 12500 | J45: 12500 | K45: =AVERAGE(D45:J45) -> 12500
A46: 11 | B46: SABUN CUCI
B47: - Sabun Detergen Rinso (Anti Noda) | C47: 900 Gram | D47: - | E47: - | F47: - | G47: - | H47: 17500 | I47: - | J47: - | K47: =AVERAGE(D47:J47) -> 17500
B48: - Sabun Colek "Wing's Biru" | C48: 350 Gram | D48: - | E48: - | F48: - | G48: - | H48: 2000 | I48: - | J48: - | K48: =AVERAGE(D48:J48) -> 2000
A49: 12 | B49: JAGUNG
B50: - Jagung Pipilan Kering (Jenis Kecil) | C50: Kg | D50: 10000 | E50: 8000 | F50: 10000 | G50: 10000 | H50: 9000 | I50: 10000 | J50: 8000 | K50: =AVERAGE(D50:J50) -> 9285.7143
B51: - Jagung Pipilan Kering (Jenis Besar) | C51: Kg | D51: 9000 | E51: 10000 | F51: 9000 | G51: 9000 | H51: 6000 | I51: - | J51: 6000 | K51: =AVERAGE(D51:J51) -> 8166.6667
A52: 13 | B52: GARAM BERYODIUM
B53: - Garam Halus (Cap Kapal) | C53: 250 Gr/Bngks | D53: 3000 | E53: 8000 | F53: 5000 | G53: 5000 | H53: 2500 | I53: 2000 | J53: 2500 | K53: =AVERAGE(D53:J53) -> 4000
A54: 14 | B54: TEPUNG TERIGU
B55: - Tepung Terigu "Segitiga Biru" Curah | C55: Kg | D55: 12000 | E55: 10500 | F55: 13000 | G55: 11000 | H55: 11000 | I55: 12000 | J55: 10000 | K55: =AVERAGE(D55:J55) -> 11357.143
A56: 15 | B56: KACANG-KACANGAN
B57: - Kacang Kedelai (Kualitas Import) | C57: Kg | D57: 16000 | E57: 16000 | F57: 16000 | G57: 20000 | H57: 13000 | I57: 17000 | J57: - | K57: =AVERAGE(D57:J57) -> 16333.333
B58: - Kacang Kedelai (Kualitas Lokal) | C58: Kg | D58: - | E58: 14000 | F58: 15000 | G58: - | H58: - | I58: - | J58: 13500 | K58: =AVERAGE(D58:J58) -> 14166.667
B59: - Kacang Hijau | C59: Kg | D59: 26000 | E59: 23000 | F59: 28000 | G59: 30000 | H59: 22000 | I59: 28000 | J59: 26000 | K59: =AVERAGE(D59:J59) -> 26142.857
B60: - Kacang Tanah (Jenis Besar) | C60: Kg | D60: 30000 | E60: 30000 | F60: 30000 | G60: 30000 | H60: 26000 | I60: 30000 | J60: 28000 | K60: =AVERAGE(D60:J60) -> 29142.857
A61: 16 | B61: MIE INSTAN
B62: - Indomie Goreng | C62: 86 Gr/Bngks | D62: 3000 | E62: 3200 | F62: 3000 | G62: 3000 | H62: - | I62: 3500 | J62: 3500 | K62: =AVERAGE(D62:J62) -> 3200
A63: 17 | B63: C A B E
B64: - Cabe Merah Besar | C64: Kg | D64: 28000 | E64: 30000 | F64: 25000 | G64: 35000 | H64: 25000 | I64: 30000 | J64: 30000 | K64: =AVERAGE(D64:J64) -> 29000
B65: - Cabe Merah Kriting | C65: Kg | D65: 35000 | E65: 35000 | F65: 30000 | G65: 45000 | H65: - | I65: 30000 | J65: - | K65: =AVERAGE(D65:J65) -> 35000
B66: - Cabe Merah Kecil-Rawit | C66: Kg | D66: 45000 | E66: 45000 | F66: 40000 | G66: 50000 | H66: 50000 | I66: 50000 | J66: 50000 | K66: =AVERAGE(D66:J66) -> 47142.857
A67: 18 | B67: BAHAN BAKAR GAS LPG
B68: - Gas LPG Tabung (3 Kg.) | C68: Per Tabung | D68: 19000 | E68: 18000 | F68: 18000 | G68: 18000 | H68: - | I68: 18000 | J68: 18000 | K68: =AVERAGE(D68:J68) -> 18166.667
A69: 19 | B69: BAWANG
B70: - Bawang Putih (Jenis Kating) | C70: Kg | D70: 32000 | E70: 32000 | F70: 34000 | G70: 33000 | H70: 30000 | I70: 38000 | J70: 35000 | K70: =AVERAGE(D70:J70) -> 33428.571
B71: - Bawang Putih (Jenis Sinco) | C71: Kg | D71: 28000 | E71: 30000 | F71: 30000 | G71: 28000 | H71: 26000 | I71: 30000 | J71: 28000 | K71: =AVERAGE(D71:J71) -> 28571.429
B72: - Bawang Merah (Kualitas Lokal) | C72: Kg | D72: 32000 | E72: 30000 | F72: 35000 | G72: 35000 | H72: 25000 | I72: 35000 | J72: 30000 | K72: =AVERAGE(D72:J72) -> 31714.286
B73: - Bawang Bombay | C73: Kg | D73: 24000 | E73: 28000 | F73: 30000 | G73: 25000 | H73: 26000 | I73: 35000 | J73: 22000 | K73: =AVERAGE(D73:J73) -> 27142.857
A74: 20 | B74: UBI-UBIAN
B75: - Ketela Pohon | C75: Kg | D75: 6000 | E75: 7000 | F75: 5000 | G75: 6000 | H75: 4000 | I75: 6000 | J75: 5000 | K75: =AVERAGE(D75:J75) -> 5571.4286
B76: - Ubi Jalar | C76: Kg | D76: 6000 | E76: - | F76: 6000 | G76: 6000 | H76: 5000 | I76: 7000 | J76: 6000 | K76: =AVERAGE(D76:J76) -> 6000
A77: 21 | B77: SAYUR-SAYURAN
B78: - Kubis | C78: Kg | D78: 7000 | E78: 8000 | F78: 8000 | G78: 9000 | H78: 9000 | I78: 9000 | J78: 7000 | K78: =AVERAGE(D78:J78) -> 8142.8571
B79: - Buncis | C79: Kg | D79: 12000 | E79: 15000 | F79: 16000 | G79: 14000 | H79: 10000 | I79: 12000 | J79: 14000 | K79: =AVERAGE(D79:J79) -> 13285.714
B80: - Kentang | C80: Kg | D80: 14000 | E80: 16000 | F80: 16000 | G80: 17000 | H80: 15000 | I80: 16000 | J80: 15000 | K80: =AVERAGE(D80:J80) -> 15571.429
B81: - Tomat | C81: Kg | D81: 16000 | E81: 15000 | F81: 15000 | G81: 15000 | H81: 12000 | I81: 15000 | J81: 15000 | K81: =AVERAGE(D81:J81) -> 14714.286
B82: - Wortel (Kualitas Lokal) | C82: Kg | D82: 8000 | E82: 12000 | F82: 12000 | G82: 12000 | H82: 10000 | I82: 12000 | J82: 10000 | K82: =AVERAGE(D82:J82) -> 10857.143
B83: - Terong Ungu (Jenis Sayur) | C83: Kg | D83: 7000 | E83: 8000 | F83: 10000 | G83: - | H83: 9000 | I83: 10000 | J83: 8000 | K83: =AVERAGE(D83:J83) -> 8666.6667
B84: - Bayam (Jenis Sayur) | C84: Ikat Kecil | D84: 2000 | E84: - | F84: 2000 | G84: 2000 | H84: 1500 | I84: 2000 | J84: 2000 | K84: =AVERAGE(D84:J84) -> 1916.6667
B85: - Kangkung (Jenis Panjang) | C85: Ikat Kecil | D85: 1500 | E85: - | F85: 1500 | G85: 2000 | H85: 1500 | I85: 2000 | J85: 1500 | K85: =AVERAGE(D85:J85) -> 1666.6667
B86: - Sawi (Jenis Hijau) | C86: Ikat Kecil | D86: - | E86: - | F86: 2000 | G86: 2000 | H86: 2000 | I86: 2000 | J86: 2000 | K86: =AVERAGE(D86:J86) -> 2000
A87: 22 | B87: AIR MINERAL
B88: - Air Mineral (Aqua Galon) | C88: 19 Ltr/Galon | D88: 18000 | E88: - | F88: 17000 | G88: 17000 | H88: - | I88: 20000 | J88: 18000 | K88: =AVERAGE(D88:J88) -> 18000

Sheet 2
A1: HARGA BAHAN-BAHAN POKOK
A2: DI PASAR TRADISIONAL KOTA SURABAYA
A3: HARI / TANGGAL : Minggu / 02 April 2023
B4: NAMA BAHAN POKOK DAN PENTING LAINNYA | C4: SATUAN | D4: Pasar Tambahrejo | E4: Pasar Pucang Anom | F4: Pasar Wonokromo | G4: Pasar Genteng Baru | H4: Pasar Pabean | I4: Pasar Kembang | J4: Pasar Balongsari | K4: Rata-Rata
A7: 1 | B7: BERAS
B8: - Beras Premium | C8: Kg | D8: 13000 | E8: 13000 | F8: 14000 | G8: 13500 | H8: 13500 | I8: 14000 | J8: 13500 | K8: =AVERAGE(D8:J8) -> 13500
B9: - Beras Medium Bulog | C9: Kg | D9: - | E9: 9400 | F9: 12000 | G9: 9000 | H9: 9000 | I9: 9000 | J9: 9000 | K9: =AVERAGE(D9:J9) -> 9566.6667
B10: - Beras Medium | C10: Kg | D10: 11000 | E10: 11000 | F10: - | G10: 11500 | H10: - | I10: - | J10: - | K10: =AVERAGE(D10:J10) -> 11166.667
B11: - Beras Jagung | C11: Kg | D11: - | E11: 10000 | F11: 12000 | G11: 12000 | H11: - | I11: 11000 | J11: 8000 | K11: =AVERAGE(D11:J11) -> 10600
B12: - Beras Ketan (Jenis Siyem) | C12: Kg | D12: - | E12: 22000 | F12: 24000 | G12: 20000 | H12: - | I12: 22000 | J12: 17000 | K12: =AVERAGE(D12:J12) -> 21000
A13: 2 | B13: GULA
B14: - Gula pasir lokal curah | C14: Kg | D14: 13000 | E14: 13000 | F14: 13500 | G14: 13000 | H14: 13000 | I14: 13000 | J14: 13500 | K14: =AVERAGE(D14:J14) -> 13142.857
B15: - Gula Jawa/Merah (Bahan Kelapa) | C15: Kg | D15: 15000 | E15: 16000 | F15: 16000 | G15: 16000 | H15: 15000 | I15: 16000 | J15: 16000 | K15: =AVERAGE(D15:J15) -> 15714.286
A16: 3 | B16: MINYAK GORENG
B17: - Minyak Goreng Curah (Bening) | C17: Kg | D17: 16000 | E17: 16000 | F17: 17000 | G17: 16000 | H17: 14000 | I17: 16000 | J17: 15500 | K17: =AVERAGE(D17:J17) -> 15785.714
B18: - Minyak Kita | C18: Liter | D18: 14000 | E18: 14000 | F18: 14000 | G18: 14000 | H18: - | I18: 14000 | J18: 14000 | K18: =AVERAGE(D18:J18) -> 14000
A19: 4 | B19: MENTEGA
B20: - Mentega Curah (Amanda) | C20: Kg | D20: 20000 | E20: - | F20: 19000 | G20: 22000 | H20: - | I20: 24000 | J20: - | K20: =AVERAGE(D20:J20) -> 21250
A21: 5 | B21: DAGING
B22: - Daging Sapi Grade Atas | C22: Kg | D22: 120000 | E22: 120000 | F22: 120000 | G22: 120000 | H22: 120000 | I22: 120000 | J22: 110000 | K22: =AVERAGE(D22:J22) -> 118571.43
B23: - Daging Sapi Grade Sedang | C23: Kg | D23: 110000 | E23: 110000 | F23: 110000 | G23: 110000 | H23: 114000 | I23: 110000 | J23: 100000 | K23: =AVERAGE(D23:J23) -> 109142.86
B24: - Daging Sapi Grade Bawah | C24: Kg | D24: 100000 | E24: 95000 | F24: 100000 | G24: 100000 | H24: 100000 | I24: 100000 | J24: - | K24: =AVERAGE(D24:J24) -> 99166.667
B25: - Daging Ayam Broiler | C25: Kg | D25: 30000 | E25: 30000 | F25: 31000 | G25: 30000 | H25: 32000 | I25: 30000 | J25: 32000 | K25: =AVERAGE(D25:J25) -> 30714.286
A26: 6 | B26: I K A N
B27: - Ikan Tongkol Segar (Uk. Sedang) | C27: Kg | D27: 38000 | E27: 38000 | F27: - | G27: 45000 | H27: 30000 | I27: 38000 | J27: 35000 | K27: =AVERAGE(D27:J27) -> 37333.333
B28: - Ikan Mujair Segar (Uk. Sedang) | C28: Kg | D28: 28000 | E28: 30000 | F28: 35000 | G28: 35000 | H28: 23000 | I28: 30000 | J28: 26000 | K28: =AVERAGE(D28:J28) -> 29571.429
B29: - Udang Segar (Uk. Sedang) | C29: Kg | D29: 60000 | E29: 70000 | F29: 70000 | G29: 75000 | H29: 58000 | I29: 65000 | J29: 50000 | K29: =AVERAGE(D29:J29) -> 64000
B30: - Ikan Lele Segar (Ukuran Sedang) | C30: Kg | D30: 25000 | E30: - | F30: - | G30: 25000 | H30: 23000 | I30: 24000 | J30: 26000 | K30: =AVERAGE(D30:J30) -> 24600
B31: - Ikan Bandeng Segar (Uk. Sedang) | C31: Kg | D31: 45000 | E31: 36000 | F31: 40000 | G31: 45000 | H31: 28000 | I31: 38000 | J31: 40000 | K31: =AVERAGE(D31:J31) -> 38857.143
B32: - Ikan Teri Asin (Bukan Teri Medan) | C32: Kg | D32: - | E32: 100000 | F32: 110000 | G32: - | H32: 80000 | I32: - | J32: - | K32: =AVERAGE(D32:J32) -> 96666.667
A33: 7 | B33: TELUR
B34: - Telur Ayam Broiler | C34: Kg | D34: 29000 | E34: 28000 | F34: 28000 | G34: 29000 | H34: 28000 | I34: 29000 | J34: 28500 | K34: =AVERAGE(D34:J34) -> 28500
B35: - Telur Ayam Kampung | C35: Butir | D35: 3000 | E35: 2000 | F35: 2500 | G35: 2500 | H35: 2000 | I35: 2500 | J35: 3000 | K35: =AVERAGE(D35:J35) -> 2500
A36: 8 | B36: TAHU
B37: - Tahu biasa | C37: Kg | D37: 10000 | E37: 10000 | F37: 9000 | G37: 9000 | H37: 16000 | I37: 15000 | J37: 9000 | K37: =AVERAGE(D37:J37) -> 11142.857
B38: - Tahu susu | C38: Kg | D38: - | E38: 7000 | F38: 12000 | G38: 17000 | H38: - | I38: 13000 | J38: 12000 | K38: =AVERAGE(D38:J38) -> 12200
A39: 9 | B39: TEMPE
B40: - Tempe Kw I (campuran kedelai) | C40: Kg | D40: - | E40: 18000 | F40: - | G40: 16000 | H40: 14000 | I40: 15000 | J40: 15000 | K40: =AVERAGE(D40:J40) -> 15600
B41: - Tempe Kw II (campuran jagung) | C41: Kg | D41: 2500 | E41: 12000 | F41: 6000 | G41: - | H41: - | I41: - | J41: - | K41: =AVERAGE(D41:J41) -> 6833.3333
B42: - Tempe Kw III (campuran kulit) | C42: Kg | D42: - | E42: 2000 | F42: - | G42: - | H42: - | I42: - | J42: - | K42: =AVERAGE(D42:J42) -> 2000
A43: 10 | B43: S U S U
B44: - Susu Kental Manis "INDOMILK" Putih | C44: 390 Gr/kaleng | D44: 12500 | E44: 12000 | F44: 12500 | G44: 12000 | H44: - | I44: 12500 | J44: 12500 | K44: =AVERAGE(D44:J44) -> 12333.333
B45: - Susu Kental Manis "BENDERA" Putih | C45: 390 Gr/kaleng | D45: 12500 | E45: 13000 | F45: 12500 | G45: 12000 | H45: - | I45: 12500 | J45: 12500 | K45: =AVERAGE(D45:J45) -> 12500
A46: 11 | B46: SABUN CUCI
B47: - Sabun Detergen Rinso (Anti Noda) | C47: 900 Gram | D47: - | E47: - | F47: - | G47: - | H47: 17500 | I47: - | J47: - | K47: =AVERAGE(D47:J47) -> 17500
B48: - Sabun Colek "Wing's Biru" | C48: 350 Gram | D48: - | E48: - | F48: - | G48: - | H48: 2000 | I48: - | J48: - | K48: =AVERAGE(D48:J48) -> 2000
A49: 12 | B49: JAGUNG
B50: - Jagung Pipilan Kering (Jenis Kecil) | C50: Kg | D50: 10000 | E50: 8000 | F50: 10000 | G50: 10000 | H50: 9000 | I50: 10000 | J50: 8000 | K50: =AVERAGE(D50:J50) -> 9285.7143
B51: - Jagung Pipilan Kering (Jenis Besar) | C51: Kg | D51: 9000 | E51: 10000 | F51: 9000 | G51: 9000 | H51: 6000 | I51: - | J51: 6000 | K51: =AVERAGE(D51:J51) -> 8166.6667
A52: 13 | B52: GARAM BERYODIUM
B53: - Garam Halus (Cap Kapal) | C53: 250 Gr/Bngks | D53: 3000 | E53: 8000 | F53: 5000 | G53: 5000 | H53: 2500 | I53: 2000 | J53: 2500 | K53: =AVERAGE(D53:J53) -> 4000
A54: 14 | B54: TEPUNG TERIGU
B55: - Tepung Terigu "Segitiga Biru" Curah | C55: Kg | D55: 12000 | E55: 10500 | F55: 13000 | G55: 11000 | H55: 11000 | I55: 12000 | J55: 10000 | K55: =AVERAGE(D55:J55) -> 11357.143
A56: 15 | B56: KACANG-KACANGAN
B57: - Kacang Kedelai (Kualitas Import) | C57: Kg | D57: 16000 | E57: 16000 | F57: 16000 | G57: 20000 | H57: 13000 | I57: 17000 | J57: - | K57: =AVERAGE(D57:J57) -> 16333.333
B58: - Kacang Kedelai (Kualitas Lokal) | C58: Kg | D58: - | E58: 14000 | F58: 15000 | G58: - | H58: - | I58: - | J58: 13500 | K58: =AVERAGE(D58:J58) -> 14166.667
B59: - Kacang Hijau | C59: Kg | D59: 26000 | E59: 23000 | F59: 28000 | G59: 30000 | H59: 22000 | I59: 28000 | J59: 26000 | K59: =AVERAGE(D59:J59) -> 26142.857
B60: - Kacang Tanah (Jenis Besar) | C60: Kg | D60: 30000 | E60: 30000 | F60: 30000 | G60: 30000 | H60: 26000 | I60: 30000 | J60: 28000 | K60: =AVERAGE(D60:J60) -> 29142.857
A61: 16 | B61: MIE INSTAN
B62: - Indomie Goreng | C62: 86 Gr/Bngks | D62: 3000 | E62: 3200 | F62: 3000 | G62: 3000 | H62: - | I62: 3500 | J62: 3500 | K62: =AVERAGE(D62:J62) -> 3200
A63: 17 | B63: C A B E
B64: - Cabe Merah Besar | C64: Kg | D64: 28000 | E64: 30000 | F64: 25000 | G64: 35000 | H64: 25000 | I64: 30000 | J64: 30000 | K64: =AVERAGE(D64:J64) -> 29000
B65: - Cabe Merah Kriting | C65: Kg | D65: 35000 | E65: 35000 | F65: 35000 | G65: 45000 | H65: - | I65: 30000 | J65: - | K65: =AVERAGE(D65:J65) -> 36000
B66: - Cabe Merah Kecil-Rawit | C66: Kg | D66: 45000 | E66: 45000 | F66: 40000 | G66: 50000 | H66: 50000 | I66: 50000 | J66: 50000 | K66: =AVERAGE(D66:J66) -> 47142.857
A67: 18 | B67: BAHAN BAKAR GAS LPG
B68: - Gas LPG Tabung (3 Kg.) | C68: Per Tabung | D68: 19000 | E68: 18000 | F68: 18000 | G68: 18000 | H68: - | I68: 18000 | J68: 18000 | K68: =AVERAGE(D68:J68) -> 18166.667
A69: 19 | B69: BAWANG
B70: - Bawang Putih (Jenis Kating) | C70: Kg | D70: 32000 | E70: 32000 | F70: 34000 | G70: 33000 | H70: 30000 | I70: 38000 | J70: 35000 | K70: =AVERAGE(D70:J70) -> 33428.571
B71: - Bawang Putih (Jenis Sinco) | C71: Kg | D71: 28000 | E71: 30000 | F71: 30000 | G71: 28000 | H71: 26000 | I71: 30000 | J71: 28000 | K71: =AVERAGE(D71:J71) -> 28571.429
B72: - Bawang Merah (Kualitas Lokal) | C72: Kg | D72: 32000 | E72: 30000 | F72: 35000 | G72: 35000 | H72: 25000 | I72: 35000 | J72: 30000 | K72: =AVERAGE(D72:J72) -> 31714.286
B73: - Bawang Bombay | C73: Kg | D73: 24000 | E73: 28000 | F73: 30000 | G73: 25000 | H73: 26000 | I73: 35000 | J73: 22000 | K73: =AVERAGE(D73:J73) -> 27142.857
A74: 20 | B74: UBI-UBIAN
B75: - Ketela Pohon | C75: Kg | D75: 6000 | E75: 7000 | F75: 5000 | G75: 6000 | H75: 4000 | I75: 6000 | J75: 5000 | K75: =AVERAGE(D75:J75) -> 5571.4286
B76: - Ubi Jalar | C76: Kg | D76: 6000 | E76: - | F76: 6000 | G76: 6000 | H76: 5000 | I76: 7000 | J76: 6000 | K76: =AVERAGE(D76:J76) -> 6000
A77: 21 | B77: SAYUR-SAYURAN
B78: - Kubis | C78: Kg | D78: 7000 | E78: 8000 | F78: 8000 | G78: 9000 | H78: 9000 | I78: 9000 | J78: 7000 | K78: =AVERAGE(D78:J78) -> 8142.8571
B79: - Buncis | C79: Kg | D79: 12000 | E79: 15000 | F79: 16000 | G79: 14000 | H79: 10000 | I79: 12000 | J79: 14000 | K79: =AVERAGE(D79:J79) -> 13285.714
B80: - Kentang | C80: Kg | D80: 14000 | E80: 16000 | F80: 16000 | G80: 17000 | H80: 15000 | I80: 16000 | J80: 15000 | K80: =AVERAGE(D80:J80) -> 15571.429
B81: - Tomat | C81: Kg | D81: 16000 | E81: 15000 | F81: 15000 | G81: 15000 | H81: 12000 | I81: 15000 | J81: 15000 | K81: =AVERAGE(D81:J81) -> 14714.286
B82: - Wortel (Kualitas Lokal) | C82: Kg | D82: 8000 | E82: 12000 | F82: 12000 | G82: 12000 | H82: 10000 | I82: 12000 | J82: 10000 | K82: =AVERAGE(D82:J82) -> 10857.143
B83: - Terong Ungu (Jenis Sayur) | C83: Kg | D83: 7000 | E83: 8000 | F83: 10000 | G83: - | H83: 9000 | I83: 10000 | J83: 8000 | K83: =AVERAGE(D83:J83) -> 8666.6667
B84: - Bayam (Jenis Sayur) | C84: Ikat Kecil | D84: 2000 | E84: - | F84: 2000 | G84: 2000 | H84: 1500 | I84: 2000 | J84: 2000 | K84: =AVERAGE(D84:J84) -> 1916.6667
B85: - Kangkung (Jenis Panjang) | C85: Ikat Kecil | D85: 1500 | E85: - | F85: 1500 | G85: 2000 | H85: 1500 | I85: 2000 | J85: 1500 | K85: =AVERAGE(D85:J85) -> 1666.6667
B86: - Sawi (Jenis Hijau) | C86: Ikat Kecil | D86: - | E86: - | F86: 2000 | G86: 2000 | H86: 2000 | I86: 2000 | J86: 2000 | K86: =AVERAGE(D86:J86) -> 2000
A87: 22 | B87: AIR MINERAL
B88: - Air Mineral (Aqua Galon) | C88: 19 Ltr/Galon | D88: 18000 | E88: - | F88: 17000 | G88: 17000 | H88: - | I88: 20000 | J88: 18000 | K88: =AVERAGE(D88:J88) -> 18000

Sheet 3
A1: HARGA BAHAN-BAHAN POKOK
A2: DI PASAR TRADISIONAL KOTA SURABAYA
A3: HARI / TANGGAL : Senin / 03 April 2023
B4: NAMA BAHAN POKOK DAN PENTING LAINNYA | C4: SATUAN | D4: Pasar Tambahrejo | E4: Pasar Pucang Anom | F4: Pasar Wonokromo | G4: Pasar Genteng Baru | H4: Pasar Pabean | I4: Pasar Kembang | J4: Pasar Balongsari | K4: Rata-Rata
A7: 1 | B7: BERAS
B8: - Beras Premium | C8: Kg | D8: 13000 | E8: 13500 | F8: 14000 | G8: 13500 | H8: 13000 | I8: 14000 | J8: 13500 | K8: =AVERAGE(D8:J8) -> 13500
B9: - Beras Medium Bulog | C9: Kg | D9: - | E9: 9400 | F9: 12000 | G9: 9000 | H9: 9000 | I9: 9000 | J9: 9000 | K9: =AVERAGE(D9:J9) -> 9566.6667
B10: - Beras Medium | C10: Kg | D10: 11000 | E10: 11500 | F10: - | G10: 11500 | H10: - | I10: - | J10: - | K10: =AVERAGE(D10:J10) -> 11333.333
B11: - Beras Jagung | C11: Kg | D11: - | E11: 10000 | F11: 12000 | G11: 12000 | H11: - | I11: 11000 | J11: 8000 | K11: =AVERAGE(D11:J11) -> 10600
B12: - Beras Ketan (Jenis Siyem) | C12: Kg | D12: - | E12: 22000 | F12: 24000 | G12: 20000 | H12: - | I12: 22000 | J12: 17000 | K12: =AVERAGE(D12:J12) -> 21000
A13: 2 | B13: GULA
B14: - Gula pasir lokal curah | C14: Kg | D14: 13000 | E14: 13000 | F14: 13500 | G14: 13000 | H14: 13000 | I14: 13000 | J14: 13500 | K14: =AVERAGE(D14:J14) -> 13142.857
B15: - Gula Jawa/Merah (Bahan Kelapa) | C15: Kg | D15: 15000 | E15: 16000 | F15: 16000 | G15: 16000 | H15: 15000 | I15: 16000 | J15: 16000 | K15: =AVERAGE(D15:J15) -> 15714.286
A16: 3 | B16: MINYAK GORENG
B17: - Minyak Goreng Curah (Bening) | C17: Kg | D17: 15000 | E17: 16000 | F17: 17000 | G17: 16000 | H17: 14000 | I17: 16000 | J17: 15500 | K17: =AVERAGE(D17:J17) -> 15642.857
B18: - Minyak Kita | C18: Liter | D18: 14000 | E18: 14000 | F18: 14000 | G18: 14000 | H18: - | I18: 14000 | J18: 14000 | K18: =AVERAGE(D18:J18) -> 14000
A19: 4 | B19: MENTEGA
B20: - Mentega Curah (Amanda) | C20: Kg | D20: 20000 | E20: - | F20: 19000 | G20: 22000 | H20: - | I20: 24000 | J20: - | K20: =AVERAGE(D20:J20) -> 21250
A21: 5 | B21: DAGING
B22: - Daging Sapi Grade Atas | C22: Kg | D22: 120000 | E22: 120000 | F22: 120000 | G22: 120000 | H22: 120000 | I22: 120000 | J22: 110000 | K22: =AVERAGE(D22:J22) -> 118571.43
B23: - Daging Sapi Grade Sedang | C23: Kg | D23: 110000 | E23: 110000 | F23: 110000 | G23: 110000 | H23: 114000 | I23: 110000 | J23: 100000 | K23: =AVERAGE(D23:J23) -> 109142.86
B24: - Daging Sapi Grade Bawah | C24: Kg | D24: 100000 | E24: 95000 | F24: 100000 | G24: 100000 | H24: 100000 | I24: 100000 | J24: - | K24: =AVERAGE(D24:J24) -> 99166.667
B25: - Daging Ayam Broiler | C25: Kg | D25: 32000 | E25: 30000 | F25: 32000 | G25: 30000 | H25: 32000 | I25: 30000 | J25: 32000 | K25: =AVERAGE(D25:J25) -> 31142.857
A26: 6 | B26: I K A N
B27: - Ikan Tongkol Segar (Uk. Sedang) | C27: Kg | D27: 35000 | E27: 38000 | F27: - | G27: 45000 | H27: 30000 | I27: 38000 | J27: 35000 | K27: =AVERAGE(D27:J27) -> 36833.333
B28: - Ikan Mujair Segar (Uk. Sedang) | C28: Kg | D28: 30000 | E28: 30000 | F28: 30000 | G28: 35000 | H28: 23000 | I28: 30000 | J28: 26000 | K28: =AVERAGE(D28:J28) -> 29142.857
B29: - Udang Segar (Uk. Sedang) | C29: Kg | D29: 65000 | E29: 70000 | F29: 70000 | G29: 75000 | H29: 58000 | I29: 70000 | J29: 50000 | K29: =AVERAGE(D29:J29) -> 65428.571
B30: - Ikan Lele Segar (Ukuran Sedang) | C30: Kg | D30: 25000 | E30: - | F30: - | G30: 25000 | H30: 23000 | I30: 24000 | J30: 26000 | K30: =AVERAGE(D30:J30) -> 24600
B31: - Ikan Bandeng Segar (Uk. Sedang) | C31: Kg | D31: 45000 | E31: 36000 | F31: 40000 | G31: 45000 | H31: 28000 | I31: 38000 | J31: 40000 | K31: =AVERAGE(D31:J31) -> 38857.143
B32: - Ikan Teri Asin (Bukan Teri Medan) | C32: Kg | D32: - | E32: 100000 | F32: 110000 | G32: - | H32: 80000 | I32: - | J32: - | K32: =AVERAGE(D32:J32) -> 96666.667
A33: 7 | B33: TELUR
B34: - Telur Ayam Broiler | C34: Kg | D34: 27000 | E34: 28000 | F34: 29000 | G34: 27000 | H34: 27000 | I34: 27000 | J34: 27000 | K34: =AVERAGE(D34:J34) -> 27428.571
B35: - Telur Ayam Kampung | C35: Butir | D35: 3000 | E35: 2000 | F35: 2500 | G35: 2500 | H35: 2000 | I35: 2500 | J35: 3000 | K35: =AVERAGE(D35:J35) -> 2500
A36: 8 | B36: TAHU
B37: - Tahu biasa | C37: Kg | D37: 10000 | E37: 10000 | F37: 9000 | G37: 9000 | H37: 16000 | I37: 15000 | J37: 9000 | K37: =AVERAGE(D37:J37) -> 11142.857
B38: - Tahu susu | C38: Kg | D38: - | E38: 7000 | F38: 12000 | G38: 17000 | H38: - | I38: 13000 | J38: 12000 | K38: =AVERAGE(D38:J38) -> 12200
A39: 9 | B39: TEMPE
B40: - Tempe Kw I (campuran kedelai) | C40: Kg | D40: - | E40: 18000 | F40: - | G40: 16000 | H40: 14000 | I40: 15000 | J40: 15000 | K40: =AVERAGE(D40:J40) -> 15600
B41: - Tempe Kw II (campuran jagung) | C41: Kg | D41: 2500 | E41: 12000 | F41: 6000 | G41: - | H41: - | I41: - | J41: - | K41: =AVERAGE(D41:J41) -> 6833.3333
B42: - Tempe Kw III (campuran kulit) | C42: Kg | D42: - | E42: 2000 | F42: - | G42: - | H42: - | I42: - | J42: - | K42: =AVERAGE(D42:J42) -> 2000
A43: 10 | B43: S U S U
B44: - Susu Kental Manis "INDOMILK" Putih | C44: 390 Gr/kaleng | D44: 12500 | E44: 12000 | F44: 12500 | G44: 12000 | H44: - | I44: 12500 | J44: 12500 | K44: =AVERAGE(D44:J44) -> 12333.333
B45: - Susu Kental Manis "BENDERA" Putih | C45: 390 Gr/kaleng | D45: 12500 | E45: 13000 | F45: 12500 | G45: 12000 | H45: - | I45: 12500 | J45: 12500 | K45: =AVERAGE(D45:J45) -> 12500
A46: 11 | B46: SABUN CUCI
B47: - Sabun Detergen Rinso (Anti Noda) | C47: 900 Gram | D47: - | E47: - | F47: - | G47: - | H47: 17500 | I47: - | J47: - | K47: =AVERAGE(D47:J47) -> 17500
B48: - Sabun Colek "Wing's Biru" | C48: 350 Gram | D48: - | E48: - | F48: - | G48: - | H48: 2000 | I48: - | J48: - | K48: =AVERAGE(D48:J48) -> 2000
A49: 12 | B49: JAGUNG
B50: - Jagung Pipilan Kering (Jenis Kecil) | C50: Kg | D50: 10000 | E50: 8000 | F50: 10000 | G50: 10000 | H50: 9000 | I50: 10000 | J50: 8000 | K50: =AVERAGE(D50:J50) -> 9285.7143
B51: - Jagung Pipilan Kering (Jenis Besar) | C51: Kg | D51: 9000 | E51: 10000 | F51: 9000 | G51: 9000 | H51: 6000 | I51: - | J51: 6000 | K51: =AVERAGE(D51:J51) -> 8166.6667
A52: 13 | B52: GARAM BERYODIUM
B53: - Garam Halus (Cap Kapal) | C53: 250 Gr/Bngks | D53: 3000 | E53: 8000 | F53: 5000 | G53: 5000 | H53: 2500 | I53: 2000 | J53: 2500 | K53: =AVERAGE(D53:J53) -> 4000
A54: 14 | B54: TEPUNG TERIGU
B55: - Tepung Terigu "Segitiga Biru" Curah | C55: Kg | D55: 12000 | E55: 10500 | F55: 13000 | G55: 11000 | H55: 11000 | I55: 12000 | J55: 10000 | K55: =AVERAGE(D55:J55) -> 11357.143
A56: 15 | B56: KACANG-KACANGAN
B57: - Kacang Kedelai (Kualitas Import) | C57: Kg | D57: 16000 | E57: 16000 | F57: 16000 | G57: 20000 | H57: 13000 | I57: 17000 | J57: - | K57: =AVERAGE(D57:J57) -> 16333.333
B58: - Kacang Kedelai (Kualitas Lokal) | C58: Kg | D58: - | E58: 14000 | F58: 15000 | G58: - | H58: - | I58: - | J58: 13500 | K58: =AVERAGE(D58:J58) -> 14166.667
B59: - Kacang Hijau | C59: Kg | D59: 25000 | E59: 23000 | F59: 28000 | G59: 30000 | H59: 22000 | I59: 28000 | J59: 26000 | K59: =AVERAGE(D59:J59) -> 26000
B60: - Kacang Tanah (Jenis Besar) | C60: Kg | D60: 30000 | E60: 30000 | F60: 30000 | G60: 30000 | H60: 26000 | I60: 30000 | J60: 28000 | K60: =AVERAGE(D60:J60) -> 29142.857
A61: 16 | B61: MIE INSTAN
B62: - Indomie Goreng | C62: 86 Gr/Bngks | D62: 3000 | E62: 3200 | F62: 3000 | G62: 3000 | H62: - | I62: 3500 | J62: 3500 | K62: =AVERAGE(D62:J62) -> 3200
A63: 17 | B63: C A B E
B64: - Cabe Merah Besar | C64: Kg | D64: 24000 | E64: 30000 | F64: 28000 | G64: 30000 | H64: 20000 | I64: 30000 | J64: 25000 | K64: =AVERAGE(D64:J64) -> 26714.286
B65: - Cabe Merah Kriting | C65: Kg | D65: 30000 | E65: 35000 | F65: 30000 | G65: 40000 | H65: - | I65: 30000 | J65: - | K65: =AVERAGE(D65:J65) -> 33000
B66: - Cabe Merah Kecil-Rawit | C66: Kg | D66: 40000 | E66: 45000 | F66: 50000 | G66: 50000 | H66: 30000 | I66: 40000 | J66: 40000 | K66: =AVERAGE(D66:J66) -> 42142.857
A67: 18 | B67: BAHAN BAKAR GAS LPG
B68: - Gas LPG Tabung (3 Kg.) | C68: Per Tabung | D68: 19000 | E68: 18000 | F68: 18000 | G68: 18000 | H68: - | I68: 18000 | J68: 18000 | K68: =AVERAGE(D68:J68) -> 18166.667
A69: 19 | B69: BAWANG
B70: - Bawang Putih (Jenis Kating) | C70: Kg | D70: 32000 | E70: 32000 | F70: 34000 | G70: 33000 | H70: 29000 | I70: 35000 | J70: 30000 | K70: =AVERAGE(D70:J70) -> 32142.857
B71: - Bawang Putih (Jenis Sinco) | C71: Kg | D71: 28000 | E71: 30000 | F71: 28000 | G71: 28000 | H71: 25000 | I71: 28000 | J71: 28000 | K71: =AVERAGE(D71:J71) -> 27857.143
B72: - Bawang Merah (Kualitas Lokal) | C72: Kg | D72: 30000 | E72: 30000 | F72: 34000 | G72: 35000 | H72: 26000 | I72: 32000 | J72: 25000 | K72: =AVERAGE(D72:J72) -> 30285.714
B73: - Bawang Bombay | C73: Kg | D73: 28000 | E73: 28000 | F73: 30000 | G73: 25000 | H73: 30000 | I73: 38000 | J73: 22000 | K73: =AVERAGE(D73:J73) -> 28714.286
A74: 20 | B74: UBI-UBIAN
B75: - Ketela Pohon | C75: Kg | D75: 7000 | E75: 7000 | F75: 5000 | G75: 6000 | H75: 4000 | I75: 6000 | J75: 5000 | K75: =AVERAGE(D75:J75) -> 5714.2857
B76: - Ubi Jalar | C76: Kg | D76: 7000 | E76: - | F76: 6000 | G76: 6000 | H76: 5000 | I76: 7000 | J76: 6000 | K76: =AVERAGE(D76:J76) -> 6166.6667
A77: 21 | B77: SAYUR-SAYURAN
B78: - Kubis | C78: Kg | D78: 7000 | E78: 8000 | F78: 8000 | G78: 9000 | H78: 9000 | I78: 9000 | J78: 7000 | K78: =AVERAGE(D78:J78) -> 8142.8571
B79: - Buncis | C79: Kg | D79: 12000 | E79: 15000 | F79: 15000 | G79: 14000 | H79: 10000 | I79: 13000 | J79: 12000 | K79: =AVERAGE(D79:J79) -> 13000
B80: - Kentang | C80: Kg | D80: 14000 | E80: 16000 | F80: 16000 | G80: 17000 | H80: 15000 | I80: 16000 | J80: 14000 | K80: =AVERAGE(D80:J80) -> 15428.571
B81: - Tomat | C81: Kg | D81: 16000 | E81: 15000 | F81: 15000 | G81: 15000 | H81: 10000 | I81: 15000 | J81: 12000 | K81: =AVERAGE(D81:J81) -> 14000
B82: - Wortel (Kualitas Lokal) | C82: Kg | D82: 9000 | E82: 12000 | F82: 12000 | G82: 12000 | H82: 10000 | I82: 12000 | J82: 7000 | K82: =AVERAGE(D82:J82) -> 10571.429
B83: - Terong Ungu (Jenis Sayur) | C83: Kg | D83: 7000 | E83: 8000 | F83: 10000 | G83: - | H83: 9000 | I83: 10000 | J83: 8000 | K83: =AVERAGE(D83:J83) -> 8666.6667
B84: - Bayam (Jenis Sayur) | C84: Ikat Kecil | D84: 1000 | E84: - | F84: 2000 | G84: 2000 | H84: 1500 | I84: 2000 | J84: 2000 | K84: =AVERAGE(D84:J84) -> 1750
B85: - Kangkung (Jenis Panjang) | C85: Ikat Kecil | D85: 1000 | E85: - | F85: 1500 | G85: 2000 | H85: 1500 | I85: 1500 | J85: 1500 | K85: =AVERAGE(D85:J85) -> 1500
B86: - Sawi (Jenis Hijau) | C86: Ikat Kecil | D86: - | E86: - | F86: 2000 | G86: 2000 | H86: 2000 | I86: 2000 | J86: 2000 | K86: =AVERAGE(D86:J86) -> 2000
A87: 22 | B87: AIR MINERAL
B88: - Air Mineral (Aqua Galon) | C88: 19 Ltr/Galon | D88: 18000 | E88: - | F88: 17000 | G88: 17000 | H88: - | I88: 20000 | J88: 18000 | K88: =AVERAGE(D88:J88) -> 18000

Sheet 4
A1: HARGA BAHAN-BAHAN POKOK
A2: DI PASAR TRADISIONAL KOTA SURABAYA
A3: HARI / TANGGAL : Selasa / 04 April 2023
B4: NAMA BAHAN POKOK DAN PENTING LAINNYA | C4: SATUAN | D4: Pasar Tambahrejo | E4: Pasar Pucang Anom | F4: Pasar Wonokromo | G4: Pasar Genteng Baru | H4: Pasar Pabean | I4: Pasar Kembang | J4: Pasar Balongsari | K4: Rata-Rata
A7: 1 | B7: BERAS
B8: - Beras Premium | C8: Kg | D8: 13000 | E8: 13500 | F8: 14000 | G8: 13500 | H8: 13000 | I8: 14000 | J8: 13500 | K8: =AVERAGE(D8:J8) -> 13500
B9: - Beras Medium Bulog | C9: Kg | D9: - | E9: - | F9: 12000 | G9: - | H9: 9000 | I9: 9000 | J9: 9000 | K9: =AVERAGE(D9:J9) -> 9750
B10: - Beras Medium | C10: Kg | D10: 11000 | E10: 11500 | F10: - | G10: 11500 | H10: - | I10: - | J10: - | K10: =AVERAGE(D10:J10) -> 11333.333
B11: - Beras Jagung | C11: Kg | D11: - | E11: 10000 | F11: 12000 | G11: 12000 | H11: - | I11: 11000 | J11: 8000 | K11: =AVERAGE(D11:J11) -> 10600
B12: - Beras Ketan (Jenis Siyem) | C12: Kg | D12: - | E12: 22000 | F12: 24000 | G12: 20000 | H12: - | I12: 22000 | J12: 17000 | K12: =AVERAGE(D12:J12) -> 21000
A13: 2 | B13: GULA
B14: - Gula pasir lokal curah | C14: Kg | D14: 13000 | E14: 13000 | F14: 13500 | G14: 13000 | H14: 13000 | I14: 13000 | J14: 13500 | K14: =AVERAGE(D14:J14) -> 13142.857
B15: - Gula Jawa/Merah (Bahan Kelapa) | C15: Kg | D15: 15000 | E15: 16000 | F15: 16000 | G15: 16000 | H15: 15000 | I15: 16000 | J15: 16000 | K15: =AVERAGE(D15:J15) -> 15714.286
A16: 3 | B16: MINYAK GORENG
B17: - Minyak Goreng Curah (Bening) | C17: Kg | D17: 15000 | E17: 16000 | F17: 16000 | G17: 16000 | H17: 14000 | I17: 16000 | J17: 15500 | K17: =AVERAGE(D17:J17) -> 15500
B18: - Minyak Kita | C18: Liter | D18: 14000 | E18: 14000 | F18: 14000 | G18: 14000 | H18: - | I18: 14000 | J18: 14000 | K18: =AVERAGE(D18:J18) -> 14000
A19: 4 | B19: MENTEGA
B20: - Mentega Curah (Amanda) | C20: Kg | D20: 20000 | E20: - | F20: 19000 | G20: 22000 | H20: - | I20: 24000 | J20: - | K20: =AVERAGE(D20:J20) -> 21250
A21: 5 | B21: DAGING
B22: - Daging Sapi Grade Atas | C22: Kg | D22: 120000 | E22: 120000 | F22: 120000 | G22: 120000 | H22: 120000 | I22: 120000 | J22: 110000 | K22: =AVERAGE(D22:J22) -> 118571.43
B23: - Daging Sapi Grade Sedang | C23: Kg | D23: 110000 | E23: 110000 | F23: 110000 | G23: 110000 | H23: 114000 | I23: 110000 | J23: 100000 | K23: =AVERAGE(D23:J23) -> 109142.86
B24: - Daging Sapi Grade Bawah | C24: Kg | D24: 100000 | E24: 95000 | F24: 100000 | G24: 100000 | H24: 100000 | I24: 100000 | J24: - | K24: =AVERAGE(D24:J24) -> 99166.667
B25: - Daging Ayam Broiler | C25: Kg | D25: 32000 | E25: 30000 | F25: 32000 | G25: 30000 | H25: 32000 | I25: 30000 | J25: 32000 | K25: =AVERAGE(D25:J25) -> 31142.857
A26: 6 | B26: I K A N
B27: - Ikan Tongkol Segar (Uk. Sedang) | C27: Kg | D27: 35000 | E27: 38000 | F27: - | G27: 45000 | H27: 30000 | I27: 38000 | J27: 35000 | K27: =AVERAGE(D27:J27) -> 36833.333
B28: - Ikan Mujair Segar (Uk. Sedang) | C28: Kg | D28: 30000 | E28: 30000 | F28: 30000 | G28: 35000 | H28: 23000 | I28: 30000 | J28: 26000 | K28: =AVERAGE(D28:J28) -> 29142.857
B29: - Udang Segar (Uk. Sedang) | C29: Kg | D29: 65000 | E29: 70000 | F29: 70000 | G29: 75000 | H29: 58000 | I29: 70000 | J29: 50000 | K29: =AVERAGE(D29:J29) -> 65428.571
B30: - Ikan Lele Segar (Ukuran Sedang) | C30: Kg | D30: 25000 | E30: - | F30: - | G30: 25000 | H30: 23000 | I30: 24000 | J30: 26000 | K30: =AVERAGE(D30:J30) -> 24600
B31: - Ikan Bandeng Segar (Uk. Sedang) | C31: Kg | D31: 45000 | E31: 36000 | F31: 40000 | G31: 45000 | H31: 28000 | I31: 38000 | J31: 40000 | K31: =AVERAGE(D31:J31) -> 38857.143
B32: - Ikan Teri Asin (Bukan Teri Medan) | C32: Kg | D32: - | E32: 100000 | F32: 110000 | G32: - | H32: 80000 | I32: - | J32: - | K32: =AVERAGE(D32:J32) -> 96666.667
A33: 7 | B33: TELUR
B34: - Telur Ayam Broiler | C34: Kg | D34: 27000 | E34: 28000 | F34: 28000 | G34: 27000 | H34: 26000 | I34: 27000 | J34: 27000 | K34: =AVERAGE(D34:J34) -> 27142.857
B35: - Telur Ayam Kampung | C35: Butir | D35: 3000 | E35: 2200 | F35: 2500 | G35: 2500 | H35: 2000 | I35: 2500 | J35: 3000 | K35: =AVERAGE(D35:J35) -> 2528.5714
A36: 8 | B36: TAHU
B37: - Tahu biasa | C37: Kg | D37: 10000 | E37: 10000 | F37: 9000 | G37: 9000 | H37: 16000 | I37: 15000 | J37: 9000 | K37: =AVERAGE(D37:J37) -> 11142.857
B38: - Tahu susu | C38: Kg | D38: - | E38: 7000 | F38: 12000 | G38: 17000 | H38: - | I38: 13000 | J38: 12000 | K38: =AVERAGE(D38:J38) -> 12200
A39: 9 | B39: TEMPE
B40: - Tempe Kw I (campuran kedelai) | C40: Kg | D40: - | E40: 18000 | F40: - | G40: 16000 | H40: 14000 | I40: 15000 | J40: 15000 | K40: =AVERAGE(D40:J40) -> 15600
B41: - Tempe Kw II (campuran jagung) | C41: Kg | D41: 2500 | E41: 12000 | F41: 6000 | G41: - | H41: - | I41: - | J41: - | K41: =AVERAGE(D41:J41) -> 6833.3333
B42: - Tempe Kw III (campuran kulit) | C42: Kg | D42: - | E42: 2000 | F42: - | G42: - | H42: - | I42: - | J42: - | K42: =AVERAGE(D42:J42) -> 2000
A43: 10 | B43: S U S U
B44: - Susu Kental Manis "INDOMILK" Putih | C44: 390 Gr/kaleng | D44: 12500 | E44: 12000 | F44: 12500 | G44: 12000 | H44: - | I44: 12500 | J44: 12500 | K44: =AVERAGE(D44:J44) -> 12333.333
B45: - Susu Kental Manis "BENDERA" Putih | C45: 390 Gr/kaleng | D45: 12500 | E45: 13000 | F45: 12500 | G45: 12000 | H45: - | I45: 12500 | J45: 12500 | K45: =AVERAGE(D45:J45) -> 12500
A46: 11 | B46: SABUN CUCI
B47: - Sabun Detergen Rinso (Anti Noda) | C47: 900 Gram | D47: - | E47: - | F47: - | G47: - | H47: 17500 | I47: - | J47: - | K47: =AVERAGE(D47:J47) -> 17500
B48: - Sabun Colek "Wing's Biru" | C48: 350 Gram | D48: - | E48: - | F48: - | G48: - | H48: 2000 | I48: - | J48: - | K48: =AVERAGE(D48:J48) -> 2000
A49: 12 | B49: JAGUNG
B50: - Jagung Pipilan Kering (Jenis Kecil) | C50: Kg | D50: 10000 | E50: 8000 | F50: 10000 | G50: 10000 | H50: 9000 | I50: 10000 | J50: 8000 | K50: =AVERAGE(D50:J50) -> 9285.7143
B51: - Jagung Pipilan Kering (Jenis Besar) | C51: Kg | D51: 9000 | E51: 10000 | F51: 9000 | G51: 9000 | H51: 6000 | I51: - | J51: 6000 | K51: =AVERAGE(D51:J51) -> 8166.6667
A52: 13 | B52: GARAM BERYODIUM
B53: - Garam Halus (Cap Kapal) | C53: 250 Gr/Bngks | D53: 3000 | E53: 8000 | F53: 5000 | G53: 5000 | H53: 2500 | I53: 2000 | J53: 2500 | K53: =AVERAGE(D53:J53) -> 4000
A54: 14 | B54: TEPUNG TERIGU
B55: - Tepung Terigu "Segitiga Biru" Curah | C55: Kg | D55: 12000 | E55: 10500 | F55: 13000 | G55: 11000 | H55: 11000 | I55: 12000 | J55: 10000 | K55: =AVERAGE(D55:J55) -> 11357.143
A56: 15 | B56: KACANG-KACANGAN
B57: - Kacang Kedelai (Kualitas Import) | C57: Kg | D57: 16000 | E57: 16000 | F57: 16000 | G57: 20000 | H57: 13000 | I57: 17000 | J57: - | K57: =AVERAGE(D57:J57) -> 16333.333
B58: - Kacang Kedelai (Kualitas Lokal) | C58: Kg | D58: - | E58: 14000 | F58: 15000 | G58: - | H58: - | I58: - | J58: 13500 | K58: =AVERAGE(D58:J58) -> 14166.667
B59: - Kacang Hijau | C59: Kg | D59: 25000 | E59: 23000 | F59: 28000 | G59: 30000 | H59: 22000 | I59: 28000 | J59: 26000 | K59: =AVERAGE(D59:J59) -> 26000
B60: - Kacang Tanah (Jenis Besar) | C60: Kg | D60: 30000 | E60: 30000 | F60: 30000 | G60: 30000 | H60: 26000 | I60: 30000 | J60: 28000 | K60: =AVERAGE(D60:J60) -> 29142.857
A61: 16 | B61: MIE INSTAN
B62: - Indomie Goreng | C62: 86 Gr/Bngks | D62: 3000 | E62: 3200 | F62: 3000 | G62: 3000 | H62: - | I62: 3500 | J62: 3500 | K62: =AVERAGE(D62:J62) -> 3200
A63: 17 | B63: C A B E
B64: - Cabe Merah Besar | C64: Kg | D64: 24000 | E64: 30000 | F64: 25000 | G64: 30000 | H64: 20000 | I64: 30000 | J64: 25000 | K64: =AVERAGE(D64:J64) -> 26285.714
B65: - Cabe Merah Kriting | C65: Kg | D65: 30000 | E65: 35000 | F65: 28000 | G65: 40000 | H65: - | I65: 30000 | J65: - | K65: =AVERAGE(D65:J65) -> 32600
B66: - Cabe Merah Kecil-Rawit | C66: Kg | D66: 40000 | E66: 45000 | F66: 32000 | G66: 50000 | H66: 35000 | I66: 40000 | J66: 40000 | K66: =AVERAGE(D66:J66) -> 40285.714
A67: 18 | B67: BAHAN BAKAR GAS LPG
B68: - Gas LPG Tabung (3 Kg.) | C68: Per Tabung | D68: 19000 | E68: 18000 | F68: 18000 | G68: 18000 | H68: - | I68: 18000 | J68: 18000 | K68: =AVERAGE(D68:J68) -> 18166.667
A69: 19 | B69: BAWANG
B70: - Bawang Putih (Jenis Kating) | C70: Kg | D70: 32000 | E70: 32000 | F70: 32000 | G70: 33000 | H70: 29000 | I70: 35000 | J70: 30000 | K70: =AVERAGE(D70:J70) -> 31857.143
B71: - Bawang Putih (Jenis Sinco) | C71: Kg | D71: 28000 | E71: 30000 | F71: 28000 | G71: 28000 | H71: 26000 | I71: 28000 | J71: 28000 | K71: =AVERAGE(D71:J71) -> 28000
B72: - Bawang Merah (Kualitas Lokal) | C72: Kg | D72: 30000 | E72: 32000 | F72: 35000 | G72: 35000 | H72: 26000 | I72: 32000 | J72: 25000 | K72: =AVERAGE(D72:J72) -> 30714.286
B73: - Bawang Bombay | C73: Kg | D73: 28000 | E73: 28000 | F73: 30000 | G73: 25000 | H73: 30000 | I73: 38000 | J73: 22000 | K73: =AVERAGE(D73:J73) -> 28714.286
A74: 20 | B74: UBI-UBIAN
B75: - Ketela Pohon | C75: Kg | D75: 7000 | E75: 7000 | F75: 5000 | G75: 6000 | H75: 4000 | I75: 6000 | J75: 5000 | K75: =AVERAGE(D75:J75) -> 5714.2857
B76: - Ubi Jalar | C76: Kg | D76: 7000 | E76: - | F76: 6000 | G76: 6000 | H76: 5000 | I76: 7000 | J76: 6000 | K76: =AVERAGE(D76:J76) -> 6166.6667
A77: 21 | B77: SAYUR-SAYURAN
B78: - Kubis | C78: Kg | D78: 7000 | E78: 8000 | F78: 8000 | G78: 9000 | H78: 9000 | I78: 9000 | J78: 7000 | K78: =AVERAGE(D78:J78) -> 8142.8571
B79: - Buncis | C79: Kg | D79: 12000 | E79: 15000 | F79: 15000 | G79: 14000 | H79: 10000 | I79: 13000 | J79: 12000 | K79: =AVERAGE(D79:J79) -> 13000
B80: - Kentang | C80: Kg | D80: 14000 | E80: 16000 | F80: 16000 | G80: 17000 | H80: 15000 | I80: 16000 | J80: 14000 | K80: =AVERAGE(D80:J80) -> 15428.571
B81: - Tomat | C81: Kg | D81: 16000 | E81: 15000 | F81: 15000 | G81: 15000 | H81: 13000 | I81: 15000 | J81: 12000 | K81: =AVERAGE(D81:J81) -> 14428.571
B82: - Wortel (Kualitas Lokal) | C82: Kg | D82: 9000 | E82: 12000 | F82: 12000 | G82: 12000 | H82: 10000 | I82: 12000 | J82: 7000 | K82: =AVERAGE(D82:J82) -> 10571.429
B83: - Terong Ungu (Jenis Sayur) | C83: Kg | D83: 7000 | E83: 8000 | F83: 10000 | G83: - | H83: 9000 | I83: 10000 | J83: 8000 | K83: =AVERAGE(D83:J83) -> 8666.6667
B84: - Bayam (Jenis Sayur) | C84: Ikat Kecil | D84: 1000 | E84: - | F84: 2000 | G84: 2000 | H84: 1500 | I84: 2000 | J84: 2000 | K84: =AVERAGE(D84:J84) -> 1750
B85: - Kangkung (Jenis Panjang) | C85: Ikat Kecil | D85: 1000 | E85: - | F85: 1500 | G85: 2000 | H85: 1500 | I85: 1500 | J85: 1500 | K85: =AVERAGE(D85:J85) -> 1500
B86: - Sawi (Jenis Hijau) | C86: Ikat Kecil | D86: - | E86: - | F86: 2000 | G86: 2000 | H86: 2000 | I86: 2000 | J86: 2000 | K86: =AVERAGE(D86:J86) -> 2000
A87: 22 | B87: AIR MINERAL
B88: - Air Mineral (Aqua Galon) | C88: 19 Ltr/Galon | D88: 18000 | E88: - | F88: 17000 | G88: 17000 | H88: - | I88: 20000 | J88: 18000 | K88: =AVERAGE(D88:J88) -> 18000

Sheet 5
A1: HARGA BAHAN-BAHAN POKOK
A2: DI PASAR TRADISIONAL KOTA SURABAYA
A3: HARI / TANGGAL : Rabu / 05 April 2023
B4: NAMA BAHAN POKOK DAN PENTING LAINNYA | C4: SATUAN | D4: Pasar Tambahrejo | E4: Pasar Pucang Anom | F4: Pasar Wonokromo | G4: Pasar Genteng Baru | H4: Pasar Pabean | I4: Pasar Kembang | J4: Pasar Balongsari | K4: Rata-Rata
A7: 1 | B7: BERAS
B8: - Beras Premium | C8: Kg | D8: 13000 | E8: 13500 | F8: 14000 | G8: 13500 | H8: 13000 | I8: 14000 | J8: 13500 | K8: =AVERAGE(D8:J8) -> 13500
B9: - Beras Medium Bulog | C9: Kg | D9: - | E9: - | F9: 12000 | G9: - | H9: 9000 | I9: 9000 | J9: 9000 | K9: =AVERAGE(D9:J9) -> 9750
B10: - Beras Medium | C10: Kg | D10: 11000 | E10: 11500 | F10: - | G10: 11500 | H10: - | I10: - | J10: - | K10: =AVERAGE(D10:J10) -> 11333.333
B11: - Beras Jagung | C11: Kg | D11: - | E11: 10000 | F11: 12000 | G11: 12000 | H11: - | I11: 11000 | J11: 8000 | K11: =AVERAGE(D11:J11) -> 10600
B12: - Beras Ketan (Jenis Siyem) | C12: Kg | D12: - | E12: 22000 | F12: 24000 | G12: 20000 | H12: - | I12: 22000 | J12: 17000 | K12: =AVERAGE(D12:J12) -> 21000
A13: 2 | B13: GULA
B14: - Gula pasir lokal curah | C14: Kg | D14: 13000 | E14: 13000 | F14: 13500 | G14: 13000 | H14: 13000 | I14: 13000 | J14: 13500 | K14: =AVERAGE(D14:J14) -> 13142.857
B15: - Gula Jawa/Merah (Bahan Kelapa) | C15: Kg | D15: 15000 | E15: 16000 | F15: 16000 | G15: 16000 | H15: 15000 | I15: 16000 | J15: 16000 | K15: =AVERAGE(D15:J15) -> 15714.286
A16: 3 | B16: MINYAK GORENG
B17: - Minyak Goreng Curah (Bening) | C17: Kg | D17: 15000 | E17: 16000 | F17: 17000 | G17: 16000 | H17: 14000 | I17: 16000 | J17: 15500 | K17: =AVERAGE(D17:J17) -> 15642.857
B18: - Minyak Kita | C18: Liter | D18: 14000 | E18: 14000 | F18: 14000 | G18: 14000 | H18: - | I18: 14000 | J18: 14000 | K18: =AVERAGE(D18:J18) -> 14000
A19: 4 | B19: MENTEGA
B20: - Mentega Curah (Amanda) | C20: Kg | D20: 20000 | E20: - | F20: 19000 | G20: 22000 | H20: - | I20: 24000 | J20: - | K20: =AVERAGE(D20:J20) -> 21250
A21: 5 | B21: DAGING
B22: - Daging Sapi Grade Atas | C22: Kg | D22: 120000 | E22: 120000 | F22: 120000 | G22: 120000 | H22: 120000 | I22: 120000 | J22: 110000 | K22: =AVERAGE(D22:J22) -> 118571.43
B23: - Daging Sapi Grade Sedang | C23: Kg | D23: 110000 | E23: 110000 | F23: 110000 | G23: 110000 | H23: 114000 | I23: 110000 | J23: 100000 | K23: =AVERAGE(D23:J23) -> 109142.86
B24: - Daging Sapi Grade Bawah | C24: Kg | D24: 100000 | E24: 95000 | F24: 100000 | G24: 100000 | H24: 100000 | I24: 100000 | J24: - | K24: =AVERAGE(D24:J24) -> 99166.667
B25: - Daging Ayam Broiler | C25: Kg | D25: 32000 | E25: 30000 | F25: 32000 | G25: 30000 | H25: 32000 | I25: 30000 | J25: 32000 | K25: =AVERAGE(D25:J25) -> 31142.857
A26: 6 | B26: I K A N
B27: - Ikan Tongkol Segar (Uk. Sedang) | C27: Kg | D27: 35000 | E27: 38000 | F27: - | G27: 45000 | H27: 30000 | I27: 38000 | J27: 35000 | K27: =AVERAGE(D27:J27) -> 36833.333
B28: - Ikan Mujair Segar (Uk. Sedang) | C28: Kg | D28: 30000 | E28: 30000 | F28: 30000 | G28: 35000 | H28: 23000 | I28: 30000 | J28: 26000 | K28: =AVERAGE(D28:J28) -> 29142.857
B29: - Udang Segar (Uk. Sedang) | C29: Kg | D29: 65000 | E29: 70000 | F29: 70000 | G29: 75000 | H29: 58000 | I29: 68000 | J29: 50000 | K29: =AVERAGE(D29:J29) -> 65142.857
B30: - Ikan Lele Segar (Ukuran Sedang) | C30: Kg | D30: 25000 | E30: - | F30: - | G30: 25000 | H30: 23000 | I30: 24000 | J30: 26000 | K30: =AVERAGE(D30:J30) -> 24600
B31: - Ikan Bandeng Segar (Uk. Sedang) | C31: Kg | D31: 45000 | E31: 36000 | F31: 40000 | G31: 45000 | H31: 28000 | I31: 36000 | J31: 40000 | K31: =AVERAGE(D31:J31) -> 38571.429
B32: - Ikan Teri Asin (Bukan Teri Medan) | C32: Kg | D32: - | E32: 100000 | F32: 110000 | G32: - | H32: 80000 | I32: - | J32: - | K32: =AVERAGE(D32:J32) -> 96666.667
A33: 7 | B33: TELUR
B34: - Telur Ayam Broiler | C34: Kg | D34: 27000 | E34: 28000 | F34: 28000 | G34: 27000 | H34: 26000 | I34: 27000 | J34: 27000 | K34: =AVERAGE(D34:J34) -> 27142.857
B35: - Telur Ayam Kampung | C35: Butir | D35: 3000 | E35: 2200 | F35: 2500 | G35: 2200 | H35: 2000 | I35: 2500 | J35: 3000 | K35: =AVERAGE(D35:J35) -> 2485.7143
A36: 8 | B36: TAHU
B37: - Tahu biasa | C37: Kg | D37: 10000 | E37: 10000 | F37: 9000 | G37: 9000 | H37: 16000 | I37: 15000 | J37: 9000 | K37: =AVERAGE(D37:J37) -> 11142.857
B38: - Tahu susu | C38: Kg | D38: - | E38: 7000 | F38: 12000 | G38: 17000 | H38: - | I38: 13000 | J38: 12000 | K38: =AVERAGE(D38:J38) -> 12200
A39: 9 | B39: TEMPE
B40: - Tempe Kw I (campuran kedelai) | C40: Kg | D40: - | E40: 18000 | F40: - | G40: 16000 | H40: 14000 | I40: 15000 | J40: 15000 | K40: =AVERAGE(D40:J40) -> 15600
B41: - Tempe Kw II (campuran jagung) | C41: Kg | D41: 2500 | E41: 12000 | F41: 6000 | G41: - | H41: - | I41: - | J41: - | K41: =AVERAGE(D41:J41) -> 6833.3333
B42: - Tempe Kw III (campuran kulit) | C42: Kg | D42: - | E42: 2000 | F42: - | G42: - | H42: - | I42: - | J42: - | K42: =AVERAGE(D42:J42) -> 2000
A43: 10 | B43: S U S U
B44: - Susu Kental Manis "INDOMILK" Putih | C44: 390 Gr/kaleng | D44: 12500 | E44: 12000 | F44: 12500 | G44: 12000 | H44: - | I44: 12500 | J44: 12500 | K44: =AVERAGE(D44:J44) -> 12333.333
B45: - Susu Kental Manis "BENDERA" Putih | C45: 390 Gr/kaleng | D45: 12500 | E45: 13000 | F45: 12500 | G45: 12000 | H45: - | I45: 12500 | J45: 12500 | K45: =AVERAGE(D45:J45) -> 12500
A46: 11 | B46: SABUN CUCI
B47: - Sabun Detergen Rinso (Anti Noda) | C47: 900 Gram | D47: - | E47: - | F47: - | G47: - | H47: 17500 | I47: - | J47: - | K47: =AVERAGE(D47:J47) -> 17500
B48: - Sabun Colek "Wing's Biru" | C48: 350 Gram | D48: - | E48: - | F48: - | G48: - | H48: 2000 | I48: - | J48: - | K48: =AVERAGE(D48:J48) -> 2000
A49: 12 | B49: JAGUNG
B50: - Jagung Pipilan Kering (Jenis Kecil) | C50: Kg | D50: 10000 | E50: 8000 | F50: 10000 | G50: 10000 | H50: 9000 | I50: 10000 | J50: 8000 | K50: =AVERAGE(D50:J50) -> 9285.7143
B51: - Jagung Pipilan Kering (Jenis Besar) | C51: Kg | D51: 9000 | E51: 10000 | F51: 9000 | G51: 9000 | H51: 6000 | I51: - | J51: 6000 | K51: =AVERAGE(D51:J51) -> 8166.6667
A52: 13 | B52: GARAM BERYODIUM
B53: - Garam Halus (Cap Kapal) | C53: 250 Gr/Bngks | D53: 3000 | E53: 8000 | F53: 5000 | G53: 5000 | H53: 2500 | I53: 2000 | J53: 2500 | K53: =AVERAGE(D53:J53) -> 4000
A54: 14 | B54: TEPUNG TERIGU
B55: - Tepung Terigu "Segitiga Biru" Curah | C55: Kg | D55: 12000 | E55: 10500 | F55: 13000 | G55: 11000 | H55: 11000 | I55: 12000 | J55: 10000 | K55: =AVERAGE(D55:J55) -> 11357.143
A56: 15 | B56: KACANG-KACANGAN
B57: - Kacang Kedelai (Kualitas Import) | C57: Kg | D57: 16000 | E57: 16000 | F57: 16000 | G57: 20000 | H57: 13000 | I57: 17000 | J57: - | K57: =AVERAGE(D57:J57) -> 16333.333
B58: - Kacang Kedelai (Kualitas Lokal) | C58: Kg | D58: - | E58: 14000 | F58: 15000 | G58: - | H58: - | I58: - | J58: 13500 | K58: =AVERAGE(D58:J58) -> 14166.667
B59: - Kacang Hijau | C59: Kg | D59: 25000 | E59: 23000 | F59: 28000 | G59: 30000 | H59: 22000 | I59: 28000 | J59: 26000 | K59: =AVERAGE(D59:J59) -> 26000
B60: - Kacang Tanah (Jenis Besar) | C60: Kg | D60: 30000 | E60: 30000 | F60: 30000 | G60: 30000 | H60: 26000 | I60: 33000 | J60: 28000 | K60: =AVERAGE(D60:J60) -> 29571.429
A61: 16 | B61: MIE INSTAN
B62: - Indomie Goreng | C62: 86 Gr/Bngks | D62: 3000 | E62: 3200 | F62: 3000 | G62: 3000 | H62: - | I62: 3500 | J62: 3500 | K62: =AVERAGE(D62:J62) -> 3200
A63: 17 | B63: C A B E
B64: - Cabe Merah Besar | C64: Kg | D64: 24000 | E64: 30000 | F64: 32000 | G64: 30000 | H64: 20000 | I64: 30000 | J64: 25000 | K64: =AVERAGE(D64:J64) -> 27285.714
B65: - Cabe Merah Kriting | C65: Kg | D65: 30000 | E65: 35000 | F65: 30000 | G65: 30000 | H65: - | I65: 30000 | J65: - | K65: =AVERAGE(D65:J65) -> 31000
B66: - Cabe Merah Kecil-Rawit | C66: Kg | D66: 40000 | E66: 40000 | F66: 35000 | G66: 40000 | H66: 35000 | I66: 40000 | J66: 40000 | K66: =AVERAGE(D66:J66) -> 38571.429
A67: 18 | B67: BAHAN BAKAR GAS LPG
B68: - Gas LPG Tabung (3 Kg.) | C68: Per Tabung | D68: 19000 | E68: 18000 | F68: 18000 | G68: 18000 | H68: - | I68: 18000 | J68: 18000 | K68: =AVERAGE(D68:J68) -> 18166.667
A69: 19 | B69: BAWANG
B70: - Bawang Putih (Jenis Kating) | C70: Kg | D70: 32000 | E70: 35000 | F70: 32000 | G70: 33000 | H70: 29000 | I70: 35000 | J70: 30000 | K70: =AVERAGE(D70:J70) -> 32285.714
B71: - Bawang Putih (Jenis Sinco) | C71: Kg | D71: 28000 | E71: 32000 | F71: 28000 | G71: 28000 | H71: 26000 | I71: 28000 | J71: 28000 | K71: =AVERAGE(D71:J71) -> 28285.714
B72: - Bawang Merah (Kualitas Lokal) | C72: Kg | D72: 30000 | E72: 35000 | F72: 34000 | G72: 35000 | H72: 26000 | I72: 32000 | J72: 25000 | K72: =AVERAGE(D72:J72) -> 31000
B73: - Bawang Bombay | C73: Kg | D73: 28000 | E73: 30000 | F73: 30000 | G73: 25000 | H73: 30000 | I73: 38000 | J73: 22000 | K73: =AVERAGE(D73:J73) -> 29000
A74: 20 | B74: UBI-UBIAN
B75: - Ketela Pohon | C75: Kg | D75: 7000 | E75: 7000 | F75: 5000 | G75: 6000 | H75: 4000 | I75: 6000 | J75: 5000 | K75: =AVERAGE(D75:J75) -> 5714.2857
B76: - Ubi Jalar | C76: Kg | D76: 7000 | E76: - | F76: 6000 | G76: 6000 | H76: 5000 | I76: 7000 | J76: 6000 | K76: =AVERAGE(D76:J76) -> 6166.6667
A77: 21 | B77: SAYUR-SAYURAN
B78: - Kubis | C78: Kg | D78: 7000 | E78: 8000 | F78: 7000 | G78: 9000 | H78: 9000 | I78: 9000 | J78: 7000 | K78: =AVERAGE(D78:J78) -> 8000
B79: - Buncis | C79: Kg | D79: 12000 | E79: 14000 | F79: 15000 | G79: 14000 | H79: 10000 | I79: 13000 | J79: 12000 | K79: =AVERAGE(D79:J79) -> 12857.143
B80: - Kentang | C80: Kg | D80: 14000 | E80: 15000 | F80: 16000 | G80: 17000 | H80: 15000 | I80: 16000 | J80: 14000 | K80: =AVERAGE(D80:J80) -> 15285.714
B81: - Tomat | C81: Kg | D81: 16000 | E81: 15000 | F81: 15000 | G81: 15000 | H81: 13000 | I81: 15000 | J81: 12000 | K81: =AVERAGE(D81:J81) -> 14428.571
B82: - Wortel (Kualitas Lokal) | C82: Kg | D82: 9000 | E82: 10000 | F82: 12000 | G82: 12000 | H82: 10000 | I82: 12000 | J82: 7000 | K82: =AVERAGE(D82:J82) -> 10285.714
B83: - Terong Ungu (Jenis Sayur) | C83: Kg | D83: 7000 | E83: 10000 | F83: 10000 | G83: - | H83: 9000 | I83: 10000 | J83: 8000 | K83: =AVERAGE(D83:J83) -> 9000
B84: - Bayam (Jenis Sayur) | C84: Ikat Kecil | D84: 1000 | E84: - | F84: 2000 | G84: 2000 | H84: 1500 | I84: 2000 | J84: 2000 | K84: =AVERAGE(D84:J84) -> 1750
B85: - Kangkung (Jenis Panjang) | C85: Ikat Kecil | D85: 1000 | E85: - | F85: 1500 | G85: 2000 | H85: 1500 | I85: 1500 | J85: 1500 | K85: =AVERAGE(D85:J85) -> 1500
B86: - Sawi (Jenis Hijau) | C86: Ikat Kecil | D86: - | E86: - | F86: 2000 | G86: 2000 | H86: 2000 | I86: 2000 | J86: 2000 | K86: =AVERAGE(D86:J86) -> 2000
A87: 22 | B87: AIR MINERAL
B88: - Air Mineral (Aqua Galon) | C88: 19 Ltr/Galon | D88: 18000 | E88: - | F88: 17000 | G88: 17000 | H88: - | I88: 20000 | J88: 18000 | K88: =AVERAGE(D88:J88) -> 18000

Sheet 6
A1: HARGA BAHAN-BAHAN POKOK
A2: DI PASAR TRADISIONAL KOTA SURABAYA
A3: HARI / TANGGAL : Kamis / 06 April 2023
B4: NAMA BAHAN POKOK DAN PENTING LAINNYA | C4: SATUAN | D4: Pasar Tambahrejo | E4: Pasar Pucang Anom | F4: Pasar Wonokromo | G4: Pasar Genteng Baru | H4: Pasar Pabean | I4: Pasar Kembang | J4: Pasar Balongsari | K4: Rata-Rata
A7: 1 | B7: BERAS
B8: - Beras Premium | C8: Kg | D8: 13000 | E8: 13500 | F8: 14000 | G8: 13500 | H8: 13000 | I8: 14000 | J8: 13500 | K8: =AVERAGE(D8:J8) -> 13500
B9: - Beras Medium Bulog | C9: Kg | D9: - | E9: - | F9: 12000 | G9: - | H9: 9000 | I9: 9000 | J9: 9000 | K9: =AVERAGE(D9:J9) -> 9750
B10: - Beras Medium | C10: Kg | D10: 11000 | E10: 11500 | F10: - | G10: 11500 | H10: - | I10: - | J10: - | K10: =AVERAGE(D10:J10) -> 11333.333
B11: - Beras Jagung | C11: Kg | D11: - | E11: 10000 | F11: 12000 | G11: 12000 | H11: - | I11: 11000 | J11: 8000 | K11: =AVERAGE(D11:J11) -> 10600
B12: - Beras Ketan (Jenis Siyem) | C12: Kg | D12: - | E12: 22000 | F12: 24000 | G12: 20000 | H12: - | I12: 22000 | J12: 17000 | K12: =AVERAGE(D12:J12) -> 21000
A13: 2 | B13: GULA
B14: - Gula pasir lokal curah | C14: Kg | D14: 13000 | E14: 13000 | F14: 13500 | G14: 13000 | H14: 13000 | I14: 13000 | J14: 13500 | K14: =AVERAGE(D14:J14) -> 13142.857
B15: - Gula Jawa/Merah (Bahan Kelapa) | C15: Kg | D15: 15000 | E15: 16000 | F15: 16000 | G15: 16000 | H15: 15000 | I15: 16000 | J15: 16000 | K15: =AVERAGE(D15:J15) -> 15714.286
A16: 3 | B16: MINYAK GORENG
B17: - Minyak Goreng Curah (Bening) | C17: Kg | D17: 15000 | E17: 16000 | F17: 17000 | G17: 16000 | H17: 14000 | I17: 16000 | J17: 15000 | K17: =AVERAGE(D17:J17) -> 15571.429
B18: - Minyak Kita | C18: Liter | D18: 14000 | E18: 14000 | F18: 14000 | G18: 14000 | H18: - | I18: 14000 | J18: 14000 | K18: =AVERAGE(D18:J18) -> 14000
A19: 4 | B19: MENTEGA
B20: - Mentega Curah (Amanda) | C20: Kg | D20: 20000 | E20: - | F20: 19000 | G20: 22000 | H20: - | I20: 24000 | J20: - | K20: =AVERAGE(D20:J20) -> 21250
A21: 5 | B21: DAGING
B22: - Daging Sapi Grade Atas | C22: Kg | D22: 120000 | E22: 120000 | F22: 120000 | G22: 120000 | H22: 120000 | I22: 120000 | J22: 110000 | K22: =AVERAGE(D22:J22) -> 118571.43
B23: - Daging Sapi Grade Sedang | C23: Kg | D23: 110000 | E23: 110000 | F23: 110000 | G23: 110000 | H23: 114000 | I23: 110000 | J23: 100000 | K23: =AVERAGE(D23:J23) -> 109142.86
B24: - Daging Sapi Grade Bawah | C24: Kg | D24: 100000 | E24: 95000 | F24: 100000 | G24: 100000 | H24: 100000 | I24: 100000 | J24: - | K24: =AVERAGE(D24:J24) -> 99166.667
B25: - Daging Ayam Broiler | C25: Kg | D25: 32000 | E25: 30000 | F25: 30000 | G25: 30000 | H25: 32000 | I25: 30000 | J25: 32000 | K25: =AVERAGE(D25:J25) -> 30857.143
A26: 6 | B26: I K A N
B27: - Ikan Tongkol Segar (Uk. Sedang) | C27: Kg | D27: 35000 | E27: 38000 | F27: - | G27: 45000 | H27: 30000 | I27: 38000 | J27: 35000 | K27: =AVERAGE(D27:J27) -> 36833.333
B28: - Ikan Mujair Segar (Uk. Sedang) | C28: Kg | D28: 30000 | E28: 30000 | F28: 30000 | G28: 35000 | H28: 23000 | I28: 30000 | J28: 26000 | K28: =AVERAGE(D28:J28) -> 29142.857
B29: - Udang Segar (Uk. Sedang) | C29: Kg | D29: 65000 | E29: 60000 | F29: 70000 | G29: 75000 | H29: 58000 | I29: 68000 | J29: 50000 | K29: =AVERAGE(D29:J29) -> 63714.286
B30: - Ikan Lele Segar (Ukuran Sedang) | C30: Kg | D30: 25000 | E30: - | F30: - | G30: 25000 | H30: 23000 | I30: 24000 | J30: 26000 | K30: =AVERAGE(D30:J30) -> 24600
B31: - Ikan Bandeng Segar (Uk. Sedang) | C31: Kg | D31: 45000 | E31: 36000 | F31: 40000 | G31: 45000 | H31: 28000 | I31: 36000 | J31: 40000 | K31: =AVERAGE(D31:J31) -> 38571.429
B32: - Ikan Teri Asin (Bukan Teri Medan) | C32: Kg | D32: - | E32: 100000 | F32: 110000 | G32: - | H32: 80000 | I32: - | J32: - | K32: =AVERAGE(D32:J32) -> 96666.667
A33: 7 | B33: TELUR
B34: - Telur Ayam Broiler | C34: Kg | D34: 27000 | E34: 28000 | F34: 27000 | G34: 27000 | H34: 27000 | I34: 27000 | J34: 27000 | K34: =AVERAGE(D34:J34) -> 27142.857
B35: - Telur Ayam Kampung | C35: Butir | D35: 3000 | E35: 2200 | F35: 2500 | G35: 2200 | H35: 2000 | I35: 2500 | J35: 3000 | K35: =AVERAGE(D35:J35) -> 2485.7143
A36: 8 | B36: TAHU
B37: - Tahu biasa | C37: Kg | D37: 10000 | E37: 10000 | F37: 9000 | G37: 9000 | H37: 16000 | I37: 15000 | J37: 9000 | K37: =AVERAGE(D37:J37) -> 11142.857
B38: - Tahu susu | C38: Kg | D38: - | E38: 7000 | F38: 12000 | G38: 17000 | H38: - | I38: 13000 | J38: 12000 | K38: =AVERAGE(D38:J38) -> 12200
A39: 9 | B39: TEMPE
B40: - Tempe Kw I (campuran kedelai) | C40: Kg | D40: - | E40: 18000 | F40: - | G40: 16000 | H40: 14000 | I40: 15000 | J40: 15000 | K40: =AVERAGE(D40:J40) -> 15600
B41: - Tempe Kw II (campuran jagung) | C41: Kg | D41: 2500 | E41: 12000 | F41: 6000 | G41: - | H41: - | I41: - | J41: - | K41: =AVERAGE(D41:J41) -> 6833.3333
B42: - Tempe Kw III (campuran kulit) | C42: Kg | D42: - | E42: 2000 | F42: - | G42: - | H42: - | I42: - | J42: - | K42: =AVERAGE(D42:J42) -> 2000
A43: 10 | B43: S U S U
B44: - Susu Kental Manis "INDOMILK" Putih | C44: 390 Gr/kaleng | D44: 12500 | E44: 12000 | F44: 12500 | G44: 12000 | H44: - | I44: 12500 | J44: 12500 | K44: =AVERAGE(D44:J44) -> 12333.333
B45: - Susu Kental Manis "BENDERA" Putih | C45: 390 Gr/kaleng | D45: 12500 | E45: 13000 | F45: 12500 | G45: 12000 | H45: - | I45: 12500 | J45: 12500 | K45: =AVERAGE(D45:J45) -> 12500
A46: 11 | B46: SABUN CUCI
B47: - Sabun Detergen Rinso (Anti Noda) | C47: 900 Gram | D47: - | E47: - | F47: - | G47: - | H47: 17500 | I47: - | J47: - | K47: =AVERAGE(D47:J47) -> 17500
B48: - Sabun Colek "Wing's Biru" | C48: 350 Gram | D48: - | E48: - | F48: - | G48: - | H48: 2000 | I48: - | J48: - | K48: =AVERAGE(D48:J48) -> 2000
A49: 12 | B49: JAGUNG
B50: - Jagung Pipilan Kering (Jenis Kecil) | C50: Kg | D50: 10000 | E50: 8000 | F50: 10000 | G50: 10000 | H50: 9000 | I50: 10000 | J50: 8000 | K50: =AVERAGE(D50:J50) -> 9285.7143
B51: - Jagung Pipilan Kering (Jenis Besar) | C51: Kg | D51: 9000 | E51: 10000 | F51: 9000 | G51: 9000 | H51: 6000 | I51: - | J51: 6000 | K51: =AVERAGE(D51:J51) -> 8166.6667
A52: 13 | B52: GARAM BERYODIUM
B53: - Garam Halus (Cap Kapal) | C53: 250 Gr/Bngks | D53: 3000 | E53: 8000 | F53: 5000 | G53: 5000 | H53: 2500 | I53: 2000 | J53: 2500 | K53: =AVERAGE(D53:J53) -> 4000
A54: 14 | B54: TEPUNG TERIGU
B55: - Tepung Terigu "Segitiga Biru" Curah | C55: Kg | D55: 12000 | E55: 10500 | F55: 13000 | G55: 11000 | H55: 11000 | I55: 12000 | J55: 10000 | K55: =AVERAGE(D55:J55) -> 11357.143
A56: 15 | B56: KACANG-KACANGAN
B57: - Kacang Kedelai (Kualitas Import) | C57: Kg | D57: 16000 | E57: 16000 | F57: 16000 | G57: 20000 | H57: 13000 | I57: 17000 | J57: - | K57: =AVERAGE(D57:J57) -> 16333.333
B58: - Kacang Kedelai (Kualitas Lokal) | C58: Kg | D58: - | E58: 14000 | F58: 15000 | G58: - | H58: - | I58: - | J58: 13500 | K58: =AVERAGE(D58:J58) -> 14166.667
B59: - Kacang Hijau | C59: Kg | D59: 25000 | E59: 23000 | F59: 26000 | G59: 30000 | H59: 22000 | I59: 28000 | J59: 26000 | K59: =AVERAGE(D59:J59) -> 25714.286
B60: - Kacang Tanah (Jenis Besar) | C60: Kg | D60: 30000 | E60: 30000 | F60: 30000 | G60: 30000 | H60: 26000 | I60: 33000 | J60: 28000 | K60: =AVERAGE(D60:J60) -> 29571.429
A61: 16 | B61: MIE INSTAN
B62: - Indomie Goreng | C62: 86 Gr/Bngks | D62: 3000 | E62: 3200 | F62: 3000 | G62: 3000 | H62: - | I62: 3500 | J62: 3500 | K62: =AVERAGE(D62:J62) -> 3200
A63: 17 | B63: C A B E
B64: - Cabe Merah Besar | C64: Kg | D64: 25000 | E64: 30000 | F64: 32000 | G64: 30000 | H64: 20000 | I64: 30000 | J64: 25000 | K64: =AVERAGE(D64:J64) -> 27428.571
B65: - Cabe Merah Kriting | C65: Kg | D65: 30000 | E65: 35000 | F65: 30000 | G65: 30000 | H65: - | I65: 30000 | J65: - | K65: =AVERAGE(D65:J65) -> 31000
B66: - Cabe Merah Kecil-Rawit | C66: Kg | D66: 48000 | E66: 40000 | F66: 40000 | G66: 40000 | H66: 30000 | I66: 40000 | J66: 40000 | K66: =AVERAGE(D66:J66) -> 39714.286
A67: 18 | B67: BAHAN BAKAR GAS LPG
B68: - Gas LPG Tabung (3 Kg.) | C68: Per Tabung | D68: 19000 | E68: 18000 | F68: 18000 | G68: 18000 | H68: - | I68: 18000 | J68: 18000 | K68: =AVERAGE(D68:J68) -> 18166.667
A69: 19 | B69: BAWANG
B70: - Bawang Putih (Jenis Kating) | C70: Kg | D70: 32000 | E70: 35000 | F70: 30000 | G70: 33000 | H70: 29000 | I70: 35000 | J70: 30000 | K70: =AVERAGE(D70:J70) -> 32000
B71: - Bawang Putih (Jenis Sinco) | C71: Kg | D71: 28000 | E71: 32000 | F71: 28000 | G71: 28000 | H71: 25000 | I71: 28000 | J71: 28000 | K71: =AVERAGE(D71:J71) -> 28142.857
B72: - Bawang Merah (Kualitas Lokal) | C72: Kg | D72: 30000 | E72: 35000 | F72: 32000 | G72: 35000 | H72: 26000 | I72: 32000 | J72: 25000 | K72: =AVERAGE(D72:J72) -> 30714.286
B73: - Bawang Bombay | C73: Kg | D73: 40000 | E73: 30000 | F73: 30000 | G73: 25000 | H73: 30000 | I73: 38000 | J73: 22000 | K73: =AVERAGE(D73:J73) -> 30714.286
A74: 20 | B74: UBI-UBIAN
B75: - Ketela Pohon | C75: Kg | D75: 7000 | E75: 7000 | F75: 5000 | G75: 6000 | H75: 4000 | I75: 6000 | J75: 5000 | K75: =AVERAGE(D75:J75) -> 5714.2857
B76: - Ubi Jalar | C76: Kg | D76: 7000 | E76: - | F76: 6000 | G76: 6000 | H76: 5000 | I76: 7000 | J76: 6000 | K76: =AVERAGE(D76:J76) -> 6166.6667
A77: 21 | B77: SAYUR-SAYURAN
B78: - Kubis | C78: Kg | D78: 8000 | E78: 8000 | F78: 7000 | G78: 9000 | H78: 9000 | I78: 9000 | J78: 7000 | K78: =AVERAGE(D78:J78) -> 8142.8571
B79: - Buncis | C79: Kg | D79: 12000 | E79: 14000 | F79: 13000 | G79: 14000 | H79: 10000 | I79: 13000 | J79: 12000 | K79: =AVERAGE(D79:J79) -> 12571.429
B80: - Kentang | C80: Kg | D80: 15000 | E80: 15000 | F80: 15000 | G80: 17000 | H80: 15000 | I80: 16000 | J80: 14000 | K80: =AVERAGE(D80:J80) -> 15285.714
B81: - Tomat | C81: Kg | D81: 15000 | E81: 15000 | F81: 12000 | G81: 15000 | H81: 10000 | I81: 15000 | J81: 12000 | K81: =AVERAGE(D81:J81) -> 13428.571
B82: - Wortel (Kualitas Lokal) | C82: Kg | D82: 10000 | E82: 10000 | F82: 12000 | G82: 12000 | H82: 10000 | I82: 12000 | J82: 7000 | K82: =AVERAGE(D82:J82) -> 10428.571
B83: - Terong Ungu (Jenis Sayur) | C83: Kg | D83: 8000 | E83: 10000 | F83: 10000 | G83: - | H83: 9000 | I83: 10000 | J83: 8000 | K83: =AVERAGE(D83:J83) -> 9166.6667
B84: - Bayam (Jenis Sayur) | C84: Ikat Kecil | D84: 2000 | E84: - | F84: 2000 | G84: 2000 | H84: 1500 | I84: 2000 | J84: 2000 | K84: =AVERAGE(D84:J84) -> 1916.6667
B85: - Kangkung (Jenis Panjang) | C85: Ikat Kecil | D85: 2000 | E85: - | F85: 1500 | G85: 2000 | H85: 1500 | I85: 1500 | J85: 1500 | K85: =AVERAGE(D85:J85) -> 1666.6667
B86: - Sawi (Jenis Hijau) | C86: Ikat Kecil | D86: - | E86: - | F86: 2000 | G86: 2000 | H86: 2000 | I86: 2000 | J86: 2000 | K86: =AVERAGE(D86:J86) -> 2000
A87: 22 | B87: AIR MINERAL
B88: - Air Mineral (Aqua Galon) | C88: 19 Ltr/Galon | D88: 18000 | E88: - | F88: 17000 | G88: 17000 | H88: - | I88: 20000 | J88: 18000 | K88: =AVERAGE(D88:J88) -> 18000

Sheet 7
A1: HARGA BAHAN-BAHAN POKOK
A2: DI PASAR TRADISIONAL KOTA SURABAYA
A3: HARI / TANGGAL : Jumat / 07 April 2023
B4: NAMA BAHAN POKOK DAN PENTING LAINNYA | C4: SATUAN | D4: Pasar Tambahrejo | E4: Pasar Pucang Anom | F4: Pasar Wonokromo | G4: Pasar Genteng Baru | H4: Pasar Pabean | I4: Pasar Kembang | J4: Pasar Balongsari | K4: Rata-Rata
A7: 1 | B7: BERAS
B8: - Beras Premium | C8: Kg | D8: 13000 | E8: 13500 | F8: 14000 | G8: 13500 | H8: 13000 | I8: 14000 | J8: 13500 | K8: =AVERAGE(D8:J8) -> 13500
B9: - Beras Medium Bulog | C9: Kg | D9: - | E9: - | F9: 12000 | G9: - | H9: 9000 | I9: 9000 | J9: 9000 | K9: =AVERAGE(D9:J9) -> 9750
B10: - Beras Medium | C10: Kg | D10: 11000 | E10: 11500 | F10: - | G10: 11500 | H10: - | I10: - | J10: - | K10: =AVERAGE(D10:J10) -> 11333.333
B11: - Beras Jagung | C11: Kg | D11: - | E11: 10000 | F11: 12000 | G11: 12000 | H11: - | I11: 11000 | J11: 8000 | K11: =AVERAGE(D11:J11) -> 10600
B12: - Beras Ketan (Jenis Siyem) | C12: Kg | D12: - | E12: 22000 | F12: 24000 | G12: 20000 | H12: - | I12: 22000 | J12: 17000 | K12: =AVERAGE(D12:J12) -> 21000
A13: 2 | B13: GULA
B14: - Gula pasir lokal curah | C14: Kg | D14: 13000 | E14: 13000 | F14: 13500 | G14: 13000 | H14: 13000 | I14: 13000 | J14: 13500 | K14: =AVERAGE(D14:J14) -> 13142.857
B15: - Gula Jawa/Merah (Bahan Kelapa) | C15: Kg | D15: 15000 | E15: 16000 | F15: 16000 | G15: 16000 | H15: 15000 | I15: 16000 | J15: 16000 | K15: =AVERAGE(D15:J15) -> 15714.286
A16: 3 | B16: MINYAK GORENG
B17: - Minyak Goreng Curah (Bening) | C17: Kg | D17: 15000 | E17: 16000 | F17: 17000 | G17: 16000 | H17: 14000 | I17: 16000 | J17: 15000 | K17: =AVERAGE(D17:J17) -> 15571.429
B18: - Minyak Kita | C18: Liter | D18: 14000 | E18: 14000 | F18: 14000 | G18: 14000 | H18: - | I18: 14000 | J18: 14000 | K18: =AVERAGE(D18:J18) -> 14000
A19: 4 | B19: MENTEGA
B20: - Mentega Curah (Amanda) | C20: Kg | D20: 20000 | E20: - | F20: 19000 | G20: 22000 | H20: - | I20: 24000 | J20: - | K20: =AVERAGE(D20:J20) -> 21250
A21: 5 | B21: DAGING
B22: - Daging Sapi Grade Atas | C22: Kg | D22: 120000 | E22: 120000 | F22: 120000 | G22: 120000 | H22: 120000 | I22: 120000 | J22: 110000 | K22: =AVERAGE(D22:J22) -> 118571.43
B23: - Daging Sapi Grade Sedang | C23: Kg | D23: 110000 | E23: 110000 | F23: 110000 | G23: 110000 | H23: 114000 | I23: 110000 | J23: 100000 | K23: =AVERAGE(D23:J23) -> 109142.86
B24: - Daging Sapi Grade Bawah | C24: Kg | D24: 100000 | E24: 95000 | F24: 100000 | G24: 100000 | H24: 100000 | I24: 100000 | J24: - | K24: =AVERAGE(D24:J24) -> 99166.667
B25: - Daging Ayam Broiler | C25: Kg | D25: 32000 | E25: 30000 | F25: 30000 | G25: 30000 | H25: 32000 | I25: 30000 | J25: 32000 | K25: =AVERAGE(D25:J25) -> 30857.143
A26: 6 | B26: I K A N
B27: - Ikan Tongkol Segar (Uk. Sedang) | C27: Kg | D27: 35000 | E27: 38000 | F27: - | G27: 45000 | H27: 30000 | I27: 38000 | J27: 35000 | K27: =AVERAGE(D27:J27) -> 36833.333
B28: - Ikan Mujair Segar (Uk. Sedang) | C28: Kg | D28: 30000 | E28: 30000 | F28: 30000 | G28: 35000 | H28: 23000 | I28: 30000 | J28: 26000 | K28: =AVERAGE(D28:J28) -> 29142.857
B29: - Udang Segar (Uk. Sedang) | C29: Kg | D29: 65000 | E29: 60000 | F29: 60000 | G29: 75000 | H29: 58000 | I29: 68000 | J29: 50000 | K29: =AVERAGE(D29:J29) -> 62285.714
B30: - Ikan Lele Segar (Ukuran Sedang) | C30: Kg | D30: 25000 | E30: - | F30: - | G30: 25000 | H30: 23000 | I30: 24000 | J30: 26000 | K30: =AVERAGE(D30:J30) -> 24600
B31: - Ikan Bandeng Segar (Uk. Sedang) | C31: Kg | D31: 45000 | E31: 36000 | F31: 40000 | G31: 45000 | H31: 28000 | I31: 36000 | J31: 40000 | K31: =AVERAGE(D31:J31) -> 38571.429
B32: - Ikan Teri Asin (Bukan Teri Medan) | C32: Kg | D32: - | E32: 100000 | F32: 110000 | G32: - | H32: 80000 | I32: - | J32: - | K32: =AVERAGE(D32:J32) -> 96666.667
A33: 7 | B33: TELUR
B34: - Telur Ayam Broiler | C34: Kg | D34: 27000 | E34: 28000 | F34: 27000 | G34: 27000 | H34: 27000 | I34: 27000 | J34: 27000 | K34: =AVERAGE(D34:J34) -> 27142.857
B35: - Telur Ayam Kampung | C35: Butir | D35: 3000 | E35: 2200 | F35: 2000 | G35: 2200 | H35: 2000 | I35: 2500 | J35: 3000 | K35: =AVERAGE(D35:J35) -> 2414.2857
A36: 8 | B36: TAHU
B37: - Tahu biasa | C37: Kg | D37: 10000 | E37: 10000 | F37: 9000 | G37: 9000 | H37: 16000 | I37: 15000 | J37: 9000 | K37: =AVERAGE(D37:J37) -> 11142.857
B38: - Tahu susu | C38: Kg | D38: - | E38: 7000 | F38: 12000 | G38: 17000 | H38: - | I38: 13000 | J38: 12000 | K38: =AVERAGE(D38:J38) -> 12200
A39: 9 | B39: TEMPE
B40: - Tempe Kw I (campuran kedelai) | C40: Kg | D40: - | E40: 18000 | F40: - | G40: 16000 | H40: 14000 | I40: 15000 | J40: 15000 | K40: =AVERAGE(D40:J40) -> 15600
B41: - Tempe Kw II (campuran jagung) | C41: Kg | D41: 2500 | E41: 12000 | F41: 6000 | G41: - | H41: - | I41: - | J41: - | K41: =AVERAGE(D41:J41) -> 6833.3333
B42: - Tempe Kw III (campuran kulit) | C42: Kg | D42: - | E42: 2000 | F42: - | G42: - | H42: - | I42: - | J42: - | K42: =AVERAGE(D42:J42) -> 2000
A43: 10 | B43: S U S U
B44: - Susu Kental Manis "INDOMILK" Putih | C44: 390 Gr/kaleng | D44: 12500 | E44: 12000 | F44: 12500 | G44: 12000 | H44: - | I44: 12500 | J44: 12500 | K44: =AVERAGE(D44:J44) -> 12333.333
B45: - Susu Kental Manis "BENDERA" Putih | C45: 390 Gr/kaleng | D45: 12500 | E45: 13000 | F45: 12500 | G45: 12000 | H45: - | I45: 12500 | J45: 12500 | K45: =AVERAGE(D45:J45) -> 12500
A46: 11 | B46: SABUN CUCI
B47: - Sabun Detergen Rinso (Anti Noda) | C47: 900 Gram | D47: - | E47: - | F47: - | G47: - | H47: 17500 | I47: - | J47: - | K47: =AVERAGE(D47:J47) -> 17500
B48: - Sabun Colek "Wing's Biru" | C48: 350 Gram | D48: - | E48: - | F48: - | G48: - | H48: 2000 | I48: - | J48: - | K48: =AVERAGE(D48:J48) -> 2000
A49: 12 | B49: JAGUNG
B50: - Jagung Pipilan Kering (Jenis Kecil) | C50: Kg | D50: 10000 | E50: 8000 | F50: 10000 | G50: 10000 | H50: 9000 | I50: 10000 | J50: 8000 | K50: =AVERAGE(D50:J50) -> 9285.7143
B51: - Jagung Pipilan Kering (Jenis Besar) | C51: Kg | D51: 9000 | E51: 10000 | F51: 9000 | G51: 9000 | H51: 6000 | I51: - | J51: 6000 | K51: =AVERAGE(D51:J51) -> 8166.6667
A52: 13 | B52: GARAM BERYODIUM
B53: - Garam Halus (Cap Kapal) | C53: 250 Gr/Bngks | D53: 3000 | E53: 8000 | F53: 5000 | G53: 5000 | H53: 2500 | I53: 2000 | J53: 2500 | K53: =AVERAGE(D53:J53) -> 4000
A54: 14 | B54: TEPUNG TERIGU
B55: - Tepung Terigu "Segitiga Biru" Curah | C55: Kg | D55: 12000 | E55: 10500 | F55: 13000 | G55: 11000 | H55: 11000 | I55: 12000 | J55: 10000 | K55: =AVERAGE(D55:J55) -> 11357.143
A56: 15 | B56: KACANG-KACANGAN
B57: - Kacang Kedelai (Kualitas Import) | C57: Kg | D57: 16000 | E57: 16000 | F57: 16000 | G57: 20000 | H57: 13000 | I57: 17000 | J57: - | K57: =AVERAGE(D57:J57) -> 16333.333
B58: - Kacang Kedelai (Kualitas Lokal) | C58: Kg | D58: - | E58: 14000 | F58: 15000 | G58: - | H58: - | I58: - | J58: 13500 | K58: =AVERAGE(D58:J58) -> 14166.667
B59: - Kacang Hijau | C59: Kg | D59: 25000 | E59: 23000 | F59: 28000 | G59: 30000 | H59: 22000 | I59: 28000 | J59: 26000 | K59: =AVERAGE(D59:J59) -> 26000
B60: - Kacang Tanah (Jenis Besar) | C60: Kg | D60: 30000 | E60: 30000 | F60: 30000 | G60: 30000 | H60: 26000 | I60: 33000 | J60: 28000 | K60: =AVERAGE(D60:J60) -> 29571.429
A61: 16 | B61: MIE INSTAN
B62: - Indomie Goreng | C62: 86 Gr/Bngks | D62: 3000 | E62: 3200 | F62: 3000 | G62: 3000 | H62: - | I62: 3500 | J62: 3500 | K62: =AVERAGE(D62:J62) -> 3200
A63: 17 | B63: C A B E
B64: - Cabe Merah Besar | C64: Kg | D64: 25000 | E64: 30000 | F64: 28000 | G64: 30000 | H64: 20000 | I64: 30000 | J64: 25000 | K64: =AVERAGE(D64:J64) -> 26857.143
B65: - Cabe Merah Kriting | C65: Kg | D65: 30000 | E65: 35000 | F65: 28000 | G65: 30000 | H65: - | I65: 30000 | J65: - | K65: =AVERAGE(D65:J65) -> 30600
B66: - Cabe Merah Kecil-Rawit | C66: Kg | D66: 48000 | E66: 40000 | F66: 25000 | G66: 40000 | H66: 30000 | I66: 40000 | J66: 40000 | K66: =AVERAGE(D66:J66) -> 37571.429
A67: 18 | B67: BAHAN BAKAR GAS LPG
B68: - Gas LPG Tabung (3 Kg.) | C68: Per Tabung | D68: 19000 | E68: 18000 | F68: 18000 | G68: 18000 | H68: - | I68: 18000 | J68: 18000 | K68: =AVERAGE(D68:J68) -> 18166.667
A69: 19 | B69: BAWANG
B70: - Bawang Putih (Jenis Kating) | C70: Kg | D70: 32000 | E70: 35000 | F70: 32000 | G70: 33000 | H70: 29000 | I70: 35000 | J70: 30000 | K70: =AVERAGE(D70:J70) -> 32285.714
B71: - Bawang Putih (Jenis Sinco) | C71: Kg | D71: 28000 | E71: 32000 | F71: 30000 | G71: 28000 | H71: 25000 | I71: 28000 | J71: 28000 | K71: =AVERAGE(D71:J71) -> 28428.571
B72: - Bawang Merah (Kualitas Lokal) | C72: Kg | D72: 30000 | E72: 35000 | F72: 32000 | G72: 35000 | H72: 26000 | I72: 32000 | J72: 25000 | K72: =AVERAGE(D72:J72) -> 30714.286
B73: - Bawang Bombay | C73: Kg | D73: 40000 | E73: 30000 | F73: 30000 | G73: 25000 | H73: 30000 | I73: 38000 | J73: 22000 | K73: =AVERAGE(D73:J73) -> 30714.286
A74: 20 | B74: UBI-UBIAN
B75: - Ketela Pohon | C75: Kg | D75: 7000 | E75: 7000 | F75: 5000 | G75: 6000 | H75: 4000 | I75: 6000 | J75: 5000 | K75: =AVERAGE(D75:J75) -> 5714.2857
B76: - Ubi Jalar | C76: Kg | D76: 7000 | E76: - | F76: 6000 | G76: 6000 | H76: 5000 | I76: 7000 | J76: 6000 | K76: =AVERAGE(D76:J76) -> 6166.6667
A77: 21 | B77: SAYUR-SAYURAN
B78: - Kubis | C78: Kg | D78: 8000 | E78: 8000 | F78: 7000 | G78: 9000 | H78: 9000 | I78: 9000 | J78: 7000 | K78: =AVERAGE(D78:J78) -> 8142.8571
B79: - Buncis | C79: Kg | D79: 12000 | E79: 14000 | F79: 15000 | G79: 14000 | H79: 10000 | I79: 13000 | J79: 12000 | K79: =AVERAGE(D79:J79) -> 12857.143
B80: - Kentang | C80: Kg | D80: 15000 | E80: 15000 | F80: 16000 | G80: 17000 | H80: 15000 | I80: 16000 | J80: 14000 | K80: =AVERAGE(D80:J80) -> 15428.571
B81: - Tomat | C81: Kg | D81: 15000 | E81: 15000 | F81: 15000 | G81: 15000 | H81: 10000 | I81: 15000 | J81: 12000 | K81: =AVERAGE(D81:J81) -> 13857.143
B82: - Wortel (Kualitas Lokal) | C82: Kg | D82: 10000 | E82: 10000 | F82: 12000 | G82: 12000 | H82: 10000 | I82: 12000 | J82: 7000 | K82: =AVERAGE(D82:J82) -> 10428.571
B83: - Terong Ungu (Jenis Sayur) | C83: Kg | D83: 8000 | E83: 10000 | F83: 10000 | G83: - | H83: 9000 | I83: 10000 | J83: 8000 | K83: =AVERAGE(D83:J83) -> 9166.6667
B84: - Bayam (Jenis Sayur) | C84: Ikat Kecil | D84: 2000 | E84: - | F84: 2000 | G84: 2000 | H84: 1500 | I84: 2000 | J84: 2000 | K84: =AVERAGE(D84:J84) -> 1916.6667
B85: - Kangkung (Jenis Panjang) | C85: Ikat Kecil | D85: 2000 | E85: - | F85: 1500 | G85: 2000 | H85: 1500 | I85: 1500 | J85: 1500 | K85: =AVERAGE(D85:J85) -> 1666.6667
B86: - Sawi (Jenis Hijau) | C86: Ikat Kecil | D86: - | E86: - | F86: 2000 | G86: 2000 | H86: 2000 | I86: 2000 | J86: 2000 | K86: =AVERAGE(D86:J86) -> 2000
A87: 22 | B87: AIR MINERAL
B88: - Air Mineral (Aqua Galon) | C88: 19 Ltr/Galon | D88: 18000 | E88: - | F88: 17000 | G88: 17000 | H88: - | I88: 20000 | J88: 18000 | K88: =AVERAGE(D88:J88) -> 18000

Sheet 8
A1: HARGA BAHAN-BAHAN POKOK
A2: DI PASAR TRADISIONAL KOTA SURABAYA
A3: HARI / TANGGAL : Sabtu / 08 April 2023
B4: NAMA BAHAN POKOK DAN PENTING LAINNYA | C4: SATUAN | D4: Pasar Tambahrejo | E4: Pasar Pucang Anom | F4: Pasar Wonokromo | G4: Pasar Genteng Baru | H4: Pasar Pabean | I4: Pasar Kembang | J4: Pasar Balongsari | K4: Rata-Rata
A7: 1 | B7: BERAS
B8: - Beras Premium | C8: Kg | D8: 13000 | E8: 13500 | F8: 14000 | G8: 13500 | H8: 13000 | I8: 14000 | J8: 13500 | K8: =AVERAGE(D8:J8) -> 13500
B9: - Beras Medium Bulog | C9: Kg | D9: - | E9: - | F9: 12000 | G9: - | H9: 9000 | I9: 9000 | J9: 9000 | K9: =AVERAGE(D9:J9) -> 9750
B10: - Beras Medium | C10: Kg | D10: 11000 | E10: 11500 | F10: - | G10: 11500 | H10: - | I10: - | J10: - | K10: =AVERAGE(D10:J10) -> 11333.333
B11: - Beras Jagung | C11: Kg | D11: - | E11: 10000 | F11: 12000 | G11: 12000 | H11: - | I11: 11000 | J11: 8000 | K11: =AVERAGE(D11:J11) -> 10600
B12: - Beras Ketan (Jenis Siyem) | C12: Kg | D12: - | E12: 22000 | F12: 24000 | G12: 20000 | H12: - | I12: 22000 | J12: 17000 | K12: =AVERAGE(D12:J12) -> 21000
A13: 2 | B13: GULA
B14: - Gula pasir lokal curah | C14: Kg | D14: 13000 | E14: 13000 | F14: 13500 | G14: 13000 | H14: 13000 | I14: 13000 | J14: 13500 | K14: =AVERAGE(D14:J14) -> 13142.857
B15: - Gula Jawa/Merah (Bahan Kelapa) | C15: Kg | D15: 15000 | E15: 16000 | F15: 16000 | G15: 16000 | H15: 15000 | I15: 16000 | J15: 16000 | K15: =AVERAGE(D15:J15) -> 15714.286
A16: 3 | B16: MINYAK GORENG
B17: - Minyak Goreng Curah (Bening) | C17: Kg | D17: 15000 | E17: 16000 | F17: 17000 | G17: 16000 | H17: 14000 | I17: 16000 | J17: 15000 | K17: =AVERAGE(D17:J17) -> 15571.429
B18: - Minyak Kita | C18: Liter | D18: 14000 | E18: 14000 | F18: 14000 | G18: 14000 | H18: - | I18: 14000 | J18: 14000 | K18: =AVERAGE(D18:J18) -> 14000
A19: 4 | B19: MENTEGA
B20: - Mentega Curah (Amanda) | C20: Kg | D20: 20000 | E20: - | F20: 19000 | G20: 22000 | H20: - | I20: 24000 | J20: - | K20: =AVERAGE(D20:J20) -> 21250
A21: 5 | B21: DAGING
B22: - Daging Sapi Grade Atas | C22: Kg | D22: 120000 | E22: 120000 | F22: 120000 | G22: 120000 | H22: 120000 | I22: 120000 | J22: 110000 | K22: =AVERAGE(D22:J22) -> 118571.43
B23: - Daging Sapi Grade Sedang | C23: Kg | D23: 110000 | E23: 110000 | F23: 110000 | G23: 110000 | H23: 114000 | I23: 110000 | J23: 100000 | K23: =AVERAGE(D23:J23) -> 109142.86
B24: - Daging Sapi Grade Bawah | C24: Kg | D24: 100000 | E24: 95000 | F24: 100000 | G24: 100000 | H24: 100000 | I24: 100000 | J24: - | K24: =AVERAGE(D24:J24) -> 99166.667
B25: - Daging Ayam Broiler | C25: Kg | D25: 32000 | E25: 30000 | F25: 30000 | G25: 30000 | H25: 32000 | I25: 30000 | J25: 32000 | K25: =AVERAGE(D25:J25) -> 30857.143
A26: 6 | B26: I K A N
B27: - Ikan Tongkol Segar (Uk. Sedang) | C27: Kg | D27: 35000 | E27: 38000 | F27: - | G27: 45000 | H27: 30000 | I27: 38000 | J27: 40000 | K27: =AVERAGE(D27:J27) -> 37666.667
B28: - Ikan Mujair Segar (Uk. Sedang) | C28: Kg | D28: 30000 | E28: 30000 | F28: 30000 | G28: 35000 | H28: 23000 | I28: 30000 | J28: 30000 | K28: =AVERAGE(D28:J28) -> 29714.286
B29: - Udang Segar (Uk. Sedang) | C29: Kg | D29: 65000 | E29: 60000 | F29: 60000 | G29: 75000 | H29: 58000 | I29: 68000 | J29: 60000 | K29: =AVERAGE(D29:J29) -> 63714.286
B30: - Ikan Lele Segar (Ukuran Sedang) | C30: Kg | D30: 25000 | E30: - | F30: - | G30: 25000 | H30: 23000 | I30: 24000 | J30: 26000 | K30: =AVERAGE(D30:J30) -> 24600
B31: - Ikan Bandeng Segar (Uk. Sedang) | C31: Kg | D31: 45000 | E31: 36000 | F31: 40000 | G31: 45000 | H31: 28000 | I31: 36000 | J31: 35000 | K31: =AVERAGE(D31:J31) -> 37857.143
B32: - Ikan Teri Asin (Bukan Teri Medan) | C32: Kg | D32: - | E32: 100000 | F32: 110000 | G32: - | H32: 80000 | I32: - | J32: - | K32: =AVERAGE(D32:J32) -> 96666.667
A33: 7 | B33: TELUR
B34: - Telur Ayam Broiler | C34: Kg | D34: 27000 | E34: 27000 | F34: 27000 | G34: 27000 | H34: 27000 | I34: 27000 | J34: 26500 | K34: =AVERAGE(D34:J34) -> 26928.571
B35: - Telur Ayam Kampung | C35: Butir | D35: 3000 | E35: 2200 | F35: 2000 | G35: 2200 | H35: 2000 | I35: 2500 | J35: 3000 | K35: =AVERAGE(D35:J35) -> 2414.2857
A36: 8 | B36: TAHU
B37: - Tahu biasa | C37: Kg | D37: 10000 | E37: 10000 | F37: 9000 | G37: 9000 | H37: 16000 | I37: 15000 | J37: 9000 | K37: =AVERAGE(D37:J37) -> 11142.857
B38: - Tahu susu | C38: Kg | D38: - | E38: 7000 | F38: 12000 | G38: 17000 | H38: - | I38: 13000 | J38: 12000 | K38: =AVERAGE(D38:J38) -> 12200
A39: 9 | B39: TEMPE
B40: - Tempe Kw I (campuran kedelai) | C40: Kg | D40: - | E40: 18000 | F40: - | G40: 16000 | H40: 14000 | I40: 15000 | J40: 15000 | K40: =AVERAGE(D40:J40) -> 15600
B41: - Tempe Kw II (campuran jagung) | C41: Kg | D41: 2500 | E41: 12000 | F41: 6000 | G41: - | H41: - | I41: - | J41: - | K41: =AVERAGE(D41:J41) -> 6833.3333
B42: - Tempe Kw III (campuran kulit) | C42: Kg | D42: - | E42: 2000 | F42: - | G42: - | H42: - | I42: - | J42: - | K42: =AVERAGE(D42:J42) -> 2000
A43: 10 | B43: S U S U
B44: - Susu Kental Manis "INDOMILK" Putih | C44: 390 Gr/kaleng | D44: 12500 | E44: 12000 | F44: 12500 | G44: 12000 | H44: - | I44: 12500 | J44: 12500 | K44: =AVERAGE(D44:J44) -> 12333.333
B45: - Susu Kental Manis "BENDERA" Putih | C45: 390 Gr/kaleng | D45: 12500 | E45: 13000 | F45: 12500 | G45: 12000 | H45: - | I45: 12500 | J45: 12500 | K45: =AVERAGE(D45:J45) -> 12500
A46: 11 | B46: SABUN CUCI
B47: - Sabun Detergen Rinso (Anti Noda) | C47: 900 Gram | D47: - | E47: - | F47: - | G47: - | H47: 17500 | I47: - | J47: - | K47: =AVERAGE(D47:J47) -> 17500
B48: - Sabun Colek "Wing's Biru" | C48: 350 Gram | D48: - | E48: - | F48: - | G48: - | H48: 2000 | I48: - | J48: - | K48: =AVERAGE(D48:J48) -> 2000
A49: 12 | B49: JAGUNG
B50: - Jagung Pipilan Kering (Jenis Kecil) | C50: Kg | D50: 10000 | E50: 8000 | F50: 10000 | G50: 10000 | H50: 9000 | I50: 10000 | J50: 8000 | K50: =AVERAGE(D50:J50) -> 9285.7143
B51: - Jagung Pipilan Kering (Jenis Besar) | C51: Kg | D51: 9000 | E51: 10000 | F51: 9000 | G51: 9000 | H51: 6000 | I51: - | J51: 6000 | K51: =AVERAGE(D51:J51) -> 8166.6667
A52: 13 | B52: GARAM BERYODIUM
B53: - Garam Halus (Cap Kapal) | C53: 250 Gr/Bngks | D53: 3000 | E53: 8000 | F53: 5000 | G53: 5000 | H53: 2500 | I53: 2000 | J53: 2500 | K53: =AVERAGE(D53:J53) -> 4000
A54: 14 | B54: TEPUNG TERIGU
B55: - Tepung Terigu "Segitiga Biru" Curah | C55: Kg | D55: 12000 | E55: 10500 | F55: 13000 | G55: 11000 | H55: 11000 | I55: 12000 | J55: 10000 | K55: =AVERAGE(D55:J55) -> 11357.143
A56: 15 | B56: KACANG-KACANGAN
B57: - Kacang Kedelai (Kualitas Import) | C57: Kg | D57: 16000 | E57: 16000 | F57: 16000 | G57: 20000 | H57: 13000 | I57: 17000 | J57: - | K57: =AVERAGE(D57:J57) -> 16333.333
B58: - Kacang Kedelai (Kualitas Lokal) | C58: Kg | D58: - | E58: 14000 | F58: 15000 | G58: - | H58: - | I58: - | J58: 13500 | K58: =AVERAGE(D58:J58) -> 14166.667
B59: - Kacang Hijau | C59: Kg | D59: 25000 | E59: 23000 | F59: 28000 | G59: 30000 | H59: 22000 | I59: 28000 | J59: 26000 | K59: =AVERAGE(D59:J59) -> 26000
B60: - Kacang Tanah (Jenis Besar) | C60: Kg | D60: 30000 | E60: 30000 | F60: 30000 | G60: 30000 | H60: 26000 | I60: 33000 | J60: 28000 | K60: =AVERAGE(D60:J60) -> 29571.429
A61: 16 | B61: MIE INSTAN
B62: - Indomie Goreng | C62: 86 Gr/Bngks | D62: 3000 | E62: 3200 | F62: 3000 | G62: 3000 | H62: - | I62: 3500 | J62: 3500 | K62: =AVERAGE(D62:J62) -> 3200
A63: 17 | B63: C A B E
B64: - Cabe Merah Besar | C64: Kg | D64: 25000 | E64: 30000 | F64: 28000 | G64: 30000 | H64: 20000 | I64: 30000 | J64: 25000 | K64: =AVERAGE(D64:J64) -> 26857.143
B65: - Cabe Merah Kriting | C65: Kg | D65: 30000 | E65: 30000 | F65: 28000 | G65: 30000 | H65: - | I65: 30000 | J65: - | K65: =AVERAGE(D65:J65) -> 29600
B66: - Cabe Merah Kecil-Rawit | C66: Kg | D66: 48000 | E66: 30000 | F66: 25000 | G66: 40000 | H66: 30000 | I66: 40000 | J66: 40000 | K66: =AVERAGE(D66:J66) -> 36142.857
A67: 18 | B67: BAHAN BAKAR GAS LPG
B68: - Gas LPG Tabung (3 Kg.) | C68: Per Tabung | D68: 19000 | E68: 18000 | F68: 18000 | G68: 18000 | H68: - | I68: 18000 | J68: 18000 | K68: =AVERAGE(D68:J68) -> 18166.667
A69: 19 | B69: BAWANG
B70: - Bawang Putih (Jenis Kating) | C70: Kg | D70: 32000 | E70: 34000 | F70: 32000 | G70: 33000 | H70: 29000 | I70: 35000 | J70: 30000 | K70: =AVERAGE(D70:J70) -> 32142.857
B71: - Bawang Putih (Jenis Sinco) | C71: Kg | D71: 28000 | E71: 32000 | F71: 30000 | G71: 28000 | H71: 25000 | I71: 28000 | J71: 28000 | K71: =AVERAGE(D71:J71) -> 28428.571
B72: - Bawang Merah (Kualitas Lokal) | C72: Kg | D72: 30000 | E72: 35000 | F72: 32000 | G72: 35000 | H72: 26000 | I72: 32000 | J72: 25000 | K72: =AVERAGE(D72:J72) -> 30714.286
B73: - Bawang Bombay | C73: Kg | D73: 40000 | E73: 36000 | F73: 30000 | G73: 25000 | H73: 30000 | I73: 35000 | J73: 22000 | K73: =AVERAGE(D73:J73) -> 31142.857
A74: 20 | B74: UBI-UBIAN
B75: - Ketela Pohon | C75: Kg | D75: 7000 | E75: 7000 | F75: 5000 | G75: 6000 | H75: 4000 | I75: 6000 | J75: 5000 | K75: =AVERAGE(D75:J75) -> 5714.2857
B76: - Ubi Jalar | C76: Kg | D76: 7000 | E76: - | F76: 6000 | G76: 6000 | H76: 5000 | I76: 7000 | J76: 6000 | K76: =AVERAGE(D76:J76) -> 6166.6667
A77: 21 | B77: SAYUR-SAYURAN
B78: - Kubis | C78: Kg | D78: 8000 | E78: 8000 | F78: 7000 | G78: 9000 | H78: 9000 | I78: 9000 | J78: 7000 | K78: =AVERAGE(D78:J78) -> 8142.8571
B79: - Buncis | C79: Kg | D79: 12000 | E79: 14000 | F79: 15000 | G79: 14000 | H79: 10000 | I79: 13000 | J79: 12000 | K79: =AVERAGE(D79:J79) -> 12857.143
B80: - Kentang | C80: Kg | D80: 15000 | E80: 15000 | F80: 16000 | G80: 17000 | H80: 15000 | I80: 16000 | J80: 14000 | K80: =AVERAGE(D80:J80) -> 15428.571
B81: - Tomat | C81: Kg | D81: 15000 | E81: 15000 | F81: 15000 | G81: 15000 | H81: 10000 | I81: 15000 | J81: 12000 | K81: =AVERAGE(D81:J81) -> 13857.143
B82: - Wortel (Kualitas Lokal) | C82: Kg | D82: 10000 | E82: 10000 | F82: 12000 | G82: 12000 | H82: 10000 | I82: 12000 | J82: 7000 | K82: =AVERAGE(D82:J82) -> 10428.571
B83: - Terong Ungu (Jenis Sayur) | C83: Kg | D83: 8000 | E83: 10000 | F83: 10000 | G83: - | H83: 9000 | I83: 10000 | J83: 8000 | K83: =AVERAGE(D83:J83) -> 9166.6667
B84: - Bayam (Jenis Sayur) | C84: Ikat Kecil | D84: 2000 | E84: - | F84: 2000 | G84: 2000 | H84: 1500 | I84: 2000 | J84: 2000 | K84: =AVERAGE(D84:J84) -> 1916.6667
B85: - Kangkung (Jenis Panjang) | C85: Ikat Kecil | D85: 2000 | E85: - | F85: 1500 | G85: 2000 | H85: 1500 | I85: 1500 | J85: 1500 | K85: =AVERAGE(D85:J85) -> 1666.6667
B86: - Sawi (Jenis Hijau) | C86: Ikat Kecil | D86: - | E86: - | F86: 2000 | G86: 2000 | H86: 2000 | I86: 2000 | J86: 2000 | K86: =AVERAGE(D86:J86) -> 2000
A87: 22 | B87: AIR MINERAL
B88: - Air Mineral (Aqua Galon) | C88: 19 Ltr/Galon | D88: 18000 | E88: - | F88: 17000 | G88: 17000 | H88: - | I88: 20000 | J88: 18000 | K88: =AVERAGE(D88:J88) -> 18000

Sheet 9
A1: HARGA BAHAN-BAHAN POKOK
A2: DI PASAR TRADISIONAL KOTA SURABAYA
A3: HARI / TANGGAL : Minggu / 09 April 2023
B4: NAMA BAHAN POKOK DAN PENTING LAINNYA | C4: SATUAN | D4: Pasar Tambahrejo | E4: Pasar Pucang Anom | F4: Pasar Wonokromo | G4: Pasar Genteng Baru | H4: Pasar Pabean | I4: Pasar Kembang | J4: Pasar Balongsari | K4: Rata-Rata
A7: 1 | B7: BERAS
B8: - Beras Premium | C8: Kg | D8: 13000 | E8: 13500 | F8: 14000 | G8: 13500 | H8: 12000 | I8: 14000 | J8: 13500 | K8: =AVERAGE(D8:J8) -> 13357.143
B9: - Beras Medium Bulog | C9: Kg | D9: - | E9: - | F9: 12000 | G9: - | H9: 9000 | I9: 9000 | J9: 9000 | K9: =AVERAGE(D9:J9) -> 9750
B10: - Beras Medium | C10: Kg | D10: 11000 | E10: 11500 | F10: - | G10: 11500 | H10: - | I10: - | J10: - | K10: =AVERAGE(D10:J10) -> 11333.333
B11: - Beras Jagung | C11: Kg | D11: - | E11: 10000 | F11: 12000 | G11: 12000 | H11: - | I11: 11000 | J11: 8000 | K11: =AVERAGE(D11:J11) -> 10600
B12: - Beras Ketan (Jenis Siyem) | C12: Kg | D12: - | E12: 22000 | F12: 24000 | G12: 20000 | H12: - | I12: 22000 | J12: 17000 | K12: =AVERAGE(D12:J12) -> 21000
A13: 2 | B13: GULA
B14: - Gula pasir lokal curah | C14: Kg | D14: 13000 | E14: 13000 | F14: 13500 | G14: 13000 | H14: 13000 | I14: 13000 | J14: 13500 | K14: =AVERAGE(D14:J14) -> 13142.857
B15: - Gula Jawa/Merah (Bahan Kelapa) | C15: Kg | D15: 15000 | E15: 16000 | F15: 16000 | G15: 16000 | H15: 15000 | I15: 16000 | J15: 16000 | K15: =AVERAGE(D15:J15) -> 15714.286
A16: 3 | B16: MINYAK GORENG
B17: - Minyak Goreng Curah (Bening) | C17: Kg | D17: 15000 | E17: 16000 | F17: 17000 | G17: 16000 | H17: 14000 | I17: 16000 | J17: 15000 | K17: =AVERAGE(D17:J17) -> 15571.429
B18: - Minyak Kita | C18: Liter | D18: 14000 | E18: 14000 | F18: 14000 | G18: 14000 | H18: - | I18: 14000 | J18: 14000 | K18: =AVERAGE(D18:J18) -> 14000
A19: 4 | B19: MENTEGA
B20: - Mentega Curah (Amanda) | C20: Kg | D20: 20000 | E20: - | F20: 19000 | G20: 22000 | H20: - | I20: 24000 | J20: - | K20: =AVERAGE(D20:J20) -> 21250
A21: 5 | B21: DAGING
B22: - Daging Sapi Grade Atas | C22: Kg | D22: 120000 | E22: 120000 | F22: 120000 | G22: 120000 | H22: 120000 | I22: 120000 | J22: 110000 | K22: =AVERAGE(D22:J22) -> 118571.43
B23: - Daging Sapi Grade Sedang | C23: Kg | D23: 110000 | E23: 110000 | F23: 110000 | G23: 110000 | H23: 114000 | I23: 110000 | J23: 100000 | K23: =AVERAGE(D23:J23) -> 109142.86
B24: - Daging Sapi Grade Bawah | C24: Kg | D24: 100000 | E24: 95000 | F24: 100000 | G24: 100000 | H24: 100000 | I24: 100000 | J24: - | K24: =AVERAGE(D24:J24) -> 99166.667
B25: - Daging Ayam Broiler | C25: Kg | D25: 30000 | E25: 30000 | F25: 30000 | G25: 30000 | H25: 32000 | I25: 30000 | J25: 32000 | K25: =AVERAGE(D25:J25) -> 30571.429
A26: 6 | B26: I K A N
B27: - Ikan Tongkol Segar (Uk. Sedang) | C27: Kg | D27: 35000 | E27: 38000 | F27: - | G27: 45000 | H27: 30000 | I27: 38000 | J27: 40000 | K27: =AVERAGE(D27:J27) -> 37666.667
B28: - Ikan Mujair Segar (Uk. Sedang) | C28: Kg | D28: 30000 | E28: 30000 | F28: 30000 | G28: 35000 | H28: 23000 | I28: 30000 | J28: 30000 | K28: =AVERAGE(D28:J28) -> 29714.286
B29: - Udang Segar (Uk. Sedang) | C29: Kg | D29: 65000 | E29: 60000 | F29: 60000 | G29: 75000 | H29: 58000 | I29: 72000 | J29: 60000 | K29: =AVERAGE(D29:J29) -> 64285.714
B30: - Ikan Lele Segar (Ukuran Sedang) | C30: Kg | D30: 25000 | E30: - | F30: - | G30: 25000 | H30: 23000 | I30: 24000 | J30: 26000 | K30: =AVERAGE(D30:J30) -> 24600
B31: - Ikan Bandeng Segar (Uk. Sedang) | C31: Kg | D31: 45000 | E31: 36000 | F31: 40000 | G31: 45000 | H31: 28000 | I31: 36000 | J31: 35000 | K31: =AVERAGE(D31:J31) -> 37857.143
B32: - Ikan Teri Asin (Bukan Teri Medan) | C32: Kg | D32: - | E32: 100000 | F32: 110000 | G32: - | H32: 80000 | I32: - | J32: - | K32: =AVERAGE(D32:J32) -> 96666.667
A33: 7 | B33: TELUR
B34: - Telur Ayam Broiler | C34: Kg | D34: 27000 | E34: 27000 | F34: 27000 | G34: 27000 | H34: 26000 | I34: 27000 | J34: 26500 | K34: =AVERAGE(D34:J34) -> 26785.714
B35: - Telur Ayam Kampung | C35: Butir | D35: 3000 | E35: 2200 | F35: 2000 | G35: 2200 | H35: 2000 | I35: 2500 | J35: 3000 | K35: =AVERAGE(D35:J35) -> 2414.2857
A36: 8 | B36: TAHU
B37: - Tahu biasa | C37: Kg | D37: 10000 | E37: 10000 | F37: 9000 | G37: 9000 | H37: 16000 | I37: 15000 | J37: 9000 | K37: =AVERAGE(D37:J37) -> 11142.857
B38: - Tahu susu | C38: Kg | D38: - | E38: 7000 | F38: 12000 | G38: 17000 | H38: - | I38: 13000 | J38: 12000 | K38: =AVERAGE(D38:J38) -> 12200
A39: 9 | B39: TEMPE
B40: - Tempe Kw I (campuran kedelai) | C40: Kg | D40: - | E40: 18000 | F40: - | G40: 16000 | H40: 14000 | I40: 15000 | J40: 15000 | K40: =AVERAGE(D40:J40) -> 15600
B41: - Tempe Kw II (campuran jagung) | C41: Kg | D41: 2500 | E41: 12000 | F41: 6000 | G41: - | H41: - | I41: - | J41: - | K41: =AVERAGE(D41:J41) -> 6833.3333
B42: - Tempe Kw III (campuran kulit) | C42: Kg | D42: - | E42: 2000 | F42: - | G42: - | H42: - | I42: - | J42: - | K42: =AVERAGE(D42:J42) -> 2000
A43: 10 | B43: S U S U
B44: - Susu Kental Manis "INDOMILK" Putih | C44: 390 Gr/kaleng | D44: 12500 | E44: 12000 | F44: 12500 | G44: 12000 | H44: - | I44: 12500 | J44: 12500 | K44: =AVERAGE(D44:J44) -> 12333.333
B45: - Susu Kental Manis "BENDERA" Putih | C45: 390 Gr/kaleng | D45: 12500 | E45: 13000 | F45: 12500 | G45: 12000 | H45: - | I45: 12500 | J45: 12500 | K45: =AVERAGE(D45:J45) -> 12500
A46: 11 | B46: SABUN CUCI
B47: - Sabun Detergen Rinso (Anti Noda) | C47: 900 Gram | D47: - | E47: - | F47: - | G47: - | H47: 17500 | I47: - | J47: - | K47: =AVERAGE(D47:J47) -> 17500
B48: - Sabun Colek "Wing's Biru" | C48: 350 Gram | D48: - | E48: - | F48: - | G48: - | H48: 2000 | I48: - | J48: - | K48: =AVERAGE(D48:J48) -> 2000
A49: 12 | B49: JAGUNG
B50: - Jagung Pipilan Kering (Jenis Kecil) | C50: Kg | D50: 10000 | E50: 8000 | F50: 10000 | G50: 10000 | H50: 9000 | I50: 10000 | J50: 8000 | K50: =AVERAGE(D50:J50) -> 9285.7143
B51: - Jagung Pipilan Kering (Jenis Besar) | C51: Kg | D51: 9000 | E51: 10000 | F51: 9000 | G51: 9000 | H51: 6000 | I51: - | J51: 6000 | K51: =AVERAGE(D51:J51) -> 8166.6667
A52: 13 | B52: GARAM BERYODIUM
B53: - Garam Halus (Cap Kapal) | C53: 250 Gr/Bngks | D53: 3000 | E53: 8000 | F53: 5000 | G53: 5000 | H53: 2500 | I53: 2000 | J53: 2500 | K53: =AVERAGE(D53:J53) -> 4000
A54: 14 | B54: TEPUNG TERIGU
B55: - Tepung Terigu "Segitiga Biru" Curah | C55: Kg | D55: 12000 | E55: 10500 | F55: 13000 | G55: 11000 | H55: 11000 | I55: 12000 | J55: 10000 | K55: =AVERAGE(D55:J55) -> 11357.143
A56: 15 | B56: KACANG-KACANGAN
B57: - Kacang Kedelai (Kualitas Import) | C57: Kg | D57: 16000 | E57: 16000 | F57: 16000 | G57: 20000 | H57: 13000 | I57: 17000 | J57: - | K57: =AVERAGE(D57:J57) -> 16333.333
B58: - Kacang Kedelai (Kualitas Lokal) | C58: Kg | D58: - | E58: 14000 | F58: 15000 | G58: - | H58: - | I58: - | J58: 13500 | K58: =AVERAGE(D58:J58) -> 14166.667
B59: - Kacang Hijau | C59: Kg | D59: 25000 | E59: 23000 | F59: 28000 | G59: 30000 | H59: 22000 | I59: 28000 | J59: 26000 | K59: =AVERAGE(D59:J59) -> 26000
B60: - Kacang Tanah (Jenis Besar) | C60: Kg | D60: 30000 | E60: 30000 | F60: 30000 | G60: 30000 | H60: 26000 | I60: 33000 | J60: 28000 | K60: =AVERAGE(D60:J60) -> 29571.429
A61: 16 | B61: MIE INSTAN
B62: - Indomie Goreng | C62: 86 Gr/Bngks | D62: 3000 | E62: 3200 | F62: 3000 | G62: 3000 | H62: - | I62: 3500 | J62: 3500 | K62: =AVERAGE(D62:J62) -> 3200
A63: 17 | B63: C A B E
B64: - Cabe Merah Besar | C64: Kg | D64: 25000 | E64: 30000 | F64: 25000 | G64: 30000 | H64: 23000 | I64: 30000 | J64: 25000 | K64: =AVERAGE(D64:J64) -> 26857.143
B65: - Cabe Merah Kriting | C65: Kg | D65: 30000 | E65: 30000 | F65: 30000 | G65: 30000 | H65: - | I65: 30000 | J65: - | K65: =AVERAGE(D65:J65) -> 30000
B66: - Cabe Merah Kecil-Rawit | C66: Kg | D66: 30000 | E66: 30000 | F66: 25000 | G66: 40000 | H66: 23000 | I66: 40000 | J66: 40000 | K66: =AVERAGE(D66:J66) -> 32571.429
A67: 18 | B67: BAHAN BAKAR GAS LPG
B68: - Gas LPG Tabung (3 Kg.) | C68: Per Tabung | D68: 19000 | E68: 18000 | F68: 18000 | G68: 18000 | H68: - | I68: 18000 | J68: 18000 | K68: =AVERAGE(D68:J68) -> 18166.667
A69: 19 | B69: BAWANG
B70: - Bawang Putih (Jenis Kating) | C70: Kg | D70: 32000 | E70: 34000 | F70: 32000 | G70: 33000 | H70: 28000 | I70: 35000 | J70: 30000 | K70: =AVERAGE(D70:J70) -> 32000
B71: - Bawang Putih (Jenis Sinco) | C71: Kg | D71: 28000 | E71: 32000 | F71: 30000 | G71: 28000 | H71: 24000 | I71: 28000 | J71: 28000 | K71: =AVERAGE(D71:J71) -> 28285.714
B72: - Bawang Merah (Kualitas Lokal) | C72: Kg | D72: 30000 | E72: 35000 | F72: 32000 | G72: 35000 | H72: 25000 | I72: 32000 | J72: 25000 | K72: =AVERAGE(D72:J72) -> 30571.429
B73: - Bawang Bombay | C73: Kg | D73: 40000 | E73: 36000 | F73: 30000 | G73: 25000 | H73: 30000 | I73: 35000 | J73: 22000 | K73: =AVERAGE(D73:J73) -> 31142.857
A74: 20 | B74: UBI-UBIAN
B75: - Ketela Pohon | C75: Kg | D75: 7000 | E75: 7000 | F75: 5000 | G75: 6000 | H75: 4000 | I75: 6000 | J75: 5000 | K75: =AVERAGE(D75:J75) -> 5714.2857
B76: - Ubi Jalar | C76: Kg | D76: 7000 | E76: - | F76: 6000 | G76: 6000 | H76: 5000 | I76: 7000 | J76: 6000 | K76: =AVERAGE(D76:J76) -> 6166.6667
A77: 21 | B77: SAYUR-SAYURAN
B78: - Kubis | C78: Kg | D78: 8000 | E78: 8000 | F78: 7000 | G78: 9000 | H78: 9000 | I78: 9000 | J78: 7000 | K78: =AVERAGE(D78:J78) -> 8142.8571
B79: - Buncis | C79: Kg | D79: 12000 | E79: 14000 | F79: 15000 | G79: 14000 | H79: 10000 | I79: 13000 | J79: 12000 | K79: =AVERAGE(D79:J79) -> 12857.143
B80: - Kentang | C80: Kg | D80: 15000 | E80: 15000 | F80: 16000 | G80: 17000 | H80: 15000 | I80: 16000 | J80: 14000 | K80: =AVERAGE(D80:J80) -> 15428.571
B81: - Tomat | C81: Kg | D81: 15000 | E81: 15000 | F81: 15000 | G81: 15000 | H81: 15000 | I81: 15000 | J81: 12000 | K81: =AVERAGE(D81:J81) -> 14571.429
B82: - Wortel (Kualitas Lokal) | C82: Kg | D82: 10000 | E82: 10000 | F82: 12000 | G82: 12000 | H82: 10000 | I82: 12000 | J82: 7000 | K82: =AVERAGE(D82:J82) -> 10428.571
B83: - Terong Ungu (Jenis Sayur) | C83: Kg | D83: 8000 | E83: 10000 | F83: 10000 | G83: - | H83: 9000 | I83: 10000 | J83: 8000 | K83: =AVERAGE(D83:J83) -> 9166.6667
B84: - Bayam (Jenis Sayur) | C84: Ikat Kecil | D84: 2000 | E84: - | F84: 2000 | G84: 2000 | H84: 1500 | I84: 2000 | J84: 2000 | K84: =AVERAGE(D84:J84) -> 1916.6667
B85: - Kangkung (Jenis Panjang) | C85: Ikat Kecil | D85: 2000 | E85: - | F85: 1500 | G85: 2000 | H85: 1500 | I85: 1500 | J85: 1500 | K85: =AVERAGE(D85:J85) -> 1666.6667
B86: - Sawi (Jenis Hijau) | C86: Ikat Kecil | D86: - | E86: - | F86: 2000 | G86: 2000 | H86: 2000 | I86: 2000 | J86: 2000 | K86: =AVERAGE(D86:J86) -> 2000
A87: 22 | B87: AIR MINERAL
B88: - Air Mineral (Aqua Galon) | C88: 19 Ltr/Galon | D88: 18000 | E88: - | F88: 17000 | G88: 17000 | H88: - | I88: 20000 | J88: 18000 | K88: =AVERAGE(D88:J88) -> 18000

Sheet 10
A1: HARGA BAHAN-BAHAN POKOK
A2: DI PASAR TRADISIONAL KOTA SURABAYA
A3: HARI / TANGGAL : Senin / 10 April 2023
B4: NAMA BAHAN POKOK DAN PENTING LAINNYA | C4: SATUAN | D4: Pasar Tambahrejo | E4: Pasar Pucang Anom | F4: Pasar Wonokromo | G4: Pasar Genteng Baru | H4: Pasar Pabean | I4: Pasar Kembang | J4: Pasar Balongsari | K4: Rata-Rata
A7: 1 | B7: BERAS
B8: - Beras Premium | C8: Kg | D8: 13000 | E8: 13500 | F8: 14000 | G8: 13500 | H8: 12000 | I8: 14000 | J8: 13500 | K8: =AVERAGE(D8:J8) -> 13357.143
B9: - Beras Medium Bulog | C9: Kg | D9: - | E9: - | F9: 12000 | G9: - | H9: 9000 | I9: 9000 | J9: 9000 | K9: =AVERAGE(D9:J9) -> 9750
B10: - Beras Medium | C10: Kg | D10: 11000 | E10: 11500 | F10: - | G10: 11500 | H10: - | I10: - | J10: - | K10: =AVERAGE(D10:J10) -> 11333.333
B11: - Beras Jagung | C11: Kg | D11: - | E11: 10000 | F11: 12000 | G11: 12000 | H11: - | I11: 11000 | J11: 8000 | K11: =AVERAGE(D11:J11) -> 10600
B12: - Beras Ketan (Jenis Siyem) | C12: Kg | D12: - | E12: 22000 | F12: 24000 | G12: 20000 | H12: - | I12: 22000 | J12: 17000 | K12: =AVERAGE(D12:J12) -> 21000
A13: 2 | B13: GULA
B14: - Gula pasir lokal curah | C14: Kg | D14: 13000 | E14: 13000 | F14: 13500 | G14: 13000 | H14: 13000 | I14: 13000 | J14: 13500 | K14: =AVERAGE(D14:J14) -> 13142.857
B15: - Gula Jawa/Merah (Bahan Kelapa) | C15: Kg | D15: 15000 | E15: 16000 | F15: 16000 | G15: 16000 | H15: 15000 | I15: 16000 | J15: 16000 | K15: =AVERAGE(D15:J15) -> 15714.286
A16: 3 | B16: MINYAK GORENG
B17: - Minyak Goreng Curah (Bening) | C17: Kg | D17: 15000 | E17: 16000 | F17: 16000 | G17: 16000 | H17: 14000 | I17: 16000 | J17: 15000 | K17: =AVERAGE(D17:J17) -> 15428.571
B18: - Minyak Kita | C18: Liter | D18: 14000 | E18: 14000 | F18: 14000 | G18: 14000 | H18: - | I18: 14000 | J18: 14000 | K18: =AVERAGE(D18:J18) -> 14000
A19: 4 | B19: MENTEGA
B20: - Mentega Curah (Amanda) | C20: Kg | D20: 20000 | E20: - | F20: 19000 | G20: 22000 | H20: - | I20: 24000 | J20: - | K20: =AVERAGE(D20:J20) -> 21250
A21: 5 | B21: DAGING
B22: - Daging Sapi Grade Atas | C22: Kg | D22: 120000 | E22: 120000 | F22: 120000 | G22: 120000 | H22: 120000 | I22: 120000 | J22: 110000 | K22: =AVERAGE(D22:J22) -> 118571.43
B23: - Daging Sapi Grade Sedang | C23: Kg | D23: 110000 | E23: 110000 | F23: 110000 | G23: 110000 | H23: 114000 | I23: 110000 | J23: 100000 | K23: =AVERAGE(D23:J23) -> 109142.86
B24: - Daging Sapi Grade Bawah | C24: Kg | D24: 100000 | E24: 95000 | F24: 100000 | G24: 100000 | H24: 100000 | I24: 100000 | J24: - | K24: =AVERAGE(D24:J24) -> 99166.667
B25: - Daging Ayam Broiler | C25: Kg | D25: 31000 | E25: 31000 | F25: 33000 | G25: 31000 | H25: 33000 | I25: 32000 | J25: 32000 | K25: =AVERAGE(D25:J25) -> 31857.143
A26: 6 | B26: I K A N
B27: - Ikan Tongkol Segar (Uk. Sedang) | C27: Kg | D27: 35000 | E27: 38000 | F27: - | G27: 45000 | H27: 30000 | I27: 38000 | J27: 40000 | K27: =AVERAGE(D27:J27) -> 37666.667
B28: - Ikan Mujair Segar (Uk. Sedang) | C28: Kg | D28: 30000 | E28: 30000 | F28: 30000 | G28: 35000 | H28: 23000 | I28: 30000 | J28: 30000 | K28: =AVERAGE(D28:J28) -> 29714.286
B29: - Udang Segar (Uk. Sedang) | C29: Kg | D29: 65000 | E29: 60000 | F29: 60000 | G29: 75000 | H29: 58000 | I29: 72000 | J29: 60000 | K29: =AVERAGE(D29:J29) -> 64285.714
B30: - Ikan Lele Segar (Ukuran Sedang) | C30: Kg | D30: 25000 | E30: - | F30: - | G30: 25000 | H30: 23000 | I30: 24000 | J30: 26000 | K30: =AVERAGE(D30:J30) -> 24600
B31: - Ikan Bandeng Segar (Uk. Sedang) | C31: Kg | D31: 45000 | E31: 36000 | F31: 40000 | G31: 45000 | H31: 28000 | I31: 37000 | J31: 35000 | K31: =AVERAGE(D31:J31) -> 38000
B32: - Ikan Teri Asin (Bukan Teri Medan) | C32: Kg | D32: - | E32: 100000 | F32: 110000 | G32: - | H32: 80000 | I32: - | J32: - | K32: =AVERAGE(D32:J32) -> 96666.667
A33: 7 | B33: TELUR
B34: - Telur Ayam Broiler | C34: Kg | D34: 27000 | E34: 27000 | F34: 27000 | G34: 27000 | H34: 27000 | I34: 27000 | J34: 26500 | K34: =AVERAGE(D34:J34) -> 26928.571
B35: - Telur Ayam Kampung | C35: Butir | D35: 3000 | E35: 2200 | F35: 2000 | G35: 2200 | H35: 2000 | I35: 2500 | J35: 3000 | K35: =AVERAGE(D35:J35) -> 2414.2857
A36: 8 | B36: TAHU
B37: - Tahu biasa | C37: Kg | D37: 10000 | E37: 10000 | F37: 9000 | G37: 9000 | H37: 16000 | I37: 15000 | J37: 9000 | K37: =AVERAGE(D37:J37) -> 11142.857
B38: - Tahu susu | C38: Kg | D38: - | E38: 7000 | F38: 12000 | G38: 17000 | H38: - | I38: 13000 | J38: 12000 | K38: =AVERAGE(D38:J38) -> 12200
A39: 9 | B39: TEMPE
B40: - Tempe Kw I (campuran kedelai) | C40: Kg | D40: - | E40: 18000 | F40: - | G40: 16000 | H40: 14000 | I40: 15000 | J40: 15000 | K40: =AVERAGE(D40:J40) -> 15600
B41: - Tempe Kw II (campuran jagung) | C41: Kg | D41: 2500 | E41: 12000 | F41: 6000 | G41: - | H41: - | I41: - | J41: - | K41: =AVERAGE(D41:J41) -> 6833.3333
B42: - Tempe Kw III (campuran kulit) | C42: Kg | D42: - | E42: 2000 | F42: - | G42: - | H42: - | I42: - | J42: - | K42: =AVERAGE(D42:J42) -> 2000
A43: 10 | B43: S U S U
B44: - Susu Kental Manis "INDOMILK" Putih | C44: 390 Gr/kaleng | D44: 12500 | E44: 12000 | F44: 12500 | G44: 12000 | H44: - | I44: 12500 | J44: 12500 | K44: =AVERAGE(D44:J44) -> 12333.333
B45: - Susu Kental Manis "BENDERA" Putih | C45: 390 Gr/kaleng | D45: 12500 | E45: 13000 | F45: 12500 | G45: 12000 | H45: - | I45: 12500 | J45: 12500 | K45: =AVERAGE(D45:J45) -> 12500
A46: 11 | B46: SABUN CUCI
B47: - Sabun Detergen Rinso (Anti Noda) | C47: 900 Gram | D47: - | E47: - | F47: - | G47: - | H47: 17500 | I47: - | J47: - | K47: =AVERAGE(D47:J47) -> 17500
B48: - Sabun Colek "Wing's Biru" | C48: 350 Gram | D48: - | E48: - | F48: - | G48: - | H48: 2000 | I48: - | J48: - | K48: =AVERAGE(D48:J48) -> 2000
A49: 12 | B49: JAGUNG
B50: - Jagung Pipilan Kering (Jenis Kecil) | C50: Kg | D50: 10000 | E50: 8000 | F50: 10000 | G50: 10000 | H50: 9000 | I50: 10000 | J50: 8000 | K50: =AVERAGE(D50:J50) -> 9285.7143
B51: - Jagung Pipilan Kering (Jenis Besar) | C51: Kg | D51: 9000 | E51: 10000 | F51: 9000 | G51: 9000 | H51: 6000 | I51: - | J51: 6000 | K51: =AVERAGE(D51:J51) -> 8166.6667
A52: 13 | B52: GARAM BERYODIUM
B53: - Garam Halus (Cap Kapal) | C53: 250 Gr/Bngks | D53: 3000 | E53: 8000 | F53: 5000 | G53: 5000 | H53: 2500 | I53: 2000 | J53: 2500 | K53: =AVERAGE(D53:J53) -> 4000
A54: 14 | B54: TEPUNG TERIGU
B55: - Tepung Terigu "Segitiga Biru" Curah | C55: Kg | D55: 12000 | E55: 10500 | F55: 13000 | G55: 11000 | H55: 11000 | I55: 12000 | J55: 10000 | K55: =AVERAGE(D55:J55) -> 11357.143
A56: 15 | B56: KACANG-KACANGAN
B57: - Kacang Kedelai (Kualitas Import) | C57: Kg | D57: 16000 | E57: 16000 | F57: 16000 | G57: 20000 | H57: 13000 | I57: 17000 | J57: - | K57: =AVERAGE(D57:J57) -> 16333.333
B58: - Kacang Kedelai (Kualitas Lokal) | C58: Kg | D58: - | E58: 14000 | F58: 15000 | G58: - | H58: - | I58: - | J58: 13500 | K58: =AVERAGE(D58:J58) -> 14166.667
B59: - Kacang Hijau | C59: Kg | D59: 25000 | E59: 23000 | F59: 28000 | G59: 30000 | H59: 22000 | I59: 28000 | J59: 26000 | K59: =AVERAGE(D59:J59) -> 26000
B60: - Kacang Tanah (Jenis Besar) | C60: Kg | D60: 30000 | E60: 30000 | F60: 30000 | G60: 30000 | H60: 26000 | I60: 33000 | J60: 28000 | K60: =AVERAGE(D60:J60) -> 29571.429
A61: 16 | B61: MIE INSTAN
B62: - Indomie Goreng | C62: 86 Gr/Bngks | D62: 3000 | E62: 3200 | F62: 3000 | G62: 3000 | H62: - | I62: 3500 | J62: 3500 | K62: =AVERAGE(D62:J62) -> 3200
A63: 17 | B63: C A B E
B64: - Cabe Merah Besar | C64: Kg | D64: 25000 | E64: 30000 | F64: 25000 | G64: 30000 | H64: 25000 | I64: 30000 | J64: 25000 | K64: =AVERAGE(D64:J64) -> 27142.857
B65: - Cabe Merah Kriting | C65: Kg | D65: 30000 | E65: 30000 | F65: 28000 | G65: 30000 | H65: - | I65: 30000 | J65: - | K65: =AVERAGE(D65:J65) -> 29600
B66: - Cabe Merah Kecil-Rawit | C66: Kg | D66: 30000 | E66: 30000 | F66: 30000 | G66: 40000 | H66: 25000 | I66: 35000 | J66: 25000 | K66: =AVERAGE(D66:J66) -> 30714.286
A67: 18 | B67: BAHAN BAKAR GAS LPG
B68: - Gas LPG Tabung (3 Kg.) | C68: Per Tabung | D68: 19000 | E68: 18000 | F68: 18000 | G68: 18000 | H68: - | I68: 18000 | J68: 18000 | K68: =AVERAGE(D68:J68) -> 18166.667
A69: 19 | B69: BAWANG
B70: - Bawang Putih (Jenis Kating) | C70: Kg | D70: 32000 | E70: 34000 | F70: 30000 | G70: 33000 | H70: 30000 | I70: 35000 | J70: 30000 | K70: =AVERAGE(D70:J70) -> 32000
B71: - Bawang Putih (Jenis Sinco) | C71: Kg | D71: 28000 | E71: 32000 | F71: 28000 | G71: 28000 | H71: 25000 | I71: 28000 | J71: 28000 | K71: =AVERAGE(D71:J71) -> 28142.857
B72: - Bawang Merah (Kualitas Lokal) | C72: Kg | D72: 35000 | E72: 35000 | F72: 30000 | G72: 35000 | H72: 26000 | I72: 32000 | J72: 25000 | K72: =AVERAGE(D72:J72) -> 31142.857
B73: - Bawang Bombay | C73: Kg | D73: 40000 | E73: 40000 | F73: 35000 | G73: 25000 | H73: 30000 | I73: 35000 | J73: 22000 | K73: =AVERAGE(D73:J73) -> 32428.571
A74: 20 | B74: UBI-UBIAN
B75: - Ketela Pohon | C75: Kg | D75: 7000 | E75: 7000 | F75: 5000 | G75: 6000 | H75: 4000 | I75: 6000 | J75: 5000 | K75: =AVERAGE(D75:J75) -> 5714.2857
B76: - Ubi Jalar | C76: Kg | D76: 7000 | E76: - | F76: 6000 | G76: 6000 | H76: 5000 | I76: 7000 | J76: 6000 | K76: =AVERAGE(D76:J76) -> 6166.6667
A77: 21 | B77: SAYUR-SAYURAN
B78: - Kubis | C78: Kg | D78: 8000 | E78: 8000 | F78: 7000 | G78: 9000 | H78: 9000 | I78: 9000 | J78: 7000 | K78: =AVERAGE(D78:J78) -> 8142.8571
B79: - Buncis | C79: Kg | D79: 12000 | E79: 14000 | F79: 15000 | G79: 14000 | H79: 10000 | I79: 13000 | J79: 12000 | K79: =AVERAGE(D79:J79) -> 12857.143
B80: - Kentang | C80: Kg | D80: 15000 | E80: 15000 | F80: 16000 | G80: 17000 | H80: 15000 | I80: 16000 | J80: 14000 | K80: =AVERAGE(D80:J80) -> 15428.571
B81: - Tomat | C81: Kg | D81: 15000 | E81: 15000 | F81: 18000 | G81: 15000 | H81: 15000 | I81: 15000 | J81: 12000 | K81: =AVERAGE(D81:J81) -> 15000
B82: - Wortel (Kualitas Lokal) | C82: Kg | D82: 10000 | E82: 10000 | F82: 12000 | G82: 12000 | H82: 10000 | I82: 12000 | J82: 7000 | K82: =AVERAGE(D82:J82) -> 10428.571
B83: - Terong Ungu (Jenis Sayur) | C83: Kg | D83: 8000 | E83: 10000 | F83: 10000 | G83: - | H83: 9000 | I83: 10000 | J83: 8000 | K83: =AVERAGE(D83:J83) -> 9166.6667
B84: - Bayam (Jenis Sayur) | C84: Ikat Kecil | D84: 2000 | E84: - | F84: 2000 | G84: 2000 | H84: 1500 | I84: 2000 | J84: 2000 | K84: =AVERAGE(D84:J84) -> 1916.6667
B85: - Kangkung (Jenis Panjang) | C85: Ikat Kecil | D85: 2000 | E85: - | F85: 1500 | G85: 2000 | H85: 1500 | I85: 1500 | J85: 1500 | K85: =AVERAGE(D85:J85) -> 1666.6667
B86: - Sawi (Jenis Hijau) | C86: Ikat Kecil | D86: - | E86: - | F86: 2000 | G86: 2000 | H86: 2000 | I86: 2000 | J86: 2000 | K86: =AVERAGE(D86:J86) -> 2000
A87: 22 | B87: AIR MINERAL
B88: - Air Mineral (Aqua Galon) | C88: 19 Ltr/Galon | D88: 18000 | E88: - | F88: 17000 | G88: 17000 | H88: - | I88: 20000 | J88: 18000 | K88: =AVERAGE(D88:J88) -> 18000

Sheet 11
A1: HARGA BAHAN-BAHAN POKOK
A2: DI PASAR TRADISIONAL KOTA SURABAYA
A3: HARI / TANGGAL : Selasa / 11 April 2023
B4: NAMA BAHAN POKOK DAN PENTING LAINNYA | C4: SATUAN | D4: Pasar Tambahrejo | E4: Pasar Pucang Anom | F4: Pasar Wonokromo | G4: Pasar Genteng Baru | H4: Pasar Pabean | I4: Pasar Kembang | J4: Pasar Balongsari | K4: Rata-Rata
A7: 1 | B7: BERAS
B8: - Beras Premium | C8: Kg | D8: 13000 | E8: 13500 | F8: 14000 | G8: 13500 | H8: 12000 | I8: 14000 | J8: 13500 | K8: =AVERAGE(D8:J8) -> 13357.143
B9: - Beras Medium Bulog | C9: Kg | D9: - | E9: - | F9: 12000 | G9: - | H9: 9000 | I9: 9000 | J9: 9000 | K9: =AVERAGE(D9:J9) -> 9750
B10: - Beras Medium | C10: Kg | D10: 11000 | E10: 11500 | F10: - | G10: 11500 | H10: - | I10: - | J10: - | K10: =AVERAGE(D10:J10) -> 11333.333
B11: - Beras Jagung | C11: Kg | D11: - | E11: 10000 | F11: 12000 | G11: 12000 | H11: - | I11: 11000 | J11: 8000 | K11: =AVERAGE(D11:J11) -> 10600
B12: - Beras Ketan (Jenis Siyem) | C12: Kg | D12: - | E12: 22000 | F12: 24000 | G12: 20000 | H12: - | I12: 22000 | J12: 17000 | K12: =AVERAGE(D12:J12) -> 21000
A13: 2 | B13: GULA
B14: - Gula pasir lokal curah | C14: Kg | D14: 13000 | E14: 13000 | F14: 13500 | G14: 13000 | H14: 13000 | I14: 13000 | J14: 13500 | K14: =AVERAGE(D14:J14) -> 13142.857
B15: - Gula Jawa/Merah (Bahan Kelapa) | C15: Kg | D15: 15000 | E15: 16000 | F15: 16000 | G15: 16000 | H15: 15000 | I15: 16000 | J15: 16000 | K15: =AVERAGE(D15:J15) -> 15714.286
A16: 3 | B16: MINYAK GORENG
B17: - Minyak Goreng Curah (Bening) | C17: Kg | D17: 15000 | E17: 16000 | F17: 17000 | G17: 16000 | H17: 14000 | I17: 16000 | J17: 15000 | K17: =AVERAGE(D17:J17) -> 15571.429
B18: - Minyak Kita | C18: Liter | D18: 14000 | E18: 14000 | F18: 14000 | G18: 14000 | H18: - | I18: 14000 | J18: 14000 | K18: =AVERAGE(D18:J18) -> 14000
A19: 4 | B19: MENTEGA
B20: - Mentega Curah (Amanda) | C20: Kg | D20: 20000 | E20: - | F20: 19000 | G20: 22000 | H20: - | I20: 24000 | J20: - | K20: =AVERAGE(D20:J20) -> 21250
A21: 5 | B21: DAGING
B22: - Daging Sapi Grade Atas | C22: Kg | D22: 120000 | E22: 120000 | F22: 120000 | G22: 120000 | H22: 120000 | I22: 120000 | J22: 110000 | K22: =AVERAGE(D22:J22) -> 118571.43
B23: - Daging Sapi Grade Sedang | C23: Kg | D23: 110000 | E23: 110000 | F23: 110000 | G23: 110000 | H23: 114000 | I23: 110000 | J23: 100000 | K23: =AVERAGE(D23:J23) -> 109142.86
B24: - Daging Sapi Grade Bawah | C24: Kg | D24: 100000 | E24: 95000 | F24: 100000 | G24: 100000 | H24: 100000 | I24: 100000 | J24: - | K24: =AVERAGE(D24:J24) -> 99166.667
B25: - Daging Ayam Broiler | C25: Kg | D25: 31000 | E25: 31000 | F25: 32000 | G25: 32000 | H25: 35000 | I25: 32000 | J25: 34000 | K25: =AVERAGE(D25:J25) -> 32428.571
A26: 6 | B26: I K A N
B27: - Ikan Tongkol Segar (Uk. Sedang) | C27: Kg | D27: 35000 | E27: 38000 | F27: - | G27: 45000 | H27: 30000 | I27: 38000 | J27: 40000 | K27: =AVERAGE(D27:J27) -> 37666.667
B28: - Ikan Mujair Segar (Uk. Sedang) | C28: Kg | D28: 30000 | E28: 30000 | F28: 30000 | G28: 35000 | H28: 23000 | I28: 30000 | J28: 30000 | K28: =AVERAGE(D28:J28) -> 29714.286
B29: - Udang Segar (Uk. Sedang) | C29: Kg | D29: 65000 | E29: 60000 | F29: 60000 | G29: 75000 | H29: 58000 | I29: 72000 | J29: 60000 | K29: =AVERAGE(D29:J29) -> 64285.714
B30: - Ikan Lele Segar (Ukuran Sedang) | C30: Kg | D30: 25000 | E30: - | F30: - | G30: 25000 | H30: 23000 | I30: 24000 | J30: 26000 | K30: =AVERAGE(D30:J30) -> 24600
B31: - Ikan Bandeng Segar (Uk. Sedang) | C31: Kg | D31: 45000 | E31: 36000 | F31: 40000 | G31: 45000 | H31: 28000 | I31: 37000 | J31: 35000 | K31: =AVERAGE(D31:J31) -> 38000
B32: - Ikan Teri Asin (Bukan Teri Medan) | C32: Kg | D32: - | E32: 100000 | F32: 110000 | G32: - | H32: 80000 | I32: - | J32: - | K32: =AVERAGE(D32:J32) -> 96666.667
A33: 7 | B33: TELUR
B34: - Telur Ayam Broiler | C34: Kg | D34: 27000 | E34: 27000 | F34: 27000 | G34: 27000 | H34: 26000 | I34: 26000 | J34: 26500 | K34: =AVERAGE(D34:J34) -> 26642.857
B35: - Telur Ayam Kampung | C35: Butir | D35: 3000 | E35: 2200 | F35: 2000 | G35: 2200 | H35: 2000 | I35: 2500 | J35: 3000 | K35: =AVERAGE(D35:J35) -> 2414.2857
A36: 8 | B36: TAHU
B37: - Tahu biasa | C37: Kg | D37: 10000 | E37: 10000 | F37: 9000 | G37: 9000 | H37: 16000 | I37: 15000 | J37: 9000 | K37: =AVERAGE(D37:J37) -> 11142.857
B38: - Tahu susu | C38: Kg | D38: - | E38: 7000 | F38: 12000 | G38: 17000 | H38: - | I38: 13000 | J38: 12000 | K38: =AVERAGE(D38:J38) -> 12200
A39: 9 | B39: TEMPE
B40: - Tempe Kw I (campuran kedelai) | C40: Kg | D40: - | E40: 18000 | F40: - | G40: 16000 | H40: 14000 | I40: 15000 | J40: 15000 | K40: =AVERAGE(D40:J40) -> 15600
B41: - Tempe Kw II (campuran jagung) | C41: Kg | D41: 2500 | E41: 12000 | F41: 6000 | G41: - | H41: - | I41: - | J41: - | K41: =AVERAGE(D41:J41) -> 6833.3333
B42: - Tempe Kw III (campuran kulit) | C42: Kg | D42: - | E42: 2000 | F42: - | G42: - | H42: - | I42: - | J42: - | K42: =AVERAGE(D42:J42) -> 2000
A43: 10 | B43: S U S U
B44: - Susu Kental Manis "INDOMILK" Putih | C44: 390 Gr/kaleng | D44: 12500 | E44: 12000 | F44: 12500 | G44: 12000 | H44: - | I44: 12500 | J44: 12500 | K44: =AVERAGE(D44:J44) -> 12333.333
B45: - Susu Kental Manis "BENDERA" Putih | C45: 390 Gr/kaleng | D45: 12500 | E45: 13000 | F45: 12500 | G45: 12000 | H45: - | I45: 12500 | J45: 12500 | K45: =AVERAGE(D45:J45) -> 12500
A46: 11 | B46: SABUN CUCI
B47: - Sabun Detergen Rinso (Anti Noda) | C47: 900 Gram | D47: - | E47: - | F47: - | G47: - | H47: 17500 | I47: - | J47: - | K47: =AVERAGE(D47:J47) -> 17500
B48: - Sabun Colek "Wing's Biru" | C48: 350 Gram | D48: - | E48: - | F48: - | G48: - | H48: 2000 | I48: - | J48: - | K48: =AVERAGE(D48:J48) -> 2000
A49: 12 | B49: JAGUNG
B50: - Jagung Pipilan Kering (Jenis Kecil) | C50: Kg | D50: 10000 | E50: 8000 | F50: 10000 | G50: 10000 | H50: 9000 | I50: 10000 | J50: 8000 | K50: =AVERAGE(D50:J50) -> 9285.7143
B51: - Jagung Pipilan Kering (Jenis Besar) | C51: Kg | D51: 9000 | E51: 10000 | F51: 9000 | G51: 9000 | H51: 6000 | I51: - | J51: 6000 | K51: =AVERAGE(D51:J51) -> 8166.6667
A52: 13 | B52: GARAM BERYODIUM
B53: - Garam Halus (Cap Kapal) | C53: 250 Gr/Bngks | D53: 3000 | E53: 8000 | F53: 5000 | G53: 5000 | H53: 2500 | I53: 2000 | J53: 2500 | K53: =AVERAGE(D53:J53) -> 4000
A54: 14 | B54: TEPUNG TERIGU
B55: - Tepung Terigu "Segitiga Biru" Curah | C55: Kg | D55: 12000 | E55: 10500 | F55: 13000 | G55: 11000 | H55: 11000 | I55: 12000 | J55: 10000 | K55: =AVERAGE(D55:J55) -> 11357.143
A56: 15 | B56: KACANG-KACANGAN
B57: - Kacang Kedelai (Kualitas Import) | C57: Kg | D57: 16000 | E57: 16000 | F57: 16000 | G57: 20000 | H57: 13000 | I57: 17000 | J57: - | K57: =AVERAGE(D57:J57) -> 16333.333
B58: - Kacang Kedelai (Kualitas Lokal) | C58: Kg | D58: - | E58: 14000 | F58: 15000 | G58: - | H58: - | I58: - | J58: 13500 | K58: =AVERAGE(D58:J58) -> 14166.667
B59: - Kacang Hijau | C59: Kg | D59: 25000 | E59: 23000 | F59: 28000 | G59: 30000 | H59: 22000 | I59: 28000 | J59: 26000 | K59: =AVERAGE(D59:J59) -> 26000
B60: - Kacang Tanah (Jenis Besar) | C60: Kg | D60: 30000 | E60: 30000 | F60: 30000 | G60: 30000 | H60: 26000 | I60: 33000 | J60: 28000 | K60: =AVERAGE(D60:J60) -> 29571.429
A61: 16 | B61: MIE INSTAN
B62: - Indomie Goreng | C62: 86 Gr/Bngks | D62: 3000 | E62: 3200 | F62: 3000 | G62: 3000 | H62: - | I62: 3500 | J62: 3500 | K62: =AVERAGE(D62:J62) -> 3200
A63: 17 | B63: C A B E
B64: - Cabe Merah Besar | C64: Kg | D64: 25000 | E64: 30000 | F64: 25000 | G64: 30000 | H64: 25000 | I64: 30000 | J64: 25000 | K64: =AVERAGE(D64:J64) -> 27142.857
B65: - Cabe Merah Kriting | C65: Kg | D65: 30000 | E65: 30000 | F65: 28000 | G65: 30000 | H65: - | I65: 30000 | J65: - | K65: =AVERAGE(D65:J65) -> 29600
B66: - Cabe Merah Kecil-Rawit | C66: Kg | D66: 30000 | E66: 30000 | F66: 28000 | G66: 40000 | H66: 20000 | I66: 35000 | J66: 25000 | K66: =AVERAGE(D66:J66) -> 29714.286
A67: 18 | B67: BAHAN BAKAR GAS LPG
B68: - Gas LPG Tabung (3 Kg.) | C68: Per Tabung | D68: 19000 | E68: 18000 | F68: 18000 | G68: 18000 | H68: - | I68: 18000 | J68: 18000 | K68: =AVERAGE(D68:J68) -> 18166.667
A69: 19 | B69: BAWANG
B70: - Bawang Putih (Jenis Kating) | C70: Kg | D70: 32000 | E70: 34000 | F70: 30000 | G70: 33000 | H70: 30000 | I70: 35000 | J70: 30000 | K70: =AVERAGE(D70:J70) -> 32000
B71: - Bawang Putih (Jenis Sinco) | C71: Kg | D71: 28000 | E71: 32000 | F71: 28000 | G71: 28000 | H71: 25000 | I71: 28000 | J71: 28000 | K71: =AVERAGE(D71:J71) -> 28142.857
B72: - Bawang Merah (Kualitas Lokal) | C72: Kg | D72: 35000 | E72: 35000 | F72: 29000 | G72: 35000 | H72: 28000 | I72: 32000 | J72: 25000 | K72: =AVERAGE(D72:J72) -> 31285.714
B73: - Bawang Bombay | C73: Kg | D73: 40000 | E73: 40000 | F73: 30000 | G73: 25000 | H73: 30000 | I73: 35000 | J73: 22000 | K73: =AVERAGE(D73:J73) -> 31714.286
A74: 20 | B74: UBI-UBIAN
B75: - Ketela Pohon | C75: Kg | D75: 7000 | E75: 7000 | F75: 5000 | G75: 6000 | H75: 4000 | I75: 6000 | J75: 5000 | K75: =AVERAGE(D75:J75) -> 5714.2857
B76: - Ubi Jalar | C76: Kg | D76: 7000 | E76: - | F76: 6000 | G76: 6000 | H76: 5000 | I76: 7000 | J76: 6000 | K76: =AVERAGE(D76:J76) -> 6166.6667
A77: 21 | B77: SAYUR-SAYURAN
B78: - Kubis | C78: Kg | D78: 8000 | E78: 8000 | F78: 7000 | G78: 9000 | H78: 9000 | I78: 9000 | J78: 7000 | K78: =AVERAGE(D78:J78) -> 8142.8571
B79: - Buncis | C79: Kg | D79: 12000 | E79: 14000 | F79: 15000 | G79: 20000 | H79: 10000 | I79: 15000 | J79: 15000 | K79: =AVERAGE(D79:J79) -> 14428.571
B80: - Kentang | C80: Kg | D80: 15000 | E80: 15000 | F80: 16000 | G80: 17000 | H80: 15000 | I80: 16000 | J80: 14000 | K80: =AVERAGE(D80:J80) -> 15428.571
B81: - Tomat | C81: Kg | D81: 15000 | E81: 15000 | F81: 15000 | G81: 20000 | H81: 15000 | I81: 18000 | J81: 14000 | K81: =AVERAGE(D81:J81) -> 16000
B82: - Wortel (Kualitas Lokal) | C82: Kg | D82: 10000 | E82: 10000 | F82: 10000 | G82: 15000 | H82: 10000 | I82: 12000 | J82: 7000 | K82: =AVERAGE(D82:J82) -> 10571.429
B83: - Terong Ungu (Jenis Sayur) | C83: Kg | D83: 8000 | E83: 10000 | F83: 9000 | G83: - | H83: 9000 | I83: 10000 | J83: 8000 | K83: =AVERAGE(D83:J83) -> 9000
B84: - Bayam (Jenis Sayur) | C84: Ikat Kecil | D84: 2000 | E84: - | F84: 2000 | G84: 2000 | H84: 1500 | I84: 2000 | J84: 2000 | K84: =AVERAGE(D84:J84) -> 1916.6667
B85: - Kangkung (Jenis Panjang) | C85: Ikat Kecil | D85: 2000 | E85: - | F85: 1500 | G85: 2000 | H85: 1500 | I85: 1500 | J85: 1500 | K85: =AVERAGE(D85:J85) -> 1666.6667
B86: - Sawi (Jenis Hijau) | C86: Ikat Kecil | D86: - | E86: - | F86: 2000 | G86: 2000 | H86: 2000 | I86: 2000 | J86: 2000 | K86: =AVERAGE(D86:J86) -> 2000
A87: 22 | B87: AIR MINERAL
B88: - Air Mineral (Aqua Galon) | C88: 19 Ltr/Galon | D88: 18000 | E88: - | F88: 17000 | G88: 17000 | H88: - | I88: 20000 | J88: 18000 | K88: =AVERAGE(D88:J88) -> 18000

Sheet 12
A1: HARGA BAHAN-BAHAN POKOK
A2: DI PASAR TRADISIONAL KOTA SURABAYA
A3: HARI / TANGGAL : Rabu / 12 April 2023
B4: NAMA BAHAN POKOK DAN PENTING LAINNYA | C4: SATUAN | D4: Pasar Tambahrejo | E4: Pasar Pucang Anom | F4: Pasar Wonokromo | G4: Pasar Genteng Baru | H4: Pasar Pabean | I4: Pasar Kembang | J4: Pasar Balongsari | K4: Rata-Rata
A7: 1 | B7: BERAS
B8: - Beras Premium | C8: Kg | D8: 13000 | E8: 13500 | F8: 14000 | G8: 13500 | H8: 12000 | I8: 14000 | J8: 13500 | K8: =AVERAGE(D8:J8) -> 13357.143
B9: - Beras Medium Bulog | C9: Kg | D9: - | E9: - | F9: 12000 | G9: - | H9: 9000 | I9: 9000 | J9: 9000 | K9: =AVERAGE(D9:J9) -> 9750
B10: - Beras Medium | C10: Kg | D10: 11000 | E10: 11500 | F10: - | G10: 11500 | H10: - | I10: - | J10: - | K10: =AVERAGE(D10:J10) -> 11333.333
B11: - Beras Jagung | C11: Kg | D11: - | E11: 10000 | F11: 12000 | G11: 12000 | H11: - | I11: 11000 | J11: 8000 | K11: =AVERAGE(D11:J11) -> 10600
B12: - Beras Ketan (Jenis Siyem) | C12: Kg | D12: - | E12: 22000 | F12: 24000 | G12: 20000 | H12: - | I12: 22000 | J12: 17000 | K12: =AVERAGE(D12:J12) -> 21000
A13: 2 | B13: GULA
B14: - Gula pasir lokal curah | C14: Kg | D14: 13000 | E14: 13000 | F14: 13500 | G14: 13000 | H14: 13000 | I14: 13000 | J14: 13500 | K14: =AVERAGE(D14:J14) -> 13142.857
B15: - Gula Jawa/Merah (Bahan Kelapa) | C15: Kg | D15: 15000 | E15: 16000 | F15: 16000 | G15: 16000 | H15: 15000 | I15: 16000 | J15: 16000 | K15: =AVERAGE(D15:J15) -> 15714.286
A16: 3 | B16: MINYAK GORENG
B17: - Minyak Goreng Curah (Bening) | C17: Kg | D17: 15000 | E17: 16000 | F17: 17000 | G17: 16000 | H17: 14000 | I17: 16000 | J17: 15000 | K17: =AVERAGE(D17:J17) -> 15571.429
B18: - Minyak Kita | C18: Liter | D18: 14000 | E18: 14000 | F18: 14000 | G18: 14000 | H18: - | I18: 14000 | J18: 14000 | K18: =AVERAGE(D18:J18) -> 14000
A19: 4 | B19: MENTEGA
B20: - Mentega Curah (Amanda) | C20: Kg | D20: 20000 | E20: - | F20: 19000 | G20: 22000 | H20: - | I20: 24000 | J20: - | K20: =AVERAGE(D20:J20) -> 21250
A21: 5 | B21: DAGING
B22: - Daging Sapi Grade Atas | C22: Kg | D22: 120000 | E22: 120000 | F22: 120000 | G22: 120000 | H22: 120000 | I22: 120000 | J22: 110000 | K22: =AVERAGE(D22:J22) -> 118571.43
B23: - Daging Sapi Grade Sedang | C23: Kg | D23: 110000 | E23: 110000 | F23: 110000 | G23: 110000 | H23: 114000 | I23: 110000 | J23: 100000 | K23: =AVERAGE(D23:J23) -> 109142.86
B24: - Daging Sapi Grade Bawah | C24: Kg | D24: 100000 | E24: 95000 | F24: 100000 | G24: 100000 | H24: 100000 | I24: 100000 | J24: - | K24: =AVERAGE(D24:J24) -> 99166.667
B25: - Daging Ayam Broiler | C25: Kg | D25: 31000 | E25: 32000 | F25: 32000 | G25: 32000 | H25: 34000 | I25: 32000 | J25: 34000 | K25: =AVERAGE(D25:J25) -> 32428.571
A26: 6 | B26: I K A N
B27: - Ikan Tongkol Segar (Uk. Sedang) | C27: Kg | D27: 35000 | E27: 38000 | F27: - | G27: 45000 | H27: 30000 | I27: 38000 | J27: 40000 | K27: =AVERAGE(D27:J27) -> 37666.667
B28: - Ikan Mujair Segar (Uk. Sedang) | C28: Kg | D28: 30000 | E28: 30000 | F28: 30000 | G28: 35000 | H28: 23000 | I28: 30000 | J28: 30000 | K28: =AVERAGE(D28:J28) -> 29714.286
B29: - Udang Segar (Uk. Sedang) | C29: Kg | D29: 65000 | E29: 60000 | F29: 60000 | G29: 75000 | H29: 58000 | I29: 72000 | J29: 60000 | K29: =AVERAGE(D29:J29) -> 64285.714
B30: - Ikan Lele Segar (Ukuran Sedang) | C30: Kg | D30: 25000 | E30: - | F30: - | G30: 25000 | H30: 23000 | I30: 24000 | J30: 26000 | K30: =AVERAGE(D30:J30) -> 24600
B31: - Ikan Bandeng Segar (Uk. Sedang) | C31: Kg | D31: 45000 | E31: 36000 | F31: 40000 | G31: 45000 | H31: 28000 | I31: 37000 | J31: 35000 | K31: =AVERAGE(D31:J31) -> 38000
B32: - Ikan Teri Asin (Bukan Teri Medan) | C32: Kg | D32: - | E32: 100000 | F32: 110000 | G32: - | H32: 80000 | I32: - | J32: - | K32: =AVERAGE(D32:J32) -> 96666.667
A33: 7 | B33: TELUR
B34: - Telur Ayam Broiler | C34: Kg | D34: 27000 | E34: 27000 | F34: 27000 | G34: 27000 | H34: 26000 | I34: 26000 | J34: 26500 | K34: =AVERAGE(D34:J34) -> 26642.857
B35: - Telur Ayam Kampung | C35: Butir | D35: 3000 | E35: 2000 | F35: 2000 | G35: 2200 | H35: 2000 | I35: 2500 | J35: 3000 | K35: =AVERAGE(D35:J35) -> 2385.7143
A36: 8 | B36: TAHU
B37: - Tahu biasa | C37: Kg | D37: 10000 | E37: 10000 | F37: 9000 | G37: 9000 | H37: 16000 | I37: 15000 | J37: 9000 | K37: =AVERAGE(D37:J37) -> 11142.857
B38: - Tahu susu | C38: Kg | D38: - | E38: 7000 | F38: 12000 | G38: 17000 | H38: - | I38: 13000 | J38: 12000 | K38: =AVERAGE(D38:J38) -> 12200
A39: 9 | B39: TEMPE
B40: - Tempe Kw I (campuran kedelai) | C40: Kg | D40: - | E40: 18000 | F40: - | G40: 16000 | H40: 14000 | I40: 15000 | J40: 15000 | K40: =AVERAGE(D40:J40) -> 15600
B41: - Tempe Kw II (campuran jagung) | C41: Kg | D41: 2500 | E41: 12000 | F41: 6000 | G41: - | H41: - | I41: - | J41: - | K41: =AVERAGE(D41:J41) -> 6833.3333
B42: - Tempe Kw III (campuran kulit) | C42: Kg | D42: - | E42: 2000 | F42: - | G42: - | H42: - | I42: - | J42: - | K42: =AVERAGE(D42:J42) -> 2000
A43: 10 | B43: S U S U
B44: - Susu Kental Manis "INDOMILK" Putih | C44: 390 Gr/kaleng | D44: 12500 | E44: 12000 | F44: 12500 | G44: 12000 | H44: - | I44: 12500 | J44: 12500 | K44: =AVERAGE(D44:J44) -> 12333.333
B45: - Susu Kental Manis "BENDERA" Putih | C45: 390 Gr/kaleng | D45: 12500 | E45: 13000 | F45: 12500 | G45: 12000 | H45: - | I45: 12500 | J45: 12500 | K45: =AVERAGE(D45:J45) -> 12500
A46: 11 | B46: SABUN CUCI
B47: - Sabun Detergen Rinso (Anti Noda) | C47: 900 Gram | D47: - | E47: - | F47: - | G47: - | H47: 17500 | I47: - | J47: - | K47: =AVERAGE(D47:J47) -> 17500
B48: - Sabun Colek "Wing's Biru" | C48: 350 Gram | D48: - | E48: - | F48: - | G48: - | H48: 2000 | I48: - | J48: - | K48: =AVERAGE(D48:J48) -> 2000
A49: 12 | B49: JAGUNG
B50: - Jagung Pipilan Kering (Jenis Kecil) | C50: Kg | D50: 10000 | E50: 8000 | F50: 10000 | G50: 10000 | H50: 9000 | I50: 10000 | J50: 8000 | K50: =AVERAGE(D50:J50) -> 9285.7143
B51: - Jagung Pipilan Kering (Jenis Besar) | C51: Kg | D51: 9000 | E51: 10000 | F51: 9000 | G51: 9000 | H51: 6000 | I51: - | J51: 6000 | K51: =AVERAGE(D51:J51) -> 8166.6667
A52: 13 | B52: GARAM BERYODIUM
B53: - Garam Halus (Cap Kapal) | C53: 250 Gr/Bngks | D53: 3000 | E53: 8000 | F53: 5000 | G53: 5000 | H53: 2500 | I53: 2000 | J53: 2500 | K53: =AVERAGE(D53:J53) -> 4000
A54: 14 | B54: TEPUNG TERIGU
B55: - Tepung Terigu "Segitiga Biru" Curah | C55: Kg | D55: 12000 | E55: 10500 | F55: 13000 | G55: 11000 | H55: 11000 | I55: 12000 | J55: 10000 | K55: =AVERAGE(D55:J55) -> 11357.143
A56: 15 | B56: KACANG-KACANGAN
B57: - Kacang Kedelai (Kualitas Import) | C57: Kg | D57: 16000 | E57: 16000 | F57: 16000 | G57: 20000 | H57: 13000 | I57: 17000 | J57: - | K57: =AVERAGE(D57:J57) -> 16333.333
B58: - Kacang Kedelai (Kualitas Lokal) | C58: Kg | D58: - | E58: 14000 | F58: 15000 | G58: - | H58: - | I58: - | J58: 13500 | K58: =AVERAGE(D58:J58) -> 14166.667
B59: - Kacang Hijau | C59: Kg | D59: 25000 | E59: 23000 | F59: 28000 | G59: 30000 | H59: 22000 | I59: 28000 | J59: 26000 | K59: =AVERAGE(D59:J59) -> 26000
B60: - Kacang Tanah (Jenis Besar) | C60: Kg | D60: 30000 | E60: 30000 | F60: 30000 | G60: 30000 | H60: 26000 | I60: 33000 | J60: 28000 | K60: =AVERAGE(D60:J60) -> 29571.429
A61: 16 | B61: MIE INSTAN
B62: - Indomie Goreng | C62: 86 Gr/Bngks | D62: 3000 | E62: 3200 | F62: 3000 | G62: 3000 | H62: - | I62: 3500 | J62: 3500 | K62: =AVERAGE(D62:J62) -> 3200
A63: 17 | B63: C A B E
B64: - Cabe Merah Besar | C64: Kg | D64: 26000 | E64: 30000 | F64: 25000 | G64: 30000 | H64: 27000 | I64: 30000 | J64: 25000 | K64: =AVERAGE(D64:J64) -> 27571.429
B65: - Cabe Merah Kriting | C65: Kg | D65: 30000 | E65: 30000 | F65: 28000 | G65: 30000 | H65: - | I65: 30000 | J65: - | K65: =AVERAGE(D65:J65) -> 29600
B66: - Cabe Merah Kecil-Rawit | C66: Kg | D66: 28000 | E66: 40000 | F66: 30000 | G66: 40000 | H66: 25000 | I66: 35000 | J66: 25000 | K66: =AVERAGE(D66:J66) -> 31857.143
A67: 18 | B67: BAHAN BAKAR GAS LPG
B68: - Gas LPG Tabung (3 Kg.) | C68: Per Tabung | D68: 19000 | E68: 18000 | F68: 18000 | G68: 18000 | H68: - | I68: 18000 | J68: 18000 | K68: =AVERAGE(D68:J68) -> 18166.667
A69: 19 | B69: BAWANG
B70: - Bawang Putih (Jenis Kating) | C70: Kg | D70: 30000 | E70: 38000 | F70: 32000 | G70: 33000 | H70: 30000 | I70: 35000 | J70: 30000 | K70: =AVERAGE(D70:J70) -> 32571.429
B71: - Bawang Putih (Jenis Sinco) | C71: Kg | D71: 28000 | E71: 35000 | F71: 29000 | G71: 28000 | H71: 25000 | I71: 28000 | J71: 28000 | K71: =AVERAGE(D71:J71) -> 28714.286
B72: - Bawang Merah (Kualitas Lokal) | C72: Kg | D72: 30000 | E72: 35000 | F72: 31000 | G72: 35000 | H72: 30000 | I72: 32000 | J72: 25000 | K72: =AVERAGE(D72:J72) -> 31142.857
B73: - Bawang Bombay | C73: Kg | D73: 40000 | E73: 40000 | F73: 30000 | G73: 25000 | H73: 30000 | I73: 35000 | J73: 22000 | K73: =AVERAGE(D73:J73) -> 31714.286
A74: 20 | B74: UBI-UBIAN
B75: - Ketela Pohon | C75: Kg | D75: 7000 | E75: 7000 | F75: 5000 | G75: 6000 | H75: 4000 | I75: 6000 | J75: 5000 | K75: =AVERAGE(D75:J75) -> 5714.2857
B76: - Ubi Jalar | C76: Kg | D76: 7000 | E76: - | F76: 6000 | G76: 6000 | H76: 5000 | I76: 7000 | J76: 6000 | K76: =AVERAGE(D76:J76) -> 6166.6667
A77: 21 | B77: SAYUR-SAYURAN
B78: - Kubis | C78: Kg | D78: 8000 | E78: 8000 | F78: 8000 | G78: 9000 | H78: 9000 | I78: 9000 | J78: 7000 | K78: =AVERAGE(D78:J78) -> 8285.7143
B79: - Buncis | C79: Kg | D79: 12000 | E79: 14000 | F79: 13000 | G79: 20000 | H79: 10000 | I79: 15000 | J79: 15000 | K79: =AVERAGE(D79:J79) -> 14142.857
B80: - Kentang | C80: Kg | D80: 15000 | E80: 15000 | F80: 16000 | G80: 17000 | H80: 15000 | I80: 16000 | J80: 14000 | K80: =AVERAGE(D80:J80) -> 15428.571
B81: - Tomat | C81: Kg | D81: 15000 | E81: 15000 | F81: 15000 | G81: 20000 | H81: 13000 | I81: 18000 | J81: 14000 | K81: =AVERAGE(D81:J81) -> 15714.286
B82: - Wortel (Kualitas Lokal) | C82: Kg | D82: 10000 | E82: 10000 | F82: 12000 | G82: 15000 | H82: 10000 | I82: 12000 | J82: 7000 | K82: =AVERAGE(D82:J82) -> 10857.143
B83: - Terong Ungu (Jenis Sayur) | C83: Kg | D83: 8000 | E83: 10000 | F83: 9000 | G83: - | H83: 9000 | I83: 10000 | J83: 8000 | K83: =AVERAGE(D83:J83) -> 9000
B84: - Bayam (Jenis Sayur) | C84: Ikat Kecil | D84: 2000 | E84: - | F84: 2000 | G84: 2000 | H84: 1500 | I84: 2000 | J84: 2000 | K84: =AVERAGE(D84:J84) -> 1916.6667
B85: - Kangkung (Jenis Panjang) | C85: Ikat Kecil | D85: 2000 | E85: - | F85: 1500 | G85: 2000 | H85: 1500 | I85: 1500 | J85: 1500 | K85: =AVERAGE(D85:J85) -> 1666.6667
B86: - Sawi (Jenis Hijau) | C86: Ikat Kecil | D86: - | E86: - | F86: 2000 | G86: 2000 | H86: 2000 | I86: 2000 | J86: 2000 | K86: =AVERAGE(D86:J86) -> 2000
A87: 22 | B87: AIR MINERAL
B88: - Air Mineral (Aqua Galon) | C88: 19 Ltr/Galon | D88: 18000 | E88: - | F88: 17000 | G88: 17000 | H88: - | I88: 20000 | J88: 18000 | K88: =AVERAGE(D88:J88) -> 18000

Sheet 13
A1: HARGA BAHAN-BAHAN POKOK
A2: DI PASAR TRADISIONAL KOTA SURABAYA
A3: HARI / TANGGAL : Kamis / 13 April 2023
B4: NAMA BAHAN POKOK DAN PENTING LAINNYA | C4: SATUAN | D4: Pasar Tambahrejo | E4: Pasar Pucang Anom | F4: Pasar Wonokromo | G4: Pasar Genteng Baru | H4: Pasar Pabean | I4: Pasar Kembang | J4: Pasar Balongsari | K4: Rata-Rata
A7: 1 | B7: BERAS
B8: - Beras Premium | C8: Kg | D8: 13000 | E8: 13500 | F8: 14000 | G8: 13500 | H8: 12000 | I8: 14000 | J8: 13500 | K8: =AVERAGE(D8:J8) -> 13357.143
B9: - Beras Medium Bulog | C9: Kg | D9: - | E9: - | F9: 12000 | G9: - | H9: 9000 | I9: 9000 | J9: 9000 | K9: =AVERAGE(D9:J9) -> 9750
B10: - Beras Medium | C10: Kg | D10: 11000 | E10: 11500 | F10: - | G10: 11500 | H10: - | I10: - | J10: - | K10: =AVERAGE(D10:J10) -> 11333.333
B11: - Beras Jagung | C11: Kg | D11: - | E11: 10000 | F11: 12000 | G11: 12000 | H11: - | I11: 11000 | J11: 8000 | K11: =AVERAGE(D11:J11) -> 10600
B12: - Beras Ketan (Jenis Siyem) | C12: Kg | D12: - | E12: 22000 | F12: 24000 | G12: 20000 | H12: - | I12: 22000 | J12: 17000 | K12: =AVERAGE(D12:J12) -> 21000
A13: 2 | B13: GULA
B14: - Gula pasir lokal curah | C14: Kg | D14: 13000 | E14: 13000 | F14: 13500 | G14: 13000 | H14: 13000 | I14: 13000 | J14: 13500 | K14: =AVERAGE(D14:J14) -> 13142.857
B15: - Gula Jawa/Merah (Bahan Kelapa) | C15: Kg | D15: 15000 | E15: 16000 | F15: 16000 | G15: 16000 | H15: 15000 | I15: 16000 | J15: 16000 | K15: =AVERAGE(D15:J15) -> 15714.286
A16: 3 | B16: MINYAK GORENG
B17: - Minyak Goreng Curah (Bening) | C17: Kg | D17: 15000 | E17: 16000 | F17: 17000 | G17: 16000 | H17: 14000 | I17: 16000 | J17: 15000 | K17: =AVERAGE(D17:J17) -> 15571.429
B18: - Minyak Kita | C18: Liter | D18: 14000 | E18: 14000 | F18: 14000 | G18: 14000 | H18: - | I18: 14000 | J18: 14000 | K18: =AVERAGE(D18:J18) -> 14000
A19: 4 | B19: MENTEGA
B20: - Mentega Curah (Amanda) | C20: Kg | D20: 20000 | E20: - | F20: 19000 | G20: 22000 | H20: - | I20: 24000 | J20: - | K20: =AVERAGE(D20:J20) -> 21250
A21: 5 | B21: DAGING
B22: - Daging Sapi Grade Atas | C22: Kg | D22: 120000 | E22: 120000 | F22: 120000 | G22: 120000 | H22: 120000 | I22: 120000 | J22: 110000 | K22: =AVERAGE(D22:J22) -> 118571.43
B23: - Daging Sapi Grade Sedang | C23: Kg | D23: 110000 | E23: 110000 | F23: 110000 | G23: 110000 | H23: 114000 | I23: 110000 | J23: 100000 | K23: =AVERAGE(D23:J23) -> 109142.86
B24: - Daging Sapi Grade Bawah | C24: Kg | D24: 100000 | E24: 95000 | F24: 100000 | G24: 100000 | H24: 100000 | I24: 100000 | J24: - | K24: =AVERAGE(D24:J24) -> 99166.667
B25: - Daging Ayam Broiler | C25: Kg | D25: 31000 | E25: 32000 | F25: 30000 | G25: 32000 | H25: 34000 | I25: 32000 | J25: 34000 | K25: =AVERAGE(D25:J25) -> 32142.857
A26: 6 | B26: I K A N
