Workbook

Sheet REKAPITULASI
A1: BAGIAN PEREKONOMIAN DAN SUMBER DAYA ALAM
A2: LAPORAN HARGA BAHAN POKOK DI KOTA SURABAYA
A3: PERIODE MEI 2023
B4: NAMA BAHAN POKOK DAN PENTING LAINNYA | C4: SAT | AI4: HET/HAPK (Harga Eceran Tertinggi) | AJ4: FLUKTUASI
D5: 1 | E5: 2 | F5: 3 | G5: 4 | H5: 5 | I5: 6 | J5: 7 | K5: 8 | L5: 9 | M5: 10 | N5: 11 | O5: 12 | P5: 13 | Q5: 14 | R5: 15 | S5: 16 | T5: 17 | U5: 18 | V5: 19 | W5: 20 | X5: 21 | Y5: 22 | Z5: 23 | AA5: 24 | AB5: 25 | AC5: 26 | AD5: 27 | AE5: 28 | AF5: 29 | AG5: 30 | AH5: 31
A7: 1 | B7: BERAS
B8: - Beras Premium | C8: Kg | D8: ='1'!K8 -> 13500 | E8: ='2'!K8 -> 13500 | F8: ='3'!K8 -> 13642.857 | G8: ='4'!K8 -> 13285.714 | H8: ='5'!K8 -> 13357.143 | I8: ='6'!K8 -> 13642.857 | J8: ='7'!K8 -> 13642.857 | K8: ='8'!K8 -> 13357.143 | L8: ='9'!K8 -> 13357.143 | M8: ='10'!K8 -> 13357.143 | N8: ='11'!K8 -> 13357.143 | O8: ='12'!K8 -> 13357.143 | P8: ='13'!K8 -> 13357.143 | Q8: ='14'!K8 -> 13357.143 | R8: ='15'!K8 -> 13357.143 | S8: ='16'!K8 -> 13357.143 | T8: ='17'!K8 -> 13357.143 | U8: ='18'!K8 -> 13357.143 | V8: ='19'!K8 -> 13357.143 | W8: ='20'!K8 -> 13357.143 | X8: ='21'!K8 -> 13357.143 | Y8: ='22'!K8 -> 13357.143 | Z8: ='23'!K8 -> 13357.143 | AA8: ='24'!K8 -> 13357.143 | AB8: ='25'!K8 -> 13357.143 | AC8: ='26'!K8 -> 13357.143 | AD8: ='27'!K8 -> 13357.143 | AE8: ='28'!K8 -> 13357.143 | AF8: ='29'!K8 -> 13357.143 | AG8: ='30'!K8 -> 13357.143 | AH8: ='31'!K8 -> 13357.143 | AI8: 12800 | AJ8: =AH8-D8 -> -142.85714 | AK8: =AVERAGE(D8:AH8) -> 13391.705
B9: - Beras Medium Bulog | C9: Kg | D9: ='1'!K9 -> 10333.333 | E9: ='2'!K9 -> 10333.333 | F9: ='3'!K9 -> 10000 | G9: ='4'!K9 -> 9666.6667 | H9: ='5'!K9 -> 10000 | I9: ='6'!K9 -> 10000 | J9: ='7'!K9 -> 10000 | K9: ='8'!K9 -> 8933.3333 | L9: ='9'!K9 -> 9000 | M9: ='10'!K9 -> 9000 | N9: ='11'!K9 -> 9000 | O9: ='12'!K9 -> 9000 | P9: ='13'!K9 -> 9000 | Q9: ='14'!K9 -> 9000 | R9: ='15'!K9 -> 9000 | S9: ='16'!K9 -> 9166.6667 | T9: ='17'!K9 -> 9166.6667 | U9: ='18'!K9 -> 9166.6667 | V9: ='19'!K9 -> 9166.6667 | W9: ='20'!K9 -> 9166.6667 | X9: ='21'!K9 -> 9333.3333 | Y9: ='22'!K9 -> 9333.3333 | Z9: ='23'!K9 -> 9333.3333 | AA9: ='24'!K9 -> 9333.3333 | AB9: ='25'!K9 -> 9666.6667 | AC9: ='26'!K9 -> 9666.6667 | AD9: ='27'!K9 -> 9666.6667 | AE9: ='28'!K9 -> 9666.6667 | AF9: ='29'!K9 -> 10000 | AG9: ='30'!K9 -> 9000 | AH9: ='31'!K9 -> 9000 | AJ9: =AH9-D9 -> -1333.3333 | AK9: =AVERAGE(D9:AH9) -> 9422.5806
B10: - Beras Medium | C10: Kg | D10: ='1'!K10 -> 11375 | E10: ='2'!K10 -> 11375 | F10: ='3'!K10 -> 11375 | G10: ='4'!K10 -> 11375 | H10: ='5'!K10 -> 11375 | I10: ='6'!K10 -> 11375 | J10: ='7'!K10 -> 11375 | K10: ='8'!K10 -> 11375 | L10: ='9'!K10 -> 11700 | M10: ='10'!K10 -> 11900 | N10: ='11'!K10 -> 11700 | O10: ='12'!K10 -> 11700 | P10: ='13'!K10 -> 11700 | Q10: ='14'!K10 -> 11700 | R10: ='15'!K10 -> 11700 | S10: ='16'!K10 -> 11700 | T10: ='17'!K10 -> 11700 | U10: ='18'!K10 -> 11700 | V10: ='19'!K10 -> 11700 | W10: ='20'!K10 -> 11500 | X10: ='21'!K10 -> 11500 | Y10: ='22'!K10 -> 11500 | Z10: ='23'!K10 -> 11500 | AA10: ='24'!K10 -> 11500 | AB10: ='25'!K10 -> 11700 | AC10: ='26'!K10 -> 11700 | AD10: ='27'!K10 -> 11900 | AE10: ='28'!K10 -> 11916.667 | AF10: ='29'!K10 -> 12000 | AG10: ='30'!K10 -> 12000 | AH10: ='31'!K10 -> 12000 | AI10: 9450 | AJ10: =AH10-D10 -> 625 | AK10: =AVERAGE(D10:AH10) -> 11632.796
B11: - Beras Jagung | C11: Kg | D11: ='1'!K11 -> 10600 | E11: ='2'!K11 -> 10600 | F11: ='3'!K11 -> 10600 | G11: ='4'!K11 -> 10600 | H11: ='5'!K11 -> 10600 | I11: ='6'!K11 -> 10600 | J11: ='7'!K11 -> 10600 | K11: ='8'!K11 -> 10600 | L11: ='9'!K11 -> 10600 | M11: ='10'!K11 -> 10600 | N11: ='11'!K11 -> 10600 | O11: ='12'!K11 -> 10600 | P11: ='13'!K11 -> 10600 | Q11: ='14'!K11 -> 10600 | R11: ='15'!K11 -> 10600 | S11: ='16'!K11 -> 10600 | T11: ='17'!K11 -> 10600 | U11: ='18'!K11 -> 10600 | V11: ='19'!K11 -> 10600 | W11: ='20'!K11 -> 10600 | X11: ='21'!K11 -> 10600 | Y11: ='22'!K11 -> 10600 | Z11: ='23'!K11 -> 10600 | AA11: ='24'!K11 -> 10600 | AB11: ='25'!K11 -> 10600 | AC11: ='26'!K11 -> 10600 | AD11: ='27'!K11 -> 10600 | AE11: ='28'!K11 -> 10600 | AF11: ='29'!K11 -> 10600 | AG11: ='30'!K11 -> 10600 | AH11: ='31'!K11 -> 10600 | AJ11: =AH11-D11 -> 0 | AK11: =AVERAGE(D11:AH11) -> 10600
B12: - Beras Ketan (Jenis Siyem) | C12: Kg | D12: ='1'!K12 -> 20600 | E12: ='2'!K12 -> 21000 | F12: ='3'!K12 -> 20200 | G12: ='4'!K12 -> 20200 | H12: ='5'!K12 -> 21000 | I12: ='6'!K12 -> 20200 | J12: ='7'!K12 -> 19800 | K12: ='8'!K12 -> 20600 | L12: ='9'!K12 -> 20600 | M12: ='10'!K12 -> 19800 | N12: ='11'!K12 -> 20600 | O12: ='12'!K12 -> 20600 | P12: ='13'!K12 -> 19800 | Q12: ='14'!K12 -> 19800 | R12: ='15'!K12 -> 20600 | S12: ='16'!K12 -> 19800 | T12: ='17'!K12 -> 19800 | U12: ='18'!K12 -> 19800 | V12: ='19'!K12 -> 20200 | W12: ='20'!K12 -> 19400 | X12: ='21'!K12 -> 19800 | Y12: ='22'!K12 -> 20200 | Z12: ='23'!K12 -> 20200 | AA12: ='24'!K12 -> 20200 | AB12: ='25'!K12 -> 20200 | AC12: ='26'!K12 -> 20200 | AD12: ='27'!K12 -> 19800 | AE12: ='28'!K12 -> 19800 | AF12: ='29'!K12 -> 20200 | AG12: ='30'!K12 -> 20200 | AH12: ='31'!K12 -> 20200 | AJ12: =AH12-D12 -> -400 | AK12: =AVERAGE(D12:AH12) -> 20174.194
A13: 2 | B13: GULA | D13: ='1'!K13 -> 0 | E13: ='2'!K13 -> 0 | F13: ='3'!K13 -> 0 | G13: ='4'!K13 -> 0 | H13: ='5'!K13 -> 0 | I13: ='6'!K13 -> 0 | J13: ='7'!K13 -> 0 | K13: ='8'!K13 -> 0 | L13: ='9'!K13 -> 0 | M13: ='10'!K13 -> 0 | N13: ='11'!K13 -> 0 | O13: ='12'!K13 -> 0 | P13: ='13'!K13 -> 0 | Q13: ='14'!K13 -> 0 | R13: ='15'!K13 -> 0 | S13: ='16'!K13 -> 0 | T13: ='17'!K13 -> 0 | U13: ='18'!K13 -> 0 | V13: ='19'!K13 -> 0 | W13: ='20'!K13 -> 0 | X13: ='21'!K13 -> 0 | Y13: ='22'!K13 -> 0 | Z13: ='23'!K13 -> 0 | AA13: ='24'!K13 -> 0 | AB13: ='25'!K13 -> 0 | AC13: ='26'!K13 -> 0 | AD13: ='27'!K13 -> 0 | AE13: ='28'!K13 -> 0 | AF13: ='29'!K13 -> 0 | AG13: ='30'!K13 -> 0 | AH13: ='31'!K13 -> 0 | AJ13: =AH13-D13 -> 0 | AK13: =AVERAGE(D13:AH13) -> 0
B14: - Gula pasir lokal curah | C14: Kg | D14: ='1'!K14 -> 13071.429 | E14: ='2'!K14 -> 13214.286 | F14: ='3'!K14 -> 13142.857 | G14: ='4'!K14 -> 13214.286 | H14: ='5'!K14 -> 13214.286 | I14: ='6'!K14 -> 13285.714 | J14: ='7'!K14 -> 13357.143 | K14: ='8'!K14 -> 13285.714 | L14: ='9'!K14 -> 13357.143 | M14: ='10'!K14 -> 13357.143 | N14: ='11'!K14 -> 13357.143 | O14: ='12'!K14 -> 13357.143 | P14: ='13'!K14 -> 13357.143 | Q14: ='14'!K14 -> 13357.143 | R14: ='15'!K14 -> 13357.143 | S14: ='16'!K14 -> 13357.143 | T14: ='17'!K14 -> 13357.143 | U14: ='18'!K14 -> 13357.143 | V14: ='19'!K14 -> 13500 | W14: ='20'!K14 -> 13428.571 | X14: ='21'!K14 -> 13428.571 | Y14: ='22'!K14 -> 13571.429 | Z14: ='23'!K14 -> 13571.429 | AA14: ='24'!K14 -> 13571.429 | AB14: ='25'!K14 -> 13571.429 | AC14: ='26'!K14 -> 13571.429 | AD14: ='27'!K14 -> 13500 | AE14: ='28'!K14 -> 13500 | AF14: ='29'!K14 -> 13571.429 | AG14: ='30'!K14 -> 13571.429 | AH14: ='31'!K14 -> 13571.429 | AI14: 13500 | AJ14: =AH14-D14 -> 500 | AK14: =AVERAGE(D14:AH14) -> 13396.313
B15: - Gula Jawa/Merah (Bahan Kelapa) | C15: Kg | D15: ='1'!K15 -> 16285.714 | E15: ='2'!K15 -> 15571.429 | F15: ='3'!K15 -> 15857.143 | G15: ='4'!K15 -> 16000 | H15: ='5'!K15 -> 15571.429 | I15: ='6'!K15 -> 16000 | J15: ='7'!K15 -> 16000 | K15: ='8'!K15 -> 15571.429 | L15: ='9'!K15 -> 15571.429 | M15: ='10'!K15 -> 15714.286 | N15: ='11'!K15 -> 15571.429 | O15: ='12'!K15 -> 15571.429 | P15: ='13'!K15 -> 16000 | Q15: ='14'!K15 -> 16000 | R15: ='15'!K15 -> 15571.429 | S15: ='16'!K15 -> 16285.714 | T15: ='17'!K15 -> 16571.429 | U15: ='18'!K15 -> 16571.429 | V15: ='19'!K15 -> 15857.143 | W15: ='20'!K15 -> 16142.857 | X15: ='21'!K15 -> 16857.143 | Y15: ='22'!K15 -> 15857.143 | Z15: ='23'!K15 -> 15857.143 | AA15: ='24'!K15 -> 15857.143 | AB15: ='25'!K15 -> 15857.143 | AC15: ='26'!K15 -> 15857.143 | AD15: ='27'!K15 -> 16571.429 | AE15: ='28'!K15 -> 16571.429 | AF15: ='29'!K15 -> 15857.143 | AG15: ='30'!K15 -> 15857.143 | AH15: ='31'!K15 -> 15857.143 | AJ15: =AH15-D15 -> -428.57143 | AK15: =AVERAGE(D15:AH15) -> 15972.35
A16: 3 | B16: MINYAK GORENG | D16: ='1'!K16 -> 0 | E16: ='2'!K16 -> 0 | F16: ='3'!K16 -> 0 | G16: ='4'!K16 -> 0 | H16: ='5'!K16 -> 0 | I16: ='6'!K16 -> 0 | J16: ='7'!K16 -> 0 | K16: ='8'!K16 -> 0 | L16: ='9'!K16 -> 0 | M16: ='10'!K16 -> 0 | N16: ='11'!K16 -> 0 | O16: ='12'!K16 -> 0 | P16: ='13'!K16 -> 0 | Q16: ='14'!K16 -> 0 | R16: ='15'!K16 -> 0 | S16: ='16'!K16 -> 0 | T16: ='17'!K16 -> 0 | U16: ='18'!K16 -> 0 | V16: ='19'!K16 -> 0 | W16: ='20'!K16 -> 0 | X16: ='21'!K16 -> 0 | Y16: ='22'!K16 -> 0 | Z16: ='23'!K16 -> 0 | AA16: ='24'!K16 -> 0 | AB16: ='25'!K16 -> 0 | AC16: ='26'!K16 -> 0 | AD16: ='27'!K16 -> 0 | AE16: ='28'!K16 -> 0 | AF16: ='29'!K16 -> 0 | AG16: ='30'!K16 -> 0 | AH16: ='31'!K16 -> 0 | AJ16: =AH16-D16 -> 0 | AK16: =AVERAGE(D16:AH16) -> 0
B17: - Minyak Goreng Curah (Bening) | C17: Kg | D17: ='1'!K17 -> 15357.143 | E17: ='2'!K17 -> 15500 | F17: ='3'!K17 -> 15357.143 | G17: ='4'!K17 -> 15357.143 | H17: ='5'!K17 -> 15500 | I17: ='6'!K17 -> 15500 | J17: ='7'!K17 -> 15500 | K17: ='8'!K17 -> 15500 | L17: ='9'!K17 -> 15642.857 | M17: ='10'!K17 -> 15642.857 | N17: ='11'!K17 -> 15642.857 | O17: ='12'!K17 -> 15642.857 | P17: ='13'!K17 -> 15642.857 | Q17: ='14'!K17 -> 15642.857 | R17: ='15'!K17 -> 15642.857 | S17: ='16'!K17 -> 15642.857 | T17: ='17'!K17 -> 15642.857 | U17: ='18'!K17 -> 15642.857 | V17: ='19'!K17 -> 15642.857 | W17: ='20'!K17 -> 15500 | X17: ='21'!K17 -> 15500 | Y17: ='22'!K17 -> 15571.429 | Z17: ='23'!K17 -> 15571.429 | AA17: ='24'!K17 -> 15571.429 | AB17: ='25'!K17 -> 15571.429 | AC17: ='26'!K17 -> 15571.429 | AD17: ='27'!K17 -> 15571.429 | AE17: ='28'!K17 -> 15571.429 | AF17: ='29'!K17 -> 15571.429 | AG17: ='30'!K17 -> 15571.429 | AH17: ='31'!K17 -> 15571.429 | AI17: 15500 | AJ17: =AH17-D17 -> 214.28571 | AK17: =AVERAGE(D17:AH17) -> 15559.908
B18: - Minyak Kita | C18: Liter | D18: ='1'!K18 -> 14000 | E18: ='2'!K18 -> 14000 | F18: ='3'!K18 -> 14000 | G18: ='4'!K18 -> 14000 | H18: ='5'!K18 -> 14000 | I18: ='6'!K18 -> 14000 | J18: ='7'!K18 -> 14000 | K18: ='8'!K18 -> 14000 | L18: ='9'!K18 -> 14000 | M18: ='10'!K18 -> 14000 | N18: ='11'!K18 -> 14000 | O18: ='12'!K18 -> 14000 | P18: ='13'!K18 -> 14000 | Q18: ='14'!K18 -> 14000 | R18: ='15'!K18 -> 14000 | S18: ='16'!K18 -> 14000 | T18: ='17'!K18 -> 14000 | U18: ='18'!K18 -> 14000 | V18: ='19'!K18 -> 14000 | W18: ='20'!K18 -> 14000 | X18: ='21'!K18 -> 14000 | Y18: ='22'!K18 -> 14000 | Z18: ='23'!K18 -> 14000 | AA18: ='24'!K18 -> 14000 | AB18: ='25'!K18 -> 14000 | AC18: ='26'!K18 -> 14000 | AD18: ='27'!K18 -> 14000 | AE18: ='28'!K18 -> 14000 | AF18: ='29'!K18 -> 14000 | AG18: ='30'!K18 -> 14000 | AH18: ='31'!K18 -> 14000 | AI18: 14000 | AJ18: =AH18-D18 -> 0 | AK18: =AVERAGE(D18:AH18) -> 14000
A19: 4 | B19: MENTEGA | D19: ='1'!K19 -> 0 | E19: ='2'!K19 -> 0 | F19: ='3'!K19 -> 0 | G19: ='4'!K19 -> 0 | H19: ='5'!K19 -> 0 | I19: ='6'!K19 -> 0 | J19: ='7'!K19 -> 0 | K19: ='8'!K19 -> 0 | L19: ='9'!K19 -> 0 | M19: ='10'!K19 -> 0 | N19: ='11'!K19 -> 0 | O19: ='12'!K19 -> 0 | P19: ='13'!K19 -> 0 | Q19: ='14'!K19 -> 0 | R19: ='15'!K19 -> 0 | S19: ='16'!K19 -> 0 | T19: ='17'!K19 -> 0 | U19: ='18'!K19 -> 0 | V19: ='19'!K19 -> 0 | W19: ='20'!K19 -> 0 | X19: ='21'!K19 -> 0 | Y19: ='22'!K19 -> 0 | Z19: ='23'!K19 -> 0 | AA19: ='24'!K19 -> 0 | AB19: ='25'!K19 -> 0 | AC19: ='26'!K19 -> 0 | AD19: ='27'!K19 -> 0 | AE19: ='28'!K19 -> 0 | AF19: ='29'!K19 -> 0 | AG19: ='30'!K19 -> 0 | AH19: ='31'!K19 -> 0 | AJ19: =AH19-D19 -> 0 | AK19: =AVERAGE(D19:AH19) -> 0
B20: - Mentega Curah (Amanda) | C20: Kg | D20: ='1'!K20 -> 22500 | E20: ='2'!K20 -> 21250 | F20: ='3'!K20 -> 22500 | G20: ='4'!K20 -> 22500 | H20: ='5'!K20 -> 21250 | I20: ='6'!K20 -> 22500 | J20: ='7'!K20 -> 22500 | K20: ='8'!K20 -> 21250 | L20: ='9'!K20 -> 21250 | M20: ='10'!K20 -> 21250 | N20: ='11'!K20 -> 21250 | O20: ='12'!K20 -> 21250 | P20: ='13'!K20 -> 21250 | Q20: ='14'!K20 -> 21250 | R20: ='15'!K20 -> 21250 | S20: ='16'!K20 -> 21250 | T20: ='17'!K20 -> 21500 | U20: ='18'!K20 -> 21500 | V20: ='19'!K20 -> 21250 | W20: ='20'!K20 -> 21250 | X20: ='21'!K20 -> 21250 | Y20: ='22'!K20 -> 21250 | Z20: ='23'!K20 -> 21250 | AA20: ='24'!K20 -> 21250 | AB20: ='25'!K20 -> 21250 | AC20: ='26'!K20 -> 21250 | AD20: ='27'!K20 -> 21500 | AE20: ='28'!K20 -> 21500 | AF20: ='29'!K20 -> 21250 | AG20: ='30'!K20 -> 21250 | AH20: ='31'!K20 -> 21250 | AJ20: =AH20-D20 -> -1250 | AK20: =AVERAGE(D20:AH20) -> 21483.871
A21: 5 | B21: DAGING | D21: ='1'!K21 -> 0 | E21: ='2'!K21 -> 0 | F21: ='3'!K21 -> 0 | G21: ='4'!K21 -> 0 | H21: ='5'!K21 -> 0 | I21: ='6'!K21 -> 0 | J21: ='7'!K21 -> 0 | K21: ='8'!K21 -> 0 | L21: ='9'!K21 -> 0 | M21: ='10'!K21 -> 0 | N21: ='11'!K21 -> 0 | O21: ='12'!K21 -> 0 | P21: ='13'!K21 -> 0 | Q21: ='14'!K21 -> 0 | R21: ='15'!K21 -> 0 | S21: ='16'!K21 -> 0 | T21: ='17'!K21 -> 0 | U21: ='18'!K21 -> 0 | V21: ='19'!K21 -> 0 | W21: ='20'!K21 -> 0 | X21: ='21'!K21 -> 0 | Y21: ='22'!K21 -> 0 | Z21: ='23'!K21 -> 0 | AA21: ='24'!K21 -> 0 | AB21: ='25'!K21 -> 0 | AC21: ='26'!K21 -> 0 | AD21: ='27'!K21 -> 0 | AE21: ='28'!K21 -> 0 | AF21: ='29'!K21 -> 0 | AG21: ='30'!K21 -> 0 | AH21: ='31'!K21 -> 0 | AJ21: =AH21-D21 -> 0 | AK21: =AVERAGE(D21:AH21) -> 0
B22: - Daging Sapi Grade Atas | C22: Kg | D22: ='1'!K22 -> 122500 | E22: ='2'!K22 -> 120833.33 | F22: ='3'!K22 -> 122500 | G22: ='4'!K22 -> 120833.33 | H22: ='5'!K22 -> 120833.33 | I22: ='6'!K22 -> 120833.33 | J22: ='7'!K22 -> 120833.33 | K22: ='8'!K22 -> 120833.33 | L22: ='9'!K22 -> 120000 | M22: ='10'!K22 -> 120000 | N22: ='11'!K22 -> 120000 | O22: ='12'!K22 -> 120000 | P22: ='13'!K22 -> 120000 | Q22: ='14'!K22 -> 120000 | R22: ='15'!K22 -> 120000 | S22: ='16'!K22 -> 120000 | T22: ='17'!K22 -> 120000 | U22: ='18'!K22 -> 120000 | V22: ='19'!K22 -> 120000 | W22: ='20'!K22 -> 120000 | X22: ='21'!K22 -> 120000 | Y22: ='22'!K22 -> 120000 | Z22: ='23'!K22 -> 120000 | AA22: ='24'!K22 -> 120000 | AB22: ='25'!K22 -> 120000 | AC22: ='26'!K22 -> 120000 | AD22: ='27'!K22 -> 120000 | AE22: ='28'!K22 -> 120000 | AF22: ='29'!K22 -> 120000 | AG22: ='30'!K22 -> 120000 | AH22: ='31'!K22 -> 120000 | AI22: 105000 | AJ22: =AH22-D22 -> -2500 | AK22: =AVERAGE(D22:AH22) -> 120322.58
B23: - Daging Sapi Grade Sedang | C23: Kg | D23: ='1'!K23 -> 114857.14 | E23: ='2'!K23 -> 112714.29 | F23: ='3'!K23 -> 114142.86 | G23: ='4'!K23 -> 112714.29 | H23: ='5'!K23 -> 112714.29 | I23: ='6'!K23 -> 112714.29 | J23: ='7'!K23 -> 112714.29 | K23: ='8'!K23 -> 112714.29 | L23: ='9'!K23 -> 112714.29 | M23: ='10'!K23 -> 112714.29 | N23: ='11'!K23 -> 112714.29 | O23: ='12'!K23 -> 112714.29 | P23: ='13'!K23 -> 112714.29 | Q23: ='14'!K23 -> 112000 | R23: ='15'!K23 -> 112000 | S23: ='16'!K23 -> 112000 | T23: ='17'!K23 -> 112000 | U23: ='18'!K23 -> 112000 | V23: ='19'!K23 -> 112000 | W23: ='20'!K23 -> 112000 | X23: ='21'!K23 -> 112000 | Y23: ='22'!K23 -> 112000 | Z23: ='23'!K23 -> 112000 | AA23: ='24'!K23 -> 112000 | AB23: ='25'!K23 -> 112000 | AC23: ='26'!K23 -> 112000 | AD23: ='27'!K23 -> 112000 | AE23: ='28'!K23 -> 112000 | AF23: ='29'!K23 -> 112000 | AG23: ='30'!K23 -> 112000 | AH23: ='31'!K23 -> 112000 | AI23: 80000 | AJ23: =AH23-D23 -> -2857.1429 | AK23: =AVERAGE(D23:AH23) -> 112414.75
B24: - Daging Sapi Grade Bawah | C24: Kg | D24: ='1'!K24 -> 105000 | E24: ='2'!K24 -> 102857.14 | F24: ='3'!K24 -> 103571.43 | G24: ='4'!K24 -> 102857.14 | H24: ='5'!K24 -> 102857.14 | I24: ='6'!K24 -> 102857.14 | J24: ='7'!K24 -> 102857.14 | K24: ='8'!K24 -> 102857.14 | L24: ='9'!K24 -> 102857.14 | M24: ='10'!K24 -> 102142.86 | N24: ='11'!K24 -> 102857.14 | O24: ='12'!K24 -> 102857.14 | P24: ='13'!K24 -> 102857.14 | Q24: ='14'!K24 -> 102857.14 | R24: ='15'!K24 -> 102857.14 | S24: ='16'!K24 -> 102857.14 | T24: ='17'!K24 -> 102857.14 | U24: ='18'!K24 -> 102857.14 | V24: ='19'!K24 -> 102857.14 | W24: ='20'!K24 -> 102857.14 | X24: ='21'!K24 -> 102857.14 | Y24: ='22'!K24 -> 102857.14 | Z24: ='23'!K24 -> 102857.14 | AA24: ='24'!K24 -> 102857.14 | AB24: ='25'!K24 -> 102857.14 | AC24: ='26'!K24 -> 102857.14 | AD24: ='27'!K24 -> 102857.14 | AE24: ='28'!K24 -> 102857.14 | AF24: ='29'!K24 -> 102857.14 | AG24: ='30'!K24 -> 102857.14 | AH24: ='31'!K24 -> 102857.14 | AI24: 80000 | AJ24: =AH24-D24 -> -2142.8571 | AK24: =AVERAGE(D24:AH24) -> 102926.27
B25: - Daging Ayam Broiler | C25: Kg | D25: ='1'!K25 -> 36000 | E25: ='2'!K25 -> 34000 | F25: ='3'!K25 -> 33571.429 | G25: ='4'!K25 -> 33571.429 | H25: ='5'!K25 -> 33000 | I25: ='6'!K25 -> 33000 | J25: ='7'!K25 -> 33000 | K25: ='8'!K25 -> 32857.143 | L25: ='9'!K25 -> 32857.143 | M25: ='10'!K25 -> 33428.571 | N25: ='11'!K25 -> 33857.143 | O25: ='12'!K25 -> 34000 | P25: ='13'!K25 -> 34000 | Q25: ='14'!K25 -> 34000 | R25: ='15'!K25 -> 34571.429 | S25: ='16'!K25 -> 34142.857 | T25: ='17'!K25 -> 34428.571 | U25: ='18'!K25 -> 34571.429 | V25: ='19'!K25 -> 34571.429 | W25: ='20'!K25 -> 34714.286 | X25: ='21'!K25 -> 34857.143 | Y25: ='22'!K25 -> 35285.714 | Z25: ='23'!K25 -> 35571.429 | AA25: ='24'!K25 -> 35857.143 | AB25: ='25'!K25 -> 36571.429 | AC25: ='26'!K25 -> 36428.571 | AD25: ='27'!K25 -> 36285.714 | AE25: ='28'!K25 -> 36428.571 | AF25: ='29'!K25 -> 35857.143 | AG25: ='30'!K25 -> 35714.286 | AH25: ='31'!K25 -> 35857.143 | AI25: 36750 | AJ25: =AH25-D25 -> -142.85714 | AK25: =AVERAGE(D25:AH25) -> 34608.295
A26: 6 | B26: I K A N | D26: ='1'!K26 -> 0 | E26: ='2'!K26 -> 0 | F26: ='3'!K26 -> 0 | G26: ='4'!K26 -> 0 | H26: ='5'!K26 -> 0 | I26: ='6'!K26 -> 0 | J26: ='7'!K26 -> 0 | K26: ='8'!K26 -> 0 | L26: ='9'!K26 -> 0 | M26: ='10'!K26 -> 0 | N26: ='11'!K26 -> 0 | O26: ='12'!K26 -> 0 | P26: ='13'!K26 -> 0 | Q26: ='14'!K26 -> 0 | R26: ='15'!K26 -> 0 | S26: ='16'!K26 -> 0 | T26: ='17'!K26 -> 0 | U26: ='18'!K26 -> 0 | V26: ='19'!K26 -> 0 | W26: ='20'!K26 -> 0 | X26: ='21'!K26 -> 0 | Y26: ='22'!K26 -> 0 | Z26: ='23'!K26 -> 0 | AA26: ='24'!K26 -> 0 | AB26: ='25'!K26 -> 0 | AC26: ='26'!K26 -> 0 | AD26: ='27'!K26 -> 0 | AE26: ='28'!K26 -> 0 | AF26: ='29'!K26 -> 0 | AG26: ='30'!K26 -> 0 | AH26: ='31'!K26 -> 0 | AJ26: =AH26-D26 -> 0 | AK26: =AVERAGE(D26:AH26) -> 0
B27: - Ikan Tongkol Segar (Uk. Sedang) | C27: Kg | D27: ='1'!K27 -> 35714.286 | E27: ='2'!K27 -> 35714.286 | F27: ='3'!K27 -> 35714.286 | G27: ='4'!K27 -> 35714.286 | H27: ='5'!K27 -> 35714.286 | I27: ='6'!K27 -> 35714.286 | J27: ='7'!K27 -> 35714.286 | K27: ='8'!K27 -> 39666.667 | L27: ='9'!K27 -> 38833.333 | M27: ='10'!K27 -> 38285.714 | N27: ='11'!K27 -> 38833.333 | O27: ='12'!K27 -> 38833.333 | P27: ='13'!K27 -> 38833.333 | Q27: ='14'!K27 -> 38833.333 | R27: ='15'!K27 -> 38833.333 | S27: ='16'!K27 -> 38833.333 | T27: ='17'!K27 -> 38833.333 | U27: ='18'!K27 -> 38833.333 | V27: ='19'!K27 -> 39166.667 | W27: ='20'!K27 -> 39166.667 | X27: ='21'!K27 -> 39166.667 | Y27: ='22'!K27 -> 39166.667 | Z27: ='23'!K27 -> 39166.667 | AA27: ='24'!K27 -> 39166.667 | AB27: ='25'!K27 -> 39166.667 | AC27: ='26'!K27 -> 39166.667 | AD27: ='27'!K27 -> 39166.667 | AE27: ='28'!K27 -> 39166.667 | AF27: ='29'!K27 -> 39166.667 | AG27: ='30'!K27 -> 39166.667 | AH27: ='31'!K27 -> 36666.667 | AJ27: =AH27-D27 -> 952.38095 | AK27: =AVERAGE(D27:AH27) -> 38197.389
B28: - Ikan Mujair Segar (Uk. Sedang) | C28: Kg | D28: ='1'!K28 -> 31428.571 | E28: ='2'!K28 -> 31142.857 | F28: ='3'!K28 -> 31142.857 | G28: ='4'!K28 -> 30571.429 | H28: ='5'!K28 -> 29571.429 | I28: ='6'!K28 -> 30571.429 | J28: ='7'!K28 -> 30571.429 | K28: ='8'!K28 -> 29571.429 | L28: ='9'!K28 -> 29000 | M28: ='10'!K28 -> 29000 | N28: ='11'!K28 -> 29000 | O28: ='12'!K28 -> 29714.286 | P28: ='13'!K28 -> 29714.286 | Q28: ='14'!K28 -> 29714.286 | R28: ='15'!K28 -> 29714.286 | S28: ='16'!K28 -> 29714.286 | T28: ='17'!K28 -> 29714.286 | U28: ='18'!K28 -> 29714.286 | V28: ='19'!K28 -> 29142.857 | W28: ='20'!K28 -> 29142.857 | X28: ='21'!K28 -> 29142.857 | Y28: ='22'!K28 -> 29142.857 | Z28: ='23'!K28 -> 29142.857 | AA28: ='24'!K28 -> 29142.857 | AB28: ='25'!K28 -> 29142.857 | AC28: ='26'!K28 -> 29428.571 | AD28: ='27'!K28 -> 29714.286 | AE28: ='28'!K28 -> 29714.286 | AF28: ='29'!K28 -> 29428.571 | AG28: ='30'!K28 -> 29428.571 | AH28: ='31'!K28 -> 27714.286 | AJ28: =AH28-D28 -> -3714.2857 | AK28: =AVERAGE(D28:AH28) -> 29645.161
B29: - Udang Segar (Uk. Sedang) | C29: Kg | D29: ='1'!K29 -> 67142.857 | E29: ='2'!K29 -> 66142.857 | F29: ='3'!K29 -> 67571.429 | G29: ='4'!K29 -> 67285.714 | H29: ='5'!K29 -> 65857.143 | I29: ='6'!K29 -> 67285.714 | J29: ='7'!K29 -> 67285.714 | K29: ='8'!K29 -> 65857.143 | L29: ='9'!K29 -> 65857.143 | M29: ='10'!K29 -> 65857.143 | N29: ='11'!K29 -> 65857.143 | O29: ='12'!K29 -> 65857.143 | P29: ='13'!K29 -> 65857.143 | Q29: ='14'!K29 -> 65857.143 | R29: ='15'!K29 -> 65857.143 | S29: ='16'!K29 -> 64714.286 | T29: ='17'!K29 -> 64714.286 | U29: ='18'!K29 -> 64714.286 | V29: ='19'!K29 -> 64714.286 | W29: ='20'!K29 -> 64714.286 | X29: ='21'!K29 -> 64714.286 | Y29: ='22'!K29 -> 64714.286 | Z29: ='23'!K29 -> 64714.286 | AA29: ='24'!K29 -> 64714.286 | AB29: ='25'!K29 -> 64714.286 | AC29: ='26'!K29 -> 64714.286 | AD29: ='27'!K29 -> 64714.286 | AE29: ='28'!K29 -> 64714.286 | AF29: ='29'!K29 -> 64714.286 | AG29: ='30'!K29 -> 64714.286 | AH29: ='31'!K29 -> 64714.286 | AJ29: =AH29-D29 -> -2428.5714 | AK29: =AVERAGE(D29:AH29) -> 65511.521
B30: - Ikan Lele Segar (Ukuran Sedang) | C30: Kg | D30: ='1'!K30 -> 24600 | E30: ='2'!K30 -> 24600 | F30: ='3'!K30 -> 24600 | G30: ='4'!K30 -> 24600 | H30: ='5'!K30 -> 24600 | I30: ='6'!K30 -> 24600 | J30: ='7'!K30 -> 24600 | K30: ='8'!K30 -> 24600 | L30: ='9'!K30 -> 24600 | M30: ='10'!K30 -> 24600 | N30: ='11'!K30 -> 24600 | O30: ='12'!K30 -> 24600 | P30: ='13'!K30 -> 24600 | Q30: ='14'!K30 -> 24600 | R30: ='15'!K30 -> 24600 | S30: ='16'!K30 -> 24600 | T30: ='17'!K30 -> 24600 | U30: ='18'!K30 -> 24600 | V30: ='19'!K30 -> 24600 | W30: ='20'!K30 -> 24600 | X30: ='21'!K30 -> 24600 | Y30: ='22'!K30 -> 24600 | Z30: ='23'!K30 -> 24600 | AA30: ='24'!K30 -> 24600 | AB30: ='25'!K30 -> 24600 | AC30: ='26'!K30 -> 24600 | AD30: ='27'!K30 -> 24600 | AE30: ='28'!K30 -> 24600 | AF30: ='29'!K30 -> 24600 | AG30: ='30'!K30 -> 24600 | AH30: ='31'!K30 -> 24600 | AJ30: =AH30-D30 -> 0 | AK30: =AVERAGE(D30:AH30) -> 24600
B31: - Ikan Bandeng Segar (Uk. Sedang) | C31: Kg | D31: ='1'!K31 -> 38428.571 | E31: ='2'!K31 -> 38428.571 | F31: ='3'!K31 -> 38428.571 | G31: ='4'!K31 -> 38428.571 | H31: ='5'!K31 -> 38428.571 | I31: ='6'!K31 -> 38428.571 | J31: ='7'!K31 -> 38428.571 | K31: ='8'!K31 -> 38428.571 | L31: ='9'!K31 -> 39142.857 | M31: ='10'!K31 -> 38428.571 | N31: ='11'!K31 -> 39142.857 | O31: ='12'!K31 -> 39142.857 | P31: ='13'!K31 -> 39142.857 | Q31: ='14'!K31 -> 39142.857 | R31: ='15'!K31 -> 39142.857 | S31: ='16'!K31 -> 39428.571 | T31: ='17'!K31 -> 39428.571 | U31: ='18'!K31 -> 39428.571 | V31: ='19'!K31 -> 39285.714 | W31: ='20'!K31 -> 39285.714 | X31: ='21'!K31 -> 39285.714 | Y31: ='22'!K31 -> 39285.714 | Z31: ='23'!K31 -> 39285.714 | AA31: ='24'!K31 -> 39285.714 | AB31: ='25'!K31 -> 39285.714 | AC31: ='26'!K31 -> 39000 | AD31: ='27'!K31 -> 39000 | AE31: ='28'!K31 -> 39000 | AF31: ='29'!K31 -> 39000 | AG31: ='30'!K31 -> 39000 | AH31: ='31'!K31 -> 37000 | AJ31: =AH31-D31 -> -1428.5714 | AK31: =AVERAGE(D31:AH31) -> 38903.226
B32: - Ikan Teri Asin (Bukan Teri Medan) | C32: Kg | D32: ='1'!K32 -> 103333.33 | E32: ='2'!K32 -> 96666.667 | F32: ='3'!K32 -> 103333.33 | G32: ='4'!K32 -> 91666.667 | H32: ='5'!K32 -> 96666.667 | I32: ='6'!K32 -> 91666.667 | J32: ='7'!K32 -> 91666.667 | K32: ='8'!K32 -> 96666.667 | L32: ='9'!K32 -> 96666.667 | M32: ='10'!K32 -> 96666.667 | N32: ='11'!K32 -> 96666.667 | O32: ='12'!K32 -> 96666.667 | P32: ='13'!K32 -> 91000 | Q32: ='14'!K32 -> 91000 | R32: ='15'!K32 -> 96666.667 | S32: ='16'!K32 -> 96666.667 | T32: ='17'!K32 -> 96666.667 | U32: ='18'!K32 -> 96666.667 | V32: ='19'!K32 -> 96666.667 | W32: ='20'!K32 -> 96666.667 | X32: ='21'!K32 -> 96666.667 | Y32: ='22'!K32 -> 96666.667 | Z32: ='23'!K32 -> 96666.667 | AA32: ='24'!K32 -> 96666.667 | AB32: ='25'!K32 -> 96666.667 | AC32: ='26'!K32 -> 96666.667 | AD32: ='27'!K32 -> 96666.667 | AE32: ='28'!K32 -> 96666.667 | AF32: ='29'!K32 -> 96666.667 | AG32: ='30'!K32 -> 96666.667 | AH32: ='31'!K32 -> 96666.667 | AJ32: =AH32-D32 -> -6666.6667 | AK32: =AVERAGE(D32:AH32) -> 96247.312
A33: 7 | B33: TELUR | D33: ='1'!K33 -> 0 | E33: ='2'!K33 -> 0 | F33: ='3'!K33 -> 0 | G33: ='4'!K33 -> 0 | H33: ='5'!K33 -> 0 | I33: ='6'!K33 -> 0 | J33: ='7'!K33 -> 0 | K33: ='8'!K33 -> 0 | L33: ='9'!K33 -> 0 | M33: ='10'!K33 -> 0 | N33: ='11'!K33 -> 0 | O33: ='12'!K33 -> 0 | P33: ='13'!K33 -> 0 | Q33: ='14'!K33 -> 0 | R33: ='15'!K33 -> 0 | S33: ='16'!K33 -> 0 | T33: ='17'!K33 -> 0 | U33: ='18'!K33 -> 0 | V33: ='19'!K33 -> 0 | W33: ='20'!K33 -> 0 | X33: ='21'!K33 -> 0 | Y33: ='22'!K33 -> 0 | Z33: ='23'!K33 -> 0 | AA33: ='24'!K33 -> 0 | AB33: ='25'!K33 -> 0 | AC33: ='26'!K33 -> 0 | AD33: ='27'!K33 -> 0 | AE33: ='28'!K33 -> 0 | AF33: ='29'!K33 -> 0 | AG33: ='30'!K33 -> 0 | AH33: ='31'!K33 -> 0 | AJ33: =AH33-D33 -> 0 | AK33: =AVERAGE(D33:AH33) -> 0
B34: - Telur Ayam Broiler | C34: Kg | D34: ='1'!K34 -> 27142.857 | E34: ='2'!K34 -> 26714.286 | F34: ='3'!K34 -> 27000 | G34: ='4'!K34 -> 27285.714 | H34: ='5'!K34 -> 27785.714 | I34: ='6'!K34 -> 28214.286 | J34: ='7'!K34 -> 28214.286 | K34: ='8'!K34 -> 28142.857 | L34: ='9'!K34 -> 28714.286 | M34: ='10'!K34 -> 29000 | N34: ='11'!K34 -> 29142.857 | O34: ='12'!K34 -> 29428.571 | P34: ='13'!K34 -> 30142.857 | Q34: ='14'!K34 -> 30428.571 | R34: ='15'!K34 -> 30714.286 | S34: ='16'!K34 -> 31428.571 | T34: ='17'!K34 -> 31142.857 | U34: ='18'!K34 -> 30857.143 | V34: ='19'!K34 -> 31285.714 | W34: ='20'!K34 -> 31571.429 | X34: ='21'!K34 -> 31714.286 | Y34: ='22'!K34 -> 31357.143 | Z34: ='23'!K34 -> 31214.286 | AA34: ='24'!K34 -> 30642.857 | AB34: ='25'!K34 -> 30571.429 | AC34: ='26'!K34 -> 30428.571 | AD34: ='27'!K34 -> 30428.571 | AE34: ='28'!K34 -> 30571.429 | AF34: ='29'!K34 -> 30214.286 | AG34: ='30'!K34 -> 30214.286 | AH34: ='31'!K34 -> 29928.571 | AI34: 27000 | AJ34: =AH34-D34 -> 2785.7143 | AK34: =AVERAGE(D34:AH34) -> 29730.415
B35: - Telur Ayam Kampung | C35: Butir | D35: ='1'!K35 -> 2457.1429 | E35: ='2'!K35 -> 2385.7143 | F35: ='3'!K35 -> 2457.1429 | G35: ='4'!K35 -> 2385.7143 | H35: ='5'!K35 -> 2385.7143 | I35: ='6'!K35 -> 2385.7143 | J35: ='7'!K35 -> 2385.7143 | K35: ='8'!K35 -> 2385.7143 | L35: ='9'!K35 -> 2385.7143 | M35: ='10'!K35 -> 2485.7143 | N35: ='11'!K35 -> 2414.2857 | O35: ='12'!K35 -> 2414.2857 | P35: ='13'!K35 -> 2414.2857 | Q35: ='14'!K35 -> 2414.2857 | R35: ='15'!K35 -> 2414.2857 | S35: ='16'!K35 -> 2414.2857 | T35: ='17'!K35 -> 2414.2857 | U35: ='18'!K35 -> 2414.2857 | V35: ='19'!K35 -> 2414.2857 | W35: ='20'!K35 -> 2414.2857 | X35: ='21'!K35 -> 2414.2857 | Y35: ='22'!K35 -> 2414.2857 | Z35: ='23'!K35 -> 2414.2857 | AA35: ='24'!K35 -> 2414.2857 | AB35: ='25'!K35 -> 2414.2857 | AC35: ='26'!K35 -> 2414.2857 | AD35: ='27'!K35 -> 2414.2857 | AE35: ='28'!K35 -> 2414.2857 | AF35: ='29'!K35 -> 2414.2857 | AG35: ='30'!K35 -> 2414.2857 | AH35: ='31'!K35 -> 2414.2857 | AJ35: =AH35-D35 -> -42.857143 | AK35: =AVERAGE(D35:AH35) -> 2412.9032
A36: 8 | B36: TAHU | D36: ='1'!K36 -> 0 | E36: ='2'!K36 -> 0 | F36: ='3'!K36 -> 0 | G36: ='4'!K36 -> 0 | H36: ='5'!K36 -> 0 | I36: ='6'!K36 -> 0 | J36: ='7'!K36 -> 0 | K36: ='8'!K36 -> 0 | L36: ='9'!K36 -> 0 | M36: ='10'!K36 -> 0 | N36: ='11'!K36 -> 0 | O36: ='12'!K36 -> 0 | P36: ='13'!K36 -> 0 | Q36: ='14'!K36 -> 0 | R36: ='15'!K36 -> 0 | S36: ='16'!K36 -> 0 | T36: ='17'!K36 -> 0 | U36: ='18'!K36 -> 0 | V36: ='19'!K36 -> 0 | W36: ='20'!K36 -> 0 | X36: ='21'!K36 -> 0 | Y36: ='22'!K36 -> 0 | Z36: ='23'!K36 -> 0 | AA36: ='24'!K36 -> 0 | AB36: ='25'!K36 -> 0 | AC36: ='26'!K36 -> 0 | AD36: ='27'!K36 -> 0 | AE36: ='28'!K36 -> 0 | AF36: ='29'!K36 -> 0 | AG36: ='30'!K36 -> 0 | AH36: ='31'!K36 -> 0 | AJ36: =AH36-D36 -> 0 | AK36: =AVERAGE(D36:AH36) -> 0
B37: - Tahu biasa | C37: Kg | D37: ='1'!K37 -> 11142.857 | E37: ='2'!K37 -> 11142.857 | F37: ='3'!K37 -> 11142.857 | G37: ='4'!K37 -> 11142.857 | H37: ='5'!K37 -> 11142.857 | I37: ='6'!K37 -> 10714.286 | J37: ='7'!K37 -> 9857.1429 | K37: ='8'!K37 -> 10714.286 | L37: ='9'!K37 -> 10714.286 | M37: ='10'!K37 -> 10714.286 | N37: ='11'!K37 -> 10714.286 | O37: ='12'!K37 -> 10714.286 | P37: ='13'!K37 -> 10714.286 | Q37: ='14'!K37 -> 10285.714 | R37: ='15'!K37 -> 10714.286 | S37: ='16'!K37 -> 10714.286 | T37: ='17'!K37 -> 10714.286 | U37: ='18'!K37 -> 10714.286 | V37: ='19'!K37 -> 10714.286 | W37: ='20'!K37 -> 10714.286 | X37: ='21'!K37 -> 10714.286 | Y37: ='22'!K37 -> 10714.286 | Z37: ='23'!K37 -> 10714.286 | AA37: ='24'!K37 -> 10714.286 | AB37: ='25'!K37 -> 10714.286 | AC37: ='26'!K37 -> 10714.286 | AD37: ='27'!K37 -> 9857.1429 | AE37: ='28'!K37 -> 9857.1429 | AF37: ='29'!K37 -> 9857.1429 | AG37: ='30'!K37 -> 9857.1429 | AH37: ='31'!K37 -> 9857.1429 | AJ37: =AH37-D37 -> -1285.7143 | AK37: =AVERAGE(D37:AH37) -> 10603.687
B38: - Tahu susu | C38: Kg | D38: ='1'!K38 -> 12400 | E38: ='2'!K38 -> 12600 | F38: ='3'!K38 -> 12800 | G38: ='4'!K38 -> 12600 | H38: ='5'!K38 -> 12600 | I38: ='6'!K38 -> 12600 | J38: ='7'!K38 -> 12600 | K38: ='8'!K38 -> 12600 | L38: ='9'!K38 -> 12600 | M38: ='10'!K38 -> 12600 | N38: ='11'!K38 -> 12600 | O38: ='12'!K38 -> 12600 | P38: ='13'!K38 -> 12600 | Q38: ='14'!K38 -> 12600 | R38: ='15'!K38 -> 12600 | S38: ='16'!K38 -> 12600 | T38: ='17'!K38 -> 12600 | U38: ='18'!K38 -> 12600 | V38: ='19'!K38 -> 12600 | W38: ='20'!K38 -> 12600 | X38: ='21'!K38 -> 12600 | Y38: ='22'!K38 -> 12600 | Z38: ='23'!K38 -> 12600 | AA38: ='24'!K38 -> 12600 | AB38: ='25'!K38 -> 12600 | AC38: ='26'!K38 -> 12600 | AD38: ='27'!K38 -> 12600 | AE38: ='28'!K38 -> 12600 | AF38: ='29'!K38 -> 12600 | AG38: ='30'!K38 -> 12600 | AH38: ='31'!K38 -> 12600 | AJ38: =AH38-D38 -> 200 | AK38: =AVERAGE(D38:AH38) -> 12600
A39: 9 | B39: TEMPE | D39: ='1'!K39 -> 0 | E39: ='2'!K39 -> 0 | F39: ='3'!K39 -> 0 | G39: ='4'!K39 -> 0 | H39: ='5'!K39 -> 0 | I39: ='6'!K39 -> 0 | J39: ='7'!K39 -> 0 | K39: ='8'!K39 -> 0 | L39: ='9'!K39 -> 0 | M39: ='10'!K39 -> 0 | N39: ='11'!K39 -> 0 | O39: ='12'!K39 -> 0 | P39: ='13'!K39 -> 0 | Q39: ='14'!K39 -> 0 | R39: ='15'!K39 -> 0 | S39: ='16'!K39 -> 0 | T39: ='17'!K39 -> 0 | U39: ='18'!K39 -> 0 | V39: ='19'!K39 -> 0 | W39: ='20'!K39 -> 0 | X39: ='21'!K39 -> 0 | Y39: ='22'!K39 -> 0 | Z39: ='23'!K39 -> 0 | AA39: ='24'!K39 -> 0 | AB39: ='25'!K39 -> 0 | AC39: ='26'!K39 -> 0 | AD39: ='27'!K39 -> 0 | AE39: ='28'!K39 -> 0 | AF39: ='29'!K39 -> 0 | AG39: ='30'!K39 -> 0 | AH39: ='31'!K39 -> 0 | AJ39: =AH39-D39 -> 0 | AK39: =AVERAGE(D39:AH39) -> 0
B40: - Tempe Kw I (campuran kedelai) | C40: Kg | D40: ='1'!K40 -> 15600 | E40: ='2'!K40 -> 15600 | F40: ='3'!K40 -> 15600 | G40: ='4'!K40 -> 15600 | H40: ='5'!K40 -> 15600 | I40: ='6'!K40 -> 15600 | J40: ='7'!K40 -> 15600 | K40: ='8'!K40 -> 15600 | L40: ='9'!K40 -> 15600 | M40: ='10'!K40 -> 15600 | N40: ='11'!K40 -> 15600 | O40: ='12'!K40 -> 15600 | P40: ='13'!K40 -> 15600 | Q40: ='14'!K40 -> 15600 | R40: ='15'!K40 -> 15600 | S40: ='16'!K40 -> 15600 | T40: ='17'!K40 -> 15600 | U40: ='18'!K40 -> 15600 | V40: ='19'!K40 -> 15600 | W40: ='20'!K40 -> 15600 | X40: ='21'!K40 -> 15600 | Y40: ='22'!K40 -> 15600 | Z40: ='23'!K40 -> 15600 | AA40: ='24'!K40 -> 15600 | AB40: ='25'!K40 -> 15600 | AC40: ='26'!K40 -> 15600 | AD40: ='27'!K40 -> 15600 | AE40: ='28'!K40 -> 15600 | AF40: ='29'!K40 -> 15600 | AG40: ='30'!K40 -> 15600 | AH40: ='31'!K40 -> 15600 | AJ40: =AH40-D40 -> 0 | AK40: =AVERAGE(D40:AH40) -> 15600
B41: - Tempe Kw II (campuran jagung) | C41: Kg | D41: ='1'!K41 -> 6833.3333 | E41: ='2'!K41 -> 6833.3333 | F41: ='3'!K41 -> 6833.3333 | G41: ='4'!K41 -> 6833.3333 | H41: ='5'!K41 -> 6833.3333 | I41: ='6'!K41 -> 6833.3333 | J41: ='7'!K41 -> 6833.3333 | K41: ='8'!K41 -> 6833.3333 | L41: ='9'!K41 -> 6833.3333 | M41: ='10'!K41 -> 6833.3333 | N41: ='11'!K41 -> 6833.3333 | O41: ='12'!K41 -> 6833.3333 | P41: ='13'!K41 -> 6833.3333 | Q41: ='14'!K41 -> 6833.3333 | R41: ='15'!K41 -> 6833.3333 | S41: ='16'!K41 -> 6833.3333 | T41: ='17'!K41 -> 6833.3333 | U41: ='18'!K41 -> 6833.3333 | V41: ='19'!K41 -> 6833.3333 | W41: ='20'!K41 -> 6833.3333 | X41: ='21'!K41 -> 6833.3333 | Y41: ='22'!K41 -> 6833.3333 | Z41: ='23'!K41 -> 6833.3333 | AA41: ='24'!K41 -> 6833.3333 | AB41: ='25'!K41 -> 6833.3333 | AC41: ='26'!K41 -> 6833.3333 | AD41: ='27'!K41 -> 6833.3333 | AE41: ='28'!K41 -> 6833.3333 | AF41: ='29'!K41 -> 6833.3333 | AG41: ='30'!K41 -> 6833.3333 | AH41: ='31'!K41 -> 6833.3333 | AJ41: =AH41-D41 -> 0 | AK41: =AVERAGE(D41:AH41) -> 6833.3333
B42: - Tempe Kw III (campuran kulit) | C42: Kg | D42: ='1'!K42 -> 2000 | E42: ='2'!K42 -> 2000 | F42: ='3'!K42 -> 2000 | G42: ='4'!K42 -> 2000 | H42: ='5'!K42 -> 2000 | I42: ='6'!K42 -> 2000 | J42: ='7'!K42 -> 2000 | K42: ='8'!K42 -> 2000 | L42: ='9'!K42 -> 2000 | M42: ='10'!K42 -> 2000 | N42: ='11'!K42 -> 2000 | O42: ='12'!K42 -> 2000 | P42: ='13'!K42 -> 2000 | Q42: ='14'!K42 -> 2000 | R42: ='15'!K42 -> 2000 | S42: ='16'!K42 -> 2000 | T42: ='17'!K42 -> 2000 | U42: ='18'!K42 -> 2000 | V42: ='19'!K42 -> 2000 | W42: ='20'!K42 -> 2000 | X42: ='21'!K42 -> 2000 | Y42: ='22'!K42 -> 2000 | Z42: ='23'!K42 -> 2000 | AA42: ='24'!K42 -> 2000 | AB42: ='25'!K42 -> 2000 | AC42: ='26'!K42 -> 2000 | AD42: ='27'!K42 -> 2000 | AE42: ='28'!K42 -> 2000 | AF42: ='29'!K42 -> 2000 | AG42: ='30'!K42 -> 2000 | AH42: ='31'!K42 -> 2000 | AJ42: =AH42-D42 -> 0 | AK42: =AVERAGE(D42:AH42) -> 2000
A43: 10 | B43: S U S U | D43: ='1'!K43 -> 0 | E43: ='2'!K43 -> 0 | F43: ='3'!K43 -> 0 | G43: ='4'!K43 -> 0 | H43: ='5'!K43 -> 0 | I43: ='6'!K43 -> 0 | J43: ='7'!K43 -> 0 | K43: ='8'!K43 -> 0 | L43: ='9'!K43 -> 0 | M43: ='10'!K43 -> 0 | N43: ='11'!K43 -> 0 | O43: ='12'!K43 -> 0 | P43: ='13'!K43 -> 0 | Q43: ='14'!K43 -> 0 | R43: ='15'!K43 -> 0 | S43: ='16'!K43 -> 0 | T43: ='17'!K43 -> 0 | U43: ='18'!K43 -> 0 | V43: ='19'!K43 -> 0 | W43: ='20'!K43 -> 0 | X43: ='21'!K43 -> 0 | Y43: ='22'!K43 -> 0 | Z43: ='23'!K43 -> 0 | AA43: ='24'!K43 -> 0 | AB43: ='25'!K43 -> 0 | AC43: ='26'!K43 -> 0 | AD43: ='27'!K43 -> 0 | AE43: ='28'!K43 -> 0 | AF43: ='29'!K43 -> 0 | AG43: ='30'!K43 -> 0 | AH43: ='31'!K43 -> 0 | AJ43: =AH43-D43 -> 0 | AK43: =AVERAGE(D43:AH43) -> 0
B44: - Susu Kental Manis "INDOMILK" Putih | C44: 390 Gr/Klg | D44: ='1'!K44 -> 12333.333 | E44: ='2'!K44 -> 12333.333 | F44: ='3'!K44 -> 12333.333 | G44: ='4'!K44 -> 12416.667 | H44: ='5'!K44 -> 12333.333 | I44: ='6'!K44 -> 12416.667 | J44: ='7'!K44 -> 12416.667 | K44: ='8'!K44 -> 12333.333 | L44: ='9'!K44 -> 12333.333 | M44: ='10'!K44 -> 12333.333 | N44: ='11'!K44 -> 12333.333 | O44: ='12'!K44 -> 12333.333 | P44: ='13'!K44 -> 12333.333 | Q44: ='14'!K44 -> 12333.333 | R44: ='15'!K44 -> 12333.333 | S44: ='16'!K44 -> 12416.667 | T44: ='17'!K44 -> 12416.667 | U44: ='18'!K44 -> 12416.667 | V44: ='19'!K44 -> 12333.333 | W44: ='20'!K44 -> 12333.333 | X44: ='21'!K44 -> 12333.333 | Y44: ='22'!K44 -> 12333.333 | Z44: ='23'!K44 -> 12333.333 | AA44: ='24'!K44 -> 12333.333 | AB44: ='25'!K44 -> 12333.333 | AC44: ='26'!K44 -> 12333.333 | AD44: ='27'!K44 -> 12416.667 | AE44: ='28'!K44 -> 12416.667 | AF44: ='29'!K44 -> 12333.333 | AG44: ='30'!K44 -> 12333.333 | AH44: ='31'!K44 -> 12333.333 | AJ44: =AH44-D44 -> 0 | AK44: =AVERAGE(D44:AH44) -> 12354.839
B45: - Susu Kental Manis "BENDERA" Putih | C45: 390 Gr/klg | D45: ='1'!K45 -> 12500 | E45: ='2'!K45 -> 12500 | F45: ='3'!K45 -> 12500 | G45: ='4'!K45 -> 12583.333 | H45: ='5'!K45 -> 12500 | I45: ='6'!K45 -> 12583.333 | J45: ='7'!K45 -> 12583.333 | K45: ='8'!K45 -> 12500 | L45: ='9'!K45 -> 12500 | M45: ='10'!K45 -> 12500 | N45: ='11'!K45 -> 12500 | O45: ='12'!K45 -> 12500 | P45: ='13'!K45 -> 12500 | Q45: ='14'!K45 -> 12500 | R45: ='15'!K45 -> 12500 | S45: ='16'!K45 -> 12583.333 | T45: ='17'!K45 -> 12583.333 | U45: ='18'!K45 -> 12583.333 | V45: ='19'!K45 -> 12500 | W45: ='20'!K45 -> 12500 | X45: ='21'!K45 -> 12500 | Y45: ='22'!K45 -> 12500 | Z45: ='23'!K45 -> 12500 | AA45: ='24'!K45 -> 12500 | AB45: ='25'!K45 -> 12500 | AC45: ='26'!K45 -> 12500 | AD45: ='27'!K45 -> 12583.333 | AE45: ='28'!K45 -> 12583.333 | AF45: ='29'!K45 -> 12500 | AG45: ='30'!K45 -> 12500 | AH45: ='31'!K45 -> 12500 | AJ45: =AH45-D45 -> 0 | AK45: =AVERAGE(D45:AH45) -> 12521.505
A46: 11 | B46: SABUN CUCI | D46: ='1'!K46 -> 0 | E46: ='2'!K46 -> 0 | F46: ='3'!K46 -> 0 | G46: ='4'!K46 -> 0 | H46: ='5'!K46 -> 0 | I46: ='6'!K46 -> 0 | J46: ='7'!K46 -> 0 | K46: ='8'!K46 -> 0 | L46: ='9'!K46 -> 0 | M46: ='10'!K46 -> 0 | N46: ='11'!K46 -> 0 | O46: ='12'!K46 -> 0 | P46: ='13'!K46 -> 0 | Q46: ='14'!K46 -> 0 | R46: ='15'!K46 -> 0 | S46: ='16'!K46 -> 0 | T46: ='17'!K46 -> 0 | U46: ='18'!K46 -> 0 | V46: ='19'!K46 -> 0 | W46: ='20'!K46 -> 0 | X46: ='21'!K46 -> 0 | Y46: ='22'!K46 -> 0 | Z46: ='23'!K46 -> 0 | AA46: ='24'!K46 -> 0 | AB46: ='25'!K46 -> 0 | AC46: ='26'!K46 -> 0 | AD46: ='27'!K46 -> 0 | AE46: ='28'!K46 -> 0 | AF46: ='29'!K46 -> 0 | AG46: ='30'!K46 -> 0 | AH46: ='31'!K46 -> 0 | AJ46: =AH46-D46 -> 0 | AK46: =AVERAGE(D46:AH46) -> 0
B47: - Sabun Detergen Rinso (Anti Noda) | C47: 900 Gram | D47: ='1'!K47 -> 17500 | E47: ='2'!K47 -> 17500 | F47: ='3'!K47 -> 17500 | G47: ='4'!K47 -> 17500 | H47: ='5'!K47 -> 17500 | I47: ='6'!K47 -> 17500 | J47: ='7'!K47 -> 17500 | K47: ='8'!K47 -> 17500 | L47: ='9'!K47 -> 17500 | M47: ='10'!K47 -> 17500 | N47: ='11'!K47 -> 17500 | O47: ='12'!K47 -> 17500 | P47: ='13'!K47 -> 17500 | Q47: ='14'!K47 -> 17500 | R47: ='15'!K47 -> 17500 | S47: ='16'!K47 -> 17500 | T47: ='17'!K47 -> 17500 | U47: ='18'!K47 -> 17500 | V47: ='19'!K47 -> 17500 | W47: ='20'!K47 -> 17500 | X47: ='21'!K47 -> 17500 | Y47: ='22'!K47 -> 17500 | Z47: ='23'!K47 -> 17500 | AA47: ='24'!K47 -> 17500 | AB47: ='25'!K47 -> 17500 | AC47: ='26'!K47 -> 17500 | AD47: ='27'!K47 -> 17500 | AE47: ='28'!K47 -> 17500 | AF47: ='29'!K47 -> 17500 | AG47: ='30'!K47 -> 17500 | AH47: ='31'!K47 -> 17500 | AJ47: =AH47-D47 -> 0 | AK47: =AVERAGE(D47:AH47) -> 17500
B48: - Sabun Colek "Wing's Biru" | C48: 350 Gram | D48: ='1'!K48 -> 2000 | E48: ='2'!K48 -> 2000 | F48: ='3'!K48 -> 2000 | G48: ='4'!K48 -> 2000 | H48: ='5'!K48 -> 2000 | I48: ='6'!K48 -> 2000 | J48: ='7'!K48 -> 2000 | K48: ='8'!K48 -> 2000 | L48: ='9'!K48 -> 2000 | M48: ='10'!K48 -> 2000 | N48: ='11'!K48 -> 2000 | O48: ='12'!K48 -> 2000 | P48: ='13'!K48 -> 2000 | Q48: ='14'!K48 -> 2000 | R48: ='15'!K48 -> 2000 | S48: ='16'!K48 -> 2000 | T48: ='17'!K48 -> 2000 | U48: ='18'!K48 -> 2000 | V48: ='19'!K48 -> 2000 | W48: ='20'!K48 -> 2000 | X48: ='21'!K48 -> 2000 | Y48: ='22'!K48 -> 2000 | Z48: ='23'!K48 -> 2000 | AA48: ='24'!K48 -> 2000 | AB48: ='25'!K48 -> 2000 | AC48: ='26'!K48 -> 2000 | AD48: ='27'!K48 -> 2000 | AE48: ='28'!K48 -> 2000 | AF48: ='29'!K48 -> 2000 | AG48: ='30'!K48 -> 2000 | AH48: ='31'!K48 -> 2000 | AJ48: =AH48-D48 -> 0 | AK48: =AVERAGE(D48:AH48) -> 2000
A49: 12 | B49: JAGUNG | D49: ='1'!K49 -> 0 | E49: ='2'!K49 -> 0 | F49: ='3'!K49 -> 0 | G49: ='4'!K49 -> 0 | H49: ='5'!K49 -> 0 | I49: ='6'!K49 -> 0 | J49: ='7'!K49 -> 0 | K49: ='8'!K49 -> 0 | L49: ='9'!K49 -> 0 | M49: ='10'!K49 -> 0 | N49: ='11'!K49 -> 0 | O49: ='12'!K49 -> 0 | P49: ='13'!K49 -> 0 | Q49: ='14'!K49 -> 0 | R49: ='15'!K49 -> 0 | S49: ='16'!K49 -> 0 | T49: ='17'!K49 -> 0 | U49: ='18'!K49 -> 0 | V49: ='19'!K49 -> 0 | W49: ='20'!K49 -> 0 | X49: ='21'!K49 -> 0 | Y49: ='22'!K49 -> 0 | Z49: ='23'!K49 -> 0 | AA49: ='24'!K49 -> 0 | AB49: ='25'!K49 -> 0 | AC49: ='26'!K49 -> 0 | AD49: ='27'!K49 -> 0 | AE49: ='28'!K49 -> 0 | AF49: ='29'!K49 -> 0 | AG49: ='30'!K49 -> 0 | AH49: ='31'!K49 -> 0 | AJ49: =AH49-D49 -> 0 | AK49: =AVERAGE(D49:AH49) -> 0
B50: - Jagung Pipilan Kering (Jenis Kecil) | C50: Kg | D50: ='1'!K50 -> 9142.8571 | E50: ='2'!K50 -> 9142.8571 | F50: ='3'!K50 -> 9142.8571 | G50: ='4'!K50 -> 9142.8571 | H50: ='5'!K50 -> 9142.8571 | I50: ='6'!K50 -> 9142.8571 | J50: ='7'!K50 -> 9285.7143 | K50: ='8'!K50 -> 9285.7143 | L50: ='9'!K50 -> 9285.7143 | M50: ='10'!K50 -> 9285.7143 | N50: ='11'!K50 -> 9285.7143 | O50: ='12'!K50 -> 9285.7143 | P50: ='13'!K50 -> 9285.7143 | Q50: ='14'!K50 -> 9285.7143 | R50: ='15'!K50 -> 9285.7143 | S50: ='16'!K50 -> 9285.7143 | T50: ='17'!K50 -> 9285.7143 | U50: ='18'!K50 -> 9285.7143 | V50: ='19'!K50 -> 9285.7143 | W50: ='20'!K50 -> 9285.7143 | X50: ='21'!K50 -> 9285.7143 | Y50: ='22'!K50 -> 9285.7143 | Z50: ='23'!K50 -> 9285.7143 | AA50: ='24'!K50 -> 9285.7143 | AB50: ='25'!K50 -> 9285.7143 | AC50: ='26'!K50 -> 9285.7143 | AD50: ='27'!K50 -> 9285.7143 | AE50: ='28'!K50 -> 9285.7143 | AF50: ='29'!K50 -> 9285.7143 | AG50: ='30'!K50 -> 9285.7143 | AH50: ='31'!K50 -> 9285.7143 | AJ50: =AH50-D50 -> 142.85714 | AK50: =AVERAGE(D50:AH50) -> 9258.0645
B51: - Jagung Pipilan Kering (Jenis Besar) | C51: Kg | D51: ='1'!K51 -> 8333.3333 | E51: ='2'!K51 -> 8333.3333 | F51: ='3'!K51 -> 8333.3333 | G51: ='4'!K51 -> 8333.3333 | H51: ='5'!K51 -> 8333.3333 | I51: ='6'!K51 -> 8333.3333 | J51: ='7'!K51 -> 8166.6667 | K51: ='8'!K51 -> 8166.6667 | L51: ='9'!K51 -> 8166.6667 | M51: ='10'!K51 -> 8166.6667 | N51: ='11'!K51 -> 8166.6667 | O51: ='12'!K51 -> 8166.6667 | P51: ='13'!K51 -> 8166.6667 | Q51: ='14'!K51 -> 8166.6667 | R51: ='15'!K51 -> 8166.6667 | S51: ='16'!K51 -> 8166.6667 | T51: ='17'!K51 -> 8166.6667 | U51: ='18'!K51 -> 8166.6667 | V51: ='19'!K51 -> 8166.6667 | W51: ='20'!K51 -> 8166.6667 | X51: ='21'!K51 -> 8166.6667 | Y51: ='22'!K51 -> 8166.6667 | Z51: ='23'!K51 -> 8166.6667 | AA51: ='24'!K51 -> 8166.6667 | AB51: ='25'!K51 -> 8166.6667 | AC51: ='26'!K51 -> 8166.6667 | AD51: ='27'!K51 -> 8166.6667 | AE51: ='28'!K51 -> 8166.6667 | AF51: ='29'!K51 -> 8166.6667 | AG51: ='30'!K51 -> 8333.3333 | AH51: ='31'!K51 -> 8333.3333 | AJ51: =AH51-D51 -> 0 | AK51: =AVERAGE(D51:AH51) -> 8209.6774
A52: 13 | B52: GARAM BERYODIUM | D52: ='1'!K52 -> 0 | E52: ='2'!K52 -> 0 | F52: ='3'!K52 -> 0 | G52: ='4'!K52 -> 0 | H52: ='5'!K52 -> 0 | I52: ='6'!K52 -> 0 | J52: ='7'!K52 -> 0 | K52: ='8'!K52 -> 0 | L52: ='9'!K52 -> 0 | M52: ='10'!K52 -> 0 | N52: ='11'!K52 -> 0 | O52: ='12'!K52 -> 0 | P52: ='13'!K52 -> 0 | Q52: ='14'!K52 -> 0 | R52: ='15'!K52 -> 0 | S52: ='16'!K52 -> 0 | T52: ='17'!K52 -> 0 | U52: ='18'!K52 -> 0 | V52: ='19'!K52 -> 0 | W52: ='20'!K52 -> 0 | X52: ='21'!K52 -> 0 | Y52: ='22'!K52 -> 0 | Z52: ='23'!K52 -> 0 | AA52: ='24'!K52 -> 0 | AB52: ='25'!K52 -> 0 | AC52: ='26'!K52 -> 0 | AD52: ='27'!K52 -> 0 | AE52: ='28'!K52 -> 0 | AF52: ='29'!K52 -> 0 | AG52: ='30'!K52 -> 0 | AH52: ='31'!K52 -> 0 | AJ52: =AH52-D52 -> 0 | AK52: =AVERAGE(D52:AH52) -> 0
B53: - Garam Halus (Cap Kapal) | C53: 250 Gr/Bngks | D53: ='1'!K53 -> 4000 | E53: ='2'!K53 -> 4000 | F53: ='3'!K53 -> 4000 | G53: ='4'!K53 -> 4000 | H53: ='5'!K53 -> 4000 | I53: ='6'!K53 -> 4000 | J53: ='7'!K53 -> 4000 | K53: ='8'!K53 -> 4000 | L53: ='9'!K53 -> 4000 | M53: ='10'!K53 -> 4000 | N53: ='11'!K53 -> 4000 | O53: ='12'!K53 -> 4000 | P53: ='13'!K53 -> 4000 | Q53: ='14'!K53 -> 4000 | R53: ='15'!K53 -> 4000 | S53: ='16'!K53 -> 4000 | T53: ='17'!K53 -> 4071.4286 | U53: ='18'!K53 -> 4071.4286 | V53: ='19'!K53 -> 4000 | W53: ='20'!K53 -> 4000 | X53: ='21'!K53 -> 4000 | Y53: ='22'!K53 -> 4000 | Z53: ='23'!K53 -> 4000 | AA53: ='24'!K53 -> 4000 | AB53: ='25'!K53 -> 4000 | AC53: ='26'!K53 -> 4000 | AD53: ='27'!K53 -> 4071.4286 | AE53: ='28'!K53 -> 4071.4286 | AF53: ='29'!K53 -> 4000 | AG53: ='30'!K53 -> 4000 | AH53: ='31'!K53 -> 4000 | AJ53: =AH53-D53 -> 0 | AK53: =AVERAGE(D53:AH53) -> 4009.2166
A54: 14 | B54: TEPUNG TERIGU | D54: ='1'!K54 -> 0 | E54: ='2'!K54 -> 0 | F54: ='3'!K54 -> 0 | G54: ='4'!K54 -> 0 | H54: ='5'!K54 -> 0 | I54: ='6'!K54 -> 0 | J54: ='7'!K54 -> 0 | K54: ='8'!K54 -> 0 | L54: ='9'!K54 -> 0 | M54: ='10'!K54 -> 0 | N54: ='11'!K54 -> 0 | O54: ='12'!K54 -> 0 | P54: ='13'!K54 -> 0 | Q54: ='14'!K54 -> 0 | R54: ='15'!K54 -> 0 | S54: ='16'!K54 -> 0 | T54: ='17'!K54 -> 0 | U54: ='18'!K54 -> 0 | V54: ='19'!K54 -> 0 | W54: ='20'!K54 -> 0 | X54: ='21'!K54 -> 0 | Y54: ='22'!K54 -> 0 | Z54: ='23'!K54 -> 0 | AA54: ='24'!K54 -> 0 | AB54: ='25'!K54 -> 0 | AC54: ='26'!K54 -> 0 | AD54: ='27'!K54 -> 0 | AE54: ='28'!K54 -> 0 | AF54: ='29'!K54 -> 0 | AG54: ='30'!K54 -> 0 | AH54: ='31'!K54 -> 0 | AJ54: =AH54-D54 -> 0 | AK54: =AVERAGE(D54:AH54) -> 0
B55: - Tepung Terigu "Segitiga Biru" Curah | C55: Kg | D55: ='1'!K55 -> 11285.714 | E55: ='2'!K55 -> 11357.143 | F55: ='3'!K55 -> 11285.714 | G55: ='4'!K55 -> 11285.714 | H55: ='5'!K55 -> 11357.143 | I55: ='6'!K55 -> 11357.143 | J55: ='7'!K55 -> 11357.143 | K55: ='8'!K55 -> 11357.143 | L55: ='9'!K55 -> 11357.143 | M55: ='10'!K55 -> 11285.714 | N55: ='11'!K55 -> 11357.143 | O55: ='12'!K55 -> 11357.143 | P55: ='13'!K55 -> 11357.143 | Q55: ='14'!K55 -> 11357.143 | R55: ='15'!K55 -> 11357.143 | S55: ='16'!K55 -> 11357.143 | T55: ='17'!K55 -> 11285.714 | U55: ='18'!K55 -> 11285.714 | V55: ='19'!K55 -> 11428.571 | W55: ='20'!K55 -> 11357.143 | X55: ='21'!K55 -> 11357.143 | Y55: ='22'!K55 -> 11357.143 | Z55: ='23'!K55 -> 11357.143 | AA55: ='24'!K55 -> 11357.143 | AB55: ='25'!K55 -> 11357.143 | AC55: ='26'!K55 -> 11357.143 | AD55: ='27'!K55 -> 11142.857 | AE55: ='28'!K55 -> 11142.857 | AF55: ='29'!K55 -> 11214.286 | AG55: ='30'!K55 -> 11214.286 | AH55: ='31'!K55 -> 11214.286 | AJ55: =AH55-D55 -> -71.428571 | AK55: =AVERAGE(D55:AH55) -> 11317.972
A56: 15 | B56: KACANG-KACANGAN | D56: ='1'!K56 -> 0 | E56: ='2'!K56 -> 0 | F56: ='3'!K56 -> 0 | G56: ='4'!K56 -> 0 | H56: ='5'!K56 -> 0 | I56: ='6'!K56 -> 0 | J56: ='7'!K56 -> 0 | K56: ='8'!K56 -> 0 | L56: ='9'!K56 -> 0 | M56: ='10'!K56 -> 0 | N56: ='11'!K56 -> 0 | O56: ='12'!K56 -> 0 | P56: ='13'!K56 -> 0 | Q56: ='14'!K56 -> 0 | R56: ='15'!K56 -> 0 | S56: ='16'!K56 -> 0 | T56: ='17'!K56 -> 0 | U56: ='18'!K56 -> 0 | V56: ='19'!K56 -> 0 | W56: ='20'!K56 -> 0 | X56: ='21'!K56 -> 0 | Y56: ='22'!K56 -> 0 | Z56: ='23'!K56 -> 0 | AA56: ='24'!K56 -> 0 | AB56: ='25'!K56 -> 0 | AC56: ='26'!K56 -> 0 | AD56: ='27'!K56 -> 0 | AE56: ='28'!K56 -> 0 | AF56: ='29'!K56 -> 0 | AG56: ='30'!K56 -> 0 | AH56: ='31'!K56 -> 0 | AJ56: =AH56-D56 -> 0 | AK56: =AVERAGE(D56:AH56) -> 0
B57: - Kacang Kedelai (Kualitas Import) | C57: Kg | D57: ='1'!K57 -> 15666.667 | E57: ='2'!K57 -> 15666.667 | F57: ='3'!K57 -> 15666.667 | G57: ='4'!K57 -> 15666.667 | H57: ='5'!K57 -> 15666.667 | I57: ='6'!K57 -> 15666.667 | J57: ='7'!K57 -> 15666.667 | K57: ='8'!K57 -> 15333.333 | L57: ='9'!K57 -> 15666.667 | M57: ='10'!K57 -> 15666.667 | N57: ='11'!K57 -> 15333.333 | O57: ='12'!K57 -> 15333.333 | P57: ='13'!K57 -> 15333.333 | Q57: ='14'!K57 -> 15333.333 | R57: ='15'!K57 -> 15333.333 | S57: ='16'!K57 -> 15333.333 | T57: ='17'!K57 -> 15333.333 | U57: ='18'!K57 -> 15333.333 | V57: ='19'!K57 -> 15333.333 | W57: ='20'!K57 -> 15333.333 | X57: ='21'!K57 -> 15333.333 | Y57: ='22'!K57 -> 15333.333 | Z57: ='23'!K57 -> 15333.333 | AA57: ='24'!K57 -> 15333.333 | AB57: ='25'!K57 -> 15333.333 | AC57: ='26'!K57 -> 15333.333 | AD57: ='27'!K57 -> 15333.333 | AE57: ='28'!K57 -> 15333.333 | AF57: ='29'!K57 -> 15333.333 | AG57: ='30'!K57 -> 15333.333 | AH57: ='31'!K57 -> 15500 | AI57: 6800 | AJ57: =AH57-D57 -> -166.66667 | AK57: =AVERAGE(D57:AH57) -> 15435.484
B58: - Kacang Kedelai (Kualitas Lokal) | C58: Kg | D58: ='1'!K58 -> 14166.667 | E58: ='2'!K58 -> 14166.667 | F58: ='3'!K58 -> 14166.667 | G58: ='4'!K58 -> 14166.667 | H58: ='5'!K58 -> 14166.667 | I58: ='6'!K58 -> 14166.667 | J58: ='7'!K58 -> 14166.667 | K58: ='8'!K58 -> 14166.667 | L58: ='9'!K58 -> 14166.667 | M58: ='10'!K58 -> 14166.667 | N58: ='11'!K58 -> 14166.667 | O58: ='12'!K58 -> 14166.667 | P58: ='13'!K58 -> 14166.667 | Q58: ='14'!K58 -> 14166.667 | R58: ='15'!K58 -> 14166.667 | S58: ='16'!K58 -> 14166.667 | T58: ='17'!K58 -> 14166.667 | U58: ='18'!K58 -> 14166.667 | V58: ='19'!K58 -> 14166.667 | W58: ='20'!K58 -> 14166.667 | X58: ='21'!K58 -> 14166.667 | Y58: ='22'!K58 -> 14166.667 | Z58: ='23'!K58 -> 14166.667 | AA58: ='24'!K58 -> 14166.667 | AB58: ='25'!K58 -> 14166.667 | AC58: ='26'!K58 -> 14166.667 | AD58: ='27'!K58 -> 14166.667 | AE58: ='28'!K58 -> 14166.667 | AF58: ='29'!K58 -> 14166.667 | AG58: ='30'!K58 -> 14166.667 | AH58: ='31'!K58 -> 14166.667 | AI58: 9200 | AJ58: =AH58-D58 -> 0 | AK58: =AVERAGE(D58:AH58) -> 14166.667
B59: - Kacang Hijau | C59: Kg | D59: ='1'!K59 -> 25285.714 | E59: ='2'!K59 -> 25428.571 | F59: ='3'!K59 -> 25285.714 | G59: ='4'!K59 -> 25285.714 | H59: ='5'!K59 -> 25428.571 | I59: ='6'!K59 -> 25285.714 | J59: ='7'!K59 -> 25285.714 | K59: ='8'!K59 -> 25428.571 | L59: ='9'!K59 -> 25428.571 | M59: ='10'!K59 -> 25428.571 | N59: ='11'!K59 -> 25428.571 | O59: ='12'!K59 -> 25285.714 | P59: ='13'!K59 -> 24571.429 | Q59: ='14'!K59 -> 24571.429 | R59: ='15'!K59 -> 25285.714 | S59: ='16'!K59 -> 25142.857 | T59: ='17'!K59 -> 25142.857 | U59: ='18'!K59 -> 25142.857 | V59: ='19'!K59 -> 25142.857 | W59: ='20'!K59 -> 25428.571 | X59: ='21'!K59 -> 25428.571 | Y59: ='22'!K59 -> 25142.857 | Z59: ='23'!K59 -> 25142.857 | AA59: ='24'!K59 -> 25142.857 | AB59: ='25'!K59 -> 25142.857 | AC59: ='26'!K59 -> 25142.857 | AD59: ='27'!K59 -> 25142.857 | AE59: ='28'!K59 -> 25142.857 | AF59: ='29'!K59 -> 25142.857 | AG59: ='30'!K59 -> 25142.857 | AH59: ='31'!K59 -> 25142.857 | AJ59: =AH59-D59 -> -142.85714 | AK59: =AVERAGE(D59:AH59) -> 25211.982
B60: - Kacang Tanah (Jenis Besar) | C60: Kg | D60: ='1'!K60 -> 29142.857 | E60: ='2'!K60 -> 29000 | F60: ='3'!K60 -> 29000 | G60: ='4'!K60 -> 29000 | H60: ='5'!K60 -> 29000 | I60: ='6'!K60 -> 29000 | J60: ='7'!K60 -> 29000 | K60: ='8'!K60 -> 29000 | L60: ='9'!K60 -> 29000 | M60: ='10'!K60 -> 29000 | N60: ='11'!K60 -> 29000 | O60: ='12'!K60 -> 29000 | P60: ='13'!K60 -> 29000 | Q60: ='14'!K60 -> 29000 | R60: ='15'!K60 -> 29000 | S60: ='16'!K60 -> 28714.286 | T60: ='17'!K60 -> 29000 | U60: ='18'!K60 -> 29000 | V60: ='19'!K60 -> 29142.857 | W60: ='20'!K60 -> 29000 | X60: ='21'!K60 -> 29285.714 | Y60: ='22'!K60 -> 29142.857 | Z60: ='23'!K60 -> 29142.857 | AA60: ='24'!K60 -> 29142.857 | AB60: ='25'!K60 -> 29142.857 | AC60: ='26'!K60 -> 29142.857 | AD60: ='27'!K60 -> 29000 | AE60: ='28'!K60 -> 29000 | AF60: ='29'!K60 -> 29142.857 | AG60: ='30'!K60 -> 29142.857 | AH60: ='31'!K60 -> 29142.857 | AJ60: =AH60-D60 -> 0 | AK60: =AVERAGE(D60:AH60) -> 29046.083
A61: 16 | B61: MIE INSTAN | D61: ='1'!K61 -> 0 | E61: ='2'!K61 -> 0 | F61: ='3'!K61 -> 0 | G61: ='4'!K61 -> 0 | H61: ='5'!K61 -> 0 | I61: ='6'!K61 -> 0 | J61: ='7'!K61 -> 0 | K61: ='8'!K61 -> 0 | L61: ='9'!K61 -> 0 | M61: ='10'!K61 -> 0 | N61: ='11'!K61 -> 0 | O61: ='12'!K61 -> 0 | P61: ='13'!K61 -> 0 | Q61: ='14'!K61 -> 0 | R61: ='15'!K61 -> 0 | S61: ='16'!K61 -> 0 | T61: ='17'!K61 -> 0 | U61: ='18'!K61 -> 0 | V61: ='19'!K61 -> 0 | W61: ='20'!K61 -> 0 | X61: ='21'!K61 -> 0 | Y61: ='22'!K61 -> 0 | Z61: ='23'!K61 -> 0 | AA61: ='24'!K61 -> 0 | AB61: ='25'!K61 -> 0 | AC61: ='26'!K61 -> 0 | AD61: ='27'!K61 -> 0 | AE61: ='28'!K61 -> 0 | AF61: ='29'!K61 -> 0 | AG61: ='30'!K61 -> 0 | AH61: ='31'!K61 -> 0 | AJ61: =AH61-D61 -> 0 | AK61: =AVERAGE(D61:AH61) -> 0
B62: - Indomie Goreng | C62: 86 Gr/Bngks | D62: ='1'!K62 -> 3200 | E62: ='2'!K62 -> 3200 | F62: ='3'!K62 -> 3200 | G62: ='4'!K62 -> 3200 | H62: ='5'!K62 -> 3200 | I62: ='6'!K62 -> 3200 | J62: ='7'!K62 -> 3200 | K62: ='8'!K62 -> 3200 | L62: ='9'!K62 -> 3200 | M62: ='10'!K62 -> 3200 | N62: ='11'!K62 -> 3200 | O62: ='12'!K62 -> 3200 | P62: ='13'!K62 -> 3200 | Q62: ='14'!K62 -> 3200 | R62: ='15'!K62 -> 3200 | S62: ='16'!K62 -> 3200 | T62: ='17'!K62 -> 3200 | U62: ='18'!K62 -> 3200 | V62: ='19'!K62 -> 3200 | W62: ='20'!K62 -> 3200 | X62: ='21'!K62 -> 3200 | Y62: ='22'!K62 -> 3200 | Z62: ='23'!K62 -> 3200 | AA62: ='24'!K62 -> 3200 | AB62: ='25'!K62 -> 3200 | AC62: ='26'!K62 -> 3200 | AD62: ='27'!K62 -> 3200 | AE62: ='28'!K62 -> 3200 | AF62: ='29'!K62 -> 3200 | AG62: ='30'!K62 -> 3200 | AH62: ='31'!K62 -> 3200 | AJ62: =AH62-D62 -> 0 | AK62: =AVERAGE(D62:AH62) -> 3200
A63: 17 | B63: C A B E | D63: ='1'!K63 -> 0 | E63: ='2'!K63 -> 0 | F63: ='3'!K63 -> 0 | G63: ='4'!K63 -> 0 | H63: ='5'!K63 -> 0 | I63: ='6'!K63 -> 0 | J63: ='7'!K63 -> 0 | K63: ='8'!K63 -> 0 | L63: ='9'!K63 -> 0 | M63: ='10'!K63 -> 0 | N63: ='11'!K63 -> 0 | O63: ='12'!K63 -> 0 | P63: ='13'!K63 -> 0 | Q63: ='14'!K63 -> 0 | R63: ='15'!K63 -> 0 | S63: ='16'!K63 -> 0 | T63: ='17'!K63 -> 0 | U63: ='18'!K63 -> 0 | V63: ='19'!K63 -> 0 | W63: ='20'!K63 -> 0 | X63: ='21'!K63 -> 0 | Y63: ='22'!K63 -> 0 | Z63: ='23'!K63 -> 0 | AA63: ='24'!K63 -> 0 | AB63: ='25'!K63 -> 0 | AC63: ='26'!K63 -> 0 | AD63: ='27'!K63 -> 0 | AE63: ='28'!K63 -> 0 | AF63: ='29'!K63 -> 0 | AG63: ='30'!K63 -> 0 | AH63: ='31'!K63 -> 0 | AJ63: =AH63-D63 -> 0 | AK63: =AVERAGE(D63:AH63) -> 0
B64: - Cabe Merah Besar | C64: Kg | D64: ='1'!K64 -> 28857.143 | E64: ='2'!K64 -> 29857.143 | F64: ='3'!K64 -> 29571.429 | G64: ='4'!K64 -> 29714.286 | H64: ='5'!K64 -> 29285.714 | I64: ='6'!K64 -> 30714.286 | J64: ='7'!K64 -> 30000 | K64: ='8'!K64 -> 28714.286 | L64: ='9'!K64 -> 31571.429 | M64: ='10'!K64 -> 31857.143 | N64: ='11'!K64 -> 31857.143 | O64: ='12'!K64 -> 32571.429 | P64: ='13'!K64 -> 32857.143 | Q64: ='14'!K64 -> 32857.143 | R64: ='15'!K64 -> 33285.714 | S64: ='16'!K64 -> 34000 | T64: ='17'!K64 -> 34285.714 | U64: ='18'!K64 -> 34285.714 | V64: ='19'!K64 -> 32142.857 | W64: ='20'!K64 -> 32857.143 | X64: ='21'!K64 -> 33142.857 | Y64: ='22'!K64 -> 32428.571 | Z64: ='23'!K64 -> 32571.429 | AA64: ='24'!K64 -> 31285.714 | AB64: ='25'!K64 -> 30142.857 | AC64: ='26'!K64 -> 30857.143 | AD64: ='27'!K64 -> 32142.857 | AE64: ='28'!K64 -> 30714.286 | AF64: ='29'!K64 -> 30714.286 | AG64: ='30'!K64 -> 31428.571 | AH64: ='31'!K64 -> 31428.571 | AJ64: =AH64-D64 -> 2571.4286 | AK64: =AVERAGE(D64:AH64) -> 31548.387
B65: - Cabe Merah Kriting | C65: Kg | D65: ='1'!K65 -> 36250 | E65: ='2'!K65 -> 30750 | F65: ='3'!K65 -> 31250 | G65: ='4'!K65 -> 31250 | H65: ='5'!K65 -> 31250 | I65: ='6'!K65 -> 31250 | J65: ='7'!K65 -> 33000 | K65: ='8'!K65 -> 31000 | L65: ='9'!K65 -> 34000 | M65: ='10'!K65 -> 31000 | N65: ='11'!K65 -> 31000 | O65: ='12'!K65 -> 31000 | P65: ='13'!K65 -> 30000 | Q65: ='14'!K65 -> 30000 | R65: ='15'!K65 -> 30000 | S65: ='16'!K65 -> 30000 | T65: ='17'!K65 -> 30000 | U65: ='18'!K65 -> 30000 | V65: ='19'!K65 -> 28000 | W65: ='20'!K65 -> 30000 | X65: ='21'!K65 -> 29000 | Y65: ='22'!K65 -> 29000 | Z65: ='23'!K65 -> 29000 | AA65: ='24'!K65 -> 29000 | AB65: ='25'!K65 -> 29000 | AC65: ='26'!K65 -> 28800 | AD65: ='27'!K65 -> 30000 | AE65: ='28'!K65 -> 27000 | AF65: ='29'!K65 -> 27600 | AG65: ='30'!K65 -> 26600 | AH65: ='31'!K65 -> 26000 | AJ65: =AH65-D65 -> -10250 | AK65: =AVERAGE(D65:AH65) -> 30064.516
B66: - Cabe Merah Kecil-Rawit | C66: Kg | D66: ='1'!K66 -> 26285.714 | E66: ='2'!K66 -> 27857.143 | F66: ='3'!K66 -> 26428.571 | G66: ='4'!K66 -> 26857.143 | H66: ='5'!K66 -> 27142.857 | I66: ='6'!K66 -> 27857.143 | J66: ='7'!K66 -> 26428.571 | K66: ='8'!K66 -> 26428.571 | L66: ='9'!K66 -> 27142.857 | M66: ='10'!K66 -> 28571.429 | N66: ='11'!K66 -> 29571.429 | O66: ='12'!K66 -> 31142.857 | P66: ='13'!K66 -> 31142.857 | Q66: ='14'!K66 -> 31857.143 | R66: ='15'!K66 -> 31857.143 | S66: ='16'!K66 -> 32571.429 | T66: ='17'!K66 -> 32714.286 | U66: ='18'!K66 -> 32428.571 | V66: ='19'!K66 -> 34285.714 | W66: ='20'!K66 -> 34428.571 | X66: ='21'!K66 -> 35714.286 | Y66: ='22'!K66 -> 35428.571 | Z66: ='23'!K66 -> 35428.571 | AA66: ='24'!K66 -> 35428.571 | AB66: ='25'!K66 -> 36428.571 | AC66: ='26'!K66 -> 37857.143 | AD66: ='27'!K66 -> 35714.286 | AE66: ='28'!K66 -> 35714.286 | AF66: ='29'!K66 -> 36857.143 | AG66: ='30'!K66 -> 37428.571 | AH66: ='31'!K66 -> 37857.143 | AJ66: =AH66-D66 -> 11571.429 | AK66: =AVERAGE(D66:AH66) -> 32027.65
A67: 18 | B67: BAHAN BAKAR GAS LPG | D67: ='1'!K67 -> 0 | E67: ='2'!K67 -> 0 | F67: ='3'!K67 -> 0 | G67: ='4'!K67 -> 0 | H67: ='5'!K67 -> 0 | I67: ='6'!K67 -> 0 | J67: ='7'!K67 -> 0 | K67: ='8'!K67 -> 0 | L67: ='9'!K67 -> 0 | M67: ='10'!K67 -> 0 | N67: ='11'!K67 -> 0 | O67: ='12'!K67 -> 0 | P67: ='13'!K67 -> 0 | Q67: ='14'!K67 -> 0 | R67: ='15'!K67 -> 0 | S67: ='16'!K67 -> 0 | T67: ='17'!K67 -> 0 | U67: ='18'!K67 -> 0 | V67: ='19'!K67 -> 0 | W67: ='20'!K67 -> 0 | X67: ='21'!K67 -> 0 | Y67: ='22'!K67 -> 0 | Z67: ='23'!K67 -> 0 | AA67: ='24'!K67 -> 0 | AB67: ='25'!K67 -> 0 | AC67: ='26'!K67 -> 0 | AD67: ='27'!K67 -> 0 | AE67: ='28'!K67 -> 0 | AF67: ='29'!K67 -> 0 | AG67: ='30'!K67 -> 0 | AH67: ='31'!K67 -> 0 | AJ67: =AH67-D67 -> 0 | AK67: =AVERAGE(D67:AH67) -> 0
B68: - Gas LPG Tabung (3 Kg.) | C68: Per Tabung | D68: ='1'!K68 -> 18166.667 | E68: ='2'!K68 -> 18166.667 | F68: ='3'!K68 -> 18166.667 | G68: ='4'!K68 -> 18166.667 | H68: ='5'!K68 -> 18166.667 | I68: ='6'!K68 -> 18166.667 | J68: ='7'!K68 -> 18333.333 | K68: ='8'!K68 -> 18333.333 | L68: ='9'!K68 -> 18333.333 | M68: ='10'!K68 -> 18333.333 | N68: ='11'!K68 -> 18333.333 | O68: ='12'!K68 -> 18333.333 | P68: ='13'!K68 -> 18333.333 | Q68: ='14'!K68 -> 18333.333 | R68: ='15'!K68 -> 18333.333 | S68: ='16'!K68 -> 18333.333 | T68: ='17'!K68 -> 18333.333 | U68: ='18'!K68 -> 18333.333 | V68: ='19'!K68 -> 18333.333 | W68: ='20'!K68 -> 18333.333 | X68: ='21'!K68 -> 18333.333 | Y68: ='22'!K68 -> 18333.333 | Z68: ='23'!K68 -> 18333.333 | AA68: ='24'!K68 -> 18333.333 | AB68: ='25'!K68 -> 18333.333 | AC68: ='26'!K68 -> 18333.333 | AD68: ='27'!K68 -> 18333.333 | AE68: ='28'!K68 -> 18333.333 | AF68: ='29'!K68 -> 18333.333 | AG68: ='30'!K68 -> 18333.333 | AH68: ='31'!K68 -> 18333.333 | AJ68: =AH68-D68 -> 166.66667 | AK68: =AVERAGE(D68:AH68) -> 18301.075
A69: 19 | B69: BAWANG | D69: ='1'!K69 -> 0 | E69: ='2'!K69 -> 0 | F69: ='3'!K69 -> 0 | G69: ='4'!K69 -> 0 | H69: ='5'!K69 -> 0 | I69: ='6'!K69 -> 0 | J69: ='7'!K69 -> 0 | K69: ='8'!K69 -> 0 | L69: ='9'!K69 -> 0 | M69: ='10'!K69 -> 0 | N69: ='11'!K69 -> 0 | O69: ='12'!K69 -> 0 | P69: ='13'!K69 -> 0 | Q69: ='14'!K69 -> 0 | R69: ='15'!K69 -> 0 | S69: ='16'!K69 -> 0 | T69: ='17'!K69 -> 0 | U69: ='18'!K69 -> 0 | V69: ='19'!K69 -> 0 | W69: ='20'!K69 -> 0 | X69: ='21'!K69 -> 0 | Y69: ='22'!K69 -> 0 | Z69: ='23'!K69 -> 0 | AA69: ='24'!K69 -> 0 | AB69: ='25'!K69 -> 0 | AC69: ='26'!K69 -> 0 | AD69: ='27'!K69 -> 0 | AE69: ='28'!K69 -> 0 | AF69: ='29'!K69 -> 0 | AG69: ='30'!K69 -> 0 | AH69: ='31'!K69 -> 0 | AJ69: =AH69-D69 -> 0 | AK69: =AVERAGE(D69:AH69) -> 0
B70: - Bawang Putih (Jenis Kating) | C70: Kg | D70: ='1'!K70 -> 34857.143 | E70: ='2'!K70 -> 35000 | F70: ='3'!K70 -> 35428.571 | G70: ='4'!K70 -> 34571.429 | H70: ='5'!K70 -> 34428.571 | I70: ='6'!K70 -> 35428.571 | J70: ='7'!K70 -> 35428.571 | K70: ='8'!K70 -> 35857.143 | L70: ='9'!K70 -> 36000 | M70: ='10'!K70 -> 35857.143 | N70: ='11'!K70 -> 36000 | O70: ='12'!K70 -> 35714.286 | P70: ='13'!K70 -> 36000 | Q70: ='14'!K70 -> 36000 | R70: ='15'!K70 -> 36428.571 | S70: ='16'!K70 -> 35714.286 | T70: ='17'!K70 -> 35857.143 | U70: ='18'!K70 -> 35857.143 | V70: ='19'!K70 -> 36142.857 | W70: ='20'!K70 -> 36000 | X70: ='21'!K70 -> 36142.857 | Y70: ='22'!K70 -> 36714.286 | Z70: ='23'!K70 -> 37000 | AA70: ='24'!K70 -> 36142.857 | AB70: ='25'!K70 -> 35857.143 | AC70: ='26'!K70 -> 36285.714 | AD70: ='27'!K70 -> 36142.857 | AE70: ='28'!K70 -> 36142.857 | AF70: ='29'!K70 -> 36142.857 | AG70: ='30'!K70 -> 36428.571 | AH70: ='31'!K70 -> 36428.571 | AJ70: =AH70-D70 -> 1571.4286 | AK70: =AVERAGE(D70:AH70) -> 35870.968
B71: - Bawang Putih (Jenis Sinco) | C71: Kg | D71: ='1'!K71 -> 30571.429 | E71: ='2'!K71 -> 30142.857 | F71: ='3'!K71 -> 31142.857 | G71: ='4'!K71 -> 30857.143 | H71: ='5'!K71 -> 31142.857 | I71: ='6'!K71 -> 31714.286 | J71: ='7'!K71 -> 31714.286 | K71: ='8'!K71 -> 31428.571 | L71: ='9'!K71 -> 31714.286 | M71: ='10'!K71 -> 32428.571 | N71: ='11'!K71 -> 32714.286 | O71: ='12'!K71 -> 33000 | P71: ='13'!K71 -> 32714.286 | Q71: ='14'!K71 -> 32714.286 | R71: ='15'!K71 -> 33142.857 | S71: ='16'!K71 -> 32285.714 | T71: ='17'!K71 -> 32142.857 | U71: ='18'!K71 -> 32142.857 | V71: ='19'!K71 -> 32571.429 | W71: ='20'!K71 -> 32571.429 | X71: ='21'!K71 -> 32714.286 | Y71: ='22'!K71 -> 32714.286 | Z71: ='23'!K71 -> 33285.714 | AA71: ='24'!K71 -> 32714.286 | AB71: ='25'!K71 -> 32714.286 | AC71: ='26'!K71 -> 32714.286 | AD71: ='27'!K71 -> 32714.286 | AE71: ='28'!K71 -> 32714.286 | AF71: ='29'!K71 -> 33428.571 | AG71: ='30'!K71 -> 34000 | AH71: ='31'!K71 -> 33714.286 | AJ71: =AH71-D71 -> 3142.8571 | AK71: =AVERAGE(D71:AH71) -> 32331.797
B72: - Bawang Merah (Kualitas Lokal) | C72: Kg | D72: ='1'!K72 -> 42285.714 | E72: ='2'!K72 -> 41428.571 | F72: ='3'!K72 -> 40857.143 | G72: ='4'!K72 -> 40428.571 | H72: ='5'!K72 -> 40714.286 | I72: ='6'!K72 -> 40857.143 | J72: ='7'!K72 -> 40857.143 | K72: ='8'!K72 -> 40000 | L72: ='9'!K72 -> 39857.143 | M72: ='10'!K72 -> 39428.571 | N72: ='11'!K72 -> 39000 | O72: ='12'!K72 -> 38142.857 | P72: ='13'!K72 -> 37428.571 | Q72: ='14'!K72 -> 37428.571 | R72: ='15'!K72 -> 36714.286 | S72: ='16'!K72 -> 36714.286 | T72: ='17'!K72 -> 37714.286 | U72: ='18'!K72 -> 37714.286 | V72: ='19'!K72 -> 37142.857 | W72: ='20'!K72 -> 37142.857 | X72: ='21'!K72 -> 37000 | Y72: ='22'!K72 -> 37142.857 | Z72: ='23'!K72 -> 37142.857 | AA72: ='24'!K72 -> 37571.429 | AB72: ='25'!K72 -> 37285.714 | AC72: ='26'!K72 -> 36714.286 | AD72: ='27'!K72 -> 37857.143 | AE72: ='28'!K72 -> 35714.286 | AF72: ='29'!K72 -> 35000 | AG72: ='30'!K72 -> 35428.571 | AH72: ='31'!K72 -> 35000 | AI72: 12000 | AJ72: =AH72-D72 -> -7285.7143 | AK72: =AVERAGE(D72:AH72) -> 38184.332
B73: - Bawang Bombay | C73: Kg | D73: ='1'!K73 -> 39571.429 | E73: ='2'!K73 -> 40285.714 | F73: ='3'!K73 -> 41000 | G73: ='4'!K73 -> 41428.571 | H73: ='5'!K73 -> 40714.286 | I73: ='6'!K73 -> 41428.571 | J73: ='7'!K73 -> 41428.571 | K73: ='8'!K73 -> 40285.714 | L73: ='9'!K73 -> 40285.714 | M73: ='10'!K73 -> 40285.714 | N73: ='11'!K73 -> 40285.714 | O73: ='12'!K73 -> 40285.714 | P73: ='13'!K73 -> 40285.714 | Q73: ='14'!K73 -> 40285.714 | R73: ='15'!K73 -> 41714.286 | S73: ='16'!K73 -> 41000 | T73: ='17'!K73 -> 41000 | U73: ='18'!K73 -> 41000 | V73: ='19'!K73 -> 41000 | W73: ='20'!K73 -> 40285.714 | X73: ='21'!K73 -> 41000 | Y73: ='22'!K73 -> 42142.857 | Z73: ='23'!K73 -> 42142.857 | AA73: ='24'!K73 -> 42142.857 | AB73: ='25'!K73 -> 42142.857 | AC73: ='26'!K73 -> 42142.857 | AD73: ='27'!K73 -> 42142.857 | AE73: ='28'!K73 -> 41428.571 | AF73: ='29'!K73 -> 42142.857 | AG73: ='30'!K73 -> 42000 | AH73: ='31'!K73 -> 42000 | AJ73: =AH73-D73 -> 2428.5714 | AK73: =AVERAGE(D73:AH73) -> 41138.249
A74: 20 | B74: UBI-UBIAN | D74: ='1'!K74 -> 0 | E74: ='2'!K74 -> 0 | F74: ='3'!K74 -> 0 | G74: ='4'!K74 -> 0 | H74: ='5'!K74 -> 0 | I74: ='6'!K74 -> 0 | J74: ='7'!K74 -> 0 | K74: ='8'!K74 -> 0 | L74: ='9'!K74 -> 0 | M74: ='10'!K74 -> 0 | N74: ='11'!K74 -> 0 | O74: ='12'!K74 -> 0 | P74: ='13'!K74 -> 0 | Q74: ='14'!K74 -> 0 | R74: ='15'!K74 -> 0 | S74: ='16'!K74 -> 0 | T74: ='17'!K74 -> 0 | U74: ='18'!K74 -> 0 | V74: ='19'!K74 -> 0 | W74: ='20'!K74 -> 0 | X74: ='21'!K74 -> 0 | Y74: ='22'!K74 -> 0 | Z74: ='23'!K74 -> 0 | AA74: ='24'!K74 -> 0 | AB74: ='25'!K74 -> 0 | AC74: ='26'!K74 -> 0 | AD74: ='27'!K74 -> 0 | AE74: ='28'!K74 -> 0 | AF74: ='29'!K74 -> 0 | AG74: ='30'!K74 -> 0 | AH74: ='31'!K74 -> 0 | AJ74: =AH74-D74 -> 0 | AK74: =AVERAGE(D74:AH74) -> 0
B75: - Ketela Pohon | C75: Kg | D75: ='1'!K75 -> 5714.2857 | E75: ='2'!K75 -> 5714.2857 | F75: ='3'!K75 -> 5714.2857 | G75: ='4'!K75 -> 5714.2857 | H75: ='5'!K75 -> 5714.2857 | I75: ='6'!K75 -> 5714.2857 | J75: ='7'!K75 -> 5714.2857 | K75: ='8'!K75 -> 5714.2857 | L75: ='9'!K75 -> 5714.2857 | M75: ='10'!K75 -> 5714.2857 | N75: ='11'!K75 -> 5714.2857 | O75: ='12'!K75 -> 5714.2857 | P75: ='13'!K75 -> 5714.2857 | Q75: ='14'!K75 -> 5714.2857 | R75: ='15'!K75 -> 5714.2857 | S75: ='16'!K75 -> 5714.2857 | T75: ='17'!K75 -> 5714.2857 | U75: ='18'!K75 -> 5714.2857 | V75: ='19'!K75 -> 5714.2857 | W75: ='20'!K75 -> 5714.2857 | X75: ='21'!K75 -> 5714.2857 | Y75: ='22'!K75 -> 5714.2857 | Z75: ='23'!K75 -> 5714.2857 | AA75: ='24'!K75 -> 5714.2857 | AB75: ='25'!K75 -> 5714.2857 | AC75: ='26'!K75 -> 5714.2857 | AD75: ='27'!K75 -> 5714.2857 | AE75: ='28'!K75 -> 5714.2857 | AF75: ='29'!K75 -> 5714.2857 | AG75: ='30'!K75 -> 5714.2857 | AH75: ='31'!K75 -> 5714.2857 | AJ75: =AH75-D75 -> 0 | AK75: =AVERAGE(D75:AH75) -> 5714.2857
B76: - Ubi Jalar | C76: Kg | D76: ='1'!K76 -> 6000 | E76: ='2'!K76 -> 6000 | F76: ='3'!K76 -> 6000 | G76: ='4'!K76 -> 6000 | H76: ='5'!K76 -> 6000 | I76: ='6'!K76 -> 6000 | J76: ='7'!K76 -> 6000 | K76: ='8'!K76 -> 6000 | L76: ='9'!K76 -> 6000 | M76: ='10'!K76 -> 6000 | N76: ='11'!K76 -> 6000 | O76: ='12'!K76 -> 6000 | P76: ='13'!K76 -> 6000 | Q76: ='14'!K76 -> 6000 | R76: ='15'!K76 -> 6000 | S76: ='16'!K76 -> 6000 | T76: ='17'!K76 -> 6000 | U76: ='18'!K76 -> 6000 | V76: ='19'!K76 -> 6000 | W76: ='20'!K76 -> 6000 | X76: ='21'!K76 -> 6000 | Y76: ='22'!K76 -> 6000 | Z76: ='23'!K76 -> 6000 | AA76: ='24'!K76 -> 6000 | AB76: ='25'!K76 -> 6000 | AC76: ='26'!K76 -> 6000 | AD76: ='27'!K76 -> 6000 | AE76: ='28'!K76 -> 6000 | AF76: ='29'!K76 -> 6000 | AG76: ='30'!K76 -> 6000 | AH76: ='31'!K76 -> 6000 | AJ76: =AH76-D76 -> 0 | AK76: =AVERAGE(D76:AH76) -> 6000
A77: 21 | B77: SAYUR-SAYURAN | D77: ='1'!K77 -> 0 | E77: ='2'!K77 -> 0 | F77: ='3'!K77 -> 0 | G77: ='4'!K77 -> 0 | H77: ='5'!K77 -> 0 | I77: ='6'!K77 -> 0 | J77: ='7'!K77 -> 0 | K77: ='8'!K77 -> 0 | L77: ='9'!K77 -> 0 | M77: ='10'!K77 -> 0 | N77: ='11'!K77 -> 0 | O77: ='12'!K77 -> 0 | P77: ='13'!K77 -> 0 | Q77: ='14'!K77 -> 0 | R77: ='15'!K77 -> 0 | S77: ='16'!K77 -> 0 | T77: ='17'!K77 -> 0 | U77: ='18'!K77 -> 0 | V77: ='19'!K77 -> 0 | W77: ='20'!K77 -> 0 | X77: ='21'!K77 -> 0 | Y77: ='22'!K77 -> 0 | Z77: ='23'!K77 -> 0 | AA77: ='24'!K77 -> 0 | AB77: ='25'!K77 -> 0 | AC77: ='26'!K77 -> 0 | AD77: ='27'!K77 -> 0 | AE77: ='28'!K77 -> 0 | AF77: ='29'!K77 -> 0 | AG77: ='30'!K77 -> 0 | AH77: ='31'!K77 -> 0 | AJ77: =AH77-D77 -> 0 | AK77: =AVERAGE(D77:AH77) -> 0
B78: - Kubis | C78: Kg | D78: ='1'!K78 -> 9142.8571 | E78: ='2'!K78 -> 8857.1429 | F78: ='3'!K78 -> 8714.2857 | G78: ='4'!K78 -> 8714.2857 | H78: ='5'!K78 -> 8857.1429 | I78: ='6'!K78 -> 8714.2857 | J78: ='7'!K78 -> 8714.2857 | K78: ='8'!K78 -> 8571.4286 | L78: ='9'!K78 -> 8428.5714 | M78: ='10'!K78 -> 8142.8571 | N78: ='11'!K78 -> 8428.5714 | O78: ='12'!K78 -> 8000 | P78: ='13'!K78 -> 7857.1429 | Q78: ='14'!K78 -> 7857.1429 | R78: ='15'!K78 -> 8000 | S78: ='16'!K78 -> 8285.7143 | T78: ='17'!K78 -> 7857.1429 | U78: ='18'!K78 -> 7857.1429 | V78: ='19'!K78 -> 8142.8571 | W78: ='20'!K78 -> 8000 | X78: ='21'!K78 -> 8000 | Y78: ='22'!K78 -> 7714.2857 | Z78: ='23'!K78 -> 7714.2857 | AA78: ='24'!K78 -> 7714.2857 | AB78: ='25'!K78 -> 7714.2857 | AC78: ='26'!K78 -> 7714.2857 | AD78: ='27'!K78 -> 7428.5714 | AE78: ='28'!K78 -> 7714.2857 | AF78: ='29'!K78 -> 7571.4286 | AG78: ='30'!K78 -> 7571.4286 | AH78: ='31'!K78 -> 7571.4286 | AJ78: =AH78-D78 -> -1571.4286 | AK78: =AVERAGE(D78:AH78) -> 8115.2074
B79: - Buncis | C79: Kg | D79: ='1'!K79 -> 13857.143 | E79: ='2'!K79 -> 14142.857 | F79: ='3'!K79 -> 13714.286 | G79: ='4'!K79 -> 14428.571 | H79: ='5'!K79 -> 14428.571 | I79: ='6'!K79 -> 14571.429 | J79: ='7'!K79 -> 14571.429 | K79: ='8'!K79 -> 14428.571 | L79: ='9'!K79 -> 14428.571 | M79: ='10'!K79 -> 14285.714 | N79: ='11'!K79 -> 15142.857 | O79: ='12'!K79 -> 14857.143 | P79: ='13'!K79 -> 14571.429 | Q79: ='14'!K79 -> 14571.429 | R79: ='15'!K79 -> 15142.857 | S79: ='16'!K79 -> 16000 | T79: ='17'!K79 -> 16000 | U79: ='18'!K79 -> 16000 | V79: ='19'!K79 -> 16285.714 | W79: ='20'!K79 -> 16285.714 | X79: ='21'!K79 -> 16285.714 | Y79: ='22'!K79 -> 16714.286 | Z79: ='23'!K79 -> 16714.286 | AA79: ='24'!K79 -> 17000 | AB79: ='25'!K79 -> 16285.714 | AC79: ='26'!K79 -> 16428.571 | AD79: ='27'!K79 -> 17000 | AE79: ='28'!K79 -> 17000 | AF79: ='29'!K79 -> 16428.571 | AG79: ='30'!K79 -> 16000 | AH79: ='31'!K79 -> 16000 | AJ79: =AH79-D79 -> 2142.8571 | AK79: =AVERAGE(D79:AH79) -> 15470.046
B80: - Kentang | C80: Kg | D80: ='1'!K80 -> 15285.714 | E80: ='2'!K80 -> 15571.429 | F80: ='3'!K80 -> 15428.571 | G80: ='4'!K80 -> 15428.571 | H80: ='5'!K80 -> 15571.429 | I80: ='6'!K80 -> 15428.571 | J80: ='7'!K80 -> 15428.571 | K80: ='8'!K80 -> 15857.143 | L80: ='9'!K80 -> 15857.143 | M80: ='10'!K80 -> 15857.143 | N80: ='11'!K80 -> 15857.143 | O80: ='12'!K80 -> 16000 | P80: ='13'!K80 -> 15857.143 | Q80: ='14'!K80 -> 15857.143 | R80: ='15'!K80 -> 16285.714 | S80: ='16'!K80 -> 16000 | T80: ='17'!K80 -> 16000 | U80: ='18'!K80 -> 16000 | V80: ='19'!K80 -> 15428.571 | W80: ='20'!K80 -> 15285.714 | X80: ='21'!K80 -> 15285.714 | Y80: ='22'!K80 -> 14714.286 | Z80: ='23'!K80 -> 14714.286 | AA80: ='24'!K80 -> 14571.429 | AB80: ='25'!K80 -> 14571.429 | AC80: ='26'!K80 -> 14571.429 | AD80: ='27'!K80 -> 14571.429 | AE80: ='28'!K80 -> 14428.571 | AF80: ='29'!K80 -> 14571.429 | AG80: ='30'!K80 -> 14714.286 | AH80: ='31'!K80 -> 14714.286 | AJ80: =AH80-D80 -> -571.42857 | AK80: =AVERAGE(D80:AH80) -> 15345.622
B81: - Tomat | C81: Kg | D81: ='1'!K81 -> 15142.857 | E81: ='2'!K81 -> 15714.286 | F81: ='3'!K81 -> 15428.571 | G81: ='4'!K81 -> 15428.571 | H81: ='5'!K81 -> 15714.286 | I81: ='6'!K81 -> 15428.571 | J81: ='7'!K81 -> 15428.571 | K81: ='8'!K81 -> 15714.286 | L81: ='9'!K81 -> 15714.286 | M81: ='10'!K81 -> 15428.571 | N81: ='11'!K81 -> 15000 | O81: ='12'!K81 -> 15000 | P81: ='13'!K81 -> 14428.571 | Q81: ='14'!K81 -> 14428.571 | R81: ='15'!K81 -> 14428.571 | S81: ='16'!K81 -> 14428.571 | T81: ='17'!K81 -> 14285.714 | U81: ='18'!K81 -> 14285.714 | V81: ='19'!K81 -> 14000 | W81: ='20'!K81 -> 14000 | X81: ='21'!K81 -> 14000 | Y81: ='22'!K81 -> 12857.143 | Z81: ='23'!K81 -> 12857.143 | AA81: ='24'!K81 -> 13571.429 | AB81: ='25'!K81 -> 13571.429 | AC81: ='26'!K81 -> 13571.429 | AD81: ='27'!K81 -> 13571.429 | AE81: ='28'!K81 -> 13571.429 | AF81: ='29'!K81 -> 13714.286 | AG81: ='30'!K81 -> 13714.286 | AH81: ='31'!K81 -> 13714.286 | AJ81: =AH81-D81 -> -1428.5714 | AK81: =AVERAGE(D81:AH81) -> 14456.221
B82: - Wortel (Kualitas Lokal) | C82: Kg | D82: ='1'!K82 -> 11571.429 | E82: ='2'!K82 -> 11714.286 | F82: ='3'!K82 -> 11428.571 | G82: ='4'!K82 -> 11571.429 | H82: ='5'!K82 -> 11714.286 | I82: ='6'!K82 -> 11428.571 | J82: ='7'!K82 -> 11428.571 | K82: ='8'!K82 -> 11714.286 | L82: ='9'!K82 -> 11714.286 | M82: ='10'!K82 -> 11428.571 | N82: ='11'!K82 -> 11714.286 | O82: ='12'!K82 -> 11428.571 | P82: ='13'!K82 -> 11142.857 | Q82: ='14'!K82 -> 11142.857 | R82: ='15'!K82 -> 11428.571 | S82: ='16'!K82 -> 11428.571 | T82: ='17'!K82 -> 11142.857 | U82: ='18'!K82 -> 11142.857 | V82: ='19'!K82 -> 11142.857 | W82: ='20'!K82 -> 10857.143 | X82: ='21'!K82 -> 10857.143 | Y82: ='22'!K82 -> 10428.571 | Z82: ='23'!K82 -> 10571.429 | AA82: ='24'!K82 -> 10571.429 | AB82: ='25'!K82 -> 10571.429 | AC82: ='26'!K82 -> 10428.571 | AD82: ='27'!K82 -> 10142.857 | AE82: ='28'!K82 -> 10142.857 | AF82: ='29'!K82 -> 10428.571 | AG82: ='30'!K82 -> 10714.286 | AH82: ='31'!K82 -> 10714.286 | AJ82: =AH82-D82 -> -857.14286 | AK82: =AVERAGE(D82:AH82) -> 11092.166
B83: - Terong Ungu (Jenis Sayur) | C83: Kg | D83: ='1'!K83 -> 9333.3333 | E83: ='2'!K83 -> 8833.3333 | F83: ='3'!K83 -> 9000 | G83: ='4'!K83 -> 9000 | H83: ='5'!K83 -> 8833.3333 | I83: ='6'!K83 -> 9000 | J83: ='7'!K83 -> 9000 | K83: ='8'!K83 -> 8833.3333 | L83: ='9'!K83 -> 8833.3333 | M83: ='10'!K83 -> 8833.3333 | N83: ='11'!K83 -> 8666.6667 | O83: ='12'!K83 -> 8666.6667 | P83: ='13'!K83 -> 9000 | Q83: ='14'!K83 -> 9142.8571 | R83: ='15'!K83 -> 8857.1429 | S83: ='16'!K83 -> 9142.8571 | T83: ='17'!K83 -> 9142.8571 | U83: ='18'!K83 -> 9142.8571 | V83: ='19'!K83 -> 9142.8571 | W83: ='20'!K83 -> 9714.2857 | X83: ='21'!K83 -> 9714.2857 | Y83: ='22'!K83 -> 9142.8571 | Z83: ='23'!K83 -> 9142.8571 | AA83: ='24'!K83 -> 9428.5714 | AB83: ='25'!K83 -> 9428.5714 | AC83: ='26'!K83 -> 9428.5714 | AD83: ='27'!K83 -> 9428.5714 | AE83: ='28'!K83 -> 9714.2857 | AF83: ='29'!K83 -> 9428.5714 | AG83: ='30'!K83 -> 9428.5714 | AH83: ='31'!K83 -> 9428.5714 | AJ83: =AH83-D83 -> 95.238095 | AK83: =AVERAGE(D83:AH83) -> 9155.914
B84: - Bayam (Jenis Sayur) | C84: Ikat Kecil | D84: ='1'!K84 -> 1916.6667 | E84: ='2'!K84 -> 1916.6667 | F84: ='3'!K84 -> 1916.6667 | G84: ='4'!K84 -> 1916.6667 | H84: ='5'!K84 -> 1916.6667 | I84: ='6'!K84 -> 1916.6667 | J84: ='7'!K84 -> 1916.6667 | K84: ='8'!K84 -> 1916.6667 | L84: ='9'!K84 -> 1916.6667 | M84: ='10'!K84 -> 1916.6667 | N84: ='11'!K84 -> 1916.6667 | O84: ='12'!K84 -> 1916.6667 | P84: ='13'!K84 -> 1916.6667 | Q84: ='14'!K84 -> 1916.6667 | R84: ='15'!K84 -> 1916.6667 | S84: ='16'!K84 -> 1916.6667 | T84: ='17'!K84 -> 1916.6667 | U84: ='18'!K84 -> 1916.6667 | V84: ='19'!K84 -> 1916.6667 | W84: ='20'!K84 -> 1916.6667 | X84: ='21'!K84 -> 1916.6667 | Y84: ='22'!K84 -> 1916.6667 | Z84: ='23'!K84 -> 1916.6667 | AA84: ='24'!K84 -> 1916.6667 | AB84: ='25'!K84 -> 1916.6667 | AC84: ='26'!K84 -> 1916.6667 | AD84: ='27'!K84 -> 1916.6667 | AE84: ='28'!K84 -> 1916.6667 | AF84: ='29'!K84 -> 1916.6667 | AG84: ='30'!K84 -> 1916.6667 | AH84: ='31'!K84 -> 1916.6667 | AJ84: =AH84-D84 -> 0 | AK84: =AVERAGE(D84:AH84) -> 1916.6667
B85: - Kangkung (Jenis Panjang) | C85: Ikat Kecil | D85: ='1'!K85 -> 1666.6667 | E85: ='2'!K85 -> 1666.6667 | F85: ='3'!K85 -> 1666.6667 | G85: ='4'!K85 -> 1666.6667 | H85: ='5'!K85 -> 1666.6667 | I85: ='6'!K85 -> 1666.6667 | J85: ='7'!K85 -> 1666.6667 | K85: ='8'!K85 -> 1666.6667 | L85: ='9'!K85 -> 1666.6667 | M85: ='10'!K85 -> 1666.6667 | N85: ='11'!K85 -> 1666.6667 | O85: ='12'!K85 -> 1666.6667 | P85: ='13'!K85 -> 1666.6667 | Q85: ='14'!K85 -> 1666.6667 | R85: ='15'!K85 -> 1666.6667 | S85: ='16'!K85 -> 1666.6667 | T85: ='17'!K85 -> 1666.6667 | U85: ='18'!K85 -> 1666.6667 | V85: ='19'!K85 -> 1666.6667 | W85: ='20'!K85 -> 1666.6667 | X85: ='21'!K85 -> 1666.6667 | Y85: ='22'!K85 -> 1666.6667 | Z85: ='23'!K85 -> 1666.6667 | AA85: ='24'!K85 -> 1666.6667 | AB85: ='25'!K85 -> 1666.6667 | AC85: ='26'!K85 -> 1666.6667 | AD85: ='27'!K85 -> 1666.6667 | AE85: ='28'!K85 -> 1666.6667 | AF85: ='29'!K85 -> 1666.6667 | AG85: ='30'!K85 -> 1666.6667 | AH85: ='31'!K85 -> 1666.6667 | AJ85: =AH85-D85 -> 0 | AK85: =AVERAGE(D85:AH85) -> 1666.6667
B86: - Sawi (Jenis Hijau) | C86: Ikat Kecil | D86: ='1'!K86 -> 2000 | E86: ='2'!K86 -> 2000 | F86: ='3'!K86 -> 2000 | G86: ='4'!K86 -> 2000 | H86: ='5'!K86 -> 2000 | I86: ='6'!K86 -> 2000 | J86: ='7'!K86 -> 2000 | K86: ='8'!K86 -> 2000 | L86: ='9'!K86 -> 2000 | M86: ='10'!K86 -> 2000 | N86: ='11'!K86 -> 2000 | O86: ='12'!K86 -> 2000 | P86: ='13'!K86 -> 2000 | Q86: ='14'!K86 -> 2000 | R86: ='15'!K86 -> 2000 | S86: ='16'!K86 -> 2000 | T86: ='17'!K86 -> 2000 | U86: ='18'!K86 -> 2000 | V86: ='19'!K86 -> 2000 | W86: ='20'!K86 -> 2000 | X86: ='21'!K86 -> 2000 | Y86: ='22'!K86 -> 2000 | Z86: ='23'!K86 -> 2000 | AA86: ='24'!K86 -> 2000 | AB86: ='25'!K86 -> 2000 | AC86: ='26'!K86 -> 2000 | AD86: ='27'!K86 -> 2000 | AE86: ='28'!K86 -> 2000 | AF86: ='29'!K86 -> 2000 | AG86: ='30'!K86 -> 2000 | AH86: ='31'!K86 -> 2000 | AJ86: =AH86-D86 -> 0 | AK86: =AVERAGE(D86:AH86) -> 2000
A87: 22 | B87: AIR MINERAL | D87: ='1'!K87 -> 0 | E87: ='2'!K87 -> 0 | F87: ='3'!K87 -> 0 | G87: ='4'!K87 -> 0 | H87: ='5'!K87 -> 0 | I87: ='6'!K87 -> 0 | J87: ='7'!K87 -> 0 | K87: ='8'!K87 -> 0 | L87: ='9'!K87 -> 0 | M87: ='10'!K87 -> 0 | N87: ='11'!K87 -> 0 | O87: ='12'!K87 -> 0 | P87: ='13'!K87 -> 0 | Q87: ='14'!K87 -> 0 | R87: ='15'!K87 -> 0 | S87: ='16'!K87 -> 0 | T87: ='17'!K87 -> 0 | U87: ='18'!K87 -> 0 | V87: ='19'!K87 -> 0 | W87: ='20'!K87 -> 0 | X87: ='21'!K87 -> 0 | Y87: ='22'!K87 -> 0 | Z87: ='23'!K87 -> 0 | AA87: ='24'!K87 -> 0 | AB87: ='25'!K87 -> 0 | AC87: ='26'!K87 -> 0 | AD87: ='27'!K87 -> 0 | AE87: ='28'!K87 -> 0 | AF87: ='29'!K87 -> 0 | AG87: ='30'!K87 -> 0 | AH87: ='31'!K87 -> 0 | AJ87: =AH87-D87 -> 0 | AK87: =AVERAGE(D87:AH87) -> 0
B88: - Air Mineral (Aqua Galon) | C88: 19 Ltr/Galon | D88: ='1'!K88 -> 18000 | E88: ='2'!K88 -> 18000 | F88: ='3'!K88 -> 18000 | G88: ='4'!K88 -> 18000 | H88: ='5'!K88 -> 18000 | I88: ='6'!K88 -> 18000 | J88: ='7'!K88 -> 18000 | K88: ='8'!K88 -> 18000 | L88: ='9'!K88 -> 18000 | M88: ='10'!K88 -> 18000 | N88: ='11'!K88 -> 18000 | O88: ='12'!K88 -> 18000 | P88: ='13'!K88 -> 18000 | Q88: ='14'!K88 -> 18000 | R88: ='15'!K88 -> 18000 | S88: ='16'!K88 -> 18000 | T88: ='17'!K88 -> 18000 | U88: ='18'!K88 -> 18000 | V88: ='19'!K88 -> 18000 | W88: ='20'!K88 -> 18000 | X88: ='21'!K88 -> 18000 | Y88: ='22'!K88 -> 18000 | Z88: ='23'!K88 -> 18000 | AA88: ='24'!K88 -> 18000 | AB88: ='25'!K88 -> 18000 | AC88: ='26'!K88 -> 18000 | AD88: ='27'!K88 -> 18000 | AE88: ='28'!K88 -> 18000 | AF88: ='29'!K88 -> 18000 | AG88: ='30'!K88 -> 18000 | AH88: ='31'!K88 -> 18000 | AJ88: =AH88-D88 -> 0 | AK88: =AVERAGE(D88:AH88) -> 18000

Sheet GRAFIK
A1: BAGIAN PEREKONOMIAN DAN SUMBER DAYA ALAM
A2: GRAFIK LAPORAN HARGA BAHAN POKOK DI KOTA SURABAYA
A3: PERIODE MEI 2023
C4: 1 | D4: 2 | E4: 3 | F4: 4 | G4: 5 | H4: 6 | I4: 7 | J4: 8 | K4: 9 | L4: 10 | M4: 11 | N4: 12 | O4: 13 | P4: 14 | Q4: 15 | R4: 16 | S4: 17 | T4: 18 | U4: 19 | V4: 20 | W4: 21 | X4: 22 | Y4: 23 | Z4: 24 | AA4: 25 | AB4: 26 | AC4: 27 | AD4: 28 | AE4: 29 | AF4: 30 | AG4: 31
A5: - Gula pasir lokal curah | B5: Kg | C5: ='1'!K14 -> 13071.429 | D5: ='2'!K14 -> 13214.286 | E5: ='3'!K14 -> 13142.857 | F5: ='4'!K14 -> 13214.286 | G5: ='5'!K14 -> 13214.286 | H5: ='6'!K14 -> 13285.714 | I5: ='7'!K14 -> 13357.143 | J5: ='8'!K14 -> 13285.714 | K5: ='9'!K14 -> 13357.143 | L5: ='10'!K14 -> 13357.143 | M5: ='11'!K14 -> 13357.143 | N5: ='12'!K14 -> 13357.143 | O5: ='13'!K14 -> 13357.143 | P5: ='14'!K14 -> 13357.143 | Q5: ='15'!K14 -> 13357.143 | R5: ='16'!K14 -> 13357.143 | S5: ='17'!K14 -> 13357.143 | T5: ='18'!K14 -> 13357.143 | U5: ='19'!K14 -> 13500 | V5: ='20'!K14 -> 13428.571 | W5: ='21'!K14 -> 13428.571 | X5: ='22'!K14 -> 13571.429 | Y5: ='23'!K14 -> 13571.429 | Z5: ='24'!K14 -> 13571.429 | AA5: ='25'!K14 -> 13571.429 | AB5: ='26'!K14 -> 13571.429 | AC5: ='27'!K14 -> 13500 | AD5: ='28'!K14 -> 13500 | AE5: ='29'!K14 -> 13571.429 | AF5: ='30'!K14 -> 13571.429 | AG5: ='31'!K14 -> 13571.429
C24: 1 | D24: 2 | E24: 3 | F24: 4 | G24: 5 | H24: 6 | I24: 7 | J24: 8 | K24: 9 | L24: 10 | M24: 11 | N24: 12 | O24: 13 | P24: 14 | Q24: 15 | R24: 16 | S24: 17 | T24: 18 | U24: 19 | V24: 20 | W24: 21 | X24: 22 | Y24: 23 | Z24: 24 | AA24: 25 | AB24: 26 | AC24: 27 | AD24: 28 | AE24: 29 | AF24: 30 | AG24: 31
A25: - Daging Ayam Broiler | B25: Kg | C25: ='1'!K25 -> 36000 | D25: ='2'!K25 -> 34000 | E25: ='3'!K25 -> 33571.429 | F25: ='4'!K25 -> 33571.429 | G25: ='5'!K25 -> 33000 | H25: ='6'!K25 -> 33000 | I25: ='7'!K25 -> 33000 | J25: ='8'!K25 -> 32857.143 | K25: ='9'!K25 -> 32857.143 | L25: ='10'!K25 -> 33428.571 | M25: ='11'!K25 -> 33857.143 | N25: ='12'!K25 -> 34000 | O25: ='13'!K25 -> 34000 | P25: ='14'!K25 -> 34000 | Q25: ='15'!K25 -> 34571.429 | R25: ='16'!K25 -> 34142.857 | S25: ='17'!K25 -> 34428.571 | T25: ='18'!K25 -> 34571.429 | U25: ='19'!K25 -> 34571.429 | V25: ='20'!K25 -> 34714.286 | W25: ='21'!K25 -> 34857.143 | X25: ='22'!K25 -> 35285.714 | Y25: ='23'!K25 -> 35571.429 | Z25: ='24'!K25 -> 35857.143 | AA25: ='25'!K25 -> 36571.429 | AB25: ='26'!K25 -> 36428.571 | AC25: ='27'!K25 -> 36285.714 | AD25: ='28'!K25 -> 36428.571 | AE25: ='29'!K25 -> 35857.143 | AF25: ='30'!K25 -> 35714.286 | AG25: ='31'!K25 -> 35857.143
C44: 1 | D44: 2 | E44: 3 | F44: 4 | G44: 5 | H44: 6 | I44: 7 | J44: 8 | K44: 9 | L44: 10 | M44: 11 | N44: 12 | O44: 13 | P44: 14 | Q44: 15 | R44: 16 | S44: 17 | T44: 18 | U44: 19 | V44: 20 | W44: 21 | X44: 22 | Y44: 23 | Z44: 24 | AA44: 25 | AB44: 26 | AC44: 27 | AD44: 28 | AE44: 29 | AF44: 30 | AG44: 31
A45: - Telur Ayam Broiler | B45: Kg | C45: ='1'!K34 -> 27142.857 | D45: ='2'!K34 -> 26714.286 | E45: ='3'!K34 -> 27000 | F45: ='4'!K34 -> 27285.714 | G45: ='5'!K34 -> 27785.714 | H45: ='6'!K34 -> 28214.286 | I45: ='7'!K34 -> 28214.286 | J45: ='8'!K34 -> 28142.857 | K45: ='9'!K34 -> 28714.286 | L45: ='10'!K34 -> 29000 | M45: ='11'!K34 -> 29142.857 | N45: ='12'!K34 -> 29428.571 | O45: ='13'!K34 -> 30142.857 | P45: ='14'!K34 -> 30428.571 | Q45: ='15'!K34 -> 30714.286 | R45: ='16'!K34 -> 31428.571 | S45: ='17'!K34 -> 31142.857 | T45: ='18'!K34 -> 30857.143 | U45: ='19'!K34 -> 31285.714 | V45: ='20'!K34 -> 31571.429 | W45: ='21'!K34 -> 31714.286 | X45: ='22'!K34 -> 31357.143 | Y45: ='23'!K34 -> 31214.286 | Z45: ='24'!K34 -> 30642.857 | AA45: ='25'!K34 -> 30571.429 | AB45: ='26'!K34 -> 30428.571 | AC45: ='27'!K34 -> 30428.571 | AD45: ='28'!K34 -> 30571.429 | AE45: ='29'!K34 -> 30214.286 | AF45: ='30'!K34 -> 30214.286 | AG45: ='31'!K34 -> 29928.571
C68: 1 | D68: 2 | E68: 3 | F68: 4 | G68: 5 | H68: 6 | I68: 7 | J68: 8 | K68: 9 | L68: 10 | M68: 11 | N68: 12 | O68: 13 | P68: 14 | Q68: 15 | R68: 16 | S68: 17 | T68: 18 | U68: 19 | V68: 20 | W68: 21 | X68: 22 | Y68: 23 | Z68: 24 | AA68: 25 | AB68: 26 | AC68: 27 | AD68: 28 | AE68: 29 | AF68: 30 | AG68: 31
A69: - Cabe Merah Besar | B69: Kg | C69: ='1'!K64 -> 28857.143 | D69: ='2'!K64 -> 29857.143 | E69: ='3'!K64 -> 29571.429 | F69: ='4'!K64 -> 29714.286 | G69: ='5'!K64 -> 29285.714 | H69: ='6'!K64 -> 30714.286 | I69: ='7'!K64 -> 30000 | J69: ='8'!K64 -> 28714.286 | K69: ='9'!K64 -> 31571.429 | L69: ='10'!K64 -> 31857.143 | M69: ='11'!K64 -> 31857.143 | N69: ='12'!K64 -> 32571.429 | O69: ='13'!K64 -> 32857.143 | P69: ='14'!K64 -> 32857.143 | Q69: ='15'!K64 -> 33285.714 | R69: ='16'!K64 -> 34000 | S69: ='17'!K64 -> 34285.714 | T69: ='18'!K64 -> 34285.714 | U69: ='19'!K64 -> 32142.857 | V69: ='20'!K64 -> 32857.143 | W69: ='21'!K64 -> 33142.857 | X69: ='22'!K64 -> 32428.571 | Y69: ='23'!K64 -> 32571.429 | Z69: ='24'!K64 -> 31285.714 | AA69: ='25'!K64 -> 30142.857 | AB69: ='26'!K64 -> 30857.143 | AC69: ='27'!K64 -> 32142.857 | AD69: ='28'!K64 -> 30714.286 | AE69: ='29'!K64 -> 30714.286 | AF69: ='30'!K64 -> 31428.571 | AG69: ='31'!K64 -> 31428.571
A70: - Cabe Merah Kriting | B70: Kg | C70: ='1'!K65 -> 36250 | D70: ='2'!K65 -> 30750 | E70: ='3'!K65 -> 31250 | F70: ='4'!K65 -> 31250 | G70: ='5'!K65 -> 31250 | H70: ='6'!K65 -> 31250 | I70: ='7'!K65 -> 33000 | J70: ='8'!K65 -> 31000 | K70: ='9'!K65 -> 34000 | L70: ='10'!K65 -> 31000 | M70: ='11'!K65 -> 31000 | N70: ='12'!K65 -> 31000 | O70: ='13'!K65 -> 30000 | P70: ='14'!K65 -> 30000 | Q70: ='15'!K65 -> 30000 | R70: ='16'!K65 -> 30000 | S70: ='17'!K65 -> 30000 | T70: ='18'!K65 -> 30000 | U70: ='19'!K65 -> 28000 | V70: ='20'!K65 -> 30000 | W70: ='21'!K65 -> 29000 | X70: ='22'!K65 -> 29000 | Y70: ='23'!K65 -> 29000 | Z70: ='24'!K65 -> 29000 | AA70: ='25'!K65 -> 29000 | AB70: ='26'!K65 -> 28800 | AC70: ='27'!K65 -> 30000 | AD70: ='28'!K65 -> 27000 | AE70: ='29'!K65 -> 27600 | AF70: ='30'!K65 -> 26600 | AG70: ='31'!K65 -> 26000
A71: - Cabe Merah Kecil-Rawit | B71: Kg | C71: ='1'!K66 -> 26285.714 | D71: ='2'!K66 -> 27857.143 | E71: ='3'!K66 -> 26428.571 | F71: ='4'!K66 -> 26857.143 | G71: ='5'!K66 -> 27142.857 | H71: ='6'!K66 -> 27857.143 | I71: ='7'!K66 -> 26428.571 | J71: ='8'!K66 -> 26428.571 | K71: ='9'!K66 -> 27142.857 | L71: ='10'!K66 -> 28571.429 | M71: ='11'!K66 -> 29571.429 | N71: ='12'!K66 -> 31142.857 | O71: ='13'!K66 -> 31142.857 | P71: ='14'!K66 -> 31857.143 | Q71: ='15'!K66 -> 31857.143 | R71: ='16'!K66 -> 32571.429 | S71: ='17'!K66 -> 32714.286 | T71: ='18'!K66 -> 32428.571 | U71: ='19'!K66 -> 34285.714 | V71: ='20'!K66 -> 34428.571 | W71: ='21'!K66 -> 35714.286 | X71: ='22'!K66 -> 35428.571 | Y71: ='23'!K66 -> 35428.571 | Z71: ='24'!K66 -> 35428.571 | AA71: ='25'!K66 -> 36428.571 | AB71: ='26'!K66 -> 37857.143 | AC71: ='27'!K66 -> 35714.286 | AD71: ='28'!K66 -> 35714.286 | AE71: ='29'!K66 -> 36857.143 | AF71: ='30'!K66 -> 37428.571 | AG71: ='31'!K66 -> 37857.143
C89: 1 | D89: 2 | E89: 3 | F89: 4 | G89: 5 | H89: 6 | I89: 7 | J89: 8 | K89: 9 | L89: 10 | M89: 11 | N89: 12 | O89: 13 | P89: 14 | Q89: 15 | R89: 16 | S89: 17 | T89: 18 | U89: 19 | V89: 20 | W89: 21 | X89: 22 | Y89: 23 | Z89: 24 | AA89: 25 | AB89: 26 | AC89: 27 | AD89: 28 | AE89: 29 | AF89: 30 | AG89: 31
A90: - Bawang Putih (Jenis Kating) | B90: Kg | C90: ='1'!K70 -> 34857.143 | D90: ='2'!K70 -> 35000 | E90: ='3'!K70 -> 35428.571 | F90: ='4'!K70 -> 34571.429 | G90: ='5'!K70 -> 34428.571 | H90: ='6'!K70 -> 35428.571 | I90: ='7'!K70 -> 35428.571 | J90: ='8'!K70 -> 35857.143 | K90: ='9'!K70 -> 36000 | L90: ='10'!K70 -> 35857.143 | M90: ='11'!K70 -> 36000 | N90: ='12'!K70 -> 35714.286 | O90: ='13'!K70 -> 36000 | P90: ='14'!K70 -> 36000 | Q90: ='15'!K70 -> 36428.571 | R90: ='16'!K70 -> 35714.286 | S90: ='17'!K70 -> 35857.143 | T90: ='18'!K70 -> 35857.143 | U90: ='19'!K70 -> 36142.857 | V90: ='20'!K70 -> 36000 | W90: ='21'!K70 -> 36142.857 | X90: ='22'!K70 -> 36714.286 | Y90: ='23'!K70 -> 37000 | Z90: ='24'!K70 -> 36142.857 | AA90: ='25'!K70 -> 35857.143 | AB90: ='26'!K70 -> 36285.714 | AC90: ='27'!K70 -> 36142.857 | AD90: ='28'!K70 -> 36142.857 | AE90: ='29'!K70 -> 36142.857 | AF90: ='30'!K70 -> 36428.571 | AG90: ='31'!K70 -> 36428.571
A91: - Bawang Putih (Jenis Sinco) | B91: Kg | C91: ='1'!K71 -> 30571.429 | D91: ='2'!K71 -> 30142.857 | E91: ='3'!K71 -> 31142.857 | F91: ='4'!K71 -> 30857.143 | G91: ='5'!K71 -> 31142.857 | H91: ='6'!K71 -> 31714.286 | I91: ='7'!K71 -> 31714.286 | J91: ='8'!K71 -> 31428.571 | K91: ='9'!K71 -> 31714.286 | L91: ='10'!K71 -> 32428.571 | M91: ='11'!K71 -> 32714.286 | N91: ='12'!K71 -> 33000 | O91: ='13'!K71 -> 32714.286 | P91: ='14'!K71 -> 32714.286 | Q91: ='15'!K71 -> 33142.857 | R91: ='16'!K71 -> 32285.714 | S91: ='17'!K71 -> 32142.857 | T91: ='18'!K71 -> 32142.857 | U91: ='19'!K71 -> 32571.429 | V91: ='20'!K71 -> 32571.429 | W91: ='21'!K71 -> 32714.286 | X91: ='22'!K71 -> 32714.286 | Y91: ='23'!K71 -> 33285.714 | Z91: ='24'!K71 -> 32714.286 | AA91: ='25'!K71 -> 32714.286 | AB91: ='26'!K71 -> 32714.286 | AC91: ='27'!K71 -> 32714.286 | AD91: ='28'!K71 -> 32714.286 | AE91: ='29'!K71 -> 33428.571 | AF91: ='30'!K71 -> 34000 | AG91: ='31'!K71 -> 33714.286
A92: - Bawang Merah (Kualitas Lokal) | B92: Kg | C92: ='1'!K72 -> 42285.714 | D92: ='2'!K72 -> 41428.571 | E92: ='3'!K72 -> 40857.143 | F92: ='4'!K72 -> 40428.571 | G92: ='5'!K72 -> 40714.286 | H92: ='6'!K72 -> 40857.143 | I92: ='7'!K72 -> 40857.143 | J92: ='8'!K72 -> 40000 | K92: ='9'!K72 -> 39857.143 | L92: ='10'!K72 -> 39428.571 | M92: ='11'!K72 -> 39000 | N92: ='12'!K72 -> 38142.857 | O92: ='13'!K72 -> 37428.571 | P92: ='14'!K72 -> 37428.571 | Q92: ='15'!K72 -> 36714.286 | R92: ='16'!K72 -> 36714.286 | S92: ='17'!K72 -> 37714.286 | T92: ='18'!K72 -> 37714.286 | U92: ='19'!K72 -> 37142.857 | V92: ='20'!K72 -> 37142.857 | W92: ='21'!K72 -> 37000 | X92: ='22'!K72 -> 37142.857 | Y92: ='23'!K72 -> 37142.857 | Z92: ='24'!K72 -> 37571.429 | AA92: ='25'!K72 -> 37285.714 | AB92: ='26'!K72 -> 36714.286 | AC92: ='27'!K72 -> 37857.143 | AD92: ='28'!K72 -> 35714.286 | AE92: ='29'!K72 -> 35000 | AF92: ='30'!K72 -> 35428.571 | AG92: ='31'!K72 -> 35000
A93: - Bawang Bombay | B93: Kg | C93: ='1'!K73 -> 39571.429 | D93: ='2'!K73 -> 40285.714 | E93: ='3'!K73 -> 41000 | F93: ='4'!K73 -> 41428.571 | G93: ='5'!K73 -> 40714.286 | H93: ='6'!K73 -> 41428.571 | I93: ='7'!K73 -> 41428.571 | J93: ='8'!K73 -> 40285.714 | K93: ='9'!K73 -> 40285.714 | L93: ='10'!K73 -> 40285.714 | M93: ='11'!K73 -> 40285.714 | N93: ='12'!K73 -> 40285.714 | O93: ='13'!K73 -> 40285.714 | P93: ='14'!K73 -> 40285.714 | Q93: ='15'!K73 -> 41714.286 | R93: ='16'!K73 -> 41000 | S93: ='17'!K73 -> 41000 | T93: ='18'!K73 -> 41000 | U93: ='19'!K73 -> 41000 | V93: ='20'!K73 -> 40285.714 | W93: ='21'!K73 -> 41000 | X93: ='22'!K73 -> 42142.857 | Y93: ='23'!K73 -> 42142.857 | Z93: ='24'!K73 -> 42142.857 | AA93: ='25'!K73 -> 42142.857 | AB93: ='26'!K73 -> 42142.857 | AC93: ='27'!K73 -> 42142.857 | AD93: ='28'!K73 -> 41428.571 | AE93: ='29'!K73 -> 42142.857 | AF93: ='30'!K73 -> 42000 | AG93: ='31'!K73 -> 42000

Sheet 1
A1: HARGA BAHAN-BAHAN POKOK
A2: DI PASAR TRADISIONAL KOTA SURABAYA
A3: HARI / TANGGAL : Senin / 01 Mei 2023
B4: NAMA BAHAN POKOK DAN PENTING LAINNYA | C4: SATUAN | D4: Pasar Tambahrejo | E4: Pasar Pucang Anom | F4: Pasar Wonokromo | G4: Pasar Genteng Baru | H4: Pasar Pabean | I4: Pasar Kembang | J4: Pasar Balongsari | K4: Rata-Rata
A7: 1 | B7: BERAS
B8: - Beras Premium | C8: Kg | D8: 13000 | E8: 13500 | F8: 15000 | G8: 13500 | H8: 12000 | I8: 14000 | J8: 13500 | K8: =AVERAGE(D8:J8) -> 13500
B9: - Beras Medium Bulog | C9: Kg | D9: - | E9: - | F9: 13000 | G9: - | H9: 9000 | I9: - | J9: 9000 | K9: =AVERAGE(D9:J9) -> 10333.333
B10: - Beras Medium | C10: Kg | D10: 11000 | E10: 11500 | F10: - | G10: 11500 | H10: - | I10: 11500 | J10: - | K10: =AVERAGE(D10:J10) -> 11375
B11: - Beras Jagung | C11: Kg | D11: - | E11: 10000 | F11: 12000 | G11: 12000 | H11: - | I11: 11000 | J11: 8000 | K11: =AVERAGE(D11:J11) -> 10600
B12: - Beras Ketan (Jenis Siyem) | C12: Kg | D12: - | E12: 22000 | F12: 22000 | G12: 20000 | H12: - | I12: 22000 | J12: 17000 | K12: =AVERAGE(D12:J12) -> 20600
A13: 2 | B13: GULA
B14: - Gula pasir lokal curah | C14: Kg | D14: 13000 | E14: 13000 | F14: 13000 | G14: 13000 | H14: 13000 | I14: 13000 | J14: 13500 | K14: =AVERAGE(D14:J14) -> 13071.429
B15: - Gula Jawa/Merah (Bahan Kelapa) | C15: Kg | D15: 15000 | E15: 16000 | F15: 20000 | G15: 16000 | H15: 15000 | I15: 16000 | J15: 16000 | K15: =AVERAGE(D15:J15) -> 16285.714
A16: 3 | B16: MINYAK GORENG
B17: - Minyak Goreng Curah (Bening) | C17: Kg | D17: 14500 | E17: 16000 | F17: 16000 | G17: 16000 | H17: 14000 | I17: 16000 | J17: 15000 | K17: =AVERAGE(D17:J17) -> 15357.143
B18: - Minyak Kita | C18: Liter | D18: 14000 | E18: 14000 | F18: 14000 | G18: 14000 | H18: - | I18: 14000 | J18: 14000 | K18: =AVERAGE(D18:J18) -> 14000
A19: 4 | B19: MENTEGA
B20: - Mentega Curah (Amanda) | C20: Kg | D20: 20000 | E20: - | F20: 24000 | G20: 22000 | H20: - | I20: 24000 | J20: - | K20: =AVERAGE(D20:J20) -> 22500
A21: 5 | B21: DAGING
B22: - Daging Sapi Grade Atas | C22: Kg | D22: 120000 | E22: 120000 | F22: 130000 | G22: 125000 | H22: 120000 | I22: 120000 | J22: - | K22: =AVERAGE(D22:J22) -> 122500
B23: - Daging Sapi Grade Sedang | C23: Kg | D23: 110000 | E23: 110000 | F23: 120000 | G23: 120000 | H23: 114000 | I23: 115000 | J23: 115000 | K23: =AVERAGE(D23:J23) -> 114857.14
B24: - Daging Sapi Grade Bawah | C24: Kg | D24: 100000 | E24: 95000 | F24: 110000 | G24: 115000 | H24: 100000 | I24: 110000 | J24: 105000 | K24: =AVERAGE(D24:J24) -> 105000
B25: - Daging Ayam Broiler | C25: Kg | D25: 36000 | E25: 33000 | F25: 35000 | G25: 37000 | H25: 36000 | I25: 35000 | J25: 40000 | K25: =AVERAGE(D25:J25) -> 36000
A26: 6 | B26: I K A N
B27: - Ikan Tongkol Segar (Uk. Sedang) | C27: Kg | D27: 45000 | E27: 38000 | F27: 12000 | G27: 45000 | H27: 30000 | I27: 40000 | J27: 40000 | K27: =AVERAGE(D27:J27) -> 35714.286
B28: - Ikan Mujair Segar (Uk. Sedang) | C28: Kg | D28: 35000 | E28: 30000 | F28: 35000 | G28: 35000 | H28: 23000 | I28: 32000 | J28: 30000 | K28: =AVERAGE(D28:J28) -> 31428.571
B29: - Udang Segar (Uk. Sedang) | C29: Kg | D29: 80000 | E29: 60000 | F29: 70000 | G29: 75000 | H29: 58000 | I29: 67000 | J29: 60000 | K29: =AVERAGE(D29:J29) -> 67142.857
B30: - Ikan Lele Segar (Ukuran Sedang) | C30: Kg | D30: 25000 | E30: - | F30: - | G30: 25000 | H30: 23000 | I30: 24000 | J30: 26000 | K30: =AVERAGE(D30:J30) -> 24600
B31: - Ikan Bandeng Segar (Uk. Sedang) | C31: Kg | D31: 45000 | E31: 36000 | F31: 40000 | G31: 45000 | H31: 28000 | I31: 40000 | J31: 35000 | K31: =AVERAGE(D31:J31) -> 38428.571
B32: - Ikan Teri Asin (Bukan Teri Medan) | C32: Kg | D32: - | E32: 100000 | F32: 130000 | G32: - | H32: 80000 | I32: - | J32: - | K32: =AVERAGE(D32:J32) -> 103333.33
A33: 7 | B33: TELUR
B34: - Telur Ayam Broiler | C34: Kg | D34: 27000 | E34: 27000 | F34: 28000 | G34: 27000 | H34: 27000 | I34: 27000 | J34: 27000 | K34: =AVERAGE(D34:J34) -> 27142.857
B35: - Telur Ayam Kampung | C35: Butir | D35: 3000 | E35: 2200 | F35: 2500 | G35: 2000 | H35: 2000 | I35: 2500 | J35: 3000 | K35: =AVERAGE(D35:J35) -> 2457.1429
A36: 8 | B36: TAHU
B37: - Tahu biasa | C37: Kg | D37: 10000 | E37: 10000 | F37: 12000 | G37: 9000 | H37: 16000 | I37: 12000 | J37: 9000 | K37: =AVERAGE(D37:J37) -> 11142.857
B38: - Tahu susu | C38: Kg | D38: - | E38: 7000 | F38: 13000 | G38: 17000 | H38: - | I38: 13000 | J38: 12000 | K38: =AVERAGE(D38:J38) -> 12400
A39: 9 | B39: TEMPE
B40: - Tempe Kw I (campuran kedelai) | C40: Kg | D40: - | E40: 18000 | F40: - | G40: 16000 | H40: 14000 | I40: 15000 | J40: 15000 | K40: =AVERAGE(D40:J40) -> 15600
B41: - Tempe Kw II (campuran jagung) | C41: Kg | D41: 2500 | E41: 12000 | F41: 6000 | G41: - | H41: - | I41: - | J41: - | K41: =AVERAGE(D41:J41) -> 6833.3333
B42: - Tempe Kw III (campuran kulit) | C42: Kg | D42: - | E42: 2000 | F42: - | G42: - | H42: - | I42: - | J42: - | K42: =AVERAGE(D42:J42) -> 2000
A43: 10 | B43: S U S U
B44: - Susu Kental Manis "INDOMILK" Putih | C44: 390 Gr/kaleng | D44: 12500 | E44: 12000 | F44: 12500 | G44: 12000 | H44: - | I44: 12500 | J44: 12500 | K44: =AVERAGE(D44:J44) -> 12333.333
B45: - Susu Kental Manis "BENDERA" Putih | C45: 390 Gr/kaleng | D45: 12500 | E45: 13000 | F45: 12500 | G45: 12000 | H45: - | I45: 12500 | J45: 12500 | K45: =AVERAGE(D45:J45) -> 12500
A46: 11 | B46: SABUN CUCI
B47: - Sabun Detergen Rinso (Anti Noda) | C47: 900 Gram | D47: - | E47: - | F47: - | G47: - | H47: 17500 | I47: - | J47: - | K47: =AVERAGE(D47:J47) -> 17500
B48: - Sabun Colek "Wing's Biru" | C48: 350 Gram | D48: - | E48: - | F48: - | G48: - | H48: 2000 | I48: - | J48: - | K48: =AVERAGE(D48:J48) -> 2000
A49: 12 | B49: JAGUNG
B50: - Jagung Pipilan Kering (Jenis Kecil) | C50: Kg | D50: 10000 | E50: 8000 | F50: 9000 | G50: 10000 | H50: 9000 | I50: 10000 | J50: 8000 | K50: =AVERAGE(D50:J50) -> 9142.8571
B51: - Jagung Pipilan Kering (Jenis Besar) | C51: Kg | D51: 9000 | E51: 10000 | F51: 10000 | G51: 9000 | H51: 6000 | I51: - | J51: 6000 | K51: =AVERAGE(D51:J51) -> 8333.3333
A52: 13 | B52: GARAM BERYODIUM
B53: - Garam Halus (Cap Kapal) | C53: 250 Gr/Bngks | D53: 3000 | E53: 8000 | F53: 5000 | G53: 5000 | H53: 2500 | I53: 2000 | J53: 2500 | K53: =AVERAGE(D53:J53) -> 4000
A54: 14 | B54: TEPUNG TERIGU
B55: - Tepung Terigu "Segitiga Biru" Curah | C55: Kg | D55: 12000 | E55: 10500 | F55: 12500 | G55: 11000 | H55: 11000 | I55: 12000 | J55: 10000 | K55: =AVERAGE(D55:J55) -> 11285.714
A56: 15 | B56: KACANG-KACANGAN
B57: - Kacang Kedelai (Kualitas Import) | C57: Kg | D57: 13000 | E57: 16000 | F57: 16000 | G57: 20000 | H57: 13000 | I57: 16000 | J57: - | K57: =AVERAGE(D57:J57) -> 15666.667
B58: - Kacang Kedelai (Kualitas Lokal) | C58: Kg | D58: - | E58: 14000 | F58: 15000 | G58: - | H58: - | I58: - | J58: 13500 | K58: =AVERAGE(D58:J58) -> 14166.667
B59: - Kacang Hijau | C59: Kg | D59: 25000 | E59: 23000 | F59: 25000 | G59: 30000 | H59: 22000 | I59: 26000 | J59: 26000 | K59: =AVERAGE(D59:J59) -> 25285.714
B60: - Kacang Tanah (Jenis Besar) | C60: Kg | D60: 30000 | E60: 30000 | F60: 30000 | G60: 30000 | H60: 26000 | I60: 30000 | J60: 28000 | K60: =AVERAGE(D60:J60) -> 29142.857
A61: 16 | B61: MIE INSTAN
B62: - Indomie Goreng | C62: 86 Gr/Bngks | D62: 3000 | E62: 3200 | F62: 3000 | G62: 3000 | H62: - | I62: 3500 | J62: 3500 | K62: =AVERAGE(D62:J62) -> 3200
A63: 17 | B63: C A B E
B64: - Cabe Merah Besar | C64: Kg | D64: 24000 | E64: 25000 | F64: 35000 | G64: 40000 | H64: 18000 | I64: 35000 | J64: 25000 | K64: =AVERAGE(D64:J64) -> 28857.143
B65: - Cabe Merah Kriting | C65: Kg | D65: 30000 | E65: 25000 | F65: 50000 | G65: 40000 | H65: - | I65: - | J65: - | K65: =AVERAGE(D65:J65) -> 36250
B66: - Cabe Merah Kecil-Rawit | C66: Kg | D66: 25000 | E66: 30000 | F66: 24000 | G66: 30000 | H66: 20000 | I66: 30000 | J66: 25000 | K66: =AVERAGE(D66:J66) -> 26285.714
A67: 18 | B67: BAHAN BAKAR GAS LPG
B68: - Gas LPG Tabung (3 Kg.) | C68: Per Tabung | D68: 19000 | E68: 18000 | F68: 18000 | G68: 18000 | H68: - | I68: 18000 | J68: 18000 | K68: =AVERAGE(D68:J68) -> 18166.667
A69: 19 | B69: BAWANG
B70: - Bawang Putih (Jenis Kating) | C70: Kg | D70: 32000 | E70: 35000 | F70: 35000 | G70: 40000 | H70: 32000 | I70: 35000 | J70: 35000 | K70: =AVERAGE(D70:J70) -> 34857.143
B71: - Bawang Putih (Jenis Sinco) | C71: Kg | D71: 30000 | E71: 30000 | F71: 32000 | G71: 35000 | H71: 29000 | I71: 30000 | J71: 28000 | K71: =AVERAGE(D71:J71) -> 30571.429
B72: - Bawang Merah (Kualitas Lokal) | C72: Kg | D72: 38000 | E72: 45000 | F72: 45000 | G72: 50000 | H72: 38000 | I72: 40000 | J72: 40000 | K72: =AVERAGE(D72:J72) -> 42285.714
B73: - Bawang Bombay | C73: Kg | D73: 35000 | E73: 40000 | F73: 45000 | G73: 50000 | H73: 40000 | I73: 45000 | J73: 22000 | K73: =AVERAGE(D73:J73) -> 39571.429
A74: 20 | B74: UBI-UBIAN
B75: - Ketela Pohon | C75: Kg | D75: 6000 | E75: 7000 | F75: 5000 | G75: 6000 | H75: 4000 | I75: 7000 | J75: 5000 | K75: =AVERAGE(D75:J75) -> 5714.2857
B76: - Ubi Jalar | C76: Kg | D76: 6000 | E76: - | F76: 6000 | G76: 6000 | H76: 5000 | I76: 7000 | J76: 6000 | K76: =AVERAGE(D76:J76) -> 6000
A77: 21 | B77: SAYUR-SAYURAN
B78: - Kubis | C78: Kg | D78: 7000 | E78: 10000 | F78: 10000 | G78: 10000 | H78: 9000 | I78: 10000 | J78: 8000 | K78: =AVERAGE(D78:J78) -> 9142.8571
B79: - Buncis | C79: Kg | D79: 10000 | E79: 20000 | F79: 12000 | G79: 15000 | H79: 10000 | I79: 15000 | J79: 15000 | K79: =AVERAGE(D79:J79) -> 13857.143
B80: - Kentang | C80: Kg | D80: 15000 | E80: 15000 | F80: 16000 | G80: 15000 | H80: 15000 | I80: 16000 | J80: 15000 | K80: =AVERAGE(D80:J80) -> 15285.714
B81: - Tomat | C81: Kg | D81: 11000 | E81: 20000 | F81: 14000 | G81: 20000 | H81: 8000 | I81: 18000 | J81: 15000 | K81: =AVERAGE(D81:J81) -> 15142.857
B82: - Wortel (Kualitas Lokal) | C82: Kg | D82: 9000 | E82: 14000 | F82: 10000 | G82: 15000 | H82: 10000 | I82: 13000 | J82: 10000 | K82: =AVERAGE(D82:J82) -> 11571.429
B83: - Terong Ungu (Jenis Sayur) | C83: Kg | D83: 7000 | E83: 10000 | F83: 10000 | G83: - | H83: 9000 | I83: 12000 | J83: 8000 | K83: =AVERAGE(D83:J83) -> 9333.3333
B84: - Bayam (Jenis Sayur) | C84: Ikat Kecil | D84: 2000 | E84: - | F84: 2000 | G84: 2000 | H84: 1500 | I84: 2000 | J84: 2000 | K84: =AVERAGE(D84:J84) -> 1916.6667
B85: - Kangkung (Jenis Panjang) | C85: Ikat Kecil | D85: 2000 | E85: - | F85: 1500 | G85: 2000 | H85: 1500 | I85: 1500 | J85: 1500 | K85: =AVERAGE(D85:J85) -> 1666.6667
B86: - Sawi (Jenis Hijau) | C86: Ikat Kecil | D86: - | E86: - | F86: 2000 | G86: 2000 | H86: 2000 | I86: 2000 | J86: 2000 | K86: =AVERAGE(D86:J86) -> 2000
A87: 22 | B87: AIR MINERAL
B88: - Air Mineral (Aqua Galon) | C88: 19 Ltr/Galon | D88: 18000 | E88: - | F88: 17000 | G88: 17000 | H88: - | I88: 20000 | J88: 18000 | K88: =AVERAGE(D88:J88) -> 18000

Sheet 2
A1: HARGA BAHAN-BAHAN POKOK
A2: DI PASAR TRADISIONAL KOTA SURABAYA
A3: HARI / TANGGAL : Selasa / 02 Mei 2023
B4: NAMA BAHAN POKOK DAN PENTING LAINNYA | C4: SATUAN | D4: Pasar Tambahrejo | E4: Pasar Pucang Anom | F4: Pasar Wonokromo | G4: Pasar Genteng Baru | H4: Pasar Pabean | I4: Pasar Kembang | J4: Pasar Balongsari | K4: Rata-Rata
A7: 1 | B7: BERAS
B8: - Beras Premium | C8: Kg | D8: 13000 | E8: 13500 | F8: 15000 | G8: 13500 | H8: 12000 | I8: 14000 | J8: 13500 | K8: =AVERAGE(D8:J8) -> 13500
B9: - Beras Medium Bulog | C9: Kg | D9: - | E9: - | F9: 13000 | G9: - | H9: 9000 | I9: - | J9: 9000 | K9: =AVERAGE(D9:J9) -> 10333.333
B10: - Beras Medium | C10: Kg | D10: 11000 | E10: 11500 | F10: - | G10: 11500 | H10: - | I10: 11500 | J10: - | K10: =AVERAGE(D10:J10) -> 11375
B11: - Beras Jagung | C11: Kg | D11: - | E11: 10000 | F11: 12000 | G11: 12000 | H11: - | I11: 11000 | J11: 8000 | K11: =AVERAGE(D11:J11) -> 10600
B12: - Beras Ketan (Jenis Siyem) | C12: Kg | D12: - | E12: 22000 | F12: 24000 | G12: 20000 | H12: - | I12: 22000 | J12: 17000 | K12: =AVERAGE(D12:J12) -> 21000
A13: 2 | B13: GULA
B14: - Gula pasir lokal curah | C14: Kg | D14: 13000 | E14: 13500 | F14: 13500 | G14: 13000 | H14: 13000 | I14: 13000 | J14: 13500 | K14: =AVERAGE(D14:J14) -> 13214.286
B15: - Gula Jawa/Merah (Bahan Kelapa) | C15: Kg | D15: 15000 | E15: 16000 | F15: 15000 | G15: 16000 | H15: 15000 | I15: 16000 | J15: 16000 | K15: =AVERAGE(D15:J15) -> 15571.429
A16: 3 | B16: MINYAK GORENG
B17: - Minyak Goreng Curah (Bening) | C17: Kg | D17: 14500 | E17: 16000 | F17: 17000 | G17: 16000 | H17: 14000 | I17: 16000 | J17: 15000 | K17: =AVERAGE(D17:J17) -> 15500
B18: - Minyak Kita | C18: Liter | D18: 14000 | E18: 14000 | F18: 14000 | G18: 14000 | H18: - | I18: 14000 | J18: 14000 | K18: =AVERAGE(D18:J18) -> 14000
A19: 4 | B19: MENTEGA
B20: - Mentega Curah (Amanda) | C20: Kg | D20: 20000 | E20: - | F20: 19000 | G20: 22000 | H20: - | I20: 24000 | J20: - | K20: =AVERAGE(D20:J20) -> 21250
A21: 5 | B21: DAGING
B22: - Daging Sapi Grade Atas | C22: Kg | D22: 120000 | E22: 120000 | F22: 120000 | G22: 125000 | H22: 120000 | I22: 120000 | J22: - | K22: =AVERAGE(D22:J22) -> 120833.33
B23: - Daging Sapi Grade Sedang | C23: Kg | D23: 110000 | E23: 110000 | F23: 110000 | G23: 115000 | H23: 114000 | I23: 115000 | J23: 115000 | K23: =AVERAGE(D23:J23) -> 112714.29
B24: - Daging Sapi Grade Bawah | C24: Kg | D24: 100000 | E24: 95000 | F24: 105000 | G24: 105000 | H24: 100000 | I24: 110000 | J24: 105000 | K24: =AVERAGE(D24:J24) -> 102857.14
B25: - Daging Ayam Broiler | C25: Kg | D25: 33000 | E25: 33000 | F25: 32000 | G25: 33000 | H25: 38000 | I25: 34000 | J25: 35000 | K25: =AVERAGE(D25:J25) -> 34000
A26: 6 | B26: I K A N
B27: - Ikan Tongkol Segar (Uk. Sedang) | C27: Kg | D27: 45000 | E27: 38000 | F27: 12000 | G27: 45000 | H27: 30000 | I27: 40000 | J27: 40000 | K27: =AVERAGE(D27:J27) -> 35714.286
B28: - Ikan Mujair Segar (Uk. Sedang) | C28: Kg | D28: 35000 | E28: 30000 | F28: 35000 | G28: 35000 | H28: 23000 | I28: 30000 | J28: 30000 | K28: =AVERAGE(D28:J28) -> 31142.857
B29: - Udang Segar (Uk. Sedang) | C29: Kg | D29: 80000 | E29: 60000 | F29: 60000 | G29: 75000 | H29: 58000 | I29: 70000 | J29: 60000 | K29: =AVERAGE(D29:J29) -> 66142.857
B30: - Ikan Lele Segar (Ukuran Sedang) | C30: Kg | D30: 25000 | E30: - | F30: - | G30: 25000 | H30: 23000 | I30: 24000 | J30: 26000 | K30: =AVERAGE(D30:J30) -> 24600
B31: - Ikan Bandeng Segar (Uk. Sedang) | C31: Kg | D31: 45000 | E31: 36000 | F31: 40000 | G31: 45000 | H31: 28000 | I31: 40000 | J31: 35000 | K31: =AVERAGE(D31:J31) -> 38428.571
B32: - Ikan Teri Asin (Bukan Teri Medan) | C32: Kg | D32: - | E32: 100000 | F32: 110000 | G32: - | H32: 80000 | I32: - | J32: - | K32: =AVERAGE(D32:J32) -> 96666.667
A33: 7 | B33: TELUR
B34: - Telur Ayam Broiler | C34: Kg | D34: 27000 | E34: 27000 | F34: 26000 | G34: 27000 | H34: 26000 | I34: 27000 | J34: 27000 | K34: =AVERAGE(D34:J34) -> 26714.286
B35: - Telur Ayam Kampung | C35: Butir | D35: 3000 | E35: 2200 | F35: 2000 | G35: 2000 | H35: 2000 | I35: 2500 | J35: 3000 | K35: =AVERAGE(D35:J35) -> 2385.7143
A36: 8 | B36: TAHU
B37: - Tahu biasa | C37: Kg | D37: 10000 | E37: 10000 | F37: 12000 | G37: 9000 | H37: 16000 | I37: 12000 | J37: 9000 | K37: =AVERAGE(D37:J37) -> 11142.857
B38: - Tahu susu | C38: Kg | D38: - | E38: 7000 | F38: 12000 | G38: 17000 | H38: - | I38: 15000 | J38: 12000 | K38: =AVERAGE(D38:J38) -> 12600
A39: 9 | B39: TEMPE
B40: - Tempe Kw I (campuran kedelai) | C40: Kg | D40: - | E40: 18000 | F40: - | G40: 16000 | H40: 14000 | I40: 15000 | J40: 15000 | K40: =AVERAGE(D40:J40) -> 15600
B41: - Tempe Kw II (campuran jagung) | C41: Kg | D41: 2500 | E41: 12000 | F41: 6000 | G41: - | H41: - | I41: - | J41: - | K41: =AVERAGE(D41:J41) -> 6833.3333
B42: - Tempe Kw III (campuran kulit) | C42: Kg | D42: - | E42: 2000 | F42: - | G42: - | H42: - | I42: - | J42: - | K42: =AVERAGE(D42:J42) -> 2000
A43: 10 | B43: S U S U
B44: - Susu Kental Manis "INDOMILK" Putih | C44: 390 Gr/kaleng | D44: 12500 | E44: 12000 | F44: 12500 | G44: 12000 | H44: - | I44: 12500 | J44: 12500 | K44: =AVERAGE(D44:J44) -> 12333.333
B45: - Susu Kental Manis "BENDERA" Putih | C45: 390 Gr/kaleng | D45: 12500 | E45: 13000 | F45: 12500 | G45: 12000 | H45: - | I45: 12500 | J45: 12500 | K45: =AVERAGE(D45:J45) -> 12500
A46: 11 | B46: SABUN CUCI
B47: - Sabun Detergen Rinso (Anti Noda) | C47: 900 Gram | D47: - | E47: - | F47: - | G47: - | H47: 17500 | I47: - | J47: - | K47: =AVERAGE(D47:J47) -> 17500
B48: - Sabun Colek "Wing's Biru" | C48: 350 Gram | D48: - | E48: - | F48: - | G48: - | H48: 2000 | I48: - | J48: - | K48: =AVERAGE(D48:J48) -> 2000
A49: 12 | B49: JAGUNG
B50: - Jagung Pipilan Kering (Jenis Kecil) | C50: Kg | D50: 10000 | E50: 8000 | F50: 9000 | G50: 10000 | H50: 9000 | I50: 10000 | J50: 8000 | K50: =AVERAGE(D50:J50) -> 9142.8571
B51: - Jagung Pipilan Kering (Jenis Besar) | C51: Kg | D51: 9000 | E51: 10000 | F51: 10000 | G51: 9000 | H51: 6000 | I51: - | J51: 6000 | K51: =AVERAGE(D51:J51) -> 8333.3333
A52: 13 | B52: GARAM BERYODIUM
B53: - Garam Halus (Cap Kapal) | C53: 250 Gr/Bngks | D53: 3000 | E53: 8000 | F53: 5000 | G53: 5000 | H53: 2500 | I53: 2000 | J53: 2500 | K53: =AVERAGE(D53:J53) -> 4000
A54: 14 | B54: TEPUNG TERIGU
B55: - Tepung Terigu "Segitiga Biru" Curah | C55: Kg | D55: 12000 | E55: 10500 | F55: 13000 | G55: 11000 | H55: 11000 | I55: 12000 | J55: 10000 | K55: =AVERAGE(D55:J55) -> 11357.143
A56: 15 | B56: KACANG-KACANGAN
B57: - Kacang Kedelai (Kualitas Import) | C57: Kg | D57: 13000 | E57: 16000 | F57: 16000 | G57: 20000 | H57: 13000 | I57: 16000 | J57: - | K57: =AVERAGE(D57:J57) -> 15666.667
B58: - Kacang Kedelai (Kualitas Lokal) | C58: Kg | D58: - | E58: 14000 | F58: 15000 | G58: - | H58: - | I58: - | J58: 13500 | K58: =AVERAGE(D58:J58) -> 14166.667
B59: - Kacang Hijau | C59: Kg | D59: 25000 | E59: 23000 | F59: 26000 | G59: 30000 | H59: 22000 | I59: 26000 | J59: 26000 | K59: =AVERAGE(D59:J59) -> 25428.571
B60: - Kacang Tanah (Jenis Besar) | C60: Kg | D60: 30000 | E60: 30000 | F60: 30000 | G60: 30000 | H60: 26000 | I60: 29000 | J60: 28000 | K60: =AVERAGE(D60:J60) -> 29000
A61: 16 | B61: MIE INSTAN
B62: - Indomie Goreng | C62: 86 Gr/Bngks | D62: 3000 | E62: 3200 | F62: 3000 | G62: 3000 | H62: - | I62: 3500 | J62: 3500 | K62: =AVERAGE(D62:J62) -> 3200
A63: 17 | B63: C A B E
B64: - Cabe Merah Besar | C64: Kg | D64: 24000 | E64: 25000 | F64: 30000 | G64: 40000 | H64: 25000 | I64: 40000 | J64: 25000 | K64: =AVERAGE(D64:J64) -> 29857.143
B65: - Cabe Merah Kriting | C65: Kg | D65: 30000 | E65: 25000 | F65: 28000 | G65: 40000 | H65: - | I65: - | J65: - | K65: =AVERAGE(D65:J65) -> 30750
B66: - Cabe Merah Kecil-Rawit | C66: Kg | D66: 25000 | E66: 30000 | F66: 25000 | G66: 30000 | H66: 25000 | I66: 35000 | J66: 25000 | K66: =AVERAGE(D66:J66) -> 27857.143
A67: 18 | B67: BAHAN BAKAR GAS LPG
B68: - Gas LPG Tabung (3 Kg.) | C68: Per Tabung | D68: 19000 | E68: 18000 | F68: 18000 | G68: 18000 | H68: - | I68: 18000 | J68: 18000 | K68: =AVERAGE(D68:J68) -> 18166.667
A69: 19 | B69: BAWANG
B70: - Bawang Putih (Jenis Kating) | C70: Kg | D70: 32000 | E70: 35000 | F70: 36000 | G70: 40000 | H70: 32000 | I70: 35000 | J70: 35000 | K70: =AVERAGE(D70:J70) -> 35000
B71: - Bawang Putih (Jenis Sinco) | C71: Kg | D71: 30000 | E71: 30000 | F71: 30000 | G71: 35000 | H71: 28000 | I71: 30000 | J71: 28000 | K71: =AVERAGE(D71:J71) -> 30142.857
B72: - Bawang Merah (Kualitas Lokal) | C72: Kg | D72: 38000 | E72: 35000 | F72: 42000 | G72: 50000 | H72: 40000 | I72: 45000 | J72: 40000 | K72: =AVERAGE(D72:J72) -> 41428.571
B73: - Bawang Bombay | C73: Kg | D73: 35000 | E73: 40000 | F73: 50000 | G73: 45000 | H73: 40000 | I73: 50000 | J73: 22000 | K73: =AVERAGE(D73:J73) -> 40285.714
A74: 20 | B74: UBI-UBIAN
B75: - Ketela Pohon | C75: Kg | D75: 6000 | E75: 7000 | F75: 5000 | G75: 6000 | H75: 4000 | I75: 7000 | J75: 5000 | K75: =AVERAGE(D75:J75) -> 5714.2857
B76: - Ubi Jalar | C76: Kg | D76: 6000 | E76: - | F76: 6000 | G76: 6000 | H76: 5000 | I76: 7000 | J76: 6000 | K76: =AVERAGE(D76:J76) -> 6000
A77: 21 | B77: SAYUR-SAYURAN
B78: - Kubis | C78: Kg | D78: 7000 | E78: 10000 | F78: 8000 | G78: 10000 | H78: 9000 | I78: 10000 | J78: 8000 | K78: =AVERAGE(D78:J78) -> 8857.1429
B79: - Buncis | C79: Kg | D79: 10000 | E79: 20000 | F79: 15000 | G79: 15000 | H79: 10000 | I79: 14000 | J79: 15000 | K79: =AVERAGE(D79:J79) -> 14142.857
B80: - Kentang | C80: Kg | D80: 15000 | E80: 15000 | F80: 16000 | G80: 17000 | H80: 15000 | I80: 16000 | J80: 15000 | K80: =AVERAGE(D80:J80) -> 15571.429
B81: - Tomat | C81: Kg | D81: 11000 | E81: 20000 | F81: 16000 | G81: 20000 | H81: 10000 | I81: 18000 | J81: 15000 | K81: =AVERAGE(D81:J81) -> 15714.286
B82: - Wortel (Kualitas Lokal) | C82: Kg | D82: 9000 | E82: 14000 | F82: 12000 | G82: 15000 | H82: 10000 | I82: 12000 | J82: 10000 | K82: =AVERAGE(D82:J82) -> 11714.286
B83: - Terong Ungu (Jenis Sayur) | C83: Kg | D83: 7000 | E83: 10000 | F83: 9000 | G83: - | H83: 9000 | I83: 10000 | J83: 8000 | K83: =AVERAGE(D83:J83) -> 8833.3333
B84: - Bayam (Jenis Sayur) | C84: Ikat Kecil | D84: 2000 | E84: - | F84: 2000 | G84: 2000 | H84: 1500 | I84: 2000 | J84: 2000 | K84: =AVERAGE(D84:J84) -> 1916.6667
B85: - Kangkung (Jenis Panjang) | C85: Ikat Kecil | D85: 2000 | E85: - | F85: 1500 | G85: 2000 | H85: 1500 | I85: 1500 | J85: 1500 | K85: =AVERAGE(D85:J85) -> 1666.6667
B86: - Sawi (Jenis Hijau) | C86: Ikat Kecil | D86: - | E86: - | F86: 2000 | G86: 2000 | H86: 2000 | I86: 2000 | J86: 2000 | K86: =AVERAGE(D86:J86) -> 2000
A87: 22 | B87: AIR MINERAL
B88: - Air Mineral (Aqua Galon) | C88: 19 Ltr/Galon | D88: 18000 | E88: - | F88: 17000 | G88: 17000 | H88: - | I88: 20000 | J88: 18000 | K88: =AVERAGE(D88:J88) -> 18000

Sheet 3
A1: HARGA BAHAN-BAHAN POKOK
A2: DI PASAR TRADISIONAL KOTA SURABAYA
A3: HARI / TANGGAL : Rabu / 03 Mei 2023
B4: NAMA BAHAN POKOK DAN PENTING LAINNYA | C4: SATUAN | D4: Pasar Tambahrejo | E4: Pasar Pucang Anom | F4: Pasar Wonokromo | G4: Pasar Genteng Baru | H4: Pasar Pabean | I4: Pasar Kembang | J4: Pasar Balongsari | K4: Rata-Rata
A7: 1 | B7: BERAS
B8: - Beras Premium | C8: Kg | D8: 13000 | E8: 13500 | F8: 16000 | G8: 13500 | H8: 12000 | I8: 14000 | J8: 13500 | K8: =AVERAGE(D8:J8) -> 13642.857
B9: - Beras Medium Bulog | C9: Kg | D9: - | E9: - | F9: 12000 | G9: - | H9: 9000 | I9: - | J9: 9000 | K9: =AVERAGE(D9:J9) -> 10000
B10: - Beras Medium | C10: Kg | D10: 11000 | E10: 11500 | F10: - | G10: 11500 | H10: - | I10: 11500 | J10: - | K10: =AVERAGE(D10:J10) -> 11375
B11: - Beras Jagung | C11: Kg | D11: - | E11: 10000 | F11: 12000 | G11: 12000 | H11: - | I11: 11000 | J11: 8000 | K11: =AVERAGE(D11:J11) -> 10600
B12: - Beras Ketan (Jenis Siyem) | C12: Kg | D12: - | E12: 22000 | F12: 20000 | G12: 20000 | H12: - | I12: 22000 | J12: 17000 | K12: =AVERAGE(D12:J12) -> 20200
A13: 2 | B13: GULA
B14: - Gula pasir lokal curah | C14: Kg | D14: 13000 | E14: 13500 | F14: 13000 | G14: 13000 | H14: 13000 | I14: 13000 | J14: 13500 | K14: =AVERAGE(D14:J14) -> 13142.857
B15: - Gula Jawa/Merah (Bahan Kelapa) | C15: Kg | D15: 15000 | E15: 16000 | F15: 17000 | G15: 16000 | H15: 15000 | I15: 16000 | J15: 16000 | K15: =AVERAGE(D15:J15) -> 15857.143
A16: 3 | B16: MINYAK GORENG
B17: - Minyak Goreng Curah (Bening) | C17: Kg | D17: 14500 | E17: 16000 | F17: 16000 | G17: 16000 | H17: 14000 | I17: 16000 | J17: 15000 | K17: =AVERAGE(D17:J17) -> 15357.143
B18: - Minyak Kita | C18: Liter | D18: 14000 | E18: 14000 | F18: 14000 | G18: 14000 | H18: - | I18: 14000 | J18: 14000 | K18: =AVERAGE(D18:J18) -> 14000
A19: 4 | B19: MENTEGA
B20: - Mentega Curah (Amanda) | C20: Kg | D20: 20000 | E20: - | F20: 24000 | G20: 22000 | H20: - | I20: 24000 | J20: - | K20: =AVERAGE(D20:J20) -> 22500
A21: 5 | B21: DAGING
B22: - Daging Sapi Grade Atas | C22: Kg | D22: 120000 | E22: 120000 | F22: 130000 | G22: 125000 | H22: 120000 | I22: 120000 | J22: - | K22: =AVERAGE(D22:J22) -> 122500
B23: - Daging Sapi Grade Sedang | C23: Kg | D23: 110000 | E23: 110000 | F23: 120000 | G23: 115000 | H23: 114000 | I23: 115000 | J23: 115000 | K23: =AVERAGE(D23:J23) -> 114142.86
B24: - Daging Sapi Grade Bawah | C24: Kg | D24: 100000 | E24: 95000 | F24: 110000 | G24: 105000 | H24: 100000 | I24: 110000 | J24: 105000 | K24: =AVERAGE(D24:J24) -> 103571.43
B25: - Daging Ayam Broiler | C25: Kg | D25: 33000 | E25: 33000 | F25: 34000 | G25: 32000 | H25: 35000 | I25: 33000 | J25: 35000 | K25: =AVERAGE(D25:J25) -> 33571.429
A26: 6 | B26: I K A N
B27: - Ikan Tongkol Segar (Uk. Sedang) | C27: Kg | D27: 45000 | E27: 38000 | F27: 12000 | G27: 45000 | H27: 30000 | I27: 40000 | J27: 40000 | K27: =AVERAGE(D27:J27) -> 35714.286
B28: - Ikan Mujair Segar (Uk. Sedang) | C28: Kg | D28: 35000 | E28: 30000 | F28: 35000 | G28: 35000 | H28: 23000 | I28: 30000 | J28: 30000 | K28: =AVERAGE(D28:J28) -> 31142.857
B29: - Udang Segar (Uk. Sedang) | C29: Kg | D29: 80000 | E29: 60000 | F29: 70000 | G29: 75000 | H29: 58000 | I29: 70000 | J29: 60000 | K29: =AVERAGE(D29:J29) -> 67571.429
B30: - Ikan Lele Segar (Ukuran Sedang) | C30: Kg | D30: 25000 | E30: - | F30: - | G30: 25000 | H30: 23000 | I30: 24000 | J30: 26000 | K30: =AVERAGE(D30:J30) -> 24600
B31: - Ikan Bandeng Segar (Uk. Sedang) | C31: Kg | D31: 45000 | E31: 36000 | F31: 40000 | G31: 45000 | H31: 28000 | I31: 40000 | J31: 35000 | K31: =AVERAGE(D31:J31) -> 38428.571
B32: - Ikan Teri Asin (Bukan Teri Medan) | C32: Kg | D32: - | E32: 100000 | F32: 130000 | G32: - | H32: 80000 | I32: - | J32: - | K32: =AVERAGE(D32:J32) -> 103333.33
A33: 7 | B33: TELUR
B34: - Telur Ayam Broiler | C34: Kg | D34: 27000 | E34: 27000 | F34: 28000 | G34: 27000 | H34: 26000 | I34: 27000 | J34: 27000 | K34: =AVERAGE(D34:J34) -> 27000
B35: - Telur Ayam Kampung | C35: Butir | D35: 3000 | E35: 2200 | F35: 2500 | G35: 2000 | H35: 2000 | I35: 2500 | J35: 3000 | K35: =AVERAGE(D35:J35) -> 2457.1429
A36: 8 | B36: TAHU
B37: - Tahu biasa | C37: Kg | D37: 10000 | E37: 10000 | F37: 12000 | G37: 9000 | H37: 16000 | I37: 12000 | J37: 9000 | K37: =AVERAGE(D37:J37) -> 11142.857
B38: - Tahu susu | C38: Kg | D38: - | E38: 7000 | F38: 13000 | G38: 17000 | H38: - | I38: 15000 | J38: 12000 | K38: =AVERAGE(D38:J38) -> 12800
A39: 9 | B39: TEMPE
B40: - Tempe Kw I (campuran kedelai) | C40: Kg | D40: - | E40: 18000 | F40: - | G40: 16000 | H40: 14000 | I40: 15000 | J40: 15000 | K40: =AVERAGE(D40:J40) -> 15600
B41: - Tempe Kw II (campuran jagung) | C41: Kg | D41: 2500 | E41: 12000 | F41: 6000 | G41: - | H41: - | I41: - | J41: - | K41: =AVERAGE(D41:J41) -> 6833.3333
B42: - Tempe Kw III (campuran kulit) | C42: Kg | D42: - | E42: 2000 | F42: - | G42: - | H42: - | I42: - | J42: - | K42: =AVERAGE(D42:J42) -> 2000
A43: 10 | B43: S U S U
B44: - Susu Kental Manis "INDOMILK" Putih | C44: 390 Gr/kaleng | D44: 12500 | E44: 12000 | F44: 12500 | G44: 12000 | H44: - | I44: 12500 | J44: 12500 | K44: =AVERAGE(D44:J44) -> 12333.333
B45: - Susu Kental Manis "BENDERA" Putih | C45: 390 Gr/kaleng | D45: 12500 | E45: 13000 | F45: 12500 | G45: 12000 | H45: - | I45: 12500 | J45: 12500 | K45: =AVERAGE(D45:J45) -> 12500
A46: 11 | B46: SABUN CUCI
B47: - Sabun Detergen Rinso (Anti Noda) | C47: 900 Gram | D47: - | E47: - | F47: - | G47: - | H47: 17500 | I47: - | J47: - | K47: =AVERAGE(D47:J47) -> 17500
B48: - Sabun Colek "Wing's Biru" | C48: 350 Gram | D48: - | E48: - | F48: - | G48: - | H48: 2000 | I48: - | J48: - | K48: =AVERAGE(D48:J48) -> 2000
A49: 12 | B49: JAGUNG
B50: - Jagung Pipilan Kering (Jenis Kecil) | C50: Kg | D50: 10000 | E50: 8000 | F50: 9000 | G50: 10000 | H50: 9000 | I50: 10000 | J50: 8000 | K50: =AVERAGE(D50:J50) -> 9142.8571
B51: - Jagung Pipilan Kering (Jenis Besar) | C51: Kg | D51: 9000 | E51: 10000 | F51: 10000 | G51: 9000 | H51: 6000 | I51: - | J51: 6000 | K51: =AVERAGE(D51:J51) -> 8333.3333
A52: 13 | B52: GARAM BERYODIUM
B53: - Garam Halus (Cap Kapal) | C53: 250 Gr/Bngks | D53: 3000 | E53: 8000 | F53: 5000 | G53: 5000 | H53: 2500 | I53: 2000 | J53: 2500 | K53: =AVERAGE(D53:J53) -> 4000
A54: 14 | B54: TEPUNG TERIGU
B55: - Tepung Terigu "Segitiga Biru" Curah | C55: Kg | D55: 12000 | E55: 10500 | F55: 12500 | G55: 11000 | H55: 11000 | I55: 12000 | J55: 10000 | K55: =AVERAGE(D55:J55) -> 11285.714
A56: 15 | B56: KACANG-KACANGAN
B57: - Kacang Kedelai (Kualitas Import) | C57: Kg | D57: 13000 | E57: 16000 | F57: 16000 | G57: 20000 | H57: 13000 | I57: 16000 | J57: - | K57: =AVERAGE(D57:J57) -> 15666.667
B58: - Kacang Kedelai (Kualitas Lokal) | C58: Kg | D58: - | E58: 14000 | F58: 15000 | G58: - | H58: - | I58: - | J58: 13500 | K58: =AVERAGE(D58:J58) -> 14166.667
B59: - Kacang Hijau | C59: Kg | D59: 25000 | E59: 23000 | F59: 25000 | G59: 30000 | H59: 22000 | I59: 26000 | J59: 26000 | K59: =AVERAGE(D59:J59) -> 25285.714
B60: - Kacang Tanah (Jenis Besar) | C60: Kg | D60: 30000 | E60: 30000 | F60: 30000 | G60: 30000 | H60: 26000 | I60: 29000 | J60: 28000 | K60: =AVERAGE(D60:J60) -> 29000
A61: 16 | B61: MIE INSTAN
B62: - Indomie Goreng | C62: 86 Gr/Bngks | D62: 3000 | E62: 3200 | F62: 3000 | G62: 3000 | H62: - | I62: 3500 | J62: 3500 | K62: =AVERAGE(D62:J62) -> 3200
A63: 17 | B63: C A B E
B64: - Cabe Merah Besar | C64: Kg | D64: 24000 | E64: 30000 | F64: 28000 | G64: 40000 | H64: 20000 | I64: 40000 | J64: 25000 | K64: =AVERAGE(D64:J64) -> 29571.429
B65: - Cabe Merah Kriting | C65: Kg | D65: 30000 | E65: 30000 | F65: 25000 | G65: 40000 | H65: - | I65: - | J65: - | K65: =AVERAGE(D65:J65) -> 31250
B66: - Cabe Merah Kecil-Rawit | C66: Kg | D66: 25000 | E66: 25000 | F66: 25000 | G66: 30000 | H66: 20000 | I66: 35000 | J66: 25000 | K66: =AVERAGE(D66:J66) -> 26428.571
A67: 18 | B67: BAHAN BAKAR GAS LPG
B68: - Gas LPG Tabung (3 Kg.) | C68: Per Tabung | D68: 19000 | E68: 18000 | F68: 18000 | G68: 18000 | H68: - | I68: 18000 | J68: 18000 | K68: =AVERAGE(D68:J68) -> 18166.667
A69: 19 | B69: BAWANG
B70: - Bawang Putih (Jenis Kating) | C70: Kg | D70: 32000 | E70: 38000 | F70: 36000 | G70: 40000 | H70: 32000 | I70: 35000 | J70: 35000 | K70: =AVERAGE(D70:J70) -> 35428.571
B71: - Bawang Putih (Jenis Sinco) | C71: Kg | D71: 30000 | E71: 35000 | F71: 32000 | G71: 35000 | H71: 28000 | I71: 30000 | J71: 28000 | K71: =AVERAGE(D71:J71) -> 31142.857
B72: - Bawang Merah (Kualitas Lokal) | C72: Kg | D72: 38000 | E72: 35000 | F72: 48000 | G72: 40000 | H72: 40000 | I72: 45000 | J72: 40000 | K72: =AVERAGE(D72:J72) -> 40857.143
B73: - Bawang Bombay | C73: Kg | D73: 35000 | E73: 45000 | F73: 50000 | G73: 45000 | H73: 40000 | I73: 50000 | J73: 22000 | K73: =AVERAGE(D73:J73) -> 41000
A74: 20 | B74: UBI-UBIAN
B75: - Ketela Pohon | C75: Kg | D75: 6000 | E75: 7000 | F75: 5000 | G75: 6000 | H75: 4000 | I75: 7000 | J75: 5000 | K75: =AVERAGE(D75:J75) -> 5714.2857
B76: - Ubi Jalar | C76: Kg | D76: 6000 | E76: - | F76: 6000 | G76: 6000 | H76: 5000 | I76: 7000 | J76: 6000 | K76: =AVERAGE(D76:J76) -> 6000
A77: 21 | B77: SAYUR-SAYURAN
B78: - Kubis | C78: Kg | D78: 7000 | E78: 10000 | F78: 7000 | G78: 10000 | H78: 9000 | I78: 10000 | J78: 8000 | K78: =AVERAGE(D78:J78) -> 8714.2857
B79: - Buncis | C79: Kg | D79: 10000 | E79: 20000 | F79: 12000 | G79: 15000 | H79: 10000 | I79: 14000 | J79: 15000 | K79: =AVERAGE(D79:J79) -> 13714.286
B80: - Kentang | C80: Kg | D80: 15000 | E80: 15000 | F80: 15000 | G80: 17000 | H80: 15000 | I80: 16000 | J80: 15000 | K80: =AVERAGE(D80:J80) -> 15428.571
B81: - Tomat | C81: Kg | D81: 11000 | E81: 20000 | F81: 14000 | G81: 20000 | H81: 10000 | I81: 18000 | J81: 15000 | K81: =AVERAGE(D81:J81) -> 15428.571
B82: - Wortel (Kualitas Lokal) | C82: Kg | D82: 9000 | E82: 14000 | F82: 10000 | G82: 15000 | H82: 10000 | I82: 12000 | J82: 10000 | K82: =AVERAGE(D82:J82) -> 11428.571
B83: - Terong Ungu (Jenis Sayur) | C83: Kg | D83: 7000 | E83: 10000 | F83: 10000 | G83: - | H83: 9000 | I83: 10000 | J83: 8000 | K83: =AVERAGE(D83:J83) -> 9000
B84: - Bayam (Jenis Sayur) | C84: Ikat Kecil | D84: 2000 | E84: - | F84: 2000 | G84: 2000 | H84: 1500 | I84: 2000 | J84: 2000 | K84: =AVERAGE(D84:J84) -> 1916.6667
B85: - Kangkung (Jenis Panjang) | C85: Ikat Kecil | D85: 2000 | E85: - | F85: 1500 | G85: 2000 | H85: 1500 | I85: 1500 | J85: 1500 | K85: =AVERAGE(D85:J85) -> 1666.6667
B86: - Sawi (Jenis Hijau) | C86: Ikat Kecil | D86: - | E86: - | F86: 2000 | G86: 2000 | H86: 2000 | I86: 2000 | J86: 2000 | K86: =AVERAGE(D86:J86) -> 2000
A87: 22 | B87: AIR MINERAL
B88: - Air Mineral (Aqua Galon) | C88: 19 Ltr/Galon | D88: 18000 | E88: - | F88: 17000 | G88: 17000 | H88: - | I88: 20000 | J88: 18000 | K88: =AVERAGE(D88:J88) -> 18000

Sheet 4
A1: HARGA BAHAN-BAHAN POKOK
A2: DI PASAR TRADISIONAL KOTA SURABAYA
A3: HARI / TANGGAL : Kamis / 04 Mei 2023
B4: NAMA BAHAN POKOK DAN PENTING LAINNYA | C4: SATUAN | D4: Pasar Tambahrejo | E4: Pasar Pucang Anom | F4: Pasar Wonokromo | G4: Pasar Genteng Baru | H4: Pasar Pabean | I4: Pasar Kembang | J4: Pasar Balongsari | K4: Rata-Rata
A7: 1 | B7: BERAS
B8: - Beras Premium | C8: Kg | D8: 13000 | E8: 13500 | F8: 13500 | G8: 13500 | H8: 12000 | I8: 14000 | J8: 13500 | K8: =AVERAGE(D8:J8) -> 13285.714
B9: - Beras Medium Bulog | C9: Kg | D9: - | E9: - | F9: 11000 | G9: - | H9: 9000 | I9: - | J9: 9000 | K9: =AVERAGE(D9:J9) -> 9666.6667
B10: - Beras Medium | C10: Kg | D10: 11000 | E10: 11500 | F10: - | G10: 11500 | H10: - | I10: 11500 | J10: - | K10: =AVERAGE(D10:J10) -> 11375
B11: - Beras Jagung | C11: Kg | D11: - | E11: 10000 | F11: 12000 | G11: 12000 | H11: - | I11: 11000 | J11: 8000 | K11: =AVERAGE(D11:J11) -> 10600
B12: - Beras Ketan (Jenis Siyem) | C12: Kg | D12: - | E12: 22000 | F12: 20000 | G12: 20000 | H12: - | I12: 22000 | J12: 17000 | K12: =AVERAGE(D12:J12) -> 20200
A13: 2 | B13: GULA
B14: - Gula pasir lokal curah | C14: Kg | D14: 13000 | E14: 13500 | F14: 13500 | G14: 13000 | H14: 13000 | I14: 13000 | J14: 13500 | K14: =AVERAGE(D14:J14) -> 13214.286
B15: - Gula Jawa/Merah (Bahan Kelapa) | C15: Kg | D15: 15000 | E15: 16000 | F15: 18000 | G15: 16000 | H15: 15000 | I15: 16000 | J15: 16000 | K15: =AVERAGE(D15:J15) -> 16000
A16: 3 | B16: MINYAK GORENG
B17: - Minyak Goreng Curah (Bening) | C17: Kg | D17: 14500 | E17: 16000 | F17: 16000 | G17: 16000 | H17: 14000 | I17: 16000 | J17: 15000 | K17: =AVERAGE(D17:J17) -> 15357.143
B18: - Minyak Kita | C18: Liter | D18: 14000 | E18: 14000 | F18: 14000 | G18: 14000 | H18: - | I18: 14000 | J18: 14000 | K18: =AVERAGE(D18:J18) -> 14000
A19: 4 | B19: MENTEGA
B20: - Mentega Curah (Amanda) | C20: Kg | D20: 20000 | E20: - | F20: 24000 | G20: 22000 | H20: - | I20: 24000 | J20: - | K20: =AVERAGE(D20:J20) -> 22500
A21: 5 | B21: DAGING
B22: - Daging Sapi Grade Atas | C22: Kg | D22: 120000 | E22: 120000 | F22: 120000 | G22: 125000 | H22: 120000 | I22: 120000 | J22: - | K22: =AVERAGE(D22:J22) -> 120833.33
B23: - Daging Sapi Grade Sedang | C23: Kg | D23: 110000 | E23: 110000 | F23: 110000 | G23: 115000 | H23: 114000 | I23: 115000 | J23: 115000 | K23: =AVERAGE(D23:J23) -> 112714.29
B24: - Daging Sapi Grade Bawah | C24: Kg | D24: 100000 | E24: 95000 | F24: 105000 | G24: 105000 | H24: 100000 | I24: 110000 | J24: 105000 | K24: =AVERAGE(D24:J24) -> 102857.14
B25: - Daging Ayam Broiler | C25: Kg | D25: 34000 | E25: 32000 | F25: 34000 | G25: 32000 | H25: 35000 | I25: 33000 | J25: 35000 | K25: =AVERAGE(D25:J25) -> 33571.429
A26: 6 | B26: I K A N
B27: - Ikan Tongkol Segar (Uk. Sedang) | C27: Kg | D27: 45000 | E27: 38000 | F27: 12000 | G27: 45000 | H27: 30000 | I27: 40000 | J27: 40000 | K27: =AVERAGE(D27:J27) -> 35714.286
B28: - Ikan Mujair Segar (Uk. Sedang) | C28: Kg | D28: 35000 | E28: 30000 | F28: 32000 | G28: 35000 | H28: 23000 | I28: 29000 | J28: 30000 | K28: =AVERAGE(D28:J28) -> 30571.429
B29: - Udang Segar (Uk. Sedang) | C29: Kg | D29: 80000 | E29: 60000 | F29: 70000 | G29: 75000 | H29: 58000 | I29: 68000 | J29: 60000 | K29: =AVERAGE(D29:J29) -> 67285.714
B30: - Ikan Lele Segar (Ukuran Sedang) | C30: Kg | D30: 25000 | E30: - | F30: - | G30: 25000 | H30: 23000 | I30: 24000 | J30: 26000 | K30: =AVERAGE(D30:J30) -> 24600
B31: - Ikan Bandeng Segar (Uk. Sedang) | C31: Kg | D31: 45000 | E31: 36000 | F31: 40000 | G31: 45000 | H31: 28000 | I31: 40000 | J31: 35000 | K31: =AVERAGE(D31:J31) -> 38428.571
B32: - Ikan Teri Asin (Bukan Teri Medan) | C32: Kg | D32: - | E32: 100000 | F32: 95000 | G32: - | H32: 80000 | I32: - | J32: - | K32: =AVERAGE(D32:J32) -> 91666.667
A33: 7 | B33: TELUR
B34: - Telur Ayam Broiler | C34: Kg | D34: 27000 | E34: 28000 | F34: 29000 | G34: 27000 | H34: 26000 | I34: 27000 | J34: 27000 | K34: =AVERAGE(D34:J34) -> 27285.714
B35: - Telur Ayam Kampung | C35: Butir | D35: 3000 | E35: 2200 | F35: 2000 | G35: 2000 | H35: 2000 | I35: 2500 | J35: 3000 | K35: =AVERAGE(D35:J35) -> 2385.7143
A36: 8 | B36: TAHU
B37: - Tahu biasa | C37: Kg | D37: 10000 | E37: 10000 | F37: 12000 | G37: 9000 | H37: 16000 | I37: 12000 | J37: 9000 | K37: =AVERAGE(D37:J37) -> 11142.857
B38: - Tahu susu | C38: Kg | D38: - | E38: 7000 | F38: 12000 | G38: 17000 | H38: - | I38: 15000 | J38: 12000 | K38: =AVERAGE(D38:J38) -> 12600
A39: 9 | B39: TEMPE
B40: - Tempe Kw I (campuran kedelai) | C40: Kg | D40: - | E40: 18000 | F40: - | G40: 16000 | H40: 14000 | I40: 15000 | J40: 15000 | K40: =AVERAGE(D40:J40) -> 15600
B41: - Tempe Kw II (campuran jagung) | C41: Kg | D41: 2500 | E41: 12000 | F41: 6000 | G41: - | H41: - | I41: - | J41: - | K41: =AVERAGE(D41:J41) -> 6833.3333
B42: - Tempe Kw III (campuran kulit) | C42: Kg | D42: - | E42: 2000 | F42: - | G42: - | H42: - | I42: - | J42: - | K42: =AVERAGE(D42:J42) -> 2000
A43: 10 | B43: S U S U
B44: - Susu Kental Manis "INDOMILK" Putih | C44: 390 Gr/kaleng | D44: 12500 | E44: 12000 | F44: 13000 | G44: 12000 | H44: - | I44: 12500 | J44: 12500 | K44: =AVERAGE(D44:J44) -> 12416.667
B45: - Susu Kental Manis "BENDERA" Putih | C45: 390 Gr/kaleng | D45: 12500 | E45: 13000 | F45: 13000 | G45: 12000 | H45: - | I45: 12500 | J45: 12500 | K45: =AVERAGE(D45:J45) -> 12583.333
A46: 11 | B46: SABUN CUCI
B47: - Sabun Detergen Rinso (Anti Noda) | C47: 900 Gram | D47: - | E47: - | F47: - | G47: - | H47: 17500 | I47: - | J47: - | K47: =AVERAGE(D47:J47) -> 17500
B48: - Sabun Colek "Wing's Biru" | C48: 350 Gram | D48: - | E48: - | F48: - | G48: - | H48: 2000 | I48: - | J48: - | K48: =AVERAGE(D48:J48) -> 2000
A49: 12 | B49: JAGUNG
B50: - Jagung Pipilan Kering (Jenis Kecil) | C50: Kg | D50: 10000 | E50: 8000 | F50: 9000 | G50: 10000 | H50: 9000 | I50: 10000 | J50: 8000 | K50: =AVERAGE(D50:J50) -> 9142.8571
B51: - Jagung Pipilan Kering (Jenis Besar) | C51: Kg | D51: 9000 | E51: 10000 | F51: 10000 | G51: 9000 | H51: 6000 | I51: - | J51: 6000 | K51: =AVERAGE(D51:J51) -> 8333.3333
A52: 13 | B52: GARAM BERYODIUM
B53: - Garam Halus (Cap Kapal) | C53: 250 Gr/Bngks | D53: 3000 | E53: 8000 | F53: 5000 | G53: 5000 | H53: 2500 | I53: 2000 | J53: 2500 | K53: =AVERAGE(D53:J53) -> 4000
A54: 14 | B54: TEPUNG TERIGU
B55: - Tepung Terigu "Segitiga Biru" Curah | C55: Kg | D55: 12000 | E55: 10500 | F55: 12500 | G55: 11000 | H55: 11000 | I55: 12000 | J55: 10000 | K55: =AVERAGE(D55:J55) -> 11285.714
A56: 15 | B56: KACANG-KACANGAN
B57: - Kacang Kedelai (Kualitas Import) | C57: Kg | D57: 13000 | E57: 16000 | F57: 16000 | G57: 20000 | H57: 13000 | I57: 16000 | J57: - | K57: =AVERAGE(D57:J57) -> 15666.667
B58: - Kacang Kedelai (Kualitas Lokal) | C58: Kg | D58: - | E58: 14000 | F58: 15000 | G58: - | H58: - | I58: - | J58: 13500 | K58: =AVERAGE(D58:J58) -> 14166.667
B59: - Kacang Hijau | C59: Kg | D59: 25000 | E59: 23000 | F59: 25000 | G59: 30000 | H59: 22000 | I59: 26000 | J59: 26000 | K59: =AVERAGE(D59:J59) -> 25285.714
B60: - Kacang Tanah (Jenis Besar) | C60: Kg | D60: 30000 | E60: 30000 | F60: 30000 | G60: 30000 | H60: 26000 | I60: 29000 | J60: 28000 | K60: =AVERAGE(D60:J60) -> 29000
A61: 16 | B61: MIE INSTAN
B62: - Indomie Goreng | C62: 86 Gr/Bngks | D62: 3000 | E62: 3200 | F62: 3000 | G62: 3000 | H62: - | I62: 3500 | J62: 3500 | K62: =AVERAGE(D62:J62) -> 3200
A63: 17 | B63: C A B E
B64: - Cabe Merah Besar | C64: Kg | D64: 25000 | E64: 30000 | F64: 28000 | G64: 40000 | H64: 20000 | I64: 40000 | J64: 25000 | K64: =AVERAGE(D64:J64) -> 29714.286
B65: - Cabe Merah Kriting | C65: Kg | D65: 30000 | E65: 30000 | F65: 25000 | G65: 40000 | H65: - | I65: - | J65: - | K65: =AVERAGE(D65:J65) -> 31250
B66: - Cabe Merah Kecil-Rawit | C66: Kg | D66: 25000 | E66: 25000 | F66: 28000 | G66: 30000 | H66: 20000 | I66: 35000 | J66: 25000 | K66: =AVERAGE(D66:J66) -> 26857.143
A67: 18 | B67: BAHAN BAKAR GAS LPG
B68: - Gas LPG Tabung (3 Kg.) | C68: Per Tabung | D68: 19000 | E68: 18000 | F68: 18000 | G68: 18000 | H68: - | I68: 18000 | J68: 18000 | K68: =AVERAGE(D68:J68) -> 18166.667
A69: 19 | B69: BAWANG
B70: - Bawang Putih (Jenis Kating) | C70: Kg | D70: 32000 | E70: 33000 | F70: 35000 | G70: 40000 | H70: 32000 | I70: 35000 | J70: 35000 | K70: =AVERAGE(D70:J70) -> 34571.429
B71: - Bawang Putih (Jenis Sinco) | C71: Kg | D71: 30000 | E71: 35000 | F71: 30000 | G71: 35000 | H71: 28000 | I71: 30000 | J71: 28000 | K71: =AVERAGE(D71:J71) -> 30857.143
B72: - Bawang Merah (Kualitas Lokal) | C72: Kg | D72: 40000 | E72: 35000 | F72: 48000 | G72: 40000 | H72: 40000 | I72: 40000 | J72: 40000 | K72: =AVERAGE(D72:J72) -> 40428.571
B73: - Bawang Bombay | C73: Kg | D73: 38000 | E73: 45000 | F73: 50000 | G73: 45000 | H73: 40000 | I73: 50000 | J73: 22000 | K73: =AVERAGE(D73:J73) -> 41428.571
A74: 20 | B74: UBI-UBIAN
B75: - Ketela Pohon | C75: Kg | D75: 6000 | E75: 7000 | F75: 5000 | G75: 6000 | H75: 4000 | I75: 7000 | J75: 5000 | K75: =AVERAGE(D75:J75) -> 5714.2857
B76: - Ubi Jalar | C76: Kg | D76: 6000 | E76: - | F76: 6000 | G76: 6000 | H76: 5000 | I76: 7000 | J76: 6000 | K76: =AVERAGE(D76:J76) -> 6000
A77: 21 | B77: SAYUR-SAYURAN
B78: - Kubis | C78: Kg | D78: 7000 | E78: 10000 | F78: 7000 | G78: 10000 | H78: 9000 | I78: 10000 | J78: 8000 | K78: =AVERAGE(D78:J78) -> 8714.2857
B79: - Buncis | C79: Kg | D79: 12000 | E79: 20000 | F79: 15000 | G79: 15000 | H79: 10000 | I79: 14000 | J79: 15000 | K79: =AVERAGE(D79:J79) -> 14428.571
B80: - Kentang | C80: Kg | D80: 15000 | E80: 15000 | F80: 15000 | G80: 17000 | H80: 15000 | I80: 16000 | J80: 15000 | K80: =AVERAGE(D80:J80) -> 15428.571
B81: - Tomat | C81: Kg | D81: 11000 | E81: 20000 | F81: 14000 | G81: 20000 | H81: 10000 | I81: 18000 | J81: 15000 | K81: =AVERAGE(D81:J81) -> 15428.571
B82: - Wortel (Kualitas Lokal) | C82: Kg | D82: 9000 | E82: 14000 | F82: 11000 | G82: 15000 | H82: 10000 | I82: 12000 | J82: 10000 | K82: =AVERAGE(D82:J82) -> 11571.429
B83: - Terong Ungu (Jenis Sayur) | C83: Kg | D83: 7000 | E83: 10000 | F83: 10000 | G83: - | H83: 9000 | I83: 10000 | J83: 8000 | K83: =AVERAGE(D83:J83) -> 9000
B84: - Bayam (Jenis Sayur) | C84: Ikat Kecil | D84: 2000 | E84: - | F84: 2000 | G84: 2000 | H84: 1500 | I84: 2000 | J84: 2000 | K84: =AVERAGE(D84:J84) -> 1916.6667
B85: - Kangkung (Jenis Panjang) | C85: Ikat Kecil | D85: 2000 | E85: - | F85: 1500 | G85: 2000 | H85: 1500 | I85: 1500 | J85: 1500 | K85: =AVERAGE(D85:J85) -> 1666.6667
B86: - Sawi (Jenis Hijau) | C86: Ikat Kecil | D86: - | E86: - | F86: 2000 | G86: 2000 | H86: 2000 | I86: 2000 | J86: 2000 | K86: =AVERAGE(D86:J86) -> 2000
A87: 22 | B87: AIR MINERAL
B88: - Air Mineral (Aqua Galon) | C88: 19 Ltr/Galon | D88: 18000 | E88: - | F88: 17000 | G88: 17000 | H88: - | I88: 20000 | J88: 18000 | K88: =AVERAGE(D88:J88) -> 18000

Sheet 5
A1: HARGA BAHAN-BAHAN POKOK
A2: DI PASAR TRADISIONAL KOTA SURABAYA
A3: HARI / TANGGAL : Jumat / 05 Mei 2023
B4: NAMA BAHAN POKOK DAN PENTING LAINNYA | C4: SATUAN | D4: Pasar Tambahrejo | E4: Pasar Pucang Anom | F4: Pasar Wonokromo | G4: Pasar Genteng Baru | H4: Pasar Pabean | I4: Pasar Kembang | J4: Pasar Balongsari | K4: Rata-Rata
A7: 1 | B7: BERAS
B8: - Beras Premium | C8: Kg | D8: 13000 | E8: 13500 | F8: 14000 | G8: 13500 | H8: 12000 | I8: 14000 | J8: 13500 | K8: =AVERAGE(D8:J8) -> 13357.143
B9: - Beras Medium Bulog | C9: Kg | D9: - | E9: - | F9: 12000 | G9: - | H9: 9000 | I9: - | J9: 9000 | K9: =AVERAGE(D9:J9) -> 10000
B10: - Beras Medium | C10: Kg | D10: 11000 | E10: 11500 | F10: - | G10: 11500 | H10: - | I10: 11500 | J10: - | K10: =AVERAGE(D10:J10) -> 11375
B11: - Beras Jagung | C11: Kg | D11: - | E11: 10000 | F11: 12000 | G11: 12000 | H11: - | I11: 11000 | J11: 8000 | K11: =AVERAGE(D11:J11) -> 10600
B12: - Beras Ketan (Jenis Siyem) | C12: Kg | D12: - | E12: 22000 | F12: 24000 | G12: 20000 | H12: - | I12: 22000 | J12: 17000 | K12: =AVERAGE(D12:J12) -> 21000
A13: 2 | B13: GULA
B14: - Gula pasir lokal curah | C14: Kg | D14: 13000 | E14: 13500 | F14: 13500 | G14: 13000 | H14: 13000 | I14: 13000 | J14: 13500 | K14: =AVERAGE(D14:J14) -> 13214.286
B15: - Gula Jawa/Merah (Bahan Kelapa) | C15: Kg | D15: 15000 | E15: 16000 | F15: 15000 | G15: 16000 | H15: 15000 | I15: 16000 | J15: 16000 | K15: =AVERAGE(D15:J15) -> 15571.429
A16: 3 | B16: MINYAK GORENG
B17: - Minyak Goreng Curah (Bening) | C17: Kg | D17: 14500 | E17: 16000 | F17: 17000 | G17: 16000 | H17: 14000 | I17: 16000 | J17: 15000 | K17: =AVERAGE(D17:J17) -> 15500
B18: - Minyak Kita | C18: Liter | D18: 14000 | E18: 14000 | F18: 14000 | G18: 14000 | H18: - | I18: 14000 | J18: 14000 | K18: =AVERAGE(D18:J18) -> 14000
A19: 4 | B19: MENTEGA
B20: - Mentega Curah (Amanda) | C20: Kg | D20: 20000 | E20: - | F20: 19000 | G20: 22000 | H20: - | I20: 24000 | J20: - | K20: =AVERAGE(D20:J20) -> 21250
A21: 5 | B21: DAGING
B22: - Daging Sapi Grade Atas | C22: Kg | D22: 120000 | E22: 120000 | F22: 120000 | G22: 125000 | H22: 120000 | I22: 120000 | J22: - | K22: =AVERAGE(D22:J22) -> 120833.33
B23: - Daging Sapi Grade Sedang | C23: Kg | D23: 110000 | E23: 110000 | F23: 110000 | G23: 115000 | H23: 114000 | I23: 115000 | J23: 115000 | K23: =AVERAGE(D23:J23) -> 112714.29
B24: - Daging Sapi Grade Bawah | C24: Kg | D24: 100000 | E24: 95000 | F24: 105000 | G24: 105000 | H24: 100000 | I24: 110000 | J24: 105000 | K24: =AVERAGE(D24:J24) -> 102857.14
B25: - Daging Ayam Broiler | C25: Kg | D25: 34000 | E25: 32000 | F25: 33000 | G25: 33000 | H25: 33000 | I25: 33000 | J25: 33000 | K25: =AVERAGE(D25:J25) -> 33000
A26: 6 | B26: I K A N
B27: - Ikan Tongkol Segar (Uk. Sedang) | C27: Kg | D27: 45000 | E27: 38000 | F27: 12000 | G27: 45000 | H27: 30000 | I27: 40000 | J27: 40000 | K27: =AVERAGE(D27:J27) -> 35714.286
B28: - Ikan Mujair Segar (Uk. Sedang) | C28: Kg | D28: 35000 | E28: 30000 | F28: 25000 | G28: 35000 | H28: 23000 | I28: 29000 | J28: 30000 | K28: =AVERAGE(D28:J28) -> 29571.429
B29: - Udang Segar (Uk. Sedang) | C29: Kg | D29: 80000 | E29: 60000 | F29: 60000 | G29: 75000 | H29: 58000 | I29: 68000 | J29: 60000 | K29: =AVERAGE(D29:J29) -> 65857.143
B30: - Ikan Lele Segar (Ukuran Sedang) | C30: Kg | D30: 25000 | E30: - | F30: - | G30: 25000 | H30: 23000 | I30: 24000 | J30: 26000 | K30: =AVERAGE(D30:J30) -> 24600
B31: - Ikan Bandeng Segar (Uk. Sedang) | C31: Kg | D31: 45000 | E31: 36000 | F31: 40000 | G31: 45000 | H31: 28000 | I31: 40000 | J31: 35000 | K31: =AVERAGE(D31:J31) -> 38428.571
B32: - Ikan Teri Asin (Bukan Teri Medan) | C32: Kg | D32: - | E32: 100000 | F32: 110000 | G32: - | H32: 80000 | I32: - | J32: - | K32: =AVERAGE(D32:J32) -> 96666.667
A33: 7 | B33: TELUR
B34: - Telur Ayam Broiler | C34: Kg | D34: 27000 | E34: 28000 | F34: 29000 | G34: 28000 | H34: 27000 | I34: 28500 | J34: 27000 | K34: =AVERAGE(D34:J34) -> 27785.714
B35: - Telur Ayam Kampung | C35: Butir | D35: 3000 | E35: 2200 | F35: 2000 | G35: 2000 | H35: 2000 | I35: 2500 | J35: 3000 | K35: =AVERAGE(D35:J35) -> 2385.7143
A36: 8 | B36: TAHU
B37: - Tahu biasa | C37: Kg | D37: 10000 | E37: 10000 | F37: 12000 | G37: 9000 | H37: 16000 | I37: 12000 | J37: 9000 | K37: =AVERAGE(D37:J37) -> 11142.857
B38: - Tahu susu | C38: Kg | D38: - | E38: 7000 | F38: 12000 | G38: 17000 | H38: - | I38: 15000 | J38: 12000 | K38: =AVERAGE(D38:J38) -> 12600
A39: 9 | B39: TEMPE
B40: - Tempe Kw I (campuran kedelai) | C40: Kg | D40: - | E40: 18000 | F40: - | G40: 16000 | H40: 14000 | I40: 15000 | J40: 15000 | K40: =AVERAGE(D40:J40) -> 15600
B41: - Tempe Kw II (campuran jagung) | C41: Kg | D41: 2500 | E41: 12000 | F41: 6000 | G41: - | H41: - | I41: - | J41: - | K41: =AVERAGE(D41:J41) -> 6833.3333
B42: - Tempe Kw III (campuran kulit) | C42: Kg | D42: - | E42: 2000 | F42: - | G42: - | H42: - | I42: - | J42: - | K42: =AVERAGE(D42:J42) -> 2000
A43: 10 | B43: S U S U
B44: - Susu Kental Manis "INDOMILK" Putih | C44: 390 Gr/kaleng | D44: 12500 | E44: 12000 | F44: 12500 | G44: 12000 | H44: - | I44: 12500 | J44: 12500 | K44: =AVERAGE(D44:J44) -> 12333.333
B45: - Susu Kental Manis "BENDERA" Putih | C45: 390 Gr/kaleng | D45: 12500 | E45: 13000 | F45: 12500 | G45: 12000 | H45: - | I45: 12500 | J45: 12500 | K45: =AVERAGE(D45:J45) -> 12500
A46: 11 | B46: SABUN CUCI
B47: - Sabun Detergen Rinso (Anti Noda) | C47: 900 Gram | D47: - | E47: - | F47: - | G47: - | H47: 17500 | I47: - | J47: - | K47: =AVERAGE(D47:J47) -> 17500
B48: - Sabun Colek "Wing's Biru" | C48: 350 Gram | D48: - | E48: - | F48: - | G48: - | H48: 2000 | I48: - | J48: - | K48: =AVERAGE(D48:J48) -> 2000
A49: 12 | B49: JAGUNG
B50: - Jagung Pipilan Kering (Jenis Kecil) | C50: Kg | D50: 10000 | E50: 8000 | F50: 9000 | G50: 10000 | H50: 9000 | I50: 10000 | J50: 8000 | K50: =AVERAGE(D50:J50) -> 9142.8571
B51: - Jagung Pipilan Kering (Jenis Besar) | C51: Kg | D51: 9000 | E51: 10000 | F51: 10000 | G51: 9000 | H51: 6000 | I51: - | J51: 6000 | K51: =AVERAGE(D51:J51) -> 8333.3333
A52: 13 | B52: GARAM BERYODIUM
B53: - Garam Halus (Cap Kapal) | C53: 250 Gr/Bngks | D53: 3000 | E53: 8000 | F53: 5000 | G53: 5000 | H53: 2500 | I53: 2000 | J53: 2500 | K53: =AVERAGE(D53:J53) -> 4000
A54: 14 | B54: TEPUNG TERIGU
B55: - Tepung Terigu "Segitiga Biru" Curah | C55: Kg | D55: 12000 | E55: 10500 | F55: 13000 | G55: 11000 | H55: 11000 | I55: 12000 | J55: 10000 | K55: =AVERAGE(D55:J55) -> 11357.143
A56: 15 | B56: KACANG-KACANGAN
B57: - Kacang Kedelai (Kualitas Import) | C57: Kg | D57: 13000 | E57: 16000 | F57: 16000 | G57: 20000 | H57: 13000 | I57: 16000 | J57: - | K57: =AVERAGE(D57:J57) -> 15666.667
B58: - Kacang Kedelai (Kualitas Lokal) | C58: Kg | D58: - | E58: 14000 | F58: 15000 | G58: - | H58: - | I58: - | J58: 13500 | K58: =AVERAGE(D58:J58) -> 14166.667
B59: - Kacang Hijau | C59: Kg | D59: 25000 | E59: 23000 | F59: 26000 | G59: 30000 | H59: 22000 | I59: 26000 | J59: 26000 | K59: =AVERAGE(D59:J59) -> 25428.571
B60: - Kacang Tanah (Jenis Besar) | C60: Kg | D60: 30000 | E60: 30000 | F60: 30000 | G60: 30000 | H60: 26000 | I60: 29000 | J60: 28000 | K60: =AVERAGE(D60:J60) -> 29000
A61: 16 | B61: MIE INSTAN
B62: - Indomie Goreng | C62: 86 Gr/Bngks | D62: 3000 | E62: 3200 | F62: 3000 | G62: 3000 | H62: - | I62: 3500 | J62: 3500 | K62: =AVERAGE(D62:J62) -> 3200
A63: 17 | B63: C A B E
B64: - Cabe Merah Besar | C64: Kg | D64: 25000 | E64: 30000 | F64: 25000 | G64: 40000 | H64: 20000 | I64: 40000 | J64: 25000 | K64: =AVERAGE(D64:J64) -> 29285.714
B65: - Cabe Merah Kriting | C65: Kg | D65: 30000 | E65: 30000 | F65: 25000 | G65: 40000 | H65: - | I65: - | J65: - | K65: =AVERAGE(D65:J65) -> 31250
B66: - Cabe Merah Kecil-Rawit | C66: Kg | D66: 25000 | E66: 25000 | F66: 30000 | G66: 30000 | H66: 20000 | I66: 35000 | J66: 25000 | K66: =AVERAGE(D66:J66) -> 27142.857
A67: 18 | B67: BAHAN BAKAR GAS LPG
B68: - Gas LPG Tabung (3 Kg.) | C68: Per Tabung | D68: 19000 | E68: 18000 | F68: 18000 | G68: 18000 | H68: - | I68: 18000 | J68: 18000 | K68: =AVERAGE(D68:J68) -> 18166.667
A69: 19 | B69: BAWANG
B70: - Bawang Putih (Jenis Kating) | C70: Kg | D70: 32000 | E70: 33000 | F70: 34000 | G70: 40000 | H70: 32000 | I70: 35000 | J70: 35000 | K70: =AVERAGE(D70:J70) -> 34428.571
B71: - Bawang Putih (Jenis Sinco) | C71: Kg | D71: 30000 | E71: 35000 | F71: 32000 | G71: 35000 | H71: 28000 | I71: 30000 | J71: 28000 | K71: =AVERAGE(D71:J71) -> 31142.857
B72: - Bawang Merah (Kualitas Lokal) | C72: Kg | D72: 40000 | E72: 35000 | F72: 45000 | G72: 40000 | H72: 40000 | I72: 45000 | J72: 40000 | K72: =AVERAGE(D72:J72) -> 40714.286
B73: - Bawang Bombay | C73: Kg | D73: 38000 | E73: 45000 | F73: 45000 | G73: 45000 | H73: 40000 | I73: 50000 | J73: 22000 | K73: =AVERAGE(D73:J73) -> 40714.286
A74: 20 | B74: UBI-UBIAN
B75: - Ketela Pohon | C75: Kg | D75: 6000 | E75: 7000 | F75: 5000 | G75: 6000 | H75: 4000 | I75: 7000 | J75: 5000 | K75: =AVERAGE(D75:J75) -> 5714.2857
B76: - Ubi Jalar | C76: Kg | D76: 6000 | E76: - | F76: 6000 | G76: 6000 | H76: 5000 | I76: 7000 | J76: 6000 | K76: =AVERAGE(D76:J76) -> 6000
A77: 21 | B77: SAYUR-SAYURAN
B78: - Kubis | C78: Kg | D78: 7000 | E78: 10000 | F78: 8000 | G78: 10000 | H78: 9000 | I78: 10000 | J78: 8000 | K78: =AVERAGE(D78:J78) -> 8857.1429
B79: - Buncis | C79: Kg | D79: 12000 | E79: 20000 | F79: 15000 | G79: 15000 | H79: 10000 | I79: 14000 | J79: 15000 | K79: =AVERAGE(D79:J79) -> 14428.571
B80: - Kentang | C80: Kg | D80: 15000 | E80: 15000 | F80: 16000 | G80: 17000 | H80: 15000 | I80: 16000 | J80: 15000 | K80: =AVERAGE(D80:J80) -> 15571.429
B81: - Tomat | C81: Kg | D81: 11000 | E81: 20000 | F81: 16000 | G81: 20000 | H81: 10000 | I81: 18000 | J81: 15000 | K81: =AVERAGE(D81:J81) -> 15714.286
B82: - Wortel (Kualitas Lokal) | C82: Kg | D82: 9000 | E82: 14000 | F82: 12000 | G82: 15000 | H82: 10000 | I82: 12000 | J82: 10000 | K82: =AVERAGE(D82:J82) -> 11714.286
B83: - Terong Ungu (Jenis Sayur) | C83: Kg | D83: 7000 | E83: 10000 | F83: 9000 | G83: - | H83: 9000 | I83: 10000 | J83: 8000 | K83: =AVERAGE(D83:J83) -> 8833.3333
B84: - Bayam (Jenis Sayur) | C84: Ikat Kecil | D84: 2000 | E84: - | F84: 2000 | G84: 2000 | H84: 1500 | I84: 2000 | J84: 2000 | K84: =AVERAGE(D84:J84) -> 1916.6667
B85: - Kangkung (Jenis Panjang) | C85: Ikat Kecil | D85: 2000 | E85: - | F85: 1500 | G85: 2000 | H85: 1500 | I85: 1500 | J85: 1500 | K85: =AVERAGE(D85:J85) -> 1666.6667
B86: - Sawi (Jenis Hijau) | C86: Ikat Kecil | D86: - | E86: - | F86: 2000 | G86: 2000 | H86: 2000 | I86: 2000 | J86: 2000 | K86: =AVERAGE(D86:J86) -> 2000
A87: 22 | B87: AIR MINERAL
B88: - Air Mineral (Aqua Galon) | C88: 19 Ltr/Galon | D88: 18000 | E88: - | F88: 17000 | G88: 17000 | H88: - | I88: 20000 | J88: 18000 | K88: =AVERAGE(D88:J88) -> 18000

Sheet 6
A1: HARGA BAHAN-BAHAN POKOK
A2: DI PASAR TRADISIONAL KOTA SURABAYA
A3: HARI / TANGGAL : Sabtu / 06 Mei 2023
B4: NAMA BAHAN POKOK DAN PENTING LAINNYA | C4: SATUAN | D4: Pasar Tambahrejo | E4: Pasar Pucang Anom | F4: Pasar Wonokromo | G4: Pasar Genteng Baru | H4: Pasar Pabean | I4: Pasar Kembang | J4: Pasar Balongsari | K4: Rata-Rata
A7: 1 | B7: BERAS
B8: - Beras Premium | C8: Kg | D8: 13000 | E8: 13500 | F8: 16000 | G8: 13500 | H8: 12000 | I8: 14000 | J8: 13500 | K8: =AVERAGE(D8:J8) -> 13642.857
B9: - Beras Medium Bulog | C9: Kg | D9: - | E9: - | F9: 12000 | G9: - | H9: 9000 | I9: - | J9: 9000 | K9: =AVERAGE(D9:J9) -> 10000
B10: - Beras Medium | C10: Kg | D10: 11000 | E10: 11500 | F10: - | G10: 11500 | H10: - | I10: 11500 | J10: - | K10: =AVERAGE(D10:J10) -> 11375
B11: - Beras Jagung | C11: Kg | D11: - | E11: 10000 | F11: 12000 | G11: 12000 | H11: - | I11: 11000 | J11: 8000 | K11: =AVERAGE(D11:J11) -> 10600
B12: - Beras Ketan (Jenis Siyem) | C12: Kg | D12: - | E12: 22000 | F12: 20000 | G12: 20000 | H12: - | I12: 22000 | J12: 17000 | K12: =AVERAGE(D12:J12) -> 20200
A13: 2 | B13: GULA
B14: - Gula pasir lokal curah | C14: Kg | D14: 13000 | E14: 13500 | F14: 14000 | G14: 13000 | H14: 13000 | I14: 13000 | J14: 13500 | K14: =AVERAGE(D14:J14) -> 13285.714
B15: - Gula Jawa/Merah (Bahan Kelapa) | C15: Kg | D15: 15000 | E15: 16000 | F15: 18000 | G15: 16000 | H15: 15000 | I15: 16000 | J15: 16000 | K15: =AVERAGE(D15:J15) -> 16000
A16: 3 | B16: MINYAK GORENG
B17: - Minyak Goreng Curah (Bening) | C17: Kg | D17: 14500 | E17: 16000 | F17: 17000 | G17: 16000 | H17: 14000 | I17: 16000 | J17: 15000 | K17: =AVERAGE(D17:J17) -> 15500
B18: - Minyak Kita | C18: Liter | D18: 14000 | E18: 14000 | F18: 14000 | G18: 14000 | H18: - | I18: 14000 | J18: 14000 | K18: =AVERAGE(D18:J18) -> 14000
A19: 4 | B19: MENTEGA
B20: - Mentega Curah (Amanda) | C20: Kg | D20: 20000 | E20: - | F20: 24000 | G20: 22000 | H20: - | I20: 24000 | J20: - | K20: =AVERAGE(D20:J20) -> 22500
A21: 5 | B21: DAGING
B22: - Daging Sapi Grade Atas | C22: Kg | D22: 120000 | E22: 120000 | F22: 120000 | G22: 125000 | H22: 120000 | I22: 120000 | J22: - | K22: =AVERAGE(D22:J22) -> 120833.33
B23: - Daging Sapi Grade Sedang | C23: Kg | D23: 110000 | E23: 110000 | F23: 110000 | G23: 115000 | H23: 114000 | I23: 115000 | J23: 115000 | K23: =AVERAGE(D23:J23) -> 112714.29
B24: - Daging Sapi Grade Bawah | C24: Kg | D24: 100000 | E24: 95000 | F24: 105000 | G24: 105000 | H24: 100000 | I24: 110000 | J24: 105000 | K24: =AVERAGE(D24:J24) -> 102857.14
B25: - Daging Ayam Broiler | C25: Kg | D25: 34000 | E25: 32000 | F25: 33000 | G25: 33000 | H25: 33000 | I25: 33000 | J25: 33000 | K25: =AVERAGE(D25:J25) -> 33000
A26: 6 | B26: I K A N
B27: - Ikan Tongkol Segar (Uk. Sedang) | C27: Kg | D27: 45000 | E27: 38000 | F27: 12000 | G27: 45000 | H27: 30000 | I27: 40000 | J27: 40000 | K27: =AVERAGE(D27:J27) -> 35714.286
B28: - Ikan Mujair Segar (Uk. Sedang) | C28: Kg | D28: 35000 | E28: 30000 | F28: 32000 | G28: 35000 | H28: 23000 | I28: 29000 | J28: 30000 | K28: =AVERAGE(D28:J28) -> 30571.429
B29: - Udang Segar (Uk. Sedang) | C29: Kg | D29: 80000 | E29: 60000 | F29: 70000 | G29: 75000 | H29: 58000 | I29: 68000 | J29: 60000 | K29: =AVERAGE(D29:J29) -> 67285.714
B30: - Ikan Lele Segar (Ukuran Sedang) | C30: Kg | D30: 25000 | E30: - | F30: - | G30: 25000 | H30: 23000 | I30: 24000 | J30: 26000 | K30: =AVERAGE(D30:J30) -> 24600
B31: - Ikan Bandeng Segar (Uk. Sedang) | C31: Kg | D31: 45000 | E31: 36000 | F31: 40000 | G31: 45000 | H31: 28000 | I31: 40000 | J31: 35000 | K31: =AVERAGE(D31:J31) -> 38428.571
B32: - Ikan Teri Asin (Bukan Teri Medan) | C32: Kg | D32: - | E32: 100000 | F32: 95000 | G32: - | H32: 80000 | I32: - | J32: - | K32: =AVERAGE(D32:J32) -> 91666.667
A33: 7 | B33: TELUR
B34: - Telur Ayam Broiler | C34: Kg | D34: 29000 | E34: 28000 | F34: 29000 | G34: 29000 | H34: 27000 | I34: 28500 | J34: 27000 | K34: =AVERAGE(D34:J34) -> 28214.286
B35: - Telur Ayam Kampung | C35: Butir | D35: 3000 | E35: 2200 | F35: 2000 | G35: 2000 | H35: 2000 | I35: 2500 | J35: 3000 | K35: =AVERAGE(D35:J35) -> 2385.7143
A36: 8 | B36: TAHU
B37: - Tahu biasa | C37: Kg | D37: 10000 | E37: 10000 | F37: 9000 | G37: 9000 | H37: 16000 | I37: 12000 | J37: 9000 | K37: =AVERAGE(D37:J37) -> 10714.286
B38: - Tahu susu | C38: Kg | D38: - | E38: 7000 | F38: 12000 | G38: 17000 | H38: - | I38: 15000 | J38: 12000 | K38: =AVERAGE(D38:J38) -> 12600
A39: 9 | B39: TEMPE
B40: - Tempe Kw I (campuran kedelai) | C40: Kg | D40: - | E40: 18000 | F40: - | G40: 16000 | H40: 14000 | I40: 15000 | J40: 15000 | K40: =AVERAGE(D40:J40) -> 15600
B41: - Tempe Kw II (campuran jagung) | C41: Kg | D41: 2500 | E41: 12000 | F41: 6000 | G41: - | H41: - | I41: - | J41: - | K41: =AVERAGE(D41:J41) -> 6833.3333
B42: - Tempe Kw III (campuran kulit) | C42: Kg | D42: - | E42: 2000 | F42: - | G42: - | H42: - | I42: - | J42: - | K42: =AVERAGE(D42:J42) -> 2000
A43: 10 | B43: S U S U
B44: - Susu Kental Manis "INDOMILK" Putih | C44: 390 Gr/kaleng | D44: 12500 | E44: 12000 | F44: 13000 | G44: 12000 | H44: - | I44: 12500 | J44: 12500 | K44: =AVERAGE(D44:J44) -> 12416.667
B45: - Susu Kental Manis "BENDERA" Putih | C45: 390 Gr/kaleng | D45: 12500 | E45: 13000 | F45: 13000 | G45: 12000 | H45: - | I45: 12500 | J45: 12500 | K45: =AVERAGE(D45:J45) -> 12583.333
A46: 11 | B46: SABUN CUCI
B47: - Sabun Detergen Rinso (Anti Noda) | C47: 900 Gram | D47: - | E47: - | F47: - | G47: - | H47: 17500 | I47: - | J47: - | K47: =AVERAGE(D47:J47) -> 17500
B48: - Sabun Colek "Wing's Biru" | C48: 350 Gram | D48: - | E48: - | F48: - | G48: - | H48: 2000 | I48: - | J48: - | K48: =AVERAGE(D48:J48) -> 2000
A49: 12 | B49: JAGUNG
B50: - Jagung Pipilan Kering (Jenis Kecil) | C50: Kg | D50: 10000 | E50: 8000 | F50: 9000 | G50: 10000 | H50: 9000 | I50: 10000 | J50: 8000 | K50: =AVERAGE(D50:J50) -> 9142.8571
B51: - Jagung Pipilan Kering (Jenis Besar) | C51: Kg | D51: 9000 | E51: 10000 | F51: 10000 | G51: 9000 | H51: 6000 | I51: - | J51: 6000 | K51: =AVERAGE(D51:J51) -> 8333.3333
A52: 13 | B52: GARAM BERYODIUM
B53: - Garam Halus (Cap Kapal) | C53: 250 Gr/Bngks | D53: 3000 | E53: 8000 | F53: 5000 | G53: 5000 | H53: 2500 | I53: 2000 | J53: 2500 | K53: =AVERAGE(D53:J53) -> 4000
A54: 14 | B54: TEPUNG TERIGU
B55: - Tepung Terigu "Segitiga Biru" Curah | C55: Kg | D55: 12000 | E55: 10500 | F55: 13000 | G55: 11000 | H55: 11000 | I55: 12000 | J55: 10000 | K55: =AVERAGE(D55:J55) -> 11357.143
A56: 15 | B56: KACANG-KACANGAN
B57: - Kacang Kedelai (Kualitas Import) | C57: Kg | D57: 13000 | E57: 16000 | F57: 16000 | G57: 20000 | H57: 13000 | I57: 16000 | J57: - | K57: =AVERAGE(D57:J57) -> 15666.667
B58: - Kacang Kedelai (Kualitas Lokal) | C58: Kg | D58: - | E58: 14000 | F58: 15000 | G58: - | H58: - | I58: - | J58: 13500 | K58: =AVERAGE(D58:J58) -> 14166.667
B59: - Kacang Hijau | C59: Kg | D59: 25000 | E59: 23000 | F59: 25000 | G59: 30000 | H59: 22000 | I59: 26000 | J59: 26000 | K59: =AVERAGE(D59:J59) -> 25285.714
B60: - Kacang Tanah (Jenis Besar) | C60: Kg | D60: 30000 | E60: 30000 | F60: 30000 | G60: 30000 | H60: 26000 | I60: 29000 | J60: 28000 | K60: =AVERAGE(D60:J60) -> 29000
A61: 16 | B61: MIE INSTAN
B62: - Indomie Goreng | C62: 86 Gr/Bngks | D62: 3000 | E62: 3200 | F62: 3000 | G62: 3000 | H62: - | I62: 3500 | J62: 3500 | K62: =AVERAGE(D62:J62) -> 3200
A63: 17 | B63: C A B E
B64: - Cabe Merah Besar | C64: Kg | D64: 30000 | E64: 30000 | F64: 30000 | G64: 40000 | H64: 20000 | I64: 40000 | J64: 25000 | K64: =AVERAGE(D64:J64) -> 30714.286
B65: - Cabe Merah Kriting | C65: Kg | D65: 30000 | E65: 30000 | F65: 25000 | G65: 40000 | H65: - | I65: - | J65: - | K65: =AVERAGE(D65:J65) -> 31250
B66: - Cabe Merah Kecil-Rawit | C66: Kg | D66: 25000 | E66: 25000 | F66: 30000 | G66: 30000 | H66: 20000 | I66: 40000 | J66: 25000 | K66: =AVERAGE(D66:J66) -> 27857.143
A67: 18 | B67: BAHAN BAKAR GAS LPG
B68: - Gas LPG Tabung (3 Kg.) | C68: Per Tabung | D68: 19000 | E68: 18000 | F68: 18000 | G68: 18000 | H68: - | I68: 18000 | J68: 18000 | K68: =AVERAGE(D68:J68) -> 18166.667
A69: 19 | B69: BAWANG
B70: - Bawang Putih (Jenis Kating) | C70: Kg | D70: 35000 | E70: 33000 | F70: 36000 | G70: 40000 | H70: 34000 | I70: 35000 | J70: 35000 | K70: =AVERAGE(D70:J70) -> 35428.571
B71: - Bawang Putih (Jenis Sinco) | C71: Kg | D71: 32000 | E71: 35000 | F71: 32000 | G71: 35000 | H71: 30000 | I71: 30000 | J71: 28000 | K71: =AVERAGE(D71:J71) -> 31714.286
B72: - Bawang Merah (Kualitas Lokal) | C72: Kg | D72: 40000 | E72: 35000 | F72: 48000 | G72: 40000 | H72: 38000 | I72: 45000 | J72: 40000 | K72: =AVERAGE(D72:J72) -> 40857.143
B73: - Bawang Bombay | C73: Kg | D73: 40000 | E73: 45000 | F73: 48000 | G73: 45000 | H73: 40000 | I73: 50000 | J73: 22000 | K73: =AVERAGE(D73:J73) -> 41428.571
A74: 20 | B74: UBI-UBIAN
B75: - Ketela Pohon | C75: Kg | D75: 6000 | E75: 7000 | F75: 5000 | G75: 6000 | H75: 4000 | I75: 7000 | J75: 5000 | K75: =AVERAGE(D75:J75) -> 5714.2857
B76: - Ubi Jalar | C76: Kg | D76: 6000 | E76: - | F76: 6000 | G76: 6000 | H76: 5000 | I76: 7000 | J76: 6000 | K76: =AVERAGE(D76:J76) -> 6000
A77: 21 | B77: SAYUR-SAYURAN
B78: - Kubis | C78: Kg | D78: 7000 | E78: 10000 | F78: 7000 | G78: 10000 | H78: 9000 | I78: 10000 | J78: 8000 | K78: =AVERAGE(D78:J78) -> 8714.2857
B79: - Buncis | C79: Kg | D79: 12000 | E79: 20000 | F79: 16000 | G79: 15000 | H79: 10000 | I79: 14000 | J79: 15000 | K79: =AVERAGE(D79:J79) -> 14571.429
B80: - Kentang | C80: Kg | D80: 15000 | E80: 15000 | F80: 15000 | G80: 17000 | H80: 15000 | I80: 16000 | J80: 15000 | K80: =AVERAGE(D80:J80) -> 15428.571
B81: - Tomat | C81: Kg | D81: 11000 | E81: 20000 | F81: 14000 | G81: 20000 | H81: 10000 | I81: 18000 | J81: 15000 | K81: =AVERAGE(D81:J81) -> 15428.571
B82: - Wortel (Kualitas Lokal) | C82: Kg | D82: 9000 | E82: 14000 | F82: 10000 | G82: 15000 | H82: 10000 | I82: 12000 | J82: 10000 | K82: =AVERAGE(D82:J82) -> 11428.571
B83: - Terong Ungu (Jenis Sayur) | C83: Kg | D83: 7000 | E83: 10000 | F83: 10000 | G83: - | H83: 9000 | I83: 10000 | J83: 8000 | K83: =AVERAGE(D83:J83) -> 9000
B84: - Bayam (Jenis Sayur) | C84: Ikat Kecil | D84: 2000 | E84: - | F84: 2000 | G84: 2000 | H84: 1500 | I84: 2000 | J84: 2000 | K84: =AVERAGE(D84:J84) -> 1916.6667
B85: - Kangkung (Jenis Panjang) | C85: Ikat Kecil | D85: 2000 | E85: - | F85: 1500 | G85: 2000 | H85: 1500 | I85: 1500 | J85: 1500 | K85: =AVERAGE(D85:J85) -> 1666.6667
B86: - Sawi (Jenis Hijau) | C86: Ikat Kecil | D86: - | E86: - | F86: 2000 | G86: 2000 | H86: 2000 | I86: 2000 | J86: 2000 | K86: =AVERAGE(D86:J86) -> 2000
A87: 22 | B87: AIR MINERAL
B88: - Air Mineral (Aqua Galon) | C88: 19 Ltr/Galon | D88: 18000 | E88: - | F88: 17000 | G88: 17000 | H88: - | I88: 20000 | J88: 18000 | K88: =AVERAGE(D88:J88) -> 18000

Sheet 7
A1: HARGA BAHAN-BAHAN POKOK
A2: DI PASAR TRADISIONAL KOTA SURABAYA
A3: HARI / TANGGAL : Minggu / 07 Mei 2023
B4: NAMA BAHAN POKOK DAN PENTING LAINNYA | C4: SATUAN | D4: Pasar Tambahrejo | E4: Pasar Pucang Anom | F4: Pasar Wonokromo | G4: Pasar Genteng Baru | H4: Pasar Pabean | I4: Pasar Kembang | J4: Pasar Balongsari | K4: Rata-Rata
A7: 1 | B7: BERAS
B8: - Beras Premium | C8: Kg | D8: 13000 | E8: 13500 | F8: 16000 | G8: 13500 | H8: 12000 | I8: 14000 | J8: 13500 | K8: 13642.857
B9: - Beras Medium Bulog | C9: Kg | D9: - | E9: - | F9: 12000 | G9: - | H9: 9000 | I9: - | J9: 9000 | K9: 10000
B10: - Beras Medium | C10: Kg | D10: 11000 | E10: 11500 | F10: - | G10: 11500 | H10: - | I10: 11500 | J10: - | K10: 11375
B11: - Beras Jagung | C11: Kg | D11: - | E11: 10000 | F11: 12000 | G11: 12000 | H11: - | I11: 11000 | J11: 8000 | K11: 10600
B12: - Beras Ketan (Jenis Siyem) | C12: Kg | D12: - | E12: 22000 | F12: 20000 | G12: 20000 | H12: - | I12: 20000 | J12: 17000 | K12: 19800
A13: 2 | B13: GULA
B14: - Gula pasir lokal curah | C14: Kg | D14: 13000 | E14: 13500 | F14: 14000 | G14: 13000 | H14: 13000 | I14: 13500 | J14: 13500 | K14: 13357.143
B15: - Gula Jawa/Merah (Bahan Kelapa) | C15: Kg | D15: 15000 | E15: 16000 | F15: 18000 | G15: 16000 | H15: 15000 | I15: 16000 | J15: 16000 | K15: 16000
A16: 3 | B16: MINYAK GORENG
B17: - Minyak Goreng Curah (Bening) | C17: Kg | D17: 14500 | E17: 16000 | F17: 17000 | G17: 16000 | H17: 14000 | I17: 16000 | J17: 15000 | K17: 15500
B18: - Minyak Kita | C18: Liter | D18: 14000 | E18: 14000 | F18: 14000 | G18: 14000 | H18: - | I18: 14000 | J18: 14000 | K18: 14000
A19: 4 | B19: MENTEGA
B20: - Mentega Curah (Amanda) | C20: Kg | D20: 20000 | E20: - | F20: 24000 | G20: 22000 | H20: - | I20: 24000 | J20: - | K20: 22500
A21: 5 | B21: DAGING
B22: - Daging Sapi Grade Atas | C22: Kg | D22: 120000 | E22: 120000 | F22: 120000 | G22: 125000 | H22: 120000 | I22: 120000 | J22: - | K22: 120833.33
B23: - Daging Sapi Grade Sedang | C23: Kg | D23: 110000 | E23: 110000 | F23: 110000 | G23: 115000 | H23: 114000 | I23: 115000 | J23: 115000 | K23: 112714.29
B24: - Daging Sapi Grade Bawah | C24: Kg | D24: 100000 | E24: 95000 | F24: 105000 | G24: 105000 | H24: 100000 | I24: 110000 | J24: 105000 | K24: 102857.14
B25: - Daging Ayam Broiler | C25: Kg | D25: 34000 | E25: 32000 | F25: 33000 | G25: 33000 | H25: 33000 | I25: 33000 | J25: 33000 | K25: 33000
A26: 6 | B26: I K A N
B27: - Ikan Tongkol Segar (Uk. Sedang) | C27: Kg | D27: 45000 | E27: 38000 | F27: 12000 | G27: 45000 | H27: 30000 | I27: 40000 | J27: 40000 | K27: 35714.286
B28: - Ikan Mujair Segar (Uk. Sedang) | C28: Kg | D28: 35000 | E28: 30000 | F28: 32000 | G28: 35000 | H28: 23000 | I28: 29000 | J28: 30000 | K28: 30571.429
B29: - Udang Segar (Uk. Sedang) | C29: Kg | D29: 80000 | E29: 60000 | F29: 70000 | G29: 75000 | H29: 58000 | I29: 68000 | J29: 60000 | K29: 67285.714
B30: - Ikan Lele Segar (Ukuran Sedang) | C30: Kg | D30: 25000 | E30: - | F30: - | G30: 25000 | H30: 23000 | I30: 24000 | J30: 26000 | K30: 24600
B31: - Ikan Bandeng Segar (Uk. Sedang) | C31: Kg | D31: 45000 | E31: 36000 | F31: 40000 | G31: 45000 | H31: 28000 | I31: 40000 | J31: 35000 | K31: 38428.571
B32: - Ikan Teri Asin (Bukan Teri Medan) | C32: Kg | D32: - | E32: 100000 | F32: 95000 | G32: - | H32: 80000 | I32: - | J32: - | K32: 91666.667
A33: 7 | B33: TELUR
B34: - Telur Ayam Broiler | C34: Kg | D34: 29000 | E34: 28000 | F34: 29000 | G34: 29000 | H34: 27000 | I34: 28500 | J34: 27000 | K34: 28214.286
B35: - Telur Ayam Kampung | C35: Butir | D35: 3000 | E35: 2200 | F35: 2000 | G35: 2000 | H35: 2000 | I35: 2500 | J35: 3000 | K35: 2385.7143
A36: 8 | B36: TAHU
B37: - Tahu biasa | C37: Kg | D37: 10000 | E37: 10000 | F37: 3000 | G37: 9000 | H37: 16000 | I37: 12000 | J37: 9000 | K37: 9857.1429
B38: - Tahu susu | C38: Kg | D38: - | E38: 7000 | F38: 12000 | G38: 17000 | H38: - | I38: 15000 | J38: 12000 | K38: 12600
A39: 9 | B39: TEMPE
B40: - Tempe Kw I (campuran kedelai) | C40: Kg | D40: - | E40: 18000 | F40: - | G40: 16000 | H40: 14000 | I40: 15000 | J40: 15000 | K40: 15600
B41: - Tempe Kw II (campuran jagung) | C41: Kg | D41: 2500 | E41: 12000 | F41: 6000 | G41: - | H41: - | I41: - | J41: - | K41: 6833.3333
B42: - Tempe Kw III (campuran kulit) | C42: Kg | D42: - | E42: 2000 | F42: - | G42: - | H42: - | I42: - | J42: - | K42: 2000
A43: 10 | B43: S U S U
B44: - Susu Kental Manis "INDOMILK" Putih | C44: 390 Gr/kaleng | D44: 12500 | E44: 12000 | F44: 13000 | G44: 12000 | H44: - | I44: 12500 | J44: 12500 | K44: 12416.667
B45: - Susu Kental Manis "BENDERA" Putih | C45: 390 Gr/kaleng | D45: 12500 | E45: 13000 | F45: 13000 | G45: 12000 | H45: - | I45: 12500 | J45: 12500 | K45: 12583.333
A46: 11 | B46: SABUN CUCI
B47: - Sabun Detergen Rinso (Anti Noda) | C47: 900 Gram | D47: - | E47: - | F47: - | G47: - | H47: 17500 | I47: - | J47: - | K47: 17500
B48: - Sabun Colek "Wing's Biru" | C48: 350 Gram | D48: - | E48: - | F48: - | G48: - | H48: 2000 | I48: - | J48: - | K48: 2000
A49: 12 | B49: JAGUNG
B50: - Jagung Pipilan Kering (Jenis Kecil) | C50: Kg | D50: 10000 | E50: 8000 | F50: 10000 | G50: 10000 | H50: 9000 | I50: 10000 | J50: 8000 | K50: 9285.7143
B51: - Jagung Pipilan Kering (Jenis Besar) | C51: Kg | D51: 9000 | E51: 10000 | F51: 9000 | G51: 9000 | H51: 6000 | I51: - | J51: 6000 | K51: 8166.6667
A52: 13 | B52: GARAM BERYODIUM
B53: - Garam Halus (Cap Kapal) | C53: 250 Gr/Bngks | D53: 3000 | E53: 8000 | F53: 5000 | G53: 5000 | H53: 2500 | I53: 2000 | J53: 2500 | K53: 4000
A54: 14 | B54: TEPUNG TERIGU
B55: - Tepung Terigu "Segitiga Biru" Curah | C55: Kg | D55: 12000 | E55: 10500 | F55: 13000 | G55: 11000 | H55: 11000 | I55: 12000 | J55: 10000 | K55: 11357.143
A56: 15 | B56: KACANG-KACANGAN
B57: - Kacang Kedelai (Kualitas Import) | C57: Kg | D57: 13000 | E57: 16000 | F57: 16000 | G57: 20000 | H57: 13000 | I57: 16000 | J57: - | K57: 15666.667
B58: - Kacang Kedelai (Kualitas Lokal) | C58: Kg | D58: - | E58: 14000 | F58: 15000 | G58: - | H58: - | I58: - | J58: 13500 | K58: 14166.667
B59: - Kacang Hijau | C59: Kg | D59: 25000 | E59: 23000 | F59: 25000 | G59: 30000 | H59: 22000 | I59: 26000 | J59: 26000 | K59: 25285.714
B60: - Kacang Tanah (Jenis Besar) | C60: Kg | D60: 30000 | E60: 30000 | F60: 30000 | G60: 30000 | H60: 26000 | I60: 29000 | J60: 28000 | K60: 29000
A61: 16 | B61: MIE INSTAN
B62: - Indomie Goreng | C62: 86 Gr/Bngks | D62: 3000 | E62: 3200 | F62: 3000 | G62: 3000 | H62: - | I62: 3500 | J62: 3500 | K62: 3200
A63: 17 | B63: C A B E
B64: - Cabe Merah Besar | C64: Kg | D64: 30000 | E64: 30000 | F64: 30000 | G64: 40000 | H64: 20000 | I64: 35000 | J64: 25000 | K64: 30000
B65: - Cabe Merah Kriting | C65: Kg | D65: 30000 | E65: 30000 | F65: 25000 | G65: 40000 | H65: - | I65: 40000 | J65: - | K65: 33000
B66: - Cabe Merah Kecil-Rawit | C66: Kg | D66: 25000 | E66: 25000 | F66: 30000 | G66: 30000 | H66: 20000 | I66: 30000 | J66: 25000 | K66: 26428.571
A67: 18 | B67: BAHAN BAKAR GAS LPG
B68: - Gas LPG Tabung (3 Kg.) | C68: Per Tabung | D68: 20000 | E68: 18000 | F68: 18000 | G68: 18000 | H68: - | I68: 18000 | J68: 18000 | K68: 18333.333
A69: 19 | B69: BAWANG
B70: - Bawang Putih (Jenis Kating) | C70: Kg | D70: 35000 | E70: 33000 | F70: 36000 | G70: 40000 | H70: 34000 | I70: 35000 | J70: 35000 | K70: 35428.571
B71: - Bawang Putih (Jenis Sinco) | C71: Kg | D71: 32000 | E71: 35000 | F71: 32000 | G71: 35000 | H71: 30000 | I71: 30000 | J71: 28000 | K71: 31714.286
B72: - Bawang Merah (Kualitas Lokal) | C72: Kg | D72: 40000 | E72: 35000 | F72: 48000 | G72: 40000 | H72: 38000 | I72: 45000 | J72: 40000 | K72: 40857.143
B73: - Bawang Bombay | C73: Kg | D73: 40000 | E73: 45000 | F73: 48000 | G73: 45000 | H73: 40000 | I73: 50000 | J73: 22000 | K73: 41428.571
A74: 20 | B74: UBI-UBIAN
B75: - Ketela Pohon | C75: Kg | D75: 6000 | E75: 7000 | F75: 5000 | G75: 6000 | H75: 4000 | I75: 7000 | J75: 5000 | K75: 5714.2857
B76: - Ubi Jalar | C76: Kg | D76: 6000 | E76: - | F76: 6000 | G76: 6000 | H76: 5000 | I76: 7000 | J76: 6000 | K76: 6000
A77: 21 | B77: SAYUR-SAYURAN
B78: - Kubis | C78: Kg | D78: 7000 | E78: 10000 | F78: 7000 | G78: 10000 | H78: 9000 | I78: 10000 | J78: 8000 | K78: 8714.2857
B79: - Buncis | C79: Kg | D79: 12000 | E79: 20000 | F79: 16000 | G79: 15000 | H79: 10000 | I79: 14000 | J79: 15000 | K79: 14571.429
B80: - Kentang | C80: Kg | D80: 15000 | E80: 15000 | F80: 15000 | G80: 17000 | H80: 15000 | I80: 16000 | J80: 15000 | K80: 15428.571
B81: - Tomat | C81: Kg | D81: 11000 | E81: 20000 | F81: 14000 | G81: 20000 | H81: 10000 | I81: 18000 | J81: 15000 | K81: 15428.571
B82: - Wortel (Kualitas Lokal) | C82: Kg | D82: 9000 | E82: 14000 | F82: 10000 | G82: 15000 | H82: 10000 | I82: 12000 | J82: 10000 | K82: 11428.571
B83: - Terong Ungu (Jenis Sayur) | C83: Kg | D83: 7000 | E83: 10000 | F83: 10000 | G83: - | H83: 9000 | I83: 10000 | J83: 8000 | K83: 9000
B84: - Bayam (Jenis Sayur) | C84: Ikat Kecil | D84: 2000 | E84: - | F84: 2000 | G84: 2000 | H84: 1500 | I84: 2000 | J84: 2000 | K84: 1916.6667
B85: - Kangkung (Jenis Panjang) | C85: Ikat Kecil | D85: 2000 | E85: - | F85: 1500 | G85: 2000 | H85: 1500 | I85: 1500 | J85: 1500 | K85: 1666.6667
B86: - Sawi (Jenis Hijau) | C86: Ikat Kecil | D86: - | E86: - | F86: 2000 | G86: 2000 | H86: 2000 | I86: 2000 | J86: 2000 | K86: 2000
A87: 22 | B87: AIR MINERAL
B88: - Air Mineral (Aqua Galon) | C88: 19 Ltr/Galon | D88: 18000 | E88: - | F88: 18000 | G88: 17000 | H88: - | I88: 19000 | J88: 18000 | K88: 18000

Sheet 8
A1: HARGA BAHAN-BAHAN POKOK
A2: DI PASAR TRADISIONAL KOTA SURABAYA
A3: HARI / TANGGAL : Senin / 08 Mei 2023
B4: NAMA BAHAN POKOK DAN PENTING LAINNYA | C4: SATUAN | D4: Pasar Tambahrejo | E4: Pasar Pucang Anom | F4: Pasar Wonokromo | G4: Pasar Genteng Baru | H4: Pasar Pabean | I4: Pasar Kembang | J4: Pasar Balongsari | K4: Rata-Rata
A7: 1 | B7: BERAS
B8: - Beras Premium | C8: Kg | D8: 13000 | E8: 13500 | F8: 14000 | G8: 13500 | H8: 12000 | I8: 14000 | J8: 13500 | K8: =AVERAGE(D8:J8) -> 13357.143
B9: - Beras Medium Bulog | C9: Kg | D9: - | E9: - | F9: 8800 | G9: - | H9: 9000 | I9: - | J9: 9000 | K9: =AVERAGE(D9:J9) -> 8933.3333
B10: - Beras Medium | C10: Kg | D10: 11000 | E10: 11500 | F10: - | G10: 11500 | H10: - | I10: 11500 | J10: - | K10: =AVERAGE(D10:J10) -> 11375
B11: - Beras Jagung | C11: Kg | D11: - | E11: 10000 | F11: 12000 | G11: 12000 | H11: - | I11: 11000 | J11: 8000 | K11: =AVERAGE(D11:J11) -> 10600
B12: - Beras Ketan (Jenis Siyem) | C12: Kg | D12: - | E12: 22000 | F12: 24000 | G12: 20000 | H12: - | I12: 20000 | J12: 17000 | K12: =AVERAGE(D12:J12) -> 20600
A13: 2 | B13: GULA
B14: - Gula pasir lokal curah | C14: Kg | D14: 13000 | E14: 13500 | F14: 13500 | G14: 13000 | H14: 13000 | I14: 13500 | J14: 13500 | K14: =AVERAGE(D14:J14) -> 13285.714
B15: - Gula Jawa/Merah (Bahan Kelapa) | C15: Kg | D15: 15000 | E15: 16000 | F15: 15000 | G15: 16000 | H15: 15000 | I15: 16000 | J15: 16000 | K15: =AVERAGE(D15:J15) -> 15571.429
A16: 3 | B16: MINYAK GORENG
B17: - Minyak Goreng Curah (Bening) | C17: Kg | D17: 14500 | E17: 16000 | F17: 17000 | G17: 16000 | H17: 14000 | I17: 16000 | J17: 15000 | K17: =AVERAGE(D17:J17) -> 15500
B18: - Minyak Kita | C18: Liter | D18: 14000 | E18: 14000 | F18: 14000 | G18: 14000 | H18: - | I18: 14000 | J18: 14000 | K18: =AVERAGE(D18:J18) -> 14000
A19: 4 | B19: MENTEGA
B20: - Mentega Curah (Amanda) | C20: Kg | D20: 20000 | E20: - | F20: 19000 | G20: 22000 | H20: - | I20: 24000 | J20: - | K20: =AVERAGE(D20:J20) -> 21250
A21: 5 | B21: DAGING
B22: - Daging Sapi Grade Atas | C22: Kg | D22: 120000 | E22: 120000 | F22: 120000 | G22: 125000 | H22: 120000 | I22: 120000 | J22: - | K22: =AVERAGE(D22:J22) -> 120833.33
B23: - Daging Sapi Grade Sedang | C23: Kg | D23: 110000 | E23: 110000 | F23: 110000 | G23: 115000 | H23: 114000 | I23: 115000 | J23: 115000 | K23: =AVERAGE(D23:J23) -> 112714.29
B24: - Daging Sapi Grade Bawah | C24: Kg | D24: 100000 | E24: 95000 | F24: 105000 | G24: 105000 | H24: 100000 | I24: 110000 | J24: 105000 | K24: =AVERAGE(D24:J24) -> 102857.14
B25: - Daging Ayam Broiler | C25: Kg | D25: 33000 | E25: 32000 | F25: 33000 | G25: 33000 | H25: 33000 | I25: 33000 | J25: 33000 | K25: =AVERAGE(D25:J25) -> 32857.143
A26: 6 | B26: I K A N
B27: - Ikan Tongkol Segar (Uk. Sedang) | C27: Kg | D27: 45000 | E27: 38000 | F27: - | G27: 45000 | H27: 30000 | I27: 40000 | J27: 40000 | K27: =AVERAGE(D27:J27) -> 39666.667
B28: - Ikan Mujair Segar (Uk. Sedang) | C28: Kg | D28: 35000 | E28: 30000 | F28: 25000 | G28: 35000 | H28: 23000 | I28: 29000 | J28: 30000 | K28: =AVERAGE(D28:J28) -> 29571.429
B29: - Udang Segar (Uk. Sedang) | C29: Kg | D29: 80000 | E29: 60000 | F29: 60000 | G29: 75000 | H29: 58000 | I29: 68000 | J29: 60000 | K29: =AVERAGE(D29:J29) -> 65857.143
B30: - Ikan Lele Segar (Ukuran Sedang) | C30: Kg | D30: 25000 | E30: - | F30: - | G30: 25000 | H30: 23000 | I30: 24000 | J30: 26000 | K30: =AVERAGE(D30:J30) -> 24600
B31: - Ikan Bandeng Segar (Uk. Sedang) | C31: Kg | D31: 45000 | E31: 36000 | F31: 40000 | G31: 45000 | H31: 28000 | I31: 40000 | J31: 35000 | K31: =AVERAGE(D31:J31) -> 38428.571
B32: - Ikan Teri Asin (Bukan Teri Medan) | C32: Kg | D32: - | E32: 100000 | F32: 110000 | G32: - | H32: 80000 | I32: - | J32: - | K32: =AVERAGE(D32:J32) -> 96666.667
A33: 7 | B33: TELUR
B34: - Telur Ayam Broiler | C34: Kg | D34: 28000 | E34: 29000 | F34: 28000 | G34: 29000 | H34: 27000 | I34: 29000 | J34: 27000 | K34: =AVERAGE(D34:J34) -> 28142.857
B35: - Telur Ayam Kampung | C35: Butir | D35: 3000 | E35: 2200 | F35: 2000 | G35: 2000 | H35: 2000 | I35: 2500 | J35: 3000 | K35: =AVERAGE(D35:J35) -> 2385.7143
A36: 8 | B36: TAHU
B37: - Tahu biasa | C37: Kg | D37: 10000 | E37: 10000 | F37: 9000 | G37: 9000 | H37: 16000 | I37: 12000 | J37: 9000 | K37: =AVERAGE(D37:J37) -> 10714.286
B38: - Tahu susu | C38: Kg | D38: - | E38: 7000 | F38: 12000 | G38: 17000 | H38: - | I38: 15000 | J38: 12000 | K38: =AVERAGE(D38:J38) -> 12600
A39: 9 | B39: TEMPE
B40: - Tempe Kw I (campuran kedelai) | C40: Kg | D40: - | E40: 18000 | F40: - | G40: 16000 | H40: 14000 | I40: 15000 | J40: 15000 | K40: =AVERAGE(D40:J40) -> 15600
B41: - Tempe Kw II (campuran jagung) | C41: Kg | D41: 2500 | E41: 12000 | F41: 6000 | G41: - | H41: - | I41: - | J41: - | K41: =AVERAGE(D41:J41) -> 6833.3333
B42: - Tempe Kw III (campuran kulit) | C42: Kg | D42: - | E42: 2000 | F42: - | G42: - | H42: - | I42: - | J42: - | K42: =AVERAGE(D42:J42) -> 2000
A43: 10 | B43: S U S U
B44: - Susu Kental Manis "INDOMILK" Putih | C44: 390 Gr/kaleng | D44: 12500 | E44: 12000 | F44: 12500 | G44: 12000 | H44: - | I44: 12500 | J44: 12500 | K44: =AVERAGE(D44:J44) -> 12333.333
B45: - Susu Kental Manis "BENDERA" Putih | C45: 390 Gr/kaleng | D45: 12500 | E45: 13000 | F45: 12500 | G45: 12000 | H45: - | I45: 12500 | J45: 12500 | K45: =AVERAGE(D45:J45) -> 12500
A46: 11 | B46: SABUN CUCI
B47: - Sabun Detergen Rinso (Anti Noda) | C47: 900 Gram | D47: - | E47: - | F47: - | G47: - | H47: 17500 | I47: - | J47: - | K47: =AVERAGE(D47:J47) -> 17500
B48: - Sabun Colek "Wing's Biru" | C48: 350 Gram | D48: - | E48: - | F48: - | G48: - | H48: 2000 | I48: - | J48: - | K48: =AVERAGE(D48:J48) -> 2000
A49: 12 | B49: JAGUNG
B50: - Jagung Pipilan Kering (Jenis Kecil) | C50: Kg | D50: 10000 | E50: 8000 | F50: 10000 | G50: 10000 | H50: 9000 | I50: 10000 | J50: 8000 | K50: =AVERAGE(D50:J50) -> 9285.7143
B51: - Jagung Pipilan Kering (Jenis Besar) | C51: Kg | D51: 9000 | E51: 10000 | F51: 9000 | G51: 9000 | H51: 6000 | I51: - | J51: 6000 | K51: =AVERAGE(D51:J51) -> 8166.6667
A52: 13 | B52: GARAM BERYODIUM
B53: - Garam Halus (Cap Kapal) | C53: 250 Gr/Bngks | D53: 3000 | E53: 8000 | F53: 5000 | G53: 5000 | H53: 2500 | I53: 2000 | J53: 2500 | K53: =AVERAGE(D53:J53) -> 4000
A54: 14 | B54: TEPUNG TERIGU
B55: - Tepung Terigu "Segitiga Biru" Curah | C55: Kg | D55: 12000 | E55: 10500 | F55: 13000 | G55: 11000 | H55: 11000 | I55: 12000 | J55: 10000 | K55: =AVERAGE(D55:J55) -> 11357.143
A56: 15 | B56: KACANG-KACANGAN
B57: - Kacang Kedelai (Kualitas Import) | C57: Kg | D57: 13000 | E57: 16000 | F57: 16000 | G57: 18000 | H57: 13000 | I57: 16000 | J57: - | K57: =AVERAGE(D57:J57) -> 15333.333
B58: - Kacang Kedelai (Kualitas Lokal) | C58: Kg | D58: - | E58: 14000 | F58: 15000 | G58: - | H58: - | I58: - | J58: 13500 | K58: =AVERAGE(D58:J58) -> 14166.667
B59: - Kacang Hijau | C59: Kg | D59: 25000 | E59: 23000 | F59: 26000 | G59: 30000 | H59: 22000 | I59: 26000 | J59: 26000 | K59: =AVERAGE(D59:J59) -> 25428.571
B60: - Kacang Tanah (Jenis Besar) | C60: Kg | D60: 30000 | E60: 30000 | F60: 30000 | G60: 30000 | H60: 26000 | I60: 29000 | J60: 28000 | K60: =AVERAGE(D60:J60) -> 29000
A61: 16 | B61: MIE INSTAN
B62: - Indomie Goreng | C62: 86 Gr/Bngks | D62: 3000 | E62: 3200 | F62: 3000 | G62: 3000 | H62: - | I62: 3500 | J62: 3500 | K62: =AVERAGE(D62:J62) -> 3200
A63: 17 | B63: C A B E
B64: - Cabe Merah Besar | C64: Kg | D64: 28000 | E64: 25000 | F64: 25000 | G64: 40000 | H64: 20000 | I64: 38000 | J64: 25000 | K64: =AVERAGE(D64:J64) -> 28714.286
B65: - Cabe Merah Kriting | C65: Kg | D65: 30000 | E65: 30000 | F65: 25000 | G65: 40000 | H65: - | I65: 30000 | J65: - | K65: =AVERAGE(D65:J65) -> 31000
B66: - Cabe Merah Kecil-Rawit | C66: Kg | D66: 25000 | E66: 25000 | F66: 30000 | G66: 30000 | H66: 20000 | I66: 30000 | J66: 25000 | K66: =AVERAGE(D66:J66) -> 26428.571
A67: 18 | B67: BAHAN BAKAR GAS LPG
B68: - Gas LPG Tabung (3 Kg.) | C68: Per Tabung | D68: 20000 | E68: 18000 | F68: 18000 | G68: 18000 | H68: - | I68: 18000 | J68: 18000 | K68: =AVERAGE(D68:J68) -> 18333.333
A69: 19 | B69: BAWANG
B70: - Bawang Putih (Jenis Kating) | C70: Kg | D70: 32000 | E70: 35000 | F70: 35000 | G70: 40000 | H70: 34000 | I70: 40000 | J70: 35000 | K70: =AVERAGE(D70:J70) -> 35857.143
B71: - Bawang Putih (Jenis Sinco) | C71: Kg | D71: 32000 | E71: 30000 | F71: 30000 | G71: 35000 | H71: 30000 | I71: 35000 | J71: 28000 | K71: =AVERAGE(D71:J71) -> 31428.571
B72: - Bawang Merah (Kualitas Lokal) | C72: Kg | D72: 40000 | E72: 35000 | F72: 42000 | G72: 40000 | H72: 38000 | I72: 45000 | J72: 40000 | K72: =AVERAGE(D72:J72) -> 40000
B73: - Bawang Bombay | C73: Kg | D73: 40000 | E73: 40000 | F73: 45000 | G73: 45000 | H73: 40000 | I73: 50000 | J73: 22000 | K73: =AVERAGE(D73:J73) -> 40285.714
A74: 20 | B74: UBI-UBIAN
B75: - Ketela Pohon | C75: Kg | D75: 6000 | E75: 7000 | F75: 5000 | G75: 6000 | H75: 4000 | I75: 7000 | J75: 5000 | K75: =AVERAGE(D75:J75) -> 5714.2857
B76: - Ubi Jalar | C76: Kg | D76: 6000 | E76: - | F76: 6000 | G76: 6000 | H76: 5000 | I76: 7000 | J76: 6000 | K76: =AVERAGE(D76:J76) -> 6000
A77: 21 | B77: SAYUR-SAYURAN
B78: - Kubis | C78: Kg | D78: 7000 | E78: 10000 | F78: 8000 | G78: 10000 | H78: 9000 | I78: 8000 | J78: 8000 | K78: =AVERAGE(D78:J78) -> 8571.4286
B79: - Buncis | C79: Kg | D79: 12000 | E79: 20000 | F79: 15000 | G79: 15000 | H79: 10000 | I79: 14000 | J79: 15000 | K79: =AVERAGE(D79:J79) -> 14428.571
B80: - Kentang | C80: Kg | D80: 15000 | E80: 15000 | F80: 16000 | G80: 17000 | H80: 15000 | I80: 18000 | J80: 15000 | K80: =AVERAGE(D80:J80) -> 15857.143
B81: - Tomat | C81: Kg | D81: 11000 | E81: 20000 | F81: 16000 | G81: 20000 | H81: 10000 | I81: 18000 | J81: 15000 | K81: =AVERAGE(D81:J81) -> 15714.286
B82: - Wortel (Kualitas Lokal) | C82: Kg | D82: 9000 | E82: 14000 | F82: 12000 | G82: 15000 | H82: 10000 | I82: 12000 | J82: 10000 | K82: =AVERAGE(D82:J82) -> 11714.286
B83: - Terong Ungu (Jenis Sayur) | C83: Kg | D83: 7000 | E83: 10000 | F83: 9000 | G83: - | H83: 9000 | I83: 10000 | J83: 8000 | K83: =AVERAGE(D83:J83) -> 8833.3333
B84: - Bayam (Jenis Sayur) | C84: Ikat Kecil | D84: 2000 | E84: - | F84: 2000 | G84: 2000 | H84: 1500 | I84: 2000 | J84: 2000 | K84: =AVERAGE(D84:J84) -> 1916.6667
B85: - Kangkung (Jenis Panjang) | C85: Ikat Kecil | D85: 2000 | E85: - | F85: 1500 | G85: 2000 | H85: 1500 | I85: 1500 | J85: 1500 | K85: =AVERAGE(D85:J85) -> 1666.6667
B86: - Sawi (Jenis Hijau) | C86: Ikat Kecil | D86: - | E86: - | F86: 2000 | G86: 2000 | H86: 2000 | I86: 2000 | J86: 2000 | K86: =AVERAGE(D86:J86) -> 2000
A87: 22 | B87: AIR MINERAL
B88: - Air Mineral (Aqua Galon) | C88: 19 Ltr/Galon | D88: 18000 | E88: - | F88: 18000 | G88: 17000 | H88: - | I88: 19000 | J88: 18000 | K88: =AVERAGE(D88:J88) -> 18000

Sheet 9
A1: HARGA BAHAN-BAHAN POKOK
A2: DI PASAR TRADISIONAL KOTA SURABAYA
A3: HARI / TANGGAL : Selasa / 09 Mei 2023
B4: NAMA BAHAN POKOK DAN PENTING LAINNYA | C4: SATUAN | D4: Pasar Tambahrejo | E4: Pasar Pucang Anom | F4: Pasar Wonokromo | G4: Pasar Genteng Baru | H4: Pasar Pabean | I4: Pasar Kembang | J4: Pasar Balongsari | K4: Rata-Rata
A7: 1 | B7: BERAS
B8: - Beras Premium | C8: Kg | D8: 13000 | E8: 13500 | F8: 14000 | G8: 13500 | H8: 12000 | I8: 14000 | J8: 13500 | K8: =AVERAGE(D8:J8) -> 13357.143
B9: - Beras Medium Bulog | C9: Kg | D9: - | E9: - | F9: 9000 | G9: - | H9: 9000 | I9: - | J9: 9000 | K9: =AVERAGE(D9:J9) -> 9000
B10: - Beras Medium | C10: Kg | D10: 11000 | E10: 11500 | F10: 13000 | G10: 11500 | H10: - | I10: 11500 | J10: - | K10: =AVERAGE(D10:J10) -> 11700
B11: - Beras Jagung | C11: Kg | D11: - | E11: 10000 | F11: 12000 | G11: 12000 | H11: - | I11: 11000 | J11: 8000 | K11: =AVERAGE(D11:J11) -> 10600
B12: - Beras Ketan (Jenis Siyem) | C12: Kg | D12: - | E12: 22000 | F12: 24000 | G12: 20000 | H12: - | I12: 20000 | J12: 17000 | K12: =AVERAGE(D12:J12) -> 20600
A13: 2 | B13: GULA
B14: - Gula pasir lokal curah | C14: Kg | D14: 13000 | E14: 13500 | F14: 13500 | G14: 13500 | H14: 13000 | I14: 13500 | J14: 13500 | K14: =AVERAGE(D14:J14) -> 13357.143
B15: - Gula Jawa/Merah (Bahan Kelapa) | C15: Kg | D15: 15000 | E15: 16000 | F15: 15000 | G15: 16000 | H15: 15000 | I15: 16000 | J15: 16000 | K15: =AVERAGE(D15:J15) -> 15571.429
A16: 3 | B16: MINYAK GORENG
B17: - Minyak Goreng Curah (Bening) | C17: Kg | D17: 14500 | E17: 16000 | F17: 17000 | G17: 16000 | H17: 14000 | I17: 16000 | J17: 16000 | K17: =AVERAGE(D17:J17) -> 15642.857
B18: - Minyak Kita | C18: Liter | D18: 14000 | E18: 14000 | F18: 14000 | G18: 14000 | H18: - | I18: 14000 | J18: 14000 | K18: =AVERAGE(D18:J18) -> 14000
A19: 4 | B19: MENTEGA
B20: - Mentega Curah (Amanda) | C20: Kg | D20: 20000 | E20: - | F20: 19000 | G20: 22000 | H20: - | I20: 24000 | J20: - | K20: =AVERAGE(D20:J20) -> 21250
A21: 5 | B21: DAGING
B22: - Daging Sapi Grade Atas | C22: Kg | D22: 120000 | E22: 120000 | F22: 120000 | G22: 120000 | H22: 120000 | I22: 120000 | J22: - | K22: =AVERAGE(D22:J22) -> 120000
B23: - Daging Sapi Grade Sedang | C23: Kg | D23: 110000 | E23: 110000 | F23: 110000 | G23: 115000 | H23: 114000 | I23: 115000 | J23: 115000 | K23: =AVERAGE(D23:J23) -> 112714.29
B24: - Daging Sapi Grade Bawah | C24: Kg | D24: 100000 | E24: 95000 | F24: 105000 | G24: 105000 | H24: 100000 | I24: 110000 | J24: 105000 | K24: =AVERAGE(D24:J24) -> 102857.14
B25: - Daging Ayam Broiler | C25: Kg | D25: 33000 | E25: 32000 | F25: 34000 | G25: 31000 | H25: 33000 | I25: 33000 | J25: 34000 | K25: =AVERAGE(D25:J25) -> 32857.143
A26: 6 | B26: I K A N
B27: - Ikan Tongkol Segar (Uk. Sedang) | C27: Kg | D27: 45000 | E27: 38000 | F27: - | G27: 45000 | H27: 30000 | I27: 40000 | J27: 35000 | K27: =AVERAGE(D27:J27) -> 38833.333
B28: - Ikan Mujair Segar (Uk. Sedang) | C28: Kg | D28: 35000 | E28: 30000 | F28: 25000 | G28: 35000 | H28: 23000 | I28: 29000 | J28: 26000 | K28: =AVERAGE(D28:J28) -> 29000
B29: - Udang Segar (Uk. Sedang) | C29: Kg | D29: 80000 | E29: 60000 | F29: 60000 | G29: 75000 | H29: 58000 | I29: 68000 | J29: 60000 | K29: =AVERAGE(D29:J29) -> 65857.143
B30: - Ikan Lele Segar (Ukuran Sedang) | C30: Kg | D30: 25000 | E30: - | F30: - | G30: 25000 | H30: 23000 | I30: 24000 | J30: 26000 | K30: =AVERAGE(D30:J30) -> 24600
B31: - Ikan Bandeng Segar (Uk. Sedang) | C31: Kg | D31: 45000 | E31: 36000 | F31: 40000 | G31: 45000 | H31: 28000 | I31: 40000 | J31: 40000 | K31: =AVERAGE(D31:J31) -> 39142.857
B32: - Ikan Teri Asin (Bukan Teri Medan) | C32: Kg | D32: - | E32: 100000 | F32: 110000 | G32: - | H32: 80000 | I32: - | J32: - | K32: =AVERAGE(D32:J32) -> 96666.667
A33: 7 | B33: TELUR
B34: - Telur Ayam Broiler | C34: Kg | D34: 28000 | E34: 29000 | F34: 29000 | G34: 29000 | H34: 27000 | I34: 29000 | J34: 30000 | K34: =AVERAGE(D34:J34) -> 28714.286
B35: - Telur Ayam Kampung | C35: Butir | D35: 3000 | E35: 2200 | F35: 2000 | G35: 2000 | H35: 2000 | I35: 2500 | J35: 3000 | K35: =AVERAGE(D35:J35) -> 2385.7143
A36: 8 | B36: TAHU
B37: - Tahu biasa | C37: Kg | D37: 10000 | E37: 10000 | F37: 9000 | G37: 9000 | H37: 16000 | I37: 12000 | J37: 9000 | K37: =AVERAGE(D37:J37) -> 10714.286
B38: - Tahu susu | C38: Kg | D38: - | E38: 7000 | F38: 12000 | G38: 17000 | H38: - | I38: 15000 | J38: 12000 | K38: =AVERAGE(D38:J38) -> 12600
A39: 9 | B39: TEMPE
B40: - Tempe Kw I (campuran kedelai) | C40: Kg | D40: - | E40: 18000 | F40: - | G40: 16000 | H40: 14000 | I40: 15000 | J40: 15000 | K40: =AVERAGE(D40:J40) -> 15600
B41: - Tempe Kw II (campuran jagung) | C41: Kg | D41: 2500 | E41: 12000 | F41: 6000 | G41: - | H41: - | I41: - | J41: - | K41: =AVERAGE(D41:J41) -> 6833.3333
B42: - Tempe Kw III (campuran kulit) | C42: Kg | D42: - | E42: 2000 | F42: - | G42: - | H42: - | I42: - | J42: - | K42: =AVERAGE(D42:J42) -> 2000
A43: 10 | B43: S U S U
B44: - Susu Kental Manis "INDOMILK" Putih | C44: 390 Gr/kaleng | D44: 12500 | E44: 12000 | F44: 12500 | G44: 12000 | H44: - | I44: 12500 | J44: 12500 | K44: =AVERAGE(D44:J44) -> 12333.333
B45: - Susu Kental Manis "BENDERA" Putih | C45: 390 Gr/kaleng | D45: 12500 | E45: 13000 | F45: 12500 | G45: 12000 | H45: - | I45: 12500 | J45: 12500 | K45: =AVERAGE(D45:J45) -> 12500
A46: 11 | B46: SABUN CUCI
B47: - Sabun Detergen Rinso (Anti Noda) | C47: 900 Gram | D47: - | E47: - | F47: - | G47: - | H47: 17500 | I47: - | J47: - | K47: =AVERAGE(D47:J47) -> 17500
B48: - Sabun Colek "Wing's Biru" | C48: 350 Gram | D48: - | E48: - | F48: - | G48: - | H48: 2000 | I48: - | J48: - | K48: =AVERAGE(D48:J48) -> 2000
A49: 12 | B49: JAGUNG
B50: - Jagung Pipilan Kering (Jenis Kecil) | C50: Kg | D50: 10000 | E50: 8000 | F50: 10000 | G50: 10000 | H50: 9000 | I50: 10000 | J50: 8000 | K50: =AVERAGE(D50:J50) -> 9285.7143
B51: - Jagung Pipilan Kering (Jenis Besar) | C51: Kg | D51: 9000 | E51: 10000 | F51: 9000 | G51: 9000 | H51: 6000 | I51: - | J51: 6000 | K51: =AVERAGE(D51:J51) -> 8166.6667
A52: 13 | B52: GARAM BERYODIUM
B53: - Garam Halus (Cap Kapal) | C53: 250 Gr/Bngks | D53: 3000 | E53: 8000 | F53: 5000 | G53: 5000 | H53: 2500 | I53: 2000 | J53: 2500 | K53: =AVERAGE(D53:J53) -> 4000
A54: 14 | B54: TEPUNG TERIGU
B55: - Tepung Terigu "Segitiga Biru" Curah | C55: Kg | D55: 12000 | E55: 10500 | F55: 13000 | G55: 11000 | H55: 11000 | I55: 12000 | J55: 10000 | K55: =AVERAGE(D55:J55) -> 11357.143
A56: 15 | B56: KACANG-KACANGAN
B57: - Kacang Kedelai (Kualitas Import) | C57: Kg | D57: 13000 | E57: 16000 | F57: 16000 | G57: 20000 | H57: 13000 | I57: 16000 | J57: - | K57: =AVERAGE(D57:J57) -> 15666.667
B58: - Kacang Kedelai (Kualitas Lokal) | C58: Kg | D58: - | E58: 14000 | F58: 15000 | G58: - | H58: - | I58: - | J58: 13500 | K58: =AVERAGE(D58:J58) -> 14166.667
B59: - Kacang Hijau | C59: Kg | D59: 25000 | E59: 23000 | F59: 26000 | G59: 30000 | H59: 22000 | I59: 26000 | J59: 26000 | K59: =AVERAGE(D59:J59) -> 25428.571
B60: - Kacang Tanah (Jenis Besar) | C60: Kg | D60: 30000 | E60: 30000 | F60: 30000 | G60: 30000 | H60: 26000 | I60: 29000 | J60: 28000 | K60: =AVERAGE(D60:J60) -> 29000
A61: 16 | B61: MIE INSTAN
B62: - Indomie Goreng | C62: 86 Gr/Bngks | D62: 3000 | E62: 3200 | F62: 3000 | G62: 3000 | H62: - | I62: 3500 | J62: 3500 | K62: =AVERAGE(D62:J62) -> 3200
A63: 17 | B63: C A B E
B64: - Cabe Merah Besar | C64: Kg | D64: 28000 | E64: 25000 | F64: 35000 | G64: 40000 | H64: 20000 | I64: 38000 | J64: 35000 | K64: =AVERAGE(D64:J64) -> 31571.429
B65: - Cabe Merah Kriting | C65: Kg | D65: 30000 | E65: 30000 | F65: 40000 | G65: 40000 | H65: - | I65: 30000 | J65: - | K65: =AVERAGE(D65:J65) -> 34000
B66: - Cabe Merah Kecil-Rawit | C66: Kg | D66: 25000 | E66: 25000 | F66: 30000 | G66: 30000 | H66: 20000 | I66: 30000 | J66: 30000 | K66: =AVERAGE(D66:J66) -> 27142.857
A67: 18 | B67: BAHAN BAKAR GAS LPG
B68: - Gas LPG Tabung (3 Kg.) | C68: Per Tabung | D68: 20000 | E68: 18000 | F68: 18000 | G68: 18000 | H68: - | I68: 18000 | J68: 18000 | K68: =AVERAGE(D68:J68) -> 18333.333
A69: 19 | B69: BAWANG
B70: - Bawang Putih (Jenis Kating) | C70: Kg | D70: 32000 | E70: 35000 | F70: 36000 | G70: 40000 | H70: 34000 | I70: 40000 | J70: 35000 | K70: =AVERAGE(D70:J70) -> 36000
B71: - Bawang Putih (Jenis Sinco) | C71: Kg | D71: 32000 | E71: 30000 | F71: 32000 | G71: 35000 | H71: 30000 | I71: 35000 | J71: 28000 | K71: =AVERAGE(D71:J71) -> 31714.286
B72: - Bawang Merah (Kualitas Lokal) | C72: Kg | D72: 42000 | E72: 35000 | F72: 43000 | G72: 40000 | H72: 38000 | I72: 46000 | J72: 35000 | K72: =AVERAGE(D72:J72) -> 39857.143
B73: - Bawang Bombay | C73: Kg | D73: 40000 | E73: 40000 | F73: 45000 | G73: 45000 | H73: 40000 | I73: 50000 | J73: 22000 | K73: =AVERAGE(D73:J73) -> 40285.714
A74: 20 | B74: UBI-UBIAN
B75: - Ketela Pohon | C75: Kg | D75: 6000 | E75: 7000 | F75: 5000 | G75: 6000 | H75: 4000 | I75: 7000 | J75: 5000 | K75: =AVERAGE(D75:J75) -> 5714.2857
B76: - Ubi Jalar | C76: Kg | D76: 6000 | E76: - | F76: 6000 | G76: 6000 | H76: 5000 | I76: 7000 | J76: 6000 | K76: =AVERAGE(D76:J76) -> 6000
A77: 21 | B77: SAYUR-SAYURAN
B78: - Kubis | C78: Kg | D78: 7000 | E78: 10000 | F78: 8000 | G78: 10000 | H78: 9000 | I78: 8000 | J78: 7000 | K78: =AVERAGE(D78:J78) -> 8428.5714
B79: - Buncis | C79: Kg | D79: 12000 | E79: 20000 | F79: 15000 | G79: 15000 | H79: 10000 | I79: 14000 | J79: 15000 | K79: =AVERAGE(D79:J79) -> 14428.571
B80: - Kentang | C80: Kg | D80: 15000 | E80: 15000 | F80: 16000 | G80: 17000 | H80: 15000 | I80: 18000 | J80: 15000 | K80: =AVERAGE(D80:J80) -> 15857.143
B81: - Tomat | C81: Kg | D81: 11000 | E81: 20000 | F81: 16000 | G81: 20000 | H81: 10000 | I81: 18000 | J81: 15000 | K81: =AVERAGE(D81:J81) -> 15714.286
B82: - Wortel (Kualitas Lokal) | C82: Kg | D82: 9000 | E82: 14000 | F82: 12000 | G82: 15000 | H82: 10000 | I82: 12000 | J82: 10000 | K82: =AVERAGE(D82:J82) -> 11714.286
B83: - Terong Ungu (Jenis Sayur) | C83: Kg | D83: 7000 | E83: 10000 | F83: 9000 | G83: - | H83: 9000 | I83: 10000 | J83: 8000 | K83: =AVERAGE(D83:J83) -> 8833.3333
B84: - Bayam (Jenis Sayur) | C84: Ikat Kecil | D84: 2000 | E84: - | F84: 2000 | G84: 2000 | H84: 1500 | I84: 2000 | J84: 2000 | K84: =AVERAGE(D84:J84) -> 1916.6667
B85: - Kangkung (Jenis Panjang) | C85: Ikat Kecil | D85: 2000 | E85: - | F85: 1500 | G85: 2000 | H85: 1500 | I85: 1500 | J85: 1500 | K85: =AVERAGE(D85:J85) -> 1666.6667
B86: - Sawi (Jenis Hijau) | C86: Ikat Kecil | D86: - | E86: - | F86: 2000 | G86: 2000 | H86: 2000 | I86: 2000 | J86: 2000 | K86: =AVERAGE(D86:J86) -> 2000
A87: 22 | B87: AIR MINERAL
B88: - Air Mineral (Aqua Galon) | C88: 19 Ltr/Galon | D88: 18000 | E88: - | F88: 18000 | G88: 17000 | H88: - | I88: 19000 | J88: 18000 | K88: =AVERAGE(D88:J88) -> 18000

Sheet 10
A1: HARGA BAHAN-BAHAN POKOK
A2: DI PASAR TRADISIONAL KOTA SURABAYA
A3: HARI / TANGGAL : Rabu / 10 Mei 2023
B4: NAMA BAHAN POKOK DAN PENTING LAINNYA | C4: SATUAN | D4: Pasar Tambahrejo | E4: Pasar Pucang Anom | F4: Pasar Wonokromo | G4: Pasar Genteng Baru | H4: Pasar Pabean | I4: Pasar Kembang | J4: Pasar Balongsari | K4: Rata-Rata
A7: 1 | B7: BERAS
B8: - Beras Premium | C8: Kg | D8: 13000 | E8: 13500 | F8: 14000 | G8: 13500 | H8: 12000 | I8: 14000 | J8: 13500 | K8: =AVERAGE(D8:J8) -> 13357.143
B9: - Beras Medium Bulog | C9: Kg | D9: - | E9: - | F9: 9000 | G9: - | H9: 9000 | I9: - | J9: 9000 | K9: =AVERAGE(D9:J9) -> 9000
B10: - Beras Medium | C10: Kg | D10: 11000 | E10: 11500 | F10: 14000 | G10: 11500 | H10: - | I10: 11500 | J10: - | K10: =AVERAGE(D10:J10) -> 11900
B11: - Beras Jagung | C11: Kg | D11: - | E11: 10000 | F11: 12000 | G11: 12000 | H11: - | I11: 11000 | J11: 8000 | K11: =AVERAGE(D11:J11) -> 10600
B12: - Beras Ketan (Jenis Siyem) | C12: Kg | D12: - | E12: 22000 | F12: 20000 | G12: 20000 | H12: - | I12: 20000 | J12: 17000 | K12: =AVERAGE(D12:J12) -> 19800
A13: 2 | B13: GULA
B14: - Gula pasir lokal curah | C14: Kg | D14: 13000 | E14: 13500 | F14: 13500 | G14: 13500 | H14: 13000 | I14: 13500 | J14: 13500 | K14: =AVERAGE(D14:J14) -> 13357.143
B15: - Gula Jawa/Merah (Bahan Kelapa) | C15: Kg | D15: 15000 | E15: 16000 | F15: 16000 | G15: 16000 | H15: 15000 | I15: 16000 | J15: 16000 | K15: =AVERAGE(D15:J15) -> 15714.286
A16: 3 | B16: MINYAK GORENG
B17: - Minyak Goreng Curah (Bening) | C17: Kg | D17: 14500 | E17: 16000 | F17: 17000 | G17: 16000 | H17: 14000 | I17: 16000 | J17: 16000 | K17: =AVERAGE(D17:J17) -> 15642.857
B18: - Minyak Kita | C18: Liter | D18: 14000 | E18: 14000 | F18: 14000 | G18: 14000 | H18: - | I18: 14000 | J18: 14000 | K18: =AVERAGE(D18:J18) -> 14000
A19: 4 | B19: MENTEGA
B20: - Mentega Curah (Amanda) | C20: Kg | D20: 20000 | E20: - | F20: 19000 | G20: 22000 | H20: - | I20: 24000 | J20: - | K20: =AVERAGE(D20:J20) -> 21250
A21: 5 | B21: DAGING
B22: - Daging Sapi Grade Atas | C22: Kg | D22: 120000 | E22: 120000 | F22: 120000 | G22: 120000 | H22: 120000 | I22: 120000 | J22: - | K22: =AVERAGE(D22:J22) -> 120000
B23: - Daging Sapi Grade Sedang | C23: Kg | D23: 110000 | E23: 110000 | F23: 110000 | G23: 115000 | H23: 114000 | I23: 115000 | J23: 115000 | K23: =AVERAGE(D23:J23) -> 112714.29
B24: - Daging Sapi Grade Bawah | C24: Kg | D24: 100000 | E24: 95000 | F24: 100000 | G24: 105000 | H24: 100000 | I24: 110000 | J24: 105000 | K24: =AVERAGE(D24:J24) -> 102142.86
B25: - Daging Ayam Broiler | C25: Kg | D25: 33000 | E25: 32000 | F25: 34000 | G25: 32000 | H25: 35000 | I25: 33000 | J25: 35000 | K25: =AVERAGE(D25:J25) -> 33428.571
A26: 6 | B26: I K A N
B27: - Ikan Tongkol Segar (Uk. Sedang) | C27: Kg | D27: 45000 | E27: 38000 | F27: 35000 | G27: 45000 | H27: 30000 | I27: 40000 | J27: 35000 | K27: =AVERAGE(D27:J27) -> 38285.714
B28: - Ikan Mujair Segar (Uk. Sedang) | C28: Kg | D28: 35000 | E28: 30000 | F28: 25000 | G28: 35000 | H28: 23000 | I28: 29000 | J28: 26000 | K28: =AVERAGE(D28:J28) -> 29000
B29: - Udang Segar (Uk. Sedang) | C29: Kg | D29: 80000 | E29: 60000 | F29: 60000 | G29: 75000 | H29: 58000 | I29: 68000 | J29: 60000 | K29: =AVERAGE(D29:J29) -> 65857.143
B30: - Ikan Lele Segar (Ukuran Sedang) | C30: Kg | D30: 25000 | E30: - | F30: - | G30: 25000 | H30: 23000 | I30: 24000 | J30: 26000 | K30: =AVERAGE(D30:J30) -> 24600
B31: - Ikan Bandeng Segar (Uk. Sedang) | C31: Kg | D31: 45000 | E31: 36000 | F31: 35000 | G31: 45000 | H31: 28000 | I31: 40000 | J31: 40000 | K31: =AVERAGE(D31:J31) -> 38428.571
B32: - Ikan Teri Asin (Bukan Teri Medan) | C32: Kg | D32: - | E32: 100000 | F32: 110000 | G32: - | H32: 80000 | I32: - | J32: - | K32: =AVERAGE(D32:J32) -> 96666.667
A33: 7 | B33: TELUR
B34: - Telur Ayam Broiler | C34: Kg | D34: 28000 | E34: 29000 | F34: 29000 | G34: 30000 | H34: 28000 | I34: 29000 | J34: 30000 | K34: =AVERAGE(D34:J34) -> 29000
B35: - Telur Ayam Kampung | C35: Butir | D35: 3000 | E35: 2200 | F35: 2500 | G35: 2200 | H35: 2000 | I35: 2500 | J35: 3000 | K35: =AVERAGE(D35:J35) -> 2485.7143
A36: 8 | B36: TAHU
B37: - Tahu biasa | C37: Kg | D37: 10000 | E37: 10000 | F37: 9000 | G37: 9000 | H37: 16000 | I37: 12000 | J37: 9000 | K37: =AVERAGE(D37:J37) -> 10714.286
B38: - Tahu susu | C38: Kg | D38: - | E38: 7000 | F38: 12000 | G38: 17000 | H38: - | I38: 15000 | J38: 12000 | K38: =AVERAGE(D38:J38) -> 12600
A39: 9 | B39: TEMPE
B40: - Tempe Kw I (campuran kedelai) | C40: Kg | D40: - | E40: 18000 | F40: - | G40: 16000 | H40: 14000 | I40: 15000 | J40: 15000 | K40: =AVERAGE(D40:J40) -> 15600
B41: - Tempe Kw II (campuran jagung) | C41: Kg | D41: 2500 | E41: 12000 | F41: 6000 | G41: - | H41: - | I41: - | J41: - | K41: =AVERAGE(D41:J41) -> 6833.3333
B42: - Tempe Kw III (campuran kulit) | C42: Kg | D42: - | E42: 2000 | F42: - | G42: - | H42: - | I42: - | J42: - | K42: =AVERAGE(D42:J42) -> 2000
A43: 10 | B43: S U S U
B44: - Susu Kental Manis "INDOMILK" Putih | C44: 390 Gr/kaleng | D44: 12500 | E44: 12000 | F44: 12500 | G44: 12000 | H44: - | I44: 12500 | J44: 12500 | K44: =AVERAGE(D44:J44) -> 12333.333
B45: - Susu Kental Manis "BENDERA" Putih | C45: 390 Gr/kaleng | D45: 12500 | E45: 13000 | F45: 12500 | G45: 12000 | H45: - | I45: 12500 | J45: 12500 | K45: =AVERAGE(D45:J45) -> 12500
A46: 11 | B46: SABUN CUCI
B47: - Sabun Detergen Rinso (Anti Noda) | C47: 900 Gram | D47: - | E47: - | F47: - | G47: - | H47: 17500 | I47: - | J47: - | K47: =AVERAGE(D47:J47) -> 17500
B48: - Sabun Colek "Wing's Biru" | C48: 350 Gram | D48: - | E48: - | F48: - | G48: - | H48: 2000 | I48: - | J48: - | K48: =AVERAGE(D48:J48) -> 2000
A49: 12 | B49: JAGUNG
B50: - Jagung Pipilan Kering (Jenis Kecil) | C50: Kg | D50: 10000 | E50: 8000 | F50: 10000 | G50: 10000 | H50: 9000 | I50: 10000 | J50: 8000 | K50: =AVERAGE(D50:J50) -> 9285.7143
B51: - Jagung Pipilan Kering (Jenis Besar) | C51: Kg | D51: 9000 | E51: 10000 | F51: 9000 | G51: 9000 | H51: 6000 | I51: - | J51: 6000 | K51: =AVERAGE(D51:J51) -> 8166.6667
A52: 13 | B52: GARAM BERYODIUM
B53: - Garam Halus (Cap Kapal) | C53: 250 Gr/Bngks | D53: 3000 | E53: 8000 | F53: 5000 | G53: 5000 | H53: 2500 | I53: 2000 | J53: 2500 | K53: =AVERAGE(D53:J53) -> 4000
A54: 14 | B54: TEPUNG TERIGU
B55: - Tepung Terigu "Segitiga Biru" Curah | C55: Kg | D55: 12000 | E55: 10500 | F55: 12500 | G55: 11000 | H55: 11000 | I55: 12000 | J55: 10000 | K55: =AVERAGE(D55:J55) -> 11285.714
A56: 15 | B56: KACANG-KACANGAN
B57: - Kacang Kedelai (Kualitas Import) | C57: Kg | D57: 13000 | E57: 16000 | F57: 16000 | G57: 20000 | H57: 13000 | I57: 16000 | J57: - | K57: =AVERAGE(D57:J57) -> 15666.667
B58: - Kacang Kedelai (Kualitas Lokal) | C58: Kg | D58: - | E58: 14000 | F58: 15000 | G58: - | H58: - | I58: - | J58: 13500 | K58: =AVERAGE(D58:J58) -> 14166.667
B59: - Kacang Hijau | C59: Kg | D59: 25000 | E59: 23000 | F59: 26000 | G59: 30000 | H59: 22000 | I59: 26000 | J59: 26000 | K59: =AVERAGE(D59:J59) -> 25428.571
B60: - Kacang Tanah (Jenis Besar) | C60: Kg | D60: 30000 | E60: 30000 | F60: 30000 | G60: 30000 | H60: 26000 | I60: 29000 | J60: 28000 | K60: =AVERAGE(D60:J60) -> 29000
A61: 16 | B61: MIE INSTAN
B62: - Indomie Goreng | C62: 86 Gr/Bngks | D62: 3000 | E62: 3200 | F62: 3000 | G62: 3000 | H62: - | I62: 3500 | J62: 3500 | K62: =AVERAGE(D62:J62) -> 3200
A63: 17 | B63: C A B E
B64: - Cabe Merah Besar | C64: Kg | D64: 28000 | E64: 25000 | F64: 30000 | G64: 40000 | H64: 25000 | I64: 40000 | J64: 35000 | K64: =AVERAGE(D64:J64) -> 31857.143
B65: - Cabe Merah Kriting | C65: Kg | D65: 30000 | E65: 30000 | F65: 25000 | G65: 40000 | H65: - | I65: 30000 | J65: - | K65: =AVERAGE(D65:J65) -> 31000
B66: - Cabe Merah Kecil-Rawit | C66: Kg | D66: 25000 | E66: 25000 | F66: 30000 | G66: 30000 | H66: 25000 | I66: 35000 | J66: 30000 | K66: =AVERAGE(D66:J66) -> 28571.429
A67: 18 | B67: BAHAN BAKAR GAS LPG
B68: - Gas LPG Tabung (3 Kg.) | C68: Per Tabung | D68: 20000 | E68: 18000 | F68: 18000 | G68: 18000 | H68: - | I68: 18000 | J68: 18000 | K68: =AVERAGE(D68:J68) -> 18333.333
A69: 19 | B69: BAWANG
B70: - Bawang Putih (Jenis Kating) | C70: Kg | D70: 32000 | E70: 35000 | F70: 35000 | G70: 40000 | H70: 34000 | I70: 40000 | J70: 35000 | K70: =AVERAGE(D70:J70) -> 35857.143
B71: - Bawang Putih (Jenis Sinco) | C71: Kg | D71: 32000 | E71: 30000 | F71: 32000 | G71: 35000 | H71: 30000 | I71: 40000 | J71: 28000 | K71: =AVERAGE(D71:J71) -> 32428.571
B72: - Bawang Merah (Kualitas Lokal) | C72: Kg | D72: 42000 | E72: 35000 | F72: 46000 | G72: 40000 | H72: 38000 | I72: 40000 | J72: 35000 | K72: =AVERAGE(D72:J72) -> 39428.571
B73: - Bawang Bombay | C73: Kg | D73: 40000 | E73: 40000 | F73: 45000 | G73: 45000 | H73: 40000 | I73: 50000 | J73: 22000 | K73: =AVERAGE(D73:J73) -> 40285.714
A74: 20 | B74: UBI-UBIAN
B75: - Ketela Pohon | C75: Kg | D75: 6000 | E75: 7000 | F75: 5000 | G75: 6000 | H75: 4000 | I75: 7000 | J75: 5000 | K75: =AVERAGE(D75:J75) -> 5714.2857
B76: - Ubi Jalar | C76: Kg | D76: 6000 | E76: - | F76: 6000 | G76: 6000 | H76: 5000 | I76: 7000 | J76: 6000 | K76: =AVERAGE(D76:J76) -> 6000
A77: 21 | B77: SAYUR-SAYURAN
B78: - Kubis | C78: Kg | D78: 7000 | E78: 10000 | F78: 6000 | G78: 10000 | H78: 9000 | I78: 8000 | J78: 7000 | K78: =AVERAGE(D78:J78) -> 8142.8571
B79: - Buncis | C79: Kg | D79: 12000 | E79: 20000 | F79: 14000 | G79: 15000 | H79: 10000 | I79: 14000 | J79: 15000 | K79: =AVERAGE(D79:J79) -> 14285.714
B80: - Kentang | C80: Kg | D80: 15000 | E80: 15000 | F80: 16000 | G80: 17000 | H80: 15000 | I80: 18000 | J80: 15000 | K80: =AVERAGE(D80:J80) -> 15857.143
B81: - Tomat | C81: Kg | D81: 11000 | E81: 20000 | F81: 14000 | G81: 20000 | H81: 10000 | I81: 18000 | J81: 15000 | K81: =AVERAGE(D81:J81) -> 15428.571
B82: - Wortel (Kualitas Lokal) | C82: Kg | D82: 9000 | E82: 14000 | F82: 10000 | G82: 15000 | H82: 10000 | I82: 12000 | J82: 10000 | K82: =AVERAGE(D82:J82) -> 11428.571
B83: - Terong Ungu (Jenis Sayur) | C83: Kg | D83: 7000 | E83: 10000 | F83: 9000 | G83: - | H83: 9000 | I83: 10000 | J83: 8000 | K83: =AVERAGE(D83:J83) -> 8833.3333
B84: - Bayam (Jenis Sayur) | C84: Ikat Kecil | D84: 2000 | E84: - | F84: 2000 | G84: 2000 | H84: 1500 | I84: 2000 | J84: 2000 | K84: =AVERAGE(D84:J84) -> 1916.6667
B85: - Kangkung (Jenis Panjang) | C85: Ikat Kecil | D85: 2000 | E85: - | F85: 1500 | G85: 2000 | H85: 1500 | I85: 1500 | J85: 1500 | K85: =AVERAGE(D85:J85) -> 1666.6667
B86: - Sawi (Jenis Hijau) | C86: Ikat Kecil | D86: - | E86: - | F86: 2000 | G86: 2000 | H86: 2000 | I86: 2000 | J86: 2000 | K86: =AVERAGE(D86:J86) -> 2000
A87: 22 | B87: AIR MINERAL
B88: - Air Mineral (Aqua Galon) | C88: 19 Ltr/Galon | D88: 18000 | E88: - | F88: 18000 | G88: 17000 | H88: - | I88: 19000 | J88: 18000 | K88: =AVERAGE(D88:J88) -> 18000

Sheet 11
A1: HARGA BAHAN-BAHAN POKOK
A2: DI PASAR TRADISIONAL KOTA SURABAYA
A3: HARI / TANGGAL : Kamis / 11 Mei 2023
B4: NAMA BAHAN POKOK DAN PENTING LAINNYA | C4: SATUAN | D4: Pasar Tambahrejo | E4: Pasar Pucang Anom | F4: Pasar Wonokromo | G4: Pasar Genteng Baru | H4: Pasar Pabean | I4: Pasar Kembang | J4: Pasar Balongsari | K4: Rata-Rata
A7: 1 | B7: BERAS
B8: - Beras Premium | C8: Kg | D8: 13000 | E8: 13500 | F8: 14000 | G8: 13500 | H8: 12000 | I8: 14000 | J8: 13500 | K8: =AVERAGE(D8:J8) -> 13357.143
B9: - Beras Medium Bulog | C9: Kg | D9: - | E9: - | F9: 9000 | G9: - | H9: 9000 | I9: - | J9: 9000 | K9: =AVERAGE(D9:J9) -> 9000
B10: - Beras Medium | C10: Kg | D10: 11000 | E10: 11500 | F10: 13000 | G10: 11500 | H10: - | I10: 11500 | J10: - | K10: =AVERAGE(D10:J10) -> 11700
B11: - Beras Jagung | C11: Kg | D11: - | E11: 10000 | F11: 12000 | G11: 12000 | H11: - | I11: 11000 | J11: 8000 | K11: =AVERAGE(D11:J11) -> 10600
B12: - Beras Ketan (Jenis Siyem) | C12: Kg | D12: - | E12: 22000 | F12: 24000 | G12: 20000 | H12: - | I12: 20000 | J12: 17000 | K12: =AVERAGE(D12:J12) -> 20600
A13: 2 | B13: GULA
B14: - Gula pasir lokal curah | C14: Kg | D14: 13000 | E14: 13500 | F14: 13500 | G14: 13500 | H14: 13000 | I14: 13500 | J14: 13500 | K14: =AVERAGE(D14:J14) -> 13357.143
B15: - Gula Jawa/Merah (Bahan Kelapa) | C15: Kg | D15: 15000 | E15: 16000 | F15: 15000 | G15: 16000 | H15: 15000 | I15: 16000 | J15: 16000 | K15: =AVERAGE(D15:J15) -> 15571.429
A16: 3 | B16: MINYAK GORENG
B17: - Minyak Goreng Curah (Bening) | C17: Kg | D17: 14500 | E17: 16000 | F17: 17000 | G17: 16000 | H17: 14000 | I17: 16000 | J17: 16000 | K17: =AVERAGE(D17:J17) -> 15642.857
B18: - Minyak Kita | C18: Liter | D18: 14000 | E18: 14000 | F18: 14000 | G18: 14000 | H18: - | I18: 14000 | J18: 14000 | K18: =AVERAGE(D18:J18) -> 14000
A19: 4 | B19: MENTEGA
B20: - Mentega Curah (Amanda) | C20: Kg | D20: 20000 | E20: - | F20: 19000 | G20: 22000 | H20: - | I20: 24000 | J20: - | K20: =AVERAGE(D20:J20) -> 21250
A21: 5 | B21: DAGING
B22: - Daging Sapi Grade Atas | C22: Kg | D22: 120000 | E22: 120000 | F22: 120000 | G22: 120000 | H22: 120000 | I22: 120000 | J22: - | K22: =AVERAGE(D22:J22) -> 120000
B23: - Daging Sapi Grade Sedang | C23: Kg | D23: 110000 | E23: 110000 | F23: 110000 | G23: 115000 | H23: 114000 | I23: 115000 | J23: 115000 | K23: =AVERAGE(D23:J23) -> 112714.29
B24: - Daging Sapi Grade Bawah | C24: Kg | D24: 100000 | E24: 95000 | F24: 105000 | G24: 105000 | H24: 100000 | I24: 110000 | J24: 105000 | K24: =AVERAGE(D24:J24) -> 102857.14
B25: - Daging Ayam Broiler | C25: Kg | D25: 34000 | E25: 34000 | F25: 34000 | G25: 32000 | H25: 35000 | I25: 33000 | J25: 35000 | K25: =AVERAGE(D25:J25) -> 33857.143
A26: 6 | B26: I K A N
B27: - Ikan Tongkol Segar (Uk. Sedang) | C27: Kg | D27: 45000 | E27: 38000 | F27: - | G27: 45000 | H27: 30000 | I27: 40000 | J27: 35000 | K27: =AVERAGE(D27:J27) -> 38833.333
B28: - Ikan Mujair Segar (Uk. Sedang) | C28: Kg | D28: 35000 | E28: 30000 | F28: 25000 | G28: 35000 | H28: 23000 | I28: 29000 | J28: 26000 | K28: =AVERAGE(D28:J28) -> 29000
B29: - Udang Segar (Uk. Sedang) | C29: Kg | D29: 80000 | E29: 60000 | F29: 60000 | G29: 75000 | H29: 58000 | I29: 68000 | J29: 60000 | K29: =AVERAGE(D29:J29) -> 65857.143
B30: - Ikan Lele Segar (Ukuran Sedang) | C30: Kg | D30: 25000 | E30: - | F30: - | G30: 25000 | H30: 23000 | I30: 24000 | J30: 26000 | K30: =AVERAGE(D30:J30) -> 24600
B31: - Ikan Bandeng Segar (Uk. Sedang) | C31: Kg | D31: 45000 | E31: 36000 | F31: 40000 | G31: 45000 | H31: 28000 | I31: 40000 | J31: 40000 | K31: =AVERAGE(D31:J31) -> 39142.857
B32: - Ikan Teri Asin (Bukan Teri Medan) | C32: Kg | D32: - | E32: 100000 | F32: 110000 | G32: - | H32: 80000 | I32: - | J32: - | K32: =AVERAGE(D32:J32) -> 96666.667
A33: 7 | B33: TELUR
B34: - Telur Ayam Broiler | C34: Kg | D34: 28000 | E34: 30000 | F34: 29000 | G34: 30000 | H34: 28000 | I34: 29000 | J34: 30000 | K34: =AVERAGE(D34:J34) -> 29142.857
B35: - Telur Ayam Kampung | C35: Butir | D35: 3000 | E35: 2200 | F35: 2000 | G35: 2200 | H35: 2000 | I35: 2500 | J35: 3000 | K35: =AVERAGE(D35:J35) -> 2414.2857
A36: 8 | B36: TAHU
B37: - Tahu biasa | C37: Kg | D37: 10000 | E37: 10000 | F37: 9000 | G37: 9000 | H37: 16000 | I37: 12000 | J37: 9000 | K37: =AVERAGE(D37:J37) -> 10714.286
B38: - Tahu susu | C38: Kg | D38: - | E38: 7000 | F38: 12000 | G38: 17000 | H38: - | I38: 15000 | J38: 12000 | K38: =AVERAGE(D38:J38) -> 12600
A39: 9 | B39: TEMPE
B40: - Tempe Kw I (campuran kedelai) | C40: Kg | D40: - | E40: 18000 | F40: - | G40: 16000 | H40: 14000 | I40: 15000 | J40: 15000 | K40: =AVERAGE(D40:J40) -> 15600
B41: - Tempe Kw II (campuran jagung) | C41: Kg | D41: 2500 | E41: 12000 | F41: 6000 | G41: - | H41: - | I41: - | J41: - | K41: =AVERAGE(D41:J41) -> 6833.3333
B42: - Tempe Kw III (campuran kulit) | C42: Kg | D42: - | E42: 2000 | F42: - | G42: - | H42: - | I42: - | J42: - | K42: =AVERAGE(D42:J42) -> 2000
A43: 10 | B43: S U S U
B44: - Susu Kental Manis "INDOMILK" Putih | C44: 390 Gr/kaleng | D44: 12500 | E44: 12000 | F44: 12500 | G44: 12000 | H44: - | I44: 12500 | J44: 12500 | K44: =AVERAGE(D44:J44) -> 12333.333
B45: - Susu Kental Manis "BENDERA" Putih | C45: 390 Gr/kaleng | D45: 12500 | E45: 13000 | F45: 12500 | G45: 12000 | H45: - | I45: 12500 | J45: 12500 | K45: =AVERAGE(D45:J45) -> 12500
A46: 11 | B46: SABUN CUCI
B47: - Sabun Detergen Rinso (Anti Noda) | C47: 900 Gram | D47: - | E47: - | F47: - | G47: - | H47: 17500 | I47: - | J47: - | K47: =AVERAGE(D47:J47) -> 17500
B48: - Sabun Colek "Wing's Biru" | C48: 350 Gram | D48: - | E48: - | F48: - | G48: - | H48: 2000 | I48: - | J48: - | K48: =AVERAGE(D48:J48) -> 2000
A49: 12 | B49: JAGUNG
B50: - Jagung Pipilan Kering (Jenis Kecil) | C50: Kg | D50: 10000 | E50: 8000 | F50: 10000 | G50: 10000 | H50: 9000 | I50: 10000 | J50: 8000 | K50: =AVERAGE(D50:J50) -> 9285.7143
B51: - Jagung Pipilan Kering (Jenis Besar) | C51: Kg | D51: 9000 | E51: 10000 | F51: 9000 | G51: 9000 | H51: 6000 | I51: - | J51: 6000 | K51: =AVERAGE(D51:J51) -> 8166.6667
A52: 13 | B52: GARAM BERYODIUM
B53: - Garam Halus (Cap Kapal) | C53: 250 Gr/Bngks | D53: 3000 | E53: 8000 | F53: 5000 | G53: 5000 | H53: 2500 | I53: 2000 | J53: 2500 | K53: =AVERAGE(D53:J53) -> 4000
A54: 14 | B54: TEPUNG TERIGU
B55: - Tepung Terigu "Segitiga Biru" Curah | C55: Kg | D55: 12000 | E55: 10500 | F55: 13000 | G55: 11000 | H55: 11000 | I55: 12000 | J55: 10000 | K55: =AVERAGE(D55:J55) -> 11357.143
A56: 15 | B56: KACANG-KACANGAN
B57: - Kacang Kedelai (Kualitas Import) | C57: Kg | D57: 13000 | E57: 16000 | F57: 16000 | G57: 18000 | H57: 13000 | I57: 16000 | J57: - | K57: =AVERAGE(D57:J57) -> 15333.333
B58: - Kacang Kedelai (Kualitas Lokal) | C58: Kg | D58: - | E58: 14000 | F58: 15000 | G58: - | H58: - | I58: - | J58: 13500 | K58: =AVERAGE(D58:J58) -> 14166.667
B59: - Kacang Hijau | C59: Kg | D59: 25000 | E59: 23000 | F59: 26000 | G59: 30000 | H59: 22000 | I59: 26000 | J59: 26000 | K59: =AVERAGE(D59:J59) -> 25428.571
B60: - Kacang Tanah (Jenis Besar) | C60: Kg | D60: 30000 | E60: 30000 | F60: 30000 | G60: 30000 | H60: 26000 | I60: 29000 | J60: 28000 | K60: =AVERAGE(D60:J60) -> 29000
A61: 16 | B61: MIE INSTAN
B62: - Indomie Goreng | C62: 86 Gr/Bngks | D62: 3000 | E62: 3200 | F62: 3000 | G62: 3000 | H62: - | I62: 3500 | J62: 3500 | K62: =AVERAGE(D62:J62) -> 3200
A63: 17 | B63: C A B E
B64: - Cabe Merah Besar | C64: Kg | D64: 28000 | E64: 25000 | F64: 35000 | G64: 35000 | H64: 25000 | I64: 40000 | J64: 35000 | K64: =AVERAGE(D64:J64) -> 31857.143
B65: - Cabe Merah Kriting | C65: Kg | D65: 30000 | E65: 30000 | F65: 25000 | G65: 40000 | H65: - | I65: 30000 | J65: - | K65: =AVERAGE(D65:J65) -> 31000
