Workbook

Sheet REKAPITULASI
A1: BAGIAN PEREKONOMIAN DAN SUMBER DAYA ALAM
A2: LAPORAN HARGA BAHAN POKOK DI KOTA SURABAYA
A3: PERIODE JUNI 2023
B4: NAMA BAHAN POKOK DAN PENTING LAINNYA | C4: SAT | AG4: HET/HAPK (Harga Eceran Tertinggi) | AH4: FLUKTUASI
D5: 1 | E5: 2 | F5: 3 | G5: 4 | H5: 5 | I5: 6 | J5: 7 | K5: 8 | L5: 9 | M5: 10 | N5: 11 | O5: 12 | P5: 13 | Q5: 14 | R5: 15 | S5: 16 | T5: 17 | U5: 18 | V5: 19 | W5: 20 | X5: 21 | Y5: 22 | Z5: 23 | AA5: 24 | AB5: 25 | AC5: 26 | AD5: 27 | AE5: 28 | AF5: 30
A7: 1 | B7: BERAS
B8: - Beras Premium | C8: Kg | D8: ='1'!K8 -> 13357.143 | E8: ='2'!K8 -> 13357.143 | F8: ='3'!K8 -> 13357.143 | G8: ='4'!K8 -> 13357.143 | H8: ='5'!K8 -> 13357.143 | I8: ='6'!K8 -> 13357.143 | J8: ='7'!K8 -> 13357.143 | K8: ='8'!K8 -> 13357.143 | L8: ='9'!K8 -> 13357.143 | M8: ='10'!K8 -> 13214.286 | N8: ='11'!K8 -> 13071.429 | O8: ='12'!K8 -> 13000 | P8: ='13'!K8 -> 13071.429 | Q8: ='14'!K8 -> 13000 | R8: ='15'!K8 -> 13000 | S8: ='14'!K8 -> 13000 | T8: ='17'!K8 -> 13071.429 | U8: ='18'!K8 -> 13142.857 | V8: ='19'!K8 -> 13071.429 | W8: ='20'!K8 -> 13071.429 | X8: ='21'!K8 -> 13214.286 | Y8: ='22'!K8 -> 13214.286 | Z8: ='23'!K8 -> 13214.286 | AA8: ='24'!K8 -> 13214.286 | AB8: ='25'!K8 -> 13214.286 | AC8: ='26'!K8 -> 13214.286 | AD8: ='27'!K8 -> 13214.286 | AE8: ='28'!K8 -> 13214.286 | AF8: ='30'!K8 -> 13214.286 | AG8: 12800 | AH8: =AF8-D8 -> -142.85714 | AI8: =AVERAGE(D8:AF8) -> 13201.97
B9: - Beras IR.64 Medium Bulog | C9: KG | D9: ='1'!K9 -> 9000 | E9: ='2'!K9 -> 9000 | F9: ='3'!K9 -> 9000 | G9: ='4'!K9 -> 9000 | H9: ='5'!K9 -> 9000 | I9: ='6'!K9 -> 9000 | J9: ='7'!K9 -> 9000 | K9: ='8'!K9 -> 9000 | L9: ='9'!K9 -> 9000 | M9: ='10'!K9 -> 9000 | N9: ='11'!K9 -> 9000 | O9: ='12'!K9 -> 9000 | P9: ='13'!K9 -> 9000 | Q9: ='14'!K9 -> 9000 | R9: ='15'!K9 -> 9000 | S9: ='14'!K9 -> 9000 | T9: ='17'!K9 -> 9250 | U9: ='18'!K9 -> 9250 | V9: ='19'!K9 -> 9000 | W9: ='20'!K9 -> 9000 | X9: ='21'!K9 -> 9000 | Y9: ='22'!K9 -> 9000 | Z9: ='23'!K9 -> 9000 | AA9: ='24'!K9 -> 9000 | AB9: ='25'!K9 -> 9250 | AC9: ='26'!K9 -> 9000 | AD9: ='27'!K9 -> 9000 | AE9: ='28'!K9 -> 9125 | AF9: ='30'!K9 -> 9375 | AH9: =AF9-D9 -> 375 | AI9: =AVERAGE(D9:AF9) -> 9043.1034
B10: - Beras IR.64 Medium | C10: Kg | D10: ='1'!K10 -> 11833.333 | E10: ='2'!K10 -> 11833.333 | F10: ='3'!K10 -> 12000 | G10: ='4'!K10 -> 12000 | H10: ='5'!K10 -> 12000 | I10: ='6'!K10 -> 12000 | J10: ='7'!K10 -> 12000 | K10: ='8'!K10 -> 12000 | L10: ='9'!K10 -> 12166.667 | M10: ='10'!K10 -> 11833.333 | N10: ='11'!K10 -> 11166.667 | O10: ='12'!K10 -> 11500 | P10: ='13'!K10 -> 11083.333 | Q10: ='14'!K10 -> 10966.667 | R10: ='15'!K10 -> 11133.333 | S10: ='14'!K10 -> 10966.667 | T10: ='17'!K10 -> 10860 | U10: ='18'!K10 -> 10860 | V10: ='19'!K10 -> 11000 | W10: ='20'!K10 -> 10980 | X10: ='21'!K10 -> 10760 | Y10: ='22'!K10 -> 10450 | Z10: ='23'!K10 -> 10560 | AA10: ='24'!K10 -> 10560 | AB10: ='25'!K10 -> 10560 | AC10: ='26'!K10 -> 10360 | AD10: ='27'!K10 -> 10360 | AE10: ='28'!K10 -> 10450 | AF10: ='30'!K10 -> 10450 | AG10: 9450 | AH10: =AF10-D10 -> -1383.3333 | AI10: =AVERAGE(D10:AF10) -> 11196.322
B11: - Beras Jagung | C11: Kg | D11: ='1'!K11 -> 10600 | E11: ='2'!K11 -> 10600 | F11: ='3'!K11 -> 10600 | G11: ='4'!K11 -> 10600 | H11: ='5'!K11 -> 10600 | I11: ='6'!K11 -> 10600 | J11: ='7'!K11 -> 10600 | K11: ='8'!K11 -> 10600 | L11: ='9'!K11 -> 10600 | M11: ='10'!K11 -> 10600 | N11: ='11'!K11 -> 10600 | O11: ='12'!K11 -> 10600 | P11: ='13'!K11 -> 10600 | Q11: ='14'!K11 -> 10600 | R11: ='15'!K11 -> 10600 | S11: ='14'!K11 -> 10600 | T11: ='17'!K11 -> 10600 | U11: ='18'!K11 -> 10600 | V11: ='19'!K11 -> 10200 | W11: ='20'!K11 -> 10200 | X11: ='21'!K11 -> 10200 | Y11: ='22'!K11 -> 10200 | Z11: ='23'!K11 -> 10200 | AA11: ='24'!K11 -> 10200 | AB11: ='25'!K11 -> 10200 | AC11: ='26'!K11 -> 10200 | AD11: ='27'!K11 -> 10200 | AE11: ='28'!K11 -> 10200 | AF11: ='30'!K11 -> 10200 | AH11: =AF11-D11 -> -400 | AI11: =AVERAGE(D11:AF11) -> 10448.276
B12: - Beras Ketan (Jenis Siyem) | C12: Kg | D12: ='1'!K12 -> 20200 | E12: ='2'!K12 -> 19000 | F12: ='3'!K12 -> 19000 | G12: ='4'!K12 -> 19000 | H12: ='5'!K12 -> 20200 | I12: ='6'!K12 -> 20200 | J12: ='7'!K12 -> 20200 | K12: ='8'!K12 -> 20200 | L12: ='9'!K12 -> 20200 | M12: ='10'!K12 -> 19000 | N12: ='11'!K12 -> 19000 | O12: ='12'!K12 -> 19000 | P12: ='13'!K12 -> 20200 | Q12: ='14'!K12 -> 20200 | R12: ='15'!K12 -> 20200 | S12: ='14'!K12 -> 20200 | T12: ='17'!K12 -> 20200 | U12: ='18'!K12 -> 20200 | V12: ='19'!K12 -> 20200 | W12: ='20'!K12 -> 20200 | X12: ='21'!K12 -> 20200 | Y12: ='22'!K12 -> 19400 | Z12: ='23'!K12 -> 20200 | AA12: ='24'!K12 -> 20200 | AB12: ='25'!K12 -> 18800 | AC12: ='26'!K12 -> 18800 | AD12: ='27'!K12 -> 18800 | AE12: ='28'!K12 -> 18800 | AF12: ='30'!K12 -> 18800 | AH12: =AF12-D12 -> -1400 | AI12: =AVERAGE(D12:AF12) -> 19682.759
A13: 2 | B13: GULA | D13: ='1'!K13 | E13: ='2'!K13 | F13: ='3'!K13 | G13: ='4'!K13 | H13: ='5'!K13 | I13: ='6'!K13 | J13: ='7'!K13 | K13: ='8'!K13 | L13: ='9'!K13 | M13: ='10'!K13 | N13: ='11'!K13 | O13: ='12'!K13 | P13: ='13'!K13 | Q13: ='14'!K13 | R13: ='15'!K13 | S13: ='14'!K13 | T13: ='17'!K13 | U13: ='18'!K13 | V13: ='19'!K13 | W13: ='20'!K13 | X13: ='21'!K13 | Y13: ='22'!K13 | Z13: ='23'!K13 | AA13: ='24'!K13 | AB13: ='25'!K13 | AC13: ='26'!K13 | AD13: ='27'!K13 | AE13: ='28'!K13 | AF13: ='30'!K13 | AH13: =AF13-D13 -> 0 | AI13: =AVERAGE(D13:AF13) -> #DIV/0!
B14: Gula Pasir Lokal Curah | C14: Kg | D14: ='1'!K14 -> 13571.429 | E14: ='2'!K14 -> 13500 | F14: ='3'!K14 -> 13500 | G14: ='4'!K14 -> 13428.571 | H14: ='5'!K14 -> 13500 | I14: ='6'!K14 -> 13500 | J14: ='7'!K14 -> 13500 | K14: ='8'!K14 -> 13500 | L14: ='9'!K14 -> 13500 | M14: ='10'!K14 -> 13428.571 | N14: ='11'!K14 -> 13428.571 | O14: ='12'!K14 -> 13428.571 | P14: ='13'!K14 -> 13357.143 | Q14: ='14'!K14 -> 13357.143 | R14: ='15'!K14 -> 13357.143 | S14: ='14'!K14 -> 13357.143 | T14: ='17'!K14 -> 13285.714 | U14: ='18'!K14 -> 13285.714 | V14: ='19'!K14 -> 13214.286 | W14: ='20'!K14 -> 13214.286 | X14: ='21'!K14 -> 13214.286 | Y14: ='22'!K14 -> 13214.286 | Z14: ='23'!K14 -> 13214.286 | AA14: ='24'!K14 -> 13214.286 | AB14: ='25'!K14 -> 13285.714 | AC14: ='26'!K14 -> 13285.714 | AD14: ='27'!K14 -> 13285.714 | AE14: ='28'!K14 -> 13285.714 | AF14: ='30'!K14 -> 13285.714 | AG14: 13500 | AH14: =AF14-D14 -> -285.71429 | AI14: =AVERAGE(D14:AF14) -> 13362.069
B15: - Gula Jawa/Merah (Bahan Kelapa) | C15: Kg | D15: ='1'!K15 -> 15857.143 | E15: ='2'!K15 -> 17142.857 | F15: ='3'!K15 -> 17142.857 | G15: ='4'!K15 -> 16571.429 | H15: ='5'!K15 -> 15857.143 | I15: ='6'!K15 -> 15857.143 | J15: ='7'!K15 -> 15857.143 | K15: ='8'!K15 -> 15857.143 | L15: ='9'!K15 -> 15857.143 | M15: ='10'!K15 -> 15857.143 | N15: ='11'!K15 -> 15857.143 | O15: ='12'!K15 -> 15571.429 | P15: ='13'!K15 -> 15571.429 | Q15: ='14'!K15 -> 15571.429 | R15: ='15'!K15 -> 15571.429 | S15: ='14'!K15 -> 15571.429 | T15: ='17'!K15 -> 15714.286 | U15: ='18'!K15 -> 16285.714 | V15: ='19'!K15 -> 15571.429 | W15: ='20'!K15 -> 15285.714 | X15: ='21'!K15 -> 15285.714 | Y15: ='22'!K15 -> 15285.714 | Z15: ='23'!K15 -> 15285.714 | AA15: ='24'!K15 -> 15285.714 | AB15: ='25'!K15 -> 15428.571 | AC15: ='26'!K15 -> 15428.571 | AD15: ='27'!K15 -> 15428.571 | AE15: ='28'!K15 -> 15428.571 | AF15: ='30'!K15 -> 15428.571 | AH15: =AF15-D15 -> -428.57143 | AI15: =AVERAGE(D15:AF15) -> 15748.768
B16: MINYAK GORENG | D16: ='1'!K16 | E16: ='2'!K16 | F16: ='3'!K16 | G16: ='4'!K16 | H16: ='5'!K16 | I16: ='6'!K16 | J16: ='7'!K16 | K16: ='8'!K16 | L16: ='9'!K16 | M16: ='10'!K16 | N16: ='11'!K16 | O16: ='12'!K16 | P16: ='13'!K16 | Q16: ='14'!K16 | R16: ='15'!K16 | S16: ='14'!K16 | T16: ='17'!K16 | U16: ='18'!K16 | V16: ='19'!K16 | W16: ='20'!K16 | X16: ='21'!K16 | Y16: ='22'!K16 | Z16: ='23'!K16 | AA16: ='24'!K16 | AB16: ='25'!K16 | AC16: ='26'!K16 | AD16: ='27'!K16 | AE16: ='28'!K16 | AF16: ='30'!K16 | AH16: =AF16-D16 -> 0 | AI16: =AVERAGE(D16:AF16) -> #DIV/0!
B17: - Minyak Goreng Curah (Bening) | C17: Kg | D17: ='1'!K17 -> 15571.429 | E17: ='2'!K17 -> 15571.429 | F17: ='3'!K17 -> 15571.429 | G17: ='4'!K17 -> 15571.429 | H17: ='5'!K17 -> 15571.429 | I17: ='6'!K17 -> 15571.429 | J17: ='7'!K17 -> 15571.429 | K17: ='8'!K17 -> 15571.429 | L17: ='9'!K17 -> 15500 | M17: ='10'!K17 -> 15285.714 | N17: ='11'!K17 -> 15071.429 | O17: ='12'!K17 -> 15214.286 | P17: ='13'!K17 -> 15214.286 | Q17: ='14'!K17 -> 15000 | R17: ='15'!K17 -> 15000 | S17: ='14'!K17 -> 15000 | T17: ='17'!K17 -> 15000 | U17: ='18'!K17 -> 15142.857 | V17: ='19'!K17 -> 15000 | W17: ='20'!K17 -> 15000 | X17: ='21'!K17 -> 15142.857 | Y17: ='22'!K17 -> 15142.857 | Z17: ='23'!K17 -> 15142.857 | AA17: ='24'!K17 -> 15142.857 | AB17: ='25'!K17 -> 15142.857 | AC17: ='26'!K17 -> 15142.857 | AD17: ='27'!K17 -> 15142.857 | AE17: ='28'!K17 -> 15142.857 | AF17: ='30'!K17 -> 15142.857 | AG17: 15500 | AH17: =AF17-D17 -> -428.57143 | AI17: =AVERAGE(D17:AF17) -> 15251.232
B18: - Minyak KITA | C18: Kg | D18: ='1'!K18 -> 14000 | E18: ='2'!K18 -> 14000 | F18: ='3'!K18 -> 14000 | G18: ='4'!K18 -> 14000 | H18: ='5'!K18 -> 14000 | I18: ='6'!K18 -> 14000 | J18: ='7'!K18 -> 14000 | K18: ='8'!K18 -> 14000 | L18: ='9'!K18 -> 14000 | M18: ='10'!K18 -> 14000 | N18: ='11'!K18 -> 14000 | O18: ='12'!K18 -> 14000 | P18: ='13'!K18 -> 14000 | Q18: ='14'!K18 -> 14000 | R18: ='15'!K18 -> 14000 | S18: ='14'!K18 -> 14000 | T18: ='17'!K18 -> 14000 | U18: ='18'!K18 -> 14000 | V18: ='19'!K18 -> 14000 | W18: ='20'!K18 -> 14000 | X18: ='21'!K18 -> 14000 | Y18: ='22'!K18 -> 14000 | Z18: ='23'!K18 -> 14000 | AA18: ='24'!K18 -> 14000 | AB18: ='25'!K18 -> 14000 | AC18: ='26'!K18 -> 14000 | AD18: ='27'!K18 -> 14000 | AE18: ='28'!K18 -> 14000 | AF18: ='30'!K18 -> 14000 | AG18: 14000 | AH18: =AF18-D18 -> 0 | AI18: =AVERAGE(D18:AF18) -> 14000
A19: 4 | B19: MENTEGA | D19: ='1'!K19 | E19: ='2'!K19 | F19: ='3'!K19 | G19: ='4'!K19 | H19: ='5'!K19 | I19: ='6'!K19 | J19: ='7'!K19 | K19: ='8'!K19 | L19: ='9'!K19 | M19: ='10'!K19 | N19: ='11'!K19 | O19: ='12'!K19 | P19: ='13'!K19 | Q19: ='14'!K19 | R19: ='15'!K19 | S19: ='14'!K19 | T19: ='17'!K19 | U19: ='18'!K19 | V19: ='19'!K19 | W19: ='20'!K19 | X19: ='21'!K19 | Y19: ='22'!K19 | Z19: ='23'!K19 | AA19: ='24'!K19 | AB19: ='25'!K19 | AC19: ='26'!K19 | AD19: ='27'!K19 | AE19: ='28'!K19 | AF19: ='30'!K19 | AH19: =AF19-D19 -> 0 | AI19: =AVERAGE(D19:AF19) -> #DIV/0!
B20: - Mentega Curah (Amanda) | C20: Kg | D20: ='1'!K20 -> 21250 | E20: ='2'!K20 -> 21250 | F20: ='3'!K20 -> 21250 | G20: ='4'!K20 -> 21250 | H20: ='5'!K20 -> 21250 | I20: ='6'!K20 -> 21250 | J20: ='7'!K20 -> 21250 | K20: ='8'!K20 -> 21250 | L20: ='9'!K20 -> 21250 | M20: ='10'!K20 -> 21250 | N20: ='11'!K20 -> 21250 | O20: ='12'!K20 -> 21250 | P20: ='13'!K20 -> 21250 | Q20: ='14'!K20 -> 21250 | R20: ='15'!K20 -> 21250 | S20: ='14'!K20 -> 21250 | T20: ='17'!K20 -> 21250 | U20: ='18'!K20 -> 21250 | V20: ='19'!K20 -> 21250 | W20: ='20'!K20 -> 21250 | X20: ='21'!K20 -> 21250 | Y20: ='22'!K20 -> 21250 | Z20: ='23'!K20 -> 21250 | AA20: ='24'!K20 -> 21250 | AB20: ='25'!K20 -> 21500 | AC20: ='26'!K20 -> 21500 | AD20: ='27'!K20 -> 21500 | AE20: ='28'!K20 -> 21500 | AF20: ='30'!K20 -> 21500 | AH20: =AF20-D20 -> 250 | AI20: =AVERAGE(D20:AF20) -> 21293.103
A21: 5 | B21: DAGING | D21: ='1'!K21 | E21: ='2'!K21 | F21: ='3'!K21 | G21: ='4'!K21 | H21: ='5'!K21 | I21: ='6'!K21 | J21: ='7'!K21 | K21: ='8'!K21 | L21: ='9'!K21 | M21: ='10'!K21 | N21: ='11'!K21 | O21: ='12'!K21 | P21: ='13'!K21 | Q21: ='14'!K21 | R21: ='15'!K21 | S21: ='14'!K21 | T21: ='17'!K21 | U21: ='18'!K21 | V21: ='19'!K21 | W21: ='20'!K21 | X21: ='21'!K21 | Y21: ='22'!K21 | Z21: ='23'!K21 | AA21: ='24'!K21 | AB21: ='25'!K21 | AC21: ='26'!K21 | AD21: ='27'!K21 | AE21: ='28'!K21 | AF21: ='30'!K21 | AH21: =AF21-D21 -> 0 | AI21: =AVERAGE(D21:AF21) -> #DIV/0!
B22: - Daging Sapi Grade Atas | C22: Kg | D22: ='1'!K22 -> 120000 | E22: ='2'!K22 -> 120000 | F22: ='3'!K22 -> 120000 | G22: ='4'!K22 -> 120000 | H22: ='5'!K22 -> 120000 | I22: ='6'!K22 -> 120000 | J22: ='7'!K22 -> 120000 | K22: ='8'!K22 -> 120000 | L22: ='9'!K22 -> 120000 | M22: ='10'!K22 -> 120000 | N22: ='11'!K22 -> 120000 | O22: ='12'!K22 -> 120000 | P22: ='13'!K22 -> 120000 | Q22: ='14'!K22 -> 120000 | R22: ='15'!K22 -> 120000 | S22: ='14'!K22 -> 120000 | T22: ='17'!K22 -> 120000 | U22: ='18'!K22 -> 120000 | V22: ='19'!K22 -> 120000 | W22: ='20'!K22 -> 120000 | X22: ='21'!K22 -> 120000 | Y22: ='22'!K22 -> 120000 | Z22: ='23'!K22 -> 120000 | AA22: ='24'!K22 -> 120000 | AB22: ='25'!K22 -> 120000 | AC22: ='26'!K22 -> 120000 | AD22: ='27'!K22 -> 120000 | AE22: ='28'!K22 -> 120000 | AF22: ='30'!K22 -> 120000 | AG22: 105000 | AH22: =AF22-D22 -> 0 | AI22: =AVERAGE(D22:AF22) -> 120000
B23: - Daging Sapi Grade Sedang | C23: Kg | D23: ='1'!K23 -> 112000 | E23: ='2'!K23 -> 112000 | F23: ='3'!K23 -> 112000 | G23: ='4'!K23 -> 112000 | H23: ='5'!K23 -> 112000 | I23: ='6'!K23 -> 112000 | J23: ='7'!K23 -> 112000 | K23: ='8'!K23 -> 112000 | L23: ='9'!K23 -> 112000 | M23: ='10'!K23 -> 112000 | N23: ='11'!K23 -> 112000 | O23: ='12'!K23 -> 112000 | P23: ='13'!K23 -> 112000 | Q23: ='14'!K23 -> 112000 | R23: ='15'!K23 -> 112000 | S23: ='14'!K23 -> 112000 | T23: ='17'!K23 -> 112000 | U23: ='18'!K23 -> 112000 | V23: ='19'!K23 -> 112000 | W23: ='20'!K23 -> 112000 | X23: ='21'!K23 -> 112000 | Y23: ='22'!K23 -> 112000 | Z23: ='23'!K23 -> 112000 | AA23: ='24'!K23 -> 111428.57 | AB23: ='25'!K23 -> 111428.57 | AC23: ='26'!K23 -> 111428.57 | AD23: ='27'!K23 -> 111428.57 | AE23: ='28'!K23 -> 111428.57 | AF23: ='30'!K23 -> 111428.57 | AG23: 80000 | AH23: =AF23-D23 -> -571.42857 | AI23: =AVERAGE(D23:AF23) -> 111881.77
B24: - Daging Sapi Grade Bawah | C24: Kg | D24: ='1'!K24 -> 102857.14 | E24: ='2'!K24 -> 102857.14 | F24: ='3'!K24 -> 102857.14 | G24: ='4'!K24 -> 102857.14 | H24: ='5'!K24 -> 102857.14 | I24: ='6'!K24 -> 102857.14 | J24: ='7'!K24 -> 102857.14 | K24: ='8'!K24 -> 102857.14 | L24: ='9'!K24 -> 102857.14 | M24: ='10'!K24 -> 102857.14 | N24: ='11'!K24 -> 102857.14 | O24: ='12'!K24 -> 102857.14 | P24: ='13'!K24 -> 102857.14 | Q24: ='14'!K24 -> 102857.14 | R24: ='15'!K24 -> 102857.14 | S24: ='14'!K24 -> 102857.14 | T24: ='17'!K24 -> 102857.14 | U24: ='18'!K24 -> 102857.14 | V24: ='19'!K24 -> 102857.14 | W24: ='20'!K24 -> 102857.14 | X24: ='21'!K24 -> 102857.14 | Y24: ='22'!K24 -> 102857.14 | Z24: ='23'!K24 -> 102857.14 | AA24: ='24'!K24 -> 102857.14 | AB24: ='25'!K24 -> 102857.14 | AC24: ='26'!K24 -> 102857.14 | AD24: ='27'!K24 -> 102857.14 | AE24: ='28'!K24 -> 102857.14 | AF24: ='30'!K24 -> 102857.14 | AG24: 80000 | AH24: =AF24-D24 -> 0 | AI24: =AVERAGE(D24:AF24) -> 102857.14
B25: - Daging Ayam Broiler | C25: Kg | D25: ='1'!K25 -> 35857.143 | E25: ='2'!K25 -> 36142.857 | F25: ='3'!K25 -> 36714.286 | G25: ='4'!K25 -> 36714.286 | H25: ='5'!K25 -> 37000 | I25: ='6'!K25 -> 37714.286 | J25: ='7'!K25 -> 37571.429 | K25: ='8'!K25 -> 37571.429 | L25: ='9'!K25 -> 37571.429 | M25: ='10'!K25 -> 37571.429 | N25: ='11'!K25 -> 37142.857 | O25: ='12'!K25 -> 36428.571 | P25: ='13'!K25 -> 36142.857 | Q25: ='14'!K25 -> 36285.714 | R25: ='15'!K25 -> 36571.429 | S25: ='14'!K25 -> 36285.714 | T25: ='17'!K25 -> 37285.714 | U25: ='18'!K25 -> 37285.714 | V25: ='19'!K25 -> 37714.286 | W25: ='20'!K25 -> 37714.286 | X25: ='21'!K25 -> 37714.286 | Y25: ='22'!K25 -> 37857.143 | Z25: ='23'!K25 -> 38142.857 | AA25: ='24'!K25 -> 38142.857 | AB25: ='25'!K25 -> 37857.143 | AC25: ='26'!K25 -> 38142.857 | AD25: ='27'!K25 -> 38571.429 | AE25: ='28'!K25 -> 38571.429 | AF25: ='30'!K25 -> 39285.714 | AG25: 36750 | AH25: =AF25-D25 -> 3428.5714 | AI25: =AVERAGE(D25:AF25) -> 37364.532
A26: 6 | B26: I K A N | D26: ='1'!K26 | E26: ='2'!K26 | F26: ='3'!K26 | G26: ='4'!K26 | H26: ='5'!K26 | I26: ='6'!K26 | J26: ='7'!K26 | K26: ='8'!K26 | L26: ='9'!K26 | M26: ='10'!K26 | N26: ='11'!K26 | O26: ='12'!K26 | P26: ='13'!K26 | Q26: ='14'!K26 | R26: ='15'!K26 | S26: ='14'!K26 | T26: ='17'!K26 | U26: ='18'!K26 | V26: ='19'!K26 | W26: ='20'!K26 | X26: ='21'!K26 | Y26: ='22'!K26 | Z26: ='23'!K26 | AA26: ='24'!K26 | AB26: ='25'!K26 | AC26: ='26'!K26 | AD26: ='27'!K26 | AE26: ='28'!K26 | AF26: ='30'!K26 | AH26: =AF26-D26 -> 0 | AI26: =AVERAGE(D26:AF26) -> #DIV/0!
B27: - Ikan Tongkol Segar (Uk. Sedang) | C27: Kg | D27: ='1'!K27 -> 36666.667 | E27: ='2'!K27 -> 36666.667 | F27: ='3'!K27 -> 36666.667 | G27: ='4'!K27 -> 36666.667 | H27: ='5'!K27 -> 37500 | I27: ='6'!K27 -> 37500 | J27: ='7'!K27 -> 37500 | K27: ='8'!K27 -> 37500 | L27: ='9'!K27 -> 37500 | M27: ='10'!K27 -> 37500 | N27: ='11'!K27 -> 36666.667 | O27: ='12'!K27 -> 36666.667 | P27: ='13'!K27 -> 36666.667 | Q27: ='14'!K27 -> 35833.333 | R27: ='15'!K27 -> 35833.333 | S27: ='14'!K27 -> 35833.333 | T27: ='17'!K27 -> 35833.333 | U27: ='18'!K27 -> 35833.333 | V27: ='19'!K27 -> 38333.333 | W27: ='20'!K27 -> 38333.333 | X27: ='21'!K27 -> 38333.333 | Y27: ='22'!K27 -> 37500 | Z27: ='23'!K27 -> 37000 | AA27: ='24'!K27 -> 35833.333 | AB27: ='25'!K27 -> 35857.143 | AC27: ='26'!K27 -> 35857.143 | AD27: ='27'!K27 -> 35857.143 | AE27: ='28'!K27 -> 35857.143 | AF27: ='30'!K27 -> 35833.333 | AH27: =AF27-D27 -> -833.33333 | AI27: =AVERAGE(D27:AF27) -> 36738.916
B28: - Ikan Mujair Segar (Uk. Sedang) | C28: Kg | D28: ='1'!K28 -> 27714.286 | E28: ='2'!K28 -> 27428.571 | F28: ='3'!K28 -> 27714.286 | G28: ='4'!K28 -> 27714.286 | H28: ='5'!K28 -> 27428.571 | I28: ='6'!K28 -> 27428.571 | J28: ='7'!K28 -> 27428.571 | K28: ='8'!K28 -> 27428.571 | L28: ='9'!K28 -> 27714.286 | M28: ='10'!K28 -> 27714.286 | N28: ='11'!K28 -> 27571.429 | O28: ='12'!K28 -> 26000 | P28: ='13'!K28 -> 26571.429 | Q28: ='14'!K28 -> 26571.429 | R28: ='15'!K28 -> 26285.714 | S28: ='14'!K28 -> 26571.429 | T28: ='17'!K28 -> 26285.714 | U28: ='18'!K28 -> 26285.714 | V28: ='19'!K28 -> 26428.571 | W28: ='20'!K28 -> 26428.571 | X28: ='21'!K28 -> 26428.571 | Y28: ='22'!K28 -> 26428.571 | Z28: ='23'!K28 -> 26428.571 | AA28: ='24'!K28 -> 26428.571 | AB28: ='25'!K28 -> 26142.857 | AC28: ='26'!K28 -> 26285.714 | AD28: ='27'!K28 -> 26285.714 | AE28: ='28'!K28 -> 26285.714 | AF28: ='30'!K28 -> 26285.714 | AH28: =AF28-D28 -> -1428.5714 | AI28: =AVERAGE(D28:AF28) -> 26817.734
B29: - Udang Segar (Uk. Sedang) | C29: Kg | D29: ='1'!K29 -> 64714.286 | E29: ='2'!K29 -> 64000 | F29: ='3'!K29 -> 64000 | G29: ='4'!K29 -> 64000 | H29: ='5'!K29 -> 64000 | I29: ='6'!K29 -> 64000 | J29: ='7'!K29 -> 64000 | K29: ='8'!K29 -> 64000 | L29: ='9'!K29 -> 65428.571 | M29: ='10'!K29 -> 65428.571 | N29: ='11'!K29 -> 65428.571 | O29: ='12'!K29 -> 62571.429 | P29: ='13'!K29 -> 61142.857 | Q29: ='14'!K29 -> 61142.857 | R29: ='15'!K29 -> 61142.857 | S29: ='14'!K29 -> 61142.857 | T29: ='17'!K29 -> 61142.857 | U29: ='18'!K29 -> 61142.857 | V29: ='19'!K29 -> 61857.143 | W29: ='20'!K29 -> 61142.857 | X29: ='21'!K29 -> 61142.857 | Y29: ='22'!K29 -> 61142.857 | Z29: ='23'!K29 -> 61142.857 | AA29: ='24'!K29 -> 61142.857 | AB29: ='25'!K29 -> 61142.857 | AC29: ='26'!K29 -> 61142.857 | AD29: ='27'!K29 -> 61142.857 | AE29: ='28'!K29 -> 61142.857 | AF29: ='30'!K29 -> 61142.857 | AH29: =AF29-D29 -> -3571.4286 | AI29: =AVERAGE(D29:AF29) -> 62472.906
B30: - Ikan Lele Segar (Ukuran Sedang) | C30: Kg | D30: ='1'!K30 -> 24600 | E30: ='2'!K30 -> 24600 | F30: ='3'!K30 -> 24600 | G30: ='4'!K30 -> 24600 | H30: ='5'!K30 -> 24600 | I30: ='6'!K30 -> 24600 | J30: ='7'!K30 -> 24600 | K30: ='8'!K30 -> 24600 | L30: ='9'!K30 -> 24600 | M30: ='10'!K30 -> 24600 | N30: ='11'!K30 -> 24600 | O30: ='12'!K30 -> 24600 | P30: ='13'!K30 -> 24600 | Q30: ='14'!K30 -> 24600 | R30: ='15'!K30 -> 24600 | S30: ='14'!K30 -> 24600 | T30: ='17'!K30 -> 24600 | U30: ='18'!K30 -> 24600 | V30: ='19'!K30 -> 24600 | W30: ='20'!K30 -> 24600 | X30: ='21'!K30 -> 24600 | Y30: ='22'!K30 -> 24600 | Z30: ='23'!K30 -> 24600 | AA30: ='24'!K30 -> 24600 | AB30: ='25'!K30 -> 24600 | AC30: ='26'!K30 -> 24600 | AD30: ='27'!K30 -> 24600 | AE30: ='28'!K30 -> 24600 | AF30: ='30'!K30 -> 24600 | AH30: =AF30-D30 -> 0 | AI30: =AVERAGE(D30:AF30) -> 24600
B31: - Ikan Bandeng Segar (Uk. Sedang) | C31: Kg | D31: ='1'!K31 -> 37000 | E31: ='2'!K31 -> 36714.286 | F31: ='3'!K31 -> 37000 | G31: ='4'!K31 -> 37000 | H31: ='5'!K31 -> 36714.286 | I31: ='6'!K31 -> 36714.286 | J31: ='7'!K31 -> 36714.286 | K31: ='8'!K31 -> 36142.857 | L31: ='9'!K31 -> 36285.714 | M31: ='10'!K31 -> 36285.714 | N31: ='11'!K31 -> 34857.143 | O31: ='12'!K31 -> 35428.571 | P31: ='13'!K31 -> 36428.571 | Q31: ='14'!K31 -> 36428.571 | R31: ='15'!K31 -> 36142.857 | S31: ='14'!K31 -> 36428.571 | T31: ='17'!K31 -> 36142.857 | U31: ='18'!K31 -> 36142.857 | V31: ='19'!K31 -> 36714.286 | W31: ='20'!K31 -> 36714.286 | X31: ='21'!K31 -> 36714.286 | Y31: ='22'!K31 -> 36714.286 | Z31: ='23'!K31 -> 36714.286 | AA31: ='24'!K31 -> 36857.143 | AB31: ='25'!K31 -> 36857.143 | AC31: ='26'!K31 -> 36857.143 | AD31: ='27'!K31 -> 36857.143 | AE31: ='28'!K31 -> 36857.143 | AF31: ='30'!K31 -> 36714.286 | AH31: =AF31-D31 -> -285.71429 | AI31: =AVERAGE(D31:AF31) -> 36522.167
B32: - Ikan Teri Asin (Bukan Teri Medan) | C32: Kg | D32: ='1'!K32 -> 96666.667 | E32: ='2'!K32 -> 96666.667 | F32: ='3'!K32 -> 96666.667 | G32: ='4'!K32 -> 96666.667 | H32: ='5'!K32 -> 96666.667 | I32: ='6'!K32 -> 96666.667 | J32: ='7'!K32 -> 96666.667 | K32: ='8'!K32 -> 96666.667 | L32: ='9'!K32 -> 96666.667 | M32: ='10'!K32 -> 91666.667 | N32: ='11'!K32 -> 91666.667 | O32: ='12'!K32 -> 91666.667 | P32: ='13'!K32 -> 96666.667 | Q32: ='14'!K32 -> 96666.667 | R32: ='15'!K32 -> 96666.667 | S32: ='14'!K32 -> 96666.667 | T32: ='17'!K32 -> 96666.667 | U32: ='18'!K32 -> 96666.667 | V32: ='19'!K32 -> 96666.667 | W32: ='20'!K32 -> 96666.667 | X32: ='21'!K32 -> 96666.667 | Y32: ='22'!K32 -> 96666.667 | Z32: ='23'!K32 -> 96666.667 | AA32: ='24'!K32 -> 96666.667 | AB32: ='25'!K32 -> 86666.667 | AC32: ='26'!K32 -> 86666.667 | AD32: ='27'!K32 -> 86666.667 | AE32: ='28'!K32 -> 103333.33 | AF32: ='30'!K32 -> 93333.333 | AH32: =AF32-D32 -> -3333.3333 | AI32: =AVERAGE(D32:AF32) -> 95229.885
A33: 7 | B33: TELUR | D33: ='1'!K33 | E33: ='2'!K33 | F33: ='3'!K33 | G33: ='4'!K33 | H33: ='5'!K33 | I33: ='6'!K33 | J33: ='7'!K33 | K33: ='8'!K33 | L33: ='9'!K33 | M33: ='10'!K33 | N33: ='11'!K33 | O33: ='12'!K33 | P33: ='13'!K33 | Q33: ='14'!K33 | R33: ='15'!K33 | S33: ='14'!K33 | T33: ='17'!K33 | U33: ='18'!K33 | V33: ='19'!K33 | W33: ='20'!K33 | X33: ='21'!K33 | Y33: ='22'!K33 | Z33: ='23'!K33 | AA33: ='24'!K33 | AB33: ='25'!K33 | AC33: ='26'!K33 | AD33: ='27'!K33 | AE33: ='28'!K33 | AF33: ='30'!K33 | AH33: =AF33-D33 -> 0 | AI33: =AVERAGE(D33:AF33) -> #DIV/0!
B34: - Telur Ayam Horn | C34: Kg | D34: ='1'!K34 -> 29785.714 | E34: ='2'!K34 -> 29571.429 | F34: ='3'!K34 -> 29142.857 | G34: ='4'!K34 -> 29142.857 | H34: ='5'!K34 -> 28928.571 | I34: ='6'!K34 -> 28785.714 | J34: ='7'!K34 -> 29571.429 | K34: ='8'!K34 -> 29642.857 | L34: ='9'!K34 -> 29857.143 | M34: ='10'!K34 -> 30142.857 | N34: ='11'!K34 -> 29857.143 | O34: ='12'!K34 -> 29857.143 | P34: ='13'!K34 -> 29857.143 | Q34: ='14'!K34 -> 29714.286 | R34: ='15'!K34 -> 29714.286 | S34: ='14'!K34 -> 29714.286 | T34: ='17'!K34 -> 29714.286 | U34: ='18'!K34 -> 29428.571 | V34: ='19'!K34 -> 28928.571 | W34: ='20'!K34 -> 28857.143 | X34: ='21'!K34 -> 29142.857 | Y34: ='22'!K34 -> 29000 | Z34: ='23'!K34 -> 29357.143 | AA34: ='24'!K34 -> 29214.286 | AB34: ='25'!K34 -> 29357.143 | AC34: ='26'!K34 -> 29857.143 | AD34: ='27'!K34 -> 29714.286 | AE34: ='28'!K34 -> 29428.571 | AF34: ='30'!K34 -> 29714.286 | AG34: 27000 | AH34: =AF34-D34 -> -71.428571 | AI34: =AVERAGE(D34:AF34) -> 29482.759
B35: - Telur Ayam Kampung | C35: Butir | D35: ='1'!K35 -> 2414.2857 | E35: ='2'!K35 -> 2414.2857 | F35: ='3'!K35 -> 2414.2857 | G35: ='4'!K35 -> 2414.2857 | H35: ='5'!K35 -> 2414.2857 | I35: ='6'!K35 -> 2414.2857 | J35: ='7'!K35 -> 2457.1429 | K35: ='8'!K35 -> 2457.1429 | L35: ='9'!K35 -> 2457.1429 | M35: ='10'!K35 -> 2528.5714 | N35: ='11'!K35 -> 2528.5714 | O35: ='12'!K35 -> 2528.5714 | P35: ='13'!K35 -> 2457.1429 | Q35: ='14'!K35 -> 2528.5714 | R35: ='15'!K35 -> 2528.5714 | S35: ='14'!K35 -> 2528.5714 | T35: ='17'!K35 -> 2671.4286 | U35: ='18'!K35 -> 2671.4286 | V35: ='19'!K35 -> 2671.4286 | W35: ='20'!K35 -> 2671.4286 | X35: ='21'!K35 -> 2671.4286 | Y35: ='22'!K35 -> 2671.4286 | Z35: ='23'!K35 -> 2671.4286 | AA35: ='24'!K35 -> 2671.4286 | AB35: ='25'!K35 -> 2700 | AC35: ='26'!K35 -> 2700 | AD35: ='27'!K35 -> 2700 | AE35: ='28'!K35 -> 2671.4286 | AF35: ='30'!K35 -> 2671.4286 | AH35: =AF35-D35 -> 257.14286 | AI35: =AVERAGE(D35:AF35) -> 2562.069
A36: 8 | B36: TAHU | D36: ='1'!K36 | E36: ='2'!K36 | F36: ='3'!K36 | G36: ='4'!K36 | H36: ='5'!K36 | I36: ='6'!K36 | J36: ='7'!K36 | K36: ='8'!K36 | L36: ='9'!K36 | M36: ='10'!K36 | N36: ='11'!K36 | O36: ='12'!K36 | P36: ='13'!K36 | Q36: ='14'!K36 | R36: ='15'!K36 | S36: ='14'!K36 | T36: ='17'!K36 | U36: ='18'!K36 | V36: ='19'!K36 | W36: ='20'!K36 | X36: ='21'!K36 | Y36: ='22'!K36 | Z36: ='23'!K36 | AA36: ='24'!K36 | AB36: ='25'!K36 | AC36: ='26'!K36 | AD36: ='27'!K36 | AE36: ='28'!K36 | AF36: ='30'!K36 | AH36: =AF36-D36 -> 0 | AI36: =AVERAGE(D36:AF36) -> #DIV/0!
B37: - Tahu biasa | C37: Kg | D37: ='1'!K37 -> 10714.286 | E37: ='2'!K37 -> 10714.286 | F37: ='3'!K37 -> 10714.286 | G37: ='4'!K37 -> 10714.286 | H37: ='5'!K37 -> 10714.286 | I37: ='6'!K37 -> 10714.286 | J37: ='7'!K37 -> 10714.286 | K37: ='8'!K37 -> 10714.286 | L37: ='9'!K37 -> 10714.286 | M37: ='10'!K37 -> 10714.286 | N37: ='11'!K37 -> 10714.286 | O37: ='12'!K37 -> 10000 | P37: ='13'!K37 -> 10000 | Q37: ='14'!K37 -> 10000 | R37: ='15'!K37 -> 10000 | S37: ='14'!K37 -> 10000 | T37: ='17'!K37 -> 10000 | U37: ='18'!K37 -> 10000 | V37: ='19'!K37 -> 10000 | W37: ='20'!K37 -> 10000 | X37: ='21'!K37 -> 10000 | Y37: ='22'!K37 -> 10000 | Z37: ='23'!K37 -> 10000 | AA37: ='24'!K37 -> 10000 | AB37: ='25'!K37 -> 10000 | AC37: ='26'!K37 -> 10000 | AD37: ='27'!K37 -> 10000 | AE37: ='28'!K37 -> 10000 | AF37: ='30'!K37 -> 10000 | AH37: =AF37-D37 -> -714.28571 | AI37: =AVERAGE(D37:AF37) -> 10270.936
B38: - Tahu susu | C38: Kg | D38: ='1'!K38 -> 12600 | E38: ='2'!K38 -> 12600 | F38: ='3'!K38 -> 12600 | G38: ='4'!K38 -> 12600 | H38: ='5'!K38 -> 12600 | I38: ='6'!K38 -> 12600 | J38: ='7'!K38 -> 12600 | K38: ='8'!K38 -> 12600 | L38: ='9'!K38 -> 12600 | M38: ='10'!K38 -> 12600 | N38: ='11'!K38 -> 12600 | O38: ='12'!K38 -> 12600 | P38: ='13'!K38 -> 12600 | Q38: ='14'!K38 -> 12600 | R38: ='15'!K38 -> 12600 | S38: ='14'!K38 -> 12600 | T38: ='17'!K38 -> 12600 | U38: ='18'!K38 -> 12600 | V38: ='19'!K38 -> 12600 | W38: ='20'!K38 -> 12600 | X38: ='21'!K38 -> 12600 | Y38: ='22'!K38 -> 12600 | Z38: ='23'!K38 -> 12600 | AA38: ='24'!K38 -> 12600 | AB38: ='25'!K38 -> 12600 | AC38: ='26'!K38 -> 12600 | AD38: ='27'!K38 -> 12600 | AE38: ='28'!K38 -> 12600 | AF38: ='30'!K38 -> 12600 | AH38: =AF38-D38 -> 0 | AI38: =AVERAGE(D38:AF38) -> 12600
A39: 9 | B39: TEMPE | D39: ='1'!K39 | E39: ='2'!K39 | F39: ='3'!K39 | G39: ='4'!K39 | H39: ='5'!K39 | I39: ='6'!K39 | J39: ='7'!K39 | K39: ='8'!K39 | L39: ='9'!K39 | M39: ='10'!K39 | N39: ='11'!K39 | O39: ='12'!K39 | P39: ='13'!K39 | Q39: ='14'!K39 | R39: ='15'!K39 | S39: ='14'!K39 | T39: ='17'!K39 | U39: ='18'!K39 | V39: ='19'!K39 | W39: ='20'!K39 | X39: ='21'!K39 | Y39: ='22'!K39 | Z39: ='23'!K39 | AA39: ='24'!K39 | AB39: ='25'!K39 | AC39: ='26'!K39 | AD39: ='27'!K39 | AE39: ='28'!K39 | AF39: ='30'!K39 | AH39: =AF39-D39 -> 0 | AI39: =AVERAGE(D39:AF39) -> #DIV/0!
B40: - Tempe Kw I (campuran kedelai) | C40: Kg | D40: ='1'!K40 -> 15600 | E40: ='2'!K40 -> 15600 | F40: ='3'!K40 -> 15600 | G40: ='4'!K40 -> 15600 | H40: ='5'!K40 -> 15600 | I40: ='6'!K40 -> 15600 | J40: ='7'!K40 -> 15600 | K40: ='8'!K40 -> 15600 | L40: ='9'!K40 -> 15600 | M40: ='10'!K40 -> 15600 | N40: ='11'!K40 -> 15600 | O40: ='12'!K40 -> 14000 | P40: ='13'!K40 -> 14000 | Q40: ='14'!K40 -> 14000 | R40: ='15'!K40 -> 14000 | S40: ='14'!K40 -> 14000 | T40: ='17'!K40 -> 14000 | U40: ='18'!K40 -> 14000 | V40: ='19'!K40 -> 14000 | W40: ='20'!K40 -> 14000 | X40: ='21'!K40 -> 14000 | Y40: ='22'!K40 -> 14000 | Z40: ='23'!K40 -> 14000 | AA40: ='24'!K40 -> 14000 | AB40: ='25'!K40 -> 14000 | AC40: ='26'!K40 -> 14000 | AD40: ='27'!K40 -> 14000 | AE40: ='28'!K40 -> 14000 | AF40: ='30'!K40 -> 14000 | AH40: =AF40-D40 -> -1600 | AI40: =AVERAGE(D40:AF40) -> 14606.897
B41: - Tempe Kw II (campuran jagung) | C41: Kg | D41: ='1'!K41 -> 6833.3333 | E41: ='2'!K41 -> 6833.3333 | F41: ='3'!K41 -> 6833.3333 | G41: ='4'!K41 -> 6833.3333 | H41: ='5'!K41 -> 6833.3333 | I41: ='6'!K41 -> 6833.3333 | J41: ='7'!K41 -> 6833.3333 | K41: ='8'!K41 -> 6833.3333 | L41: ='9'!K41 -> 6833.3333 | M41: ='10'!K41 -> 6833.3333 | N41: ='11'!K41 -> 6833.3333 | O41: ='12'!K41 -> 6833.3333 | P41: ='13'!K41 -> 6833.3333 | Q41: ='14'!K41 -> 6833.3333 | R41: ='15'!K41 -> 6833.3333 | S41: ='14'!K41 -> 6833.3333 | T41: ='17'!K41 -> 6833.3333 | U41: ='18'!K41 -> 6833.3333 | V41: ='19'!K41 -> 6833.3333 | W41: ='20'!K41 -> 6833.3333 | X41: ='21'!K41 -> 6833.3333 | Y41: ='22'!K41 -> 6833.3333 | Z41: ='23'!K41 -> 6833.3333 | AA41: ='24'!K41 -> 6833.3333 | AB41: ='25'!K41 -> 6833.3333 | AC41: ='26'!K41 -> 6833.3333 | AD41: ='27'!K41 -> 6833.3333 | AE41: ='28'!K41 -> 6833.3333 | AF41: ='30'!K41 -> 6833.3333 | AH41: =AF41-D41 -> 0 | AI41: =AVERAGE(D41:AF41) -> 6833.3333
B42: - Tempe Kw III (campuran kulit) | C42: Kg | D42: ='1'!K42 -> 2000 | E42: ='2'!K42 -> 2000 | F42: ='3'!K42 -> 2000 | G42: ='4'!K42 -> 2000 | H42: ='5'!K42 -> 2000 | I42: ='6'!K42 -> 2000 | J42: ='7'!K42 -> 2000 | K42: ='8'!K42 -> 2000 | L42: ='9'!K42 -> 2000 | M42: ='10'!K42 -> 2000 | N42: ='11'!K42 -> 2000 | O42: ='12'!K42 -> 2000 | P42: ='13'!K42 -> 2000 | Q42: ='14'!K42 -> 2000 | R42: ='15'!K42 -> 2000 | S42: ='14'!K42 -> 2000 | T42: ='17'!K42 -> 2000 | U42: ='18'!K42 -> 2000 | V42: ='19'!K42 -> 2000 | W42: ='20'!K42 -> 2000 | X42: ='21'!K42 -> 2000 | Y42: ='22'!K42 -> 2000 | Z42: ='23'!K42 -> 2000 | AA42: ='24'!K42 -> 2000 | AB42: ='25'!K42 -> 2000 | AC42: ='26'!K42 -> 2000 | AD42: ='27'!K42 -> 2000 | AE42: ='28'!K42 -> 2000 | AF42: ='30'!K42 -> 2000 | AH42: =AF42-D42 -> 0 | AI42: =AVERAGE(D42:AF42) -> 2000
A43: 10 | B43: S U S U | D43: ='1'!K43 | E43: ='2'!K43 | F43: ='3'!K43 | G43: ='4'!K43 | H43: ='5'!K43 | I43: ='6'!K43 | J43: ='7'!K43 | K43: ='8'!K43 | L43: ='9'!K43 | M43: ='10'!K43 | N43: ='11'!K43 | O43: ='12'!K43 | P43: ='13'!K43 | Q43: ='14'!K43 | R43: ='15'!K43 | S43: ='14'!K43 | T43: ='17'!K43 | U43: ='18'!K43 | V43: ='19'!K43 | W43: ='20'!K43 | X43: ='21'!K43 | Y43: ='22'!K43 | Z43: ='23'!K43 | AA43: ='24'!K43 | AB43: ='25'!K43 | AC43: ='26'!K43 | AD43: ='27'!K43 | AE43: ='28'!K43 | AF43: ='30'!K43 | AH43: =AF43-D43 -> 0 | AI43: =AVERAGE(D43:AF43) -> #DIV/0!
B44: - Susu Kental Manis "INDOMILK" Putih | C44: 390 Gr/kaleng | D44: ='1'!K44 -> 12333.333 | E44: ='2'!K44 -> 12416.667 | F44: ='3'!K44 -> 12416.667 | G44: ='4'!K44 -> 12416.667 | H44: ='5'!K44 -> 12333.333 | I44: ='6'!K44 -> 12333.333 | J44: ='7'!K44 -> 12333.333 | K44: ='8'!K44 -> 12333.333 | L44: ='9'!K44 -> 12333.333 | M44: ='10'!K44 -> 12333.333 | N44: ='11'!K44 -> 12333.333 | O44: ='12'!K44 -> 12333.333 | P44: ='13'!K44 -> 12333.333 | Q44: ='14'!K44 -> 12333.333 | R44: ='15'!K44 -> 12333.333 | S44: ='14'!K44 -> 12333.333 | T44: ='17'!K44 -> 12333.333 | U44: ='18'!K44 -> 12416.667 | V44: ='19'!K44 -> 12333.333 | W44: ='20'!K44 -> 12416.667 | X44: ='21'!K44 -> 12416.667 | Y44: ='22'!K44 -> 12416.667 | Z44: ='23'!K44 -> 12416.667 | AA44: ='24'!K44 -> 12416.667 | AB44: ='25'!K44 -> 12416.667 | AC44: ='26'!K44 -> 12416.667 | AD44: ='27'!K44 -> 12416.667 | AE44: ='28'!K44 -> 12416.667 | AF44: ='30'!K44 -> 12416.667 | AH44: =AF44-D44 -> 83.333333 | AI44: =AVERAGE(D44:AF44) -> 12373.563
B45: - Susu Bubuk "DANCOW" Full Cream | C45: 400 Gr/Dos | D45: ='1'!K45 -> 12500 | E45: ='2'!K45 -> 12583.333 | F45: ='3'!K45 -> 12583.333 | G45: ='4'!K45 -> 12583.333 | H45: ='5'!K45 -> 12500 | I45: ='6'!K45 -> 12500 | J45: ='7'!K45 -> 12500 | K45: ='8'!K45 -> 12500 | L45: ='9'!K45 -> 12500 | M45: ='10'!K45 -> 12500 | N45: ='11'!K45 -> 12500 | O45: ='12'!K45 -> 12500 | P45: ='13'!K45 -> 12500 | Q45: ='14'!K45 -> 12500 | R45: ='15'!K45 -> 12500 | S45: ='14'!K45 -> 12500 | T45: ='17'!K45 -> 12500 | U45: ='18'!K45 -> 12583.333 | V45: ='19'!K45 -> 12500 | W45: ='20'!K45 -> 12583.333 | X45: ='21'!K45 -> 12583.333 | Y45: ='22'!K45 -> 12583.333 | Z45: ='23'!K45 -> 12583.333 | AA45: ='24'!K45 -> 12583.333 | AB45: ='25'!K45 -> 12583.333 | AC45: ='26'!K45 -> 12583.333 | AD45: ='27'!K45 -> 12583.333 | AE45: ='28'!K45 -> 12583.333 | AF45: ='30'!K45 -> 12583.333 | AH45: =AF45-D45 -> 83.333333 | AI45: =AVERAGE(D45:AF45) -> 12540.23
A46: 11 | B46: SABUN CUCI | D46: ='1'!K46 | E46: ='2'!K46 | F46: ='3'!K46 | G46: ='4'!K46 | H46: ='5'!K46 | I46: ='6'!K46 | J46: ='7'!K46 | K46: ='8'!K46 | L46: ='9'!K46 | M46: ='10'!K46 | N46: ='11'!K46 | O46: ='12'!K46 | P46: ='13'!K46 | Q46: ='14'!K46 | R46: ='15'!K46 | S46: ='14'!K46 | T46: ='17'!K46 | U46: ='18'!K46 | V46: ='19'!K46 | W46: ='20'!K46 | X46: ='21'!K46 | Y46: ='22'!K46 | Z46: ='23'!K46 | AA46: ='24'!K46 | AB46: ='25'!K46 | AC46: ='26'!K46 | AD46: ='27'!K46 | AE46: ='28'!K46 | AF46: ='30'!K46 | AH46: =AF46-D46 -> 0 | AI46: =AVERAGE(D46:AF46) -> #DIV/0!
B47: - Sabun Detergen Rinso (Anti Noda) | C47: 900 Gram | D47: ='1'!K47 -> 17500 | E47: ='2'!K47 -> 17500 | F47: ='3'!K47 -> 17500 | G47: ='4'!K47 -> 17500 | H47: ='5'!K47 -> 17500 | I47: ='6'!K47 -> 17500 | J47: ='7'!K47 -> 17500 | K47: ='8'!K47 -> 17500 | L47: ='9'!K47 -> 17500 | M47: ='10'!K47 -> 17500 | N47: ='11'!K47 -> 17500 | O47: ='12'!K47 -> 17500 | P47: ='13'!K47 -> 17500 | Q47: ='14'!K47 -> 17500 | R47: ='15'!K47 -> 17500 | S47: ='14'!K47 -> 17500 | T47: ='17'!K47 -> 17500 | U47: ='18'!K47 -> 17500 | V47: ='19'!K47 -> 17500 | W47: ='20'!K47 -> 17500 | X47: ='21'!K47 -> 17500 | Y47: ='22'!K47 -> 17500 | Z47: ='23'!K47 -> 17500 | AA47: ='24'!K47 -> 17500 | AB47: ='25'!K47 -> 17500 | AC47: ='26'!K47 -> 17500 | AD47: ='27'!K47 -> 17500 | AE47: ='28'!K47 -> 17500 | AF47: ='30'!K47 -> 17500 | AH47: =AF47-D47 -> 0 | AI47: =AVERAGE(D47:AF47) -> 17500
B48: - Sabun Colek "Wing's Biru" | C48: 350 Gram | D48: ='1'!K48 -> 2000 | E48: ='2'!K48 -> 2000 | F48: ='3'!K48 -> 2000 | G48: ='4'!K48 -> 2000 | H48: ='5'!K48 -> 2000 | I48: ='6'!K48 -> 2000 | J48: ='7'!K48 -> 2000 | K48: ='8'!K48 -> 2000 | L48: ='9'!K48 -> 2000 | M48: ='10'!K48 -> 2000 | N48: ='11'!K48 -> 2000 | O48: ='12'!K48 -> 2000 | P48: ='13'!K48 -> 2000 | Q48: ='14'!K48 -> 2000 | R48: ='15'!K48 -> 2000 | S48: ='14'!K48 -> 2000 | T48: ='17'!K48 -> 2000 | U48: ='18'!K48 -> 2000 | V48: ='19'!K48 -> 2000 | W48: ='20'!K48 -> 2000 | X48: ='21'!K48 -> 2000 | Y48: ='22'!K48 -> 2000 | Z48: ='23'!K48 -> 2000 | AA48: ='24'!K48 -> 2000 | AB48: ='25'!K48 -> 2000 | AC48: ='26'!K48 -> 2000 | AD48: ='27'!K48 -> 2000 | AE48: ='28'!K48 -> 2000 | AF48: ='30'!K48 -> 2000 | AH48: =AF48-D48 -> 0 | AI48: =AVERAGE(D48:AF48) -> 2000
A49: 12 | B49: JAGUNG | D49: ='1'!K49 | E49: ='2'!K49 | F49: ='3'!K49 | G49: ='4'!K49 | H49: ='5'!K49 | I49: ='6'!K49 | J49: ='7'!K49 | K49: ='8'!K49 | L49: ='9'!K49 | M49: ='10'!K49 | N49: ='11'!K49 | O49: ='12'!K49 | P49: ='13'!K49 | Q49: ='14'!K49 | R49: ='15'!K49 | S49: ='14'!K49 | T49: ='17'!K49 | U49: ='18'!K49 | V49: ='19'!K49 | W49: ='20'!K49 | X49: ='21'!K49 | Y49: ='22'!K49 | Z49: ='23'!K49 | AA49: ='24'!K49 | AB49: ='25'!K49 | AC49: ='26'!K49 | AD49: ='27'!K49 | AE49: ='28'!K49 | AF49: ='30'!K49 | AH49: =AF49-D49 -> 0 | AI49: =AVERAGE(D49:AF49) -> #DIV/0!
B50: - Jagung Pipilan Kering (Jenis Kecil) | C50: Kg | D50: ='1'!K50 -> 9285.7143 | E50: ='2'!K50 -> 9285.7143 | F50: ='3'!K50 -> 9285.7143 | G50: ='4'!K50 -> 9285.7143 | H50: ='5'!K50 -> 9285.7143 | I50: ='6'!K50 -> 9285.7143 | J50: ='7'!K50 -> 9285.7143 | K50: ='8'!K50 -> 9285.7143 | L50: ='9'!K50 -> 9285.7143 | M50: ='10'!K50 -> 9285.7143 | N50: ='11'!K50 -> 9285.7143 | O50: ='12'!K50 -> 9285.7143 | P50: ='13'!K50 -> 9285.7143 | Q50: ='14'!K50 -> 9285.7143 | R50: ='15'!K50 -> 9285.7143 | S50: ='14'!K50 -> 9285.7143 | T50: ='17'!K50 -> 9285.7143 | U50: ='18'!K50 -> 9285.7143 | V50: ='19'!K50 -> 9285.7143 | W50: ='20'!K50 -> 9285.7143 | X50: ='21'!K50 -> 9285.7143 | Y50: ='22'!K50 -> 9285.7143 | Z50: ='23'!K50 -> 9285.7143 | AA50: ='24'!K50 -> 9285.7143 | AB50: ='25'!K50 -> 9285.7143 | AC50: ='26'!K50 -> 9285.7143 | AD50: ='27'!K50 -> 9285.7143 | AE50: ='28'!K50 -> 9285.7143 | AF50: ='30'!K50 -> 9285.7143 | AH50: =AF50-D50 -> 0 | AI50: =AVERAGE(D50:AF50) -> 9285.7143
B51: - Jagung Pipilan Kering (Jenis Besar) | C51: Kg | D51: ='1'!K51 -> 8166.6667 | E51: ='2'!K51 -> 8500 | F51: ='3'!K51 -> 8500 | G51: ='4'!K51 -> 8500 | H51: ='5'!K51 -> 8333.3333 | I51: ='6'!K51 -> 8333.3333 | J51: ='7'!K51 -> 8333.3333 | K51: ='8'!K51 -> 8333.3333 | L51: ='9'!K51 -> 8333.3333 | M51: ='10'!K51 -> 8333.3333 | N51: ='11'!K51 -> 8333.3333 | O51: ='12'!K51 -> 8333.3333 | P51: ='13'!K51 -> 8333.3333 | Q51: ='14'!K51 -> 8333.3333 | R51: ='15'!K51 -> 8333.3333 | S51: ='14'!K51 -> 8333.3333 | T51: ='17'!K51 -> 8333.3333 | U51: ='18'!K51 -> 8333.3333 | V51: ='19'!K51 -> 8333.3333 | W51: ='20'!K51 -> 8333.3333 | X51: ='21'!K51 -> 8333.3333 | Y51: ='22'!K51 -> 8333.3333 | Z51: ='23'!K51 -> 8333.3333 | AA51: ='24'!K51 -> 8333.3333 | AB51: ='25'!K51 -> 8333.3333 | AC51: ='26'!K51 -> 8333.3333 | AD51: ='27'!K51 -> 8333.3333 | AE51: ='28'!K51 -> 8333.3333 | AF51: ='30'!K51 -> 8333.3333 | AH51: =AF51-D51 -> 166.66667 | AI51: =AVERAGE(D51:AF51) -> 8344.8276
A52: 13 | B52: GARAM BERYODIUM | D52: ='1'!K52 | E52: ='2'!K52 | F52: ='3'!K52 | G52: ='4'!K52 | H52: ='5'!K52 | I52: ='6'!K52 | J52: ='7'!K52 | K52: ='8'!K52 | L52: ='9'!K52 | M52: ='10'!K52 | N52: ='11'!K52 | O52: ='12'!K52 | P52: ='13'!K52 | Q52: ='14'!K52 | R52: ='15'!K52 | S52: ='14'!K52 | T52: ='17'!K52 | U52: ='18'!K52 | V52: ='19'!K52 | W52: ='20'!K52 | X52: ='21'!K52 | Y52: ='22'!K52 | Z52: ='23'!K52 | AA52: ='24'!K52 | AB52: ='25'!K52 | AC52: ='26'!K52 | AD52: ='27'!K52 | AE52: ='28'!K52 | AF52: ='30'!K52 | AH52: =AF52-D52 -> 0 | AI52: =AVERAGE(D52:AF52) -> #DIV/0!
B53: - Garam Halus (Cap Kapal) | C53: 250 Gr/Bngks | D53: ='1'!K53 -> 4000 | E53: ='2'!K53 -> 4000 | F53: ='3'!K53 -> 4000 | G53: ='4'!K53 -> 4000 | H53: ='5'!K53 -> 4000 | I53: ='6'!K53 -> 4000 | J53: ='7'!K53 -> 4000 | K53: ='8'!K53 -> 4000 | L53: ='9'!K53 -> 4000 | M53: ='10'!K53 -> 4000 | N53: ='11'!K53 -> 4000 | O53: ='12'!K53 -> 4000 | P53: ='13'!K53 -> 4000 | Q53: ='14'!K53 -> 4000 | R53: ='15'!K53 -> 4000 | S53: ='14'!K53 -> 4000 | T53: ='17'!K53 -> 4000 | U53: ='18'!K53 -> 4000 | V53: ='19'!K53 -> 4000 | W53: ='20'!K53 -> 4000 | X53: ='21'!K53 -> 4000 | Y53: ='22'!K53 -> 4000 | Z53: ='23'!K53 -> 4000 | AA53: ='24'!K53 -> 4000 | AB53: ='25'!K53 -> 4000 | AC53: ='26'!K53 -> 4000 | AD53: ='27'!K53 -> 4000 | AE53: ='28'!K53 -> 4000 | AF53: ='30'!K53 -> 4000 | AH53: =AF53-D53 -> 0 | AI53: =AVERAGE(D53:AF53) -> 4000
A54: 14 | B54: TEPUNG TERIGU | D54: ='1'!K54 | E54: ='2'!K54 | F54: ='3'!K54 | G54: ='4'!K54 | H54: ='5'!K54 | I54: ='6'!K54 | J54: ='7'!K54 | K54: ='8'!K54 | L54: ='9'!K54 | M54: ='10'!K54 | N54: ='11'!K54 | O54: ='12'!K54 | P54: ='13'!K54 | Q54: ='14'!K54 | R54: ='15'!K54 | S54: ='14'!K54 | T54: ='17'!K54 | U54: ='18'!K54 | V54: ='19'!K54 | W54: ='20'!K54 | X54: ='21'!K54 | Y54: ='22'!K54 | Z54: ='23'!K54 | AA54: ='24'!K54 | AB54: ='25'!K54 | AC54: ='26'!K54 | AD54: ='27'!K54 | AE54: ='28'!K54 | AF54: ='30'!K54 | AH54: =AF54-D54 -> 0 | AI54: =AVERAGE(D54:AF54) -> #DIV/0!
B55: - Tepung Terigu "Segitiga Biru" Curah | C55: Kg | D55: ='1'!K55 -> 11214.286 | E55: ='2'!K55 -> 11142.857 | F55: ='3'!K55 -> 11142.857 | G55: ='4'!K55 -> 11142.857 | H55: ='5'!K55 -> 11214.286 | I55: ='6'!K55 -> 11214.286 | J55: ='7'!K55 -> 11214.286 | K55: ='8'!K55 -> 11214.286 | L55: ='9'!K55 -> 11214.286 | M55: ='10'!K55 -> 11142.857 | N55: ='11'!K55 -> 10785.714 | O55: ='12'!K55 -> 11357.143 | P55: ='13'!K55 -> 11500 | Q55: ='14'!K55 -> 11500 | R55: ='15'!K55 -> 10642.857 | S55: ='14'!K55 -> 11500 | T55: ='17'!K55 -> 10642.857 | U55: ='18'!K55 -> 10642.857 | V55: ='19'!K55 -> 10642.857 | W55: ='20'!K55 -> 10642.857 | X55: ='21'!K55 -> 10642.857 | Y55: ='22'!K55 -> 10642.857 | Z55: ='23'!K55 -> 10642.857 | AA55: ='24'!K55 -> 10785.714 | AB55: ='25'!K55 -> 10785.714 | AC55: ='26'!K55 -> 10785.714 | AD55: ='27'!K55 -> 10785.714 | AE55: ='28'!K55 -> 10785.714 | AF55: ='30'!K55 -> 10785.714 | AH55: =AF55-D55 -> -428.57143 | AI55: =AVERAGE(D55:AF55) -> 10977.833
A56: 15 | B56: KACANG-KACANGAN | D56: ='1'!K56 | E56: ='2'!K56 | F56: ='3'!K56 | G56: ='4'!K56 | H56: ='5'!K56 | I56: ='6'!K56 | J56: ='7'!K56 | K56: ='8'!K56 | L56: ='9'!K56 | M56: ='10'!K56 | N56: ='11'!K56 | O56: ='12'!K56 | P56: ='13'!K56 | Q56: ='14'!K56 | R56: ='15'!K56 | S56: ='14'!K56 | T56: ='17'!K56 | U56: ='18'!K56 | V56: ='19'!K56 | W56: ='20'!K56 | X56: ='21'!K56 | Y56: ='22'!K56 | Z56: ='23'!K56 | AA56: ='24'!K56 | AB56: ='25'!K56 | AC56: ='26'!K56 | AD56: ='27'!K56 | AE56: ='28'!K56 | AF56: ='30'!K56 | AH56: =AF56-D56 -> 0 | AI56: =AVERAGE(D56:AF56) -> #DIV/0!
B57: - Kacang Kedelai (Kualitas Import) | C57: Kg | D57: ='1'!K57 -> 15500 | E57: ='2'!K57 -> 15500 | F57: ='3'!K57 -> 15500 | G57: ='4'!K57 -> 15500 | H57: ='5'!K57 -> 15500 | I57: ='6'!K57 -> 15500 | J57: ='7'!K57 -> 15500 | K57: ='8'!K57 -> 15500 | L57: ='9'!K57 -> 15500 | M57: ='10'!K57 -> 15500 | N57: ='11'!K57 -> 15166.667 | O57: ='12'!K57 -> 14833.333 | P57: ='13'!K57 -> 14833.333 | Q57: ='14'!K57 -> 14833.333 | R57: ='15'!K57 -> 14833.333 | S57: ='14'!K57 -> 14833.333 | T57: ='17'!K57 -> 14833.333 | U57: ='18'!K57 -> 14833.333 | V57: ='19'!K57 -> 14666.667 | W57: ='20'!K57 -> 14833.333 | X57: ='21'!K57 -> 14833.333 | Y57: ='22'!K57 -> 14833.333 | Z57: ='23'!K57 -> 14400 | AA57: ='24'!K57 -> 14400 | AB57: ='25'!K57 -> 14400 | AC57: ='26'!K57 -> 14400 | AD57: ='27'!K57 -> 14400 | AE57: ='28'!K57 -> 14400 | AF57: ='30'!K57 -> 14400 | AG57: 6800 | AH57: =AF57-D57 -> -1100 | AI57: =AVERAGE(D57:AF57) -> 14964.368
B58: - Kacang Kedelai (Kualitas Lokal) | C58: Kg | D58: ='1'!K58 -> 14166.667 | E58: ='2'!K58 -> 14166.667 | F58: ='3'!K58 -> 14166.667 | G58: ='4'!K58 -> 14166.667 | H58: ='5'!K58 -> 14166.667 | I58: ='6'!K58 -> 14166.667 | J58: ='7'!K58 -> 14166.667 | K58: ='8'!K58 -> 14166.667 | L58: ='9'!K58 -> 14166.667 | M58: ='10'!K58 -> 14166.667 | N58: ='11'!K58 -> 14166.667 | O58: ='12'!K58 -> 14166.667 | P58: ='13'!K58 -> 14166.667 | Q58: ='14'!K58 -> 14166.667 | R58: ='15'!K58 -> 14166.667 | S58: ='14'!K58 -> 14166.667 | T58: ='17'!K58 -> 14166.667 | U58: ='18'!K58 -> 14166.667 | V58: ='19'!K58 -> 14166.667 | W58: ='20'!K58 -> 14166.667 | X58: ='21'!K58 -> 14166.667 | Y58: ='22'!K58 -> 14166.667 | Z58: ='23'!K58 -> 14166.667 | AA58: ='24'!K58 -> 14166.667 | AB58: ='25'!K58 -> 14166.667 | AC58: ='26'!K58 -> 14166.667 | AD58: ='27'!K58 -> 14166.667 | AE58: ='28'!K58 -> 14166.667 | AF58: ='30'!K58 -> 14166.667 | AG58: 9200 | AH58: =AF58-D58 -> 0 | AI58: =AVERAGE(D58:AF58) -> 14166.667
B59: - Kacang Hijau | C59: Kg | D59: ='1'!K59 -> 25142.857 | E59: ='2'!K59 -> 25285.714 | F59: ='3'!K59 -> 25285.714 | G59: ='4'!K59 -> 25285.714 | H59: ='5'!K59 -> 25142.857 | I59: ='6'!K59 -> 25142.857 | J59: ='7'!K59 -> 25142.857 | K59: ='8'!K59 -> 25142.857 | L59: ='9'!K59 -> 25142.857 | M59: ='10'!K59 -> 25142.857 | N59: ='11'!K59 -> 25142.857 | O59: ='12'!K59 -> 25000 | P59: ='13'!K59 -> 25000 | Q59: ='14'!K59 -> 25000 | R59: ='15'!K59 -> 25000 | S59: ='14'!K59 -> 25000 | T59: ='17'!K59 -> 25000 | U59: ='18'!K59 -> 25000 | V59: ='19'!K59 -> 25000 | W59: ='20'!K59 -> 24714.286 | X59: ='21'!K59 -> 24714.286 | Y59: ='22'!K59 -> 24714.286 | Z59: ='23'!K59 -> 24714.286 | AA59: ='24'!K59 -> 24714.286 | AB59: ='25'!K59 -> 24714.286 | AC59: ='26'!K59 -> 24714.286 | AD59: ='27'!K59 -> 24714.286 | AE59: ='28'!K59 -> 24714.286 | AF59: ='30'!K59 -> 24714.286 | AH59: =AF59-D59 -> -428.57143 | AI59: =AVERAGE(D59:AF59) -> 24970.443
B60: - Kacang Tanah (Jenis Besar) | C60: Kg | D60: ='1'!K60 -> 29142.857 | E60: ='2'!K60 -> 29000 | F60: ='3'!K60 -> 29000 | G60: ='4'!K60 -> 29000 | H60: ='5'!K60 -> 29142.857 | I60: ='6'!K60 -> 29142.857 | J60: ='7'!K60 -> 29142.857 | K60: ='8'!K60 -> 29142.857 | L60: ='9'!K60 -> 29142.857 | M60: ='10'!K60 -> 29142.857 | N60: ='11'!K60 -> 29142.857 | O60: ='12'!K60 -> 28857.143 | P60: ='13'!K60 -> 28857.143 | Q60: ='14'!K60 -> 28857.143 | R60: ='15'!K60 -> 28857.143 | S60: ='14'!K60 -> 28857.143 | T60: ='17'!K60 -> 28857.143 | U60: ='18'!K60 -> 28857.143 | V60: ='19'!K60 -> 28857.143 | W60: ='20'!K60 -> 28857.143 | X60: ='21'!K60 -> 28857.143 | Y60: ='22'!K60 -> 28857.143 | Z60: ='23'!K60 -> 28857.143 | AA60: ='24'!K60 -> 28857.143 | AB60: ='25'!K60 -> 28857.143 | AC60: ='26'!K60 -> 28857.143 | AD60: ='27'!K60 -> 28857.143 | AE60: ='28'!K60 -> 28857.143 | AF60: ='30'!K60 -> 28857.143 | AH60: =AF60-D60 -> -285.71429 | AI60: =AVERAGE(D60:AF60) -> 28950.739
A61: 16 | B61: MIE INSTAN | D61: ='1'!K61 | E61: ='2'!K61 | F61: ='3'!K61 | G61: ='4'!K61 | H61: ='5'!K61 | I61: ='6'!K61 | J61: ='7'!K61 | K61: ='8'!K61 | L61: ='9'!K61 | M61: ='10'!K61 | N61: ='11'!K61 | O61: ='12'!K61 | P61: ='13'!K61 | Q61: ='14'!K61 | R61: ='15'!K61 | S61: ='14'!K61 | T61: ='17'!K61 | U61: ='18'!K61 | V61: ='19'!K61 | W61: ='20'!K61 | X61: ='21'!K61 | Y61: ='22'!K61 | Z61: ='23'!K61 | AA61: ='24'!K61 | AB61: ='25'!K61 | AC61: ='26'!K61 | AD61: ='27'!K61 | AE61: ='28'!K61 | AF61: ='30'!K61 | AH61: =AF61-D61 -> 0 | AI61: =AVERAGE(D61:AF61) -> #DIV/0!
B62: - Indomie Goreng | C62: 86 Gr/Bngks | D62: ='1'!K62 -> 3200 | E62: ='2'!K62 -> 3200 | F62: ='3'!K62 -> 3200 | G62: ='4'!K62 -> 3200 | H62: ='5'!K62 -> 3200 | I62: ='6'!K62 -> 3200 | J62: ='7'!K62 -> 3200 | K62: ='8'!K62 -> 3200 | L62: ='9'!K62 -> 3200 | M62: ='10'!K62 -> 3200 | N62: ='11'!K62 -> 3200 | O62: ='12'!K62 -> 3200 | P62: ='13'!K62 -> 3200 | Q62: ='14'!K62 -> 3200 | R62: ='15'!K62 -> 3200 | S62: ='14'!K62 -> 3200 | T62: ='17'!K62 -> 3200 | U62: ='18'!K62 -> 3200 | V62: ='19'!K62 -> 3200 | W62: ='20'!K62 -> 3200 | X62: ='21'!K62 -> 3200 | Y62: ='22'!K62 -> 3200 | Z62: ='23'!K62 -> 3200 | AA62: ='24'!K62 -> 3200 | AB62: ='25'!K62 -> 3200 | AC62: ='26'!K62 -> 3200 | AD62: ='27'!K62 -> 3200 | AE62: ='28'!K62 -> 3200 | AF62: ='30'!K62 -> 3200 | AH62: =AF62-D62 -> 0 | AI62: =AVERAGE(D62:AF62) -> 3200
A63: 17 | B63: C A B E | D63: ='1'!K63 | E63: ='2'!K63 | F63: ='3'!K63 | G63: ='4'!K63 | H63: ='5'!K63 | I63: ='6'!K63 | J63: ='7'!K63 | K63: ='8'!K63 | L63: ='9'!K63 | M63: ='10'!K63 | N63: ='11'!K63 | O63: ='12'!K63 | P63: ='13'!K63 | Q63: ='14'!K63 | R63: ='15'!K63 | S63: ='14'!K63 | T63: ='17'!K63 | U63: ='18'!K63 | V63: ='19'!K63 | W63: ='20'!K63 | X63: ='21'!K63 | Y63: ='22'!K63 | Z63: ='23'!K63 | AA63: ='24'!K63 | AB63: ='25'!K63 | AC63: ='26'!K63 | AD63: ='27'!K63 | AE63: ='28'!K63 | AF63: ='30'!K63 | AH63: =AF63-D63 -> 0 | AI63: =AVERAGE(D63:AF63) -> #DIV/0!
B64: - Cabe Merah Besar | C64: Kg | D64: ='1'!K64 -> 31428.571 | E64: ='2'!K64 -> 32142.857 | F64: ='3'!K64 -> 32857.143 | G64: ='4'!K64 -> 30714.286 | H64: ='5'!K64 -> 33285.714 | I64: ='6'!K64 -> 33285.714 | J64: ='7'!K64 -> 30285.714 | K64: ='8'!K64 -> 30571.429 | L64: ='9'!K64 -> 30285.714 | M64: ='10'!K64 -> 29571.429 | N64: ='11'!K64 -> 30285.714 | O64: ='12'!K64 -> 30000 | P64: ='13'!K64 -> 29714.286 | Q64: ='14'!K64 -> 29714.286 | R64: ='15'!K64 -> 30571.429 | S64: ='14'!K64 -> 29714.286 | T64: ='17'!K64 -> 30000 | U64: ='18'!K64 -> 29142.857 | V64: ='19'!K64 -> 30000 | W64: ='20'!K64 -> 29285.714 | X64: ='21'!K64 -> 29285.714 | Y64: ='22'!K64 -> 29000 | Z64: ='23'!K64 -> 29142.857 | AA64: ='24'!K64 -> 30285.714 | AB64: ='25'!K64 -> 30285.714 | AC64: ='26'!K64 -> 32857.143 | AD64: ='27'!K64 -> 32571.429 | AE64: ='28'!K64 -> 33714.286 | AF64: ='30'!K64 -> 34428.571 | AH64: =AF64-D64 -> 3000 | AI64: =AVERAGE(D64:AF64) -> 30842.365
B65: - Cabe Merah Kriting | C65: Kg | D65: ='1'!K65 -> 26000 | E65: ='2'!K65 -> 26000 | F65: ='3'!K65 -> 26000 | G65: ='4'!K65 -> 25800 | H65: ='5'!K65 -> 27000 | I65: ='6'!K65 -> 27000 | J65: ='7'!K65 -> 25400 | K65: ='8'!K65 -> 27000 | L65: ='9'!K65 -> 29000 | M65: ='10'!K65 -> 28000 | N65: ='11'!K65 -> 28000 | O65: ='12'!K65 -> 28000 | P65: ='13'!K65 -> 28000 | Q65: ='14'!K65 -> 27800 | R65: ='15'!K65 -> 28800 | S65: ='14'!K65 -> 27800 | T65: ='17'!K65 -> 28800 | U65: ='18'!K65 -> 27000 | V65: ='19'!K65 -> 27400 | W65: ='20'!K65 -> 28400 | X65: ='21'!K65 -> 28000 | Y65: ='22'!K65 -> 27000 | Z65: ='23'!K65 -> 27000 | AA65: ='24'!K65 -> 28000 | AB65: ='25'!K65 -> 28000 | AC65: ='26'!K65 -> 29000 | AD65: ='27'!K65 -> 31000 | AE65: ='28'!K65 -> 31800 | AF65: ='30'!K65 -> 31000 | AH65: =AF65-D65 -> 5000 | AI65: =AVERAGE(D65:AF65) -> 27862.069
B66: - Cabe Merah Kecil-Rawit | C66: Kg | D66: ='1'!K66 -> 38142.857 | E66: ='2'!K66 -> 36714.286 | F66: ='3'!K66 -> 36714.286 | G66: ='4'!K66 -> 36428.571 | H66: ='5'!K66 -> 37142.857 | I66: ='6'!K66 -> 37142.857 | J66: ='7'!K66 -> 37571.429 | K66: ='8'!K66 -> 37857.143 | L66: ='9'!K66 -> 37857.143 | M66: ='10'!K66 -> 37142.857 | N66: ='11'!K66 -> 37857.143 | O66: ='12'!K66 -> 35714.286 | P66: ='13'!K66 -> 34571.429 | Q66: ='14'!K66 -> 34571.429 | R66: ='15'!K66 -> 35428.571 | S66: ='14'!K66 -> 34571.429 | T66: ='17'!K66 -> 33714.286 | U66: ='18'!K66 -> 32714.286 | V66: ='19'!K66 -> 32857.143 | W66: ='20'!K66 -> 33571.429 | X66: ='21'!K66 -> 32571.429 | Y66: ='22'!K66 -> 33142.857 | Z66: ='23'!K66 -> 32714.286 | AA66: ='24'!K66 -> 31000 | AB66: ='25'!K66 -> 31428.571 | AC66: ='26'!K66 -> 30428.571 | AD66: ='27'!K66 -> 30428.571 | AE66: ='28'!K66 -> 29571.429 | AF66: ='30'!K66 -> 30000 | AH66: =AF66-D66 -> -8142.8571 | AI66: =AVERAGE(D66:AF66) -> 34467.98
A67: 18 | B67: BAHAN BAKAR GAS LPG | D67: ='1'!K67 | E67: ='2'!K67 | F67: ='3'!K67 | G67: ='4'!K67 | H67: ='5'!K67 | I67: ='6'!K67 | J67: ='7'!K67 | K67: ='8'!K67 | L67: ='9'!K67 | M67: ='10'!K67 | N67: ='11'!K67 | O67: ='12'!K67 | P67: ='13'!K67 | Q67: ='14'!K67 | R67: ='15'!K67 | S67: ='14'!K67 | T67: ='17'!K67 | U67: ='18'!K67 | V67: ='19'!K67 | W67: ='20'!K67 | X67: ='21'!K67 | Y67: ='22'!K67 | Z67: ='23'!K67 | AA67: ='24'!K67 | AB67: ='25'!K67 | AC67: ='26'!K67 | AD67: ='27'!K67 | AE67: ='28'!K67 | AF67: ='30'!K67 | AH67: =AF67-D67 -> 0 | AI67: =AVERAGE(D67:AF67) -> #DIV/0!
B68: - Gas LPG Tabung (3 Kg.) | C68: Per Tabung | D68: ='1'!K68 -> 18333.333 | E68: ='2'!K68 -> 18333.333 | F68: ='3'!K68 -> 18333.333 | G68: ='4'!K68 -> 18333.333 | H68: ='5'!K68 -> 18333.333 | I68: ='6'!K68 -> 18333.333 | J68: ='7'!K68 -> 18333.333 | K68: ='8'!K68 -> 18333.333 | L68: ='9'!K68 -> 18333.333 | M68: ='10'!K68 -> 18333.333 | N68: ='11'!K68 -> 18333.333 | O68: ='12'!K68 -> 18333.333 | P68: ='13'!K68 -> 18333.333 | Q68: ='14'!K68 -> 18333.333 | R68: ='15'!K68 -> 18333.333 | S68: ='14'!K68 -> 18333.333 | T68: ='17'!K68 -> 18333.333 | U68: ='18'!K68 -> 18333.333 | V68: ='19'!K68 -> 18333.333 | W68: ='20'!K68 -> 18333.333 | X68: ='21'!K68 -> 18333.333 | Y68: ='22'!K68 -> 18333.333 | Z68: ='23'!K68 -> 18333.333 | AA68: ='24'!K68 -> 18333.333 | AB68: ='25'!K68 -> 18333.333 | AC68: ='26'!K68 -> 18333.333 | AD68: ='27'!K68 -> 18333.333 | AE68: ='28'!K68 -> 18333.333 | AF68: ='30'!K68 -> 18333.333 | AH68: =AF68-D68 -> 0 | AI68: =AVERAGE(D68:AF68) -> 18333.333
A69: 19 | B69: BAWANG | D69: ='1'!K69 | E69: ='2'!K69 | F69: ='3'!K69 | G69: ='4'!K69 | H69: ='5'!K69 | I69: ='6'!K69 | J69: ='7'!K69 | K69: ='8'!K69 | L69: ='9'!K69 | M69: ='10'!K69 | N69: ='11'!K69 | O69: ='12'!K69 | P69: ='13'!K69 | Q69: ='14'!K69 | R69: ='15'!K69 | S69: ='14'!K69 | T69: ='17'!K69 | U69: ='18'!K69 | V69: ='19'!K69 | W69: ='20'!K69 | X69: ='21'!K69 | Y69: ='22'!K69 | Z69: ='23'!K69 | AA69: ='24'!K69 | AB69: ='25'!K69 | AC69: ='26'!K69 | AD69: ='27'!K69 | AE69: ='28'!K69 | AF69: ='30'!K69 | AH69: =AF69-D69 -> 0 | AI69: =AVERAGE(D69:AF69) -> #DIV/0!
B70: - Bawang Putih (Jenis Kating) | C70: Kg | D70: ='1'!K70 -> 36428.571 | E70: ='2'!K70 -> 36428.571 | F70: ='3'!K70 -> 36428.571 | G70: ='4'!K70 -> 36428.571 | H70: ='5'!K70 -> 36571.429 | I70: ='6'!K70 -> 38000 | J70: ='7'!K70 -> 35857.143 | K70: ='8'!K70 -> 35571.429 | L70: ='9'!K70 -> 35285.714 | M70: ='10'!K70 -> 35285.714 | N70: ='11'!K70 -> 34714.286 | O70: ='12'!K70 -> 34714.286 | P70: ='13'!K70 -> 34428.571 | Q70: ='14'!K70 -> 34428.571 | R70: ='15'!K70 -> 34428.571 | S70: ='14'!K70 -> 34428.571 | T70: ='17'!K70 -> 34714.286 | U70: ='18'!K70 -> 34714.286 | V70: ='19'!K70 -> 33428.571 | W70: ='20'!K70 -> 34000 | X70: ='21'!K70 -> 34000 | Y70: ='22'!K70 -> 34000 | Z70: ='23'!K70 -> 34000 | AA70: ='24'!K70 -> 34000 | AB70: ='25'!K70 -> 34000 | AC70: ='26'!K70 -> 33857.143 | AD70: ='27'!K70 -> 34285.714 | AE70: ='28'!K70 -> 35000 | AF70: ='30'!K70 -> 35142.857 | AH70: =AF70-D70 -> -1285.7143 | AI70: =AVERAGE(D70:AF70) -> 34985.222
B71: - Bawang Putih (Jenis Sinco) | C71: Kg | D71: ='1'!K71 -> 33714.286 | E71: ='2'!K71 -> 33857.143 | F71: ='3'!K71 -> 33857.143 | G71: ='4'!K71 -> 34000 | H71: ='5'!K71 -> 33857.143 | I71: ='6'!K71 -> 34285.714 | J71: ='7'!K71 -> 32285.714 | K71: ='8'!K71 -> 32857.143 | L71: ='9'!K71 -> 32000 | M71: ='10'!K71 -> 32285.714 | N71: ='11'!K71 -> 31714.286 | O71: ='12'!K71 -> 31714.286 | P71: ='13'!K71 -> 31142.857 | Q71: ='14'!K71 -> 31428.571 | R71: ='15'!K71 -> 31285.714 | S71: ='14'!K71 -> 31428.571 | T71: ='17'!K71 -> 31714.286 | U71: ='18'!K71 -> 31857.143 | V71: ='19'!K71 -> 31142.857 | W71: ='20'!K71 -> 31142.857 | X71: ='21'!K71 -> 31142.857 | Y71: ='22'!K71 -> 31142.857 | Z71: ='23'!K71 -> 31142.857 | AA71: ='24'!K71 -> 31000 | AB71: ='25'!K71 -> 31000 | AC71: ='26'!K71 -> 31428.571 | AD71: ='27'!K71 -> 31714.286 | AE71: ='28'!K71 -> 32000 | AF71: ='30'!K71 -> 31857.143 | AH71: =AF71-D71 -> -1857.1429 | AI71: =AVERAGE(D71:AF71) -> 32068.966
B72: - Bawang Merah (Kualitas Lokal) | C72: Kg | D72: ='1'!K72 -> 35000 | E72: ='2'!K72 -> 35428.571 | F72: ='3'!K72 -> 35714.286 | G72: ='4'!K72 -> 36000 | H72: ='5'!K72 -> 36142.857 | I72: ='6'!K72 -> 36571.429 | J72: ='7'!K72 -> 35571.429 | K72: ='8'!K72 -> 36142.857 | L72: ='9'!K72 -> 35142.857 | M72: ='10'!K72 -> 35428.571 | N72: ='11'!K72 -> 35142.857 | O72: ='12'!K72 -> 35142.857 | P72: ='13'!K72 -> 34285.714 | Q72: ='14'!K72 -> 33285.714 | R72: ='15'!K72 -> 33714.286 | S72: ='14'!K72 -> 33285.714 | T72: ='17'!K72 -> 35000 | U72: ='18'!K72 -> 35000 | V72: ='19'!K72 -> 33571.429 | W72: ='20'!K72 -> 33428.571 | X72: ='21'!K72 -> 33428.571 | Y72: ='22'!K72 -> 33285.714 | Z72: ='23'!K72 -> 32285.714 | AA72: ='24'!K72 -> 32285.714 | AB72: ='25'!K72 -> 32285.714 | AC72: ='26'!K72 -> 28928.571 | AD72: ='27'!K72 -> 32857.143 | AE72: ='28'!K72 -> 33714.286 | AF72: ='30'!K72 -> 34000 | AH72: =AF72-D72 -> -1000 | AI72: =AVERAGE(D72:AF72) -> 34209.36
B73: - Bawang Bombay | C73: Kg | D73: ='1'!K73 -> 42000 | E73: ='2'!K73 -> 41285.714 | F73: ='3'!K73 -> 41285.714 | G73: ='4'!K73 -> 41285.714 | H73: ='5'!K73 -> 41142.857 | I73: ='6'!K73 -> 41142.857 | J73: ='7'!K73 -> 41142.857 | K73: ='8'!K73 -> 41142.857 | L73: ='9'!K73 -> 41142.857 | M73: ='10'!K73 -> 41142.857 | N73: ='11'!K73 -> 41142.857 | O73: ='12'!K73 -> 39428.571 | P73: ='13'!K73 -> 39428.571 | Q73: ='14'!K73 -> 39428.571 | R73: ='15'!K73 -> 40285.714 | S73: ='14'!K73 -> 39428.571 | T73: ='17'!K73 -> 38571.429 | U73: ='18'!K73 -> 38142.857 | V73: ='19'!K73 -> 36571.429 | W73: ='20'!K73 -> 36428.571 | X73: ='21'!K73 -> 35714.286 | Y73: ='22'!K73 -> 35714.286 | Z73: ='23'!K73 -> 34000 | AA73: ='24'!K73 -> 34285.714 | AB73: ='25'!K73 -> 34285.714 | AC73: ='26'!K73 -> 34285.714 | AD73: ='27'!K73 -> 34285.714 | AE73: ='28'!K73 -> 34285.714 | AF73: ='30'!K73 -> 34285.714 | AH73: =AF73-D73 -> -7714.2857 | AI73: =AVERAGE(D73:AF73) -> 38369.458
A74: 20 | B74: UBI-UBIAN | D74: ='1'!K74 | E74: ='2'!K74 | F74: ='3'!K74 | G74: ='4'!K74 | H74: ='5'!K74 | I74: ='6'!K74 | J74: ='7'!K74 | K74: ='8'!K74 | L74: ='9'!K74 | M74: ='10'!K74 | N74: ='11'!K74 | O74: ='12'!K74 | P74: ='13'!K74 | Q74: ='14'!K74 | R74: ='15'!K74 | S74: ='14'!K74 | T74: ='17'!K74 | U74: ='18'!K74 | V74: ='19'!K74 | W74: ='20'!K74 | X74: ='21'!K74 | Y74: ='22'!K74 | Z74: ='23'!K74 | AA74: ='24'!K74 | AB74: ='25'!K74 | AC74: ='26'!K74 | AD74: ='27'!K74 | AE74: ='28'!K74 | AF74: ='30'!K74 | AH74: =AF74-D74 -> 0 | AI74: =AVERAGE(D74:AF74) -> #DIV/0!
B75: - Ketela Pohon | C75: Kg | D75: ='1'!K75 -> 5714.2857 | E75: ='2'!K75 -> 5714.2857 | F75: ='3'!K75 -> 5714.2857 | G75: ='4'!K75 -> 5714.2857 | H75: ='5'!K75 -> 5714.2857 | I75: ='6'!K75 -> 5714.2857 | J75: ='7'!K75 -> 5714.2857 | K75: ='8'!K75 -> 5714.2857 | L75: ='9'!K75 -> 5714.2857 | M75: ='10'!K75 -> 5714.2857 | N75: ='11'!K75 -> 5714.2857 | O75: ='12'!K75 -> 5428.5714 | P75: ='13'!K75 -> 5428.5714 | Q75: ='14'!K75 -> 5428.5714 | R75: ='15'!K75 -> 5428.5714 | S75: ='14'!K75 -> 5428.5714 | T75: ='17'!K75 -> 5428.5714 | U75: ='18'!K75 -> 5428.5714 | V75: ='19'!K75 -> 5428.5714 | W75: ='20'!K75 -> 5428.5714 | X75: ='21'!K75 -> 5428.5714 | Y75: ='22'!K75 -> 5428.5714 | Z75: ='23'!K75 -> 5428.5714 | AA75: ='24'!K75 -> 5428.5714 | AB75: ='25'!K75 -> 5428.5714 | AC75: ='26'!K75 -> 5428.5714 | AD75: ='27'!K75 -> 5428.5714 | AE75: ='28'!K75 -> 5428.5714 | AF75: ='30'!K75 -> 5428.5714 | AH75: =AF75-D75 -> -285.71429 | AI75: =AVERAGE(D75:AF75) -> 5536.9458
B76: - Ubi Jalar | C76: Kg | D76: ='1'!K76 -> 6000 | E76: ='2'!K76 -> 6000 | F76: ='3'!K76 -> 6000 | G76: ='4'!K76 -> 6000 | H76: ='5'!K76 -> 6000 | I76: ='6'!K76 -> 6000 | J76: ='7'!K76 -> 6000 | K76: ='8'!K76 -> 6000 | L76: ='9'!K76 -> 6000 | M76: ='10'!K76 -> 6000 | N76: ='11'!K76 -> 6000 | O76: ='12'!K76 -> 5666.6667 | P76: ='13'!K76 -> 5666.6667 | Q76: ='14'!K76 -> 5666.6667 | R76: ='15'!K76 -> 5666.6667 | S76: ='14'!K76 -> 5666.6667 | T76: ='17'!K76 -> 5666.6667 | U76: ='18'!K76 -> 5666.6667 | V76: ='19'!K76 -> 5666.6667 | W76: ='20'!K76 -> 5666.6667 | X76: ='21'!K76 -> 5666.6667 | Y76: ='22'!K76 -> 5666.6667 | Z76: ='23'!K76 -> 5666.6667 | AA76: ='24'!K76 -> 5666.6667 | AB76: ='25'!K76 -> 5666.6667 | AC76: ='26'!K76 -> 5666.6667 | AD76: ='27'!K76 -> 5666.6667 | AE76: ='28'!K76 -> 5666.6667 | AF76: ='30'!K76 -> 5666.6667 | AH76: =AF76-D76 -> -333.33333 | AI76: =AVERAGE(D76:AF76) -> 5793.1034
A77: 21 | B77: SAYUR-SAYURAN | D77: ='1'!K77 | E77: ='2'!K77 | F77: ='3'!K77 | G77: ='4'!K77 | H77: ='5'!K77 | I77: ='6'!K77 | J77: ='7'!K77 | K77: ='8'!K77 | L77: ='9'!K77 | M77: ='10'!K77 | N77: ='11'!K77 | O77: ='12'!K77 | P77: ='13'!K77 | Q77: ='14'!K77 | R77: ='15'!K77 | S77: ='14'!K77 | T77: ='17'!K77 | U77: ='18'!K77 | V77: ='19'!K77 | W77: ='20'!K77 | X77: ='21'!K77 | Y77: ='22'!K77 | Z77: ='23'!K77 | AA77: ='24'!K77 | AB77: ='25'!K77 | AC77: ='26'!K77 | AD77: ='27'!K77 | AE77: ='28'!K77 | AF77: ='30'!K77 | AH77: =AF77-D77 -> 0 | AI77: =AVERAGE(D77:AF77) -> #DIV/0!
B78: - Kubis | C78: Kg | D78: ='1'!K78 -> 7714.2857 | E78: ='2'!K78 -> 7714.2857 | F78: ='3'!K78 -> 7714.2857 | G78: ='4'!K78 -> 7714.2857 | H78: ='5'!K78 -> 7714.2857 | I78: ='6'!K78 -> 7714.2857 | J78: ='7'!K78 -> 7714.2857 | K78: ='8'!K78 -> 7714.2857 | L78: ='9'!K78 -> 7714.2857 | M78: ='10'!K78 -> 7571.4286 | N78: ='11'!K78 -> 7571.4286 | O78: ='12'!K78 -> 7571.4286 | P78: ='13'!K78 -> 7714.2857 | Q78: ='14'!K78 -> 7714.2857 | R78: ='15'!K78 -> 7714.2857 | S78: ='14'!K78 -> 7714.2857 | T78: ='17'!K78 -> 7857.1429 | U78: ='18'!K78 -> 7571.4286 | V78: ='19'!K78 -> 7714.2857 | W78: ='20'!K78 -> 7714.2857 | X78: ='21'!K78 -> 7714.2857 | Y78: ='22'!K78 -> 7714.2857 | Z78: ='23'!K78 -> 7714.2857 | AA78: ='24'!K78 -> 7714.2857 | AB78: ='25'!K78 -> 7714.2857 | AC78: ='26'!K78 -> 7857.1429 | AD78: ='27'!K78 -> 7857.1429 | AE78: ='28'!K78 -> 7857.1429 | AF78: ='30'!K78 -> 7714.2857 | AH78: =AF78-D78 -> 0 | AI78: =AVERAGE(D78:AF78) -> 7714.2857
B79: - Buncis | C79: Kg | D79: ='1'!K79 -> 16000 | E79: ='2'!K79 -> 16000 | F79: ='3'!K79 -> 16000 | G79: ='4'!K79 -> 16000 | H79: ='5'!K79 -> 16000 | I79: ='6'!K79 -> 16285.714 | J79: ='7'!K79 -> 16000 | K79: ='8'!K79 -> 16000 | L79: ='9'!K79 -> 15285.714 | M79: ='10'!K79 -> 15285.714 | N79: ='11'!K79 -> 15285.714 | O79: ='12'!K79 -> 13857.143 | P79: ='13'!K79 -> 13714.286 | Q79: ='14'!K79 -> 13714.286 | R79: ='15'!K79 -> 13714.286 | S79: ='14'!K79 -> 13714.286 | T79: ='17'!K79 -> 13714.286 | U79: ='18'!K79 -> 13714.286 | V79: ='19'!K79 -> 14285.714 | W79: ='20'!K79 -> 14428.571 | X79: ='21'!K79 -> 14428.571 | Y79: ='22'!K79 -> 14285.714 | Z79: ='23'!K79 -> 14428.571 | AA79: ='24'!K79 -> 14142.857 | AB79: ='25'!K79 -> 14142.857 | AC79: ='26'!K79 -> 15000 | AD79: ='27'!K79 -> 15000 | AE79: ='28'!K79 -> 14714.286 | AF79: ='30'!K79 -> 14714.286 | AH79: =AF79-D79 -> -1285.7143 | AI79: =AVERAGE(D79:AF79) -> 14822.66
B80: - Kentang | C80: Kg | D80: ='1'!K80 -> 15000 | E80: ='2'!K80 -> 15142.857 | F80: ='3'!K80 -> 15142.857 | G80: ='4'!K80 -> 15142.857 | H80: ='5'!K80 -> 15428.571 | I80: ='6'!K80 -> 15142.857 | J80: ='7'!K80 -> 15142.857 | K80: ='8'!K80 -> 15285.714 | L80: ='9'!K80 -> 15142.857 | M80: ='10'!K80 -> 15000 | N80: ='11'!K80 -> 15000 | O80: ='12'!K80 -> 15000 | P80: ='13'!K80 -> 15285.714 | Q80: ='14'!K80 -> 15285.714 | R80: ='15'!K80 -> 15357.143 | S80: ='14'!K80 -> 15285.714 | T80: ='17'!K80 -> 15285.714 | U80: ='18'!K80 -> 15285.714 | V80: ='19'!K80 -> 15142.857 | W80: ='20'!K80 -> 14714.286 | X80: ='21'!K80 -> 14714.286 | Y80: ='22'!K80 -> 14714.286 | Z80: ='23'!K80 -> 15000 | AA80: ='24'!K80 -> 15000 | AB80: ='25'!K80 -> 15000 | AC80: ='26'!K80 -> 15285.714 | AD80: ='27'!K80 -> 15285.714 | AE80: ='28'!K80 -> 15285.714 | AF80: ='30'!K80 -> 15142.857 | AH80: =AF80-D80 -> 142.85714 | AI80: =AVERAGE(D80:AF80) -> 15125.616
B81: - Tomat | C81: Kg | D81: ='1'!K81 -> 13857.143 | E81: ='2'!K81 -> 13857.143 | F81: ='3'!K81 -> 13857.143 | G81: ='4'!K81 -> 13857.143 | H81: ='5'!K81 -> 14142.857 | I81: ='6'!K81 -> 14142.857 | J81: ='7'!K81 -> 14142.857 | K81: ='8'!K81 -> 14142.857 | L81: ='9'!K81 -> 14142.857 | M81: ='10'!K81 -> 14000 | N81: ='11'!K81 -> 14000 | O81: ='12'!K81 -> 14000 | P81: ='13'!K81 -> 14142.857 | Q81: ='14'!K81 -> 14142.857 | R81: ='15'!K81 -> 14142.857 | S81: ='14'!K81 -> 14142.857 | T81: ='17'!K81 -> 13142.857 | U81: ='18'!K81 -> 12571.429 | V81: ='19'!K81 -> 12428.571 | W81: ='20'!K81 -> 12142.857 | X81: ='21'!K81 -> 12285.714 | Y81: ='22'!K81 -> 11857.143 | Z81: ='23'!K81 -> 11571.429 | AA81: ='24'!K81 -> 11285.714 | AB81: ='25'!K81 -> 11714.286 | AC81: ='26'!K81 -> 11142.857 | AD81: ='27'!K81 -> 11142.857 | AE81: ='28'!K81 -> 11142.857 | AF81: ='30'!K81 -> 11285.714 | AH81: =AF81-D81 -> -2571.4286 | AI81: =AVERAGE(D81:AF81) -> 13049.261
B82: - Wortel (Kualitas Lokal) | C82: Kg | D82: ='1'!K82 -> 10571.429 | E82: ='2'!K82 -> 10857.143 | F82: ='3'!K82 -> 10857.143 | G82: ='4'!K82 -> 10857.143 | H82: ='5'!K82 -> 11000 | I82: ='6'!K82 -> 11000 | J82: ='7'!K82 -> 11428.571 | K82: ='8'!K82 -> 11571.429 | L82: ='9'!K82 -> 11714.286 | M82: ='10'!K82 -> 11714.286 | N82: ='11'!K82 -> 11714.286 | O82: ='12'!K82 -> 10857.143 | P82: ='13'!K82 -> 11285.714 | Q82: ='14'!K82 -> 11285.714 | R82: ='15'!K82 -> 11285.714 | S82: ='14'!K82 -> 11285.714 | T82: ='17'!K82 -> 11285.714 | U82: ='18'!K82 -> 11571.429 | V82: ='19'!K82 -> 11000 | W82: ='20'!K82 -> 10571.429 | X82: ='21'!K82 -> 10571.429 | Y82: ='22'!K82 -> 10571.429 | Z82: ='23'!K82 -> 10714.286 | AA82: ='24'!K82 -> 10714.286 | AB82: ='25'!K82 -> 10714.286 | AC82: ='26'!K82 -> 10714.286 | AD82: ='27'!K82 -> 10714.286 | AE82: ='28'!K82 -> 10714.286 | AF82: ='30'!K82 -> 10714.286 | AH82: =AF82-D82 -> 142.85714 | AI82: =AVERAGE(D82:AF82) -> 11029.557
B83: - Terong Ungu (Jenis Sayur) | C83: Kg | D83: ='1'!K83 -> 9428.5714 | E83: ='2'!K83 -> 9428.5714 | F83: ='3'!K83 -> 9428.5714 | G83: ='4'!K83 -> 9428.5714 | H83: ='5'!K83 -> 9428.5714 | I83: ='6'!K83 -> 9428.5714 | J83: ='7'!K83 -> 9428.5714 | K83: ='8'!K83 -> 9428.5714 | L83: ='9'!K83 -> 9428.5714 | M83: ='10'!K83 -> 9428.5714 | N83: ='11'!K83 -> 9428.5714 | O83: ='12'!K83 -> 9142.8571 | P83: ='13'!K83 -> 9142.8571 | Q83: ='14'!K83 -> 9142.8571 | R83: ='15'!K83 -> 9285.7143 | S83: ='14'!K83 -> 9142.8571 | T83: ='17'!K83 -> 9428.5714 | U83: ='18'!K83 -> 9428.5714 | V83: ='19'!K83 -> 9142.8571 | W83: ='20'!K83 -> 9142.8571 | X83: ='21'!K83 -> 9142.8571 | Y83: ='22'!K83 -> 9142.8571 | Z83: ='23'!K83 -> 9142.8571 | AA83: ='24'!K83 -> 8857.1429 | AB83: ='25'!K83 -> 8857.1429 | AC83: ='26'!K83 -> 8857.1429 | AD83: ='27'!K83 -> 8857.1429 | AE83: ='28'!K83 -> 8857.1429 | AF83: ='30'!K83 -> 8857.1429 | AH83: =AF83-D83 -> -571.42857 | AI83: =AVERAGE(D83:AF83) -> 9216.7488
B84: - Bayam (Jenis Sayur) | C84: Ikat Kecil | D84: ='1'!K84 -> 1916.6667 | E84: ='2'!K84 -> 1916.6667 | F84: ='3'!K84 -> 1916.6667 | G84: ='4'!K84 -> 1916.6667 | H84: ='5'!K84 -> 1916.6667 | I84: ='6'!K84 -> 1916.6667 | J84: ='7'!K84 -> 1916.6667 | K84: ='8'!K84 -> 1916.6667 | L84: ='9'!K84 -> 1916.6667 | M84: ='10'!K84 -> 1916.6667 | N84: ='11'!K84 -> 1916.6667 | O84: ='12'!K84 -> 1916.6667 | P84: ='13'!K84 -> 1916.6667 | Q84: ='14'!K84 -> 1916.6667 | R84: ='15'!K84 -> 1916.6667 | S84: ='14'!K84 -> 1916.6667 | T84: ='17'!K84 -> 1916.6667 | U84: ='18'!K84 -> 1916.6667 | V84: ='19'!K84 -> 1916.6667 | W84: ='20'!K84 -> 1833.3333 | X84: ='21'!K84 -> 1833.3333 | Y84: ='22'!K84 -> 1833.3333 | Z84: ='23'!K84 -> 1833.3333 | AA84: ='24'!K84 -> 1750 | AB84: ='25'!K84 -> 1750 | AC84: ='26'!K84 -> 1750 | AD84: ='27'!K84 -> 1750 | AE84: ='28'!K84 -> 1750 | AF84: ='30'!K84 -> 1750 | AH84: =AF84-D84 -> -166.66667 | AI84: =AVERAGE(D84:AF84) -> 1870.6897
B85: - Kangkung (Jenis Panjang) | C85: Ikat Kecil | D85: ='1'!K85 -> 1666.6667 | E85: ='2'!K85 -> 1666.6667 | F85: ='3'!K85 -> 1750 | G85: ='4'!K85 -> 1750 | H85: ='5'!K85 -> 1750 | I85: ='6'!K85 -> 1750 | J85: ='7'!K85 -> 1750 | K85: ='8'!K85 -> 1750 | L85: ='9'!K85 -> 1750 | M85: ='10'!K85 -> 1666.6667 | N85: ='11'!K85 -> 1750 | O85: ='12'!K85 -> 1750 | P85: ='13'!K85 -> 1750 | Q85: ='14'!K85 -> 1750 | R85: ='15'!K85 -> 1750 | S85: ='14'!K85 -> 1750 | T85: ='17'!K85 -> 1750 | U85: ='18'!K85 -> 1666.6667 | V85: ='19'!K85 -> 1666.6667 | W85: ='20'!K85 -> 1583.3333 | X85: ='21'!K85 -> 1583.3333 | Y85: ='22'!K85 -> 1583.3333 | Z85: ='23'!K85 -> 1583.3333 | AA85: ='24'!K85 -> 1500 | AB85: ='25'!K85 -> 1500 | AC85: ='26'!K85 -> 1500 | AD85: ='27'!K85 -> 1500 | AE85: ='28'!K85 -> 1500 | AF85: ='30'!K85 -> 1500 | AH85: =AF85-D85 -> -166.66667 | AI85: =AVERAGE(D85:AF85) -> 1660.9195
B86: - Sawi (Jenis Hijau) | C86: Ikat Kecil | D86: ='1'!K86 -> 2000 | E86: ='2'!K86 -> 2000 | F86: ='3'!K86 -> 2000 | G86: ='4'!K86 -> 2000 | H86: ='5'!K86 -> 2000 | I86: ='6'!K86 -> 2000 | J86: ='7'!K86 -> 2000 | K86: ='8'!K86 -> 2000 | L86: ='9'!K86 -> 2000 | M86: ='10'!K86 -> 2000 | N86: ='11'!K86 -> 2000 | O86: ='12'!K86 -> 2000 | P86: ='13'!K86 -> 2000 | Q86: ='14'!K86 -> 2000 | R86: ='15'!K86 -> 2000 | S86: ='14'!K86 -> 2000 | T86: ='17'!K86 -> 2000 | U86: ='18'!K86 -> 2000 | V86: ='19'!K86 -> 2000 | W86: ='20'!K86 -> 2000 | X86: ='21'!K86 -> 2000 | Y86: ='22'!K86 -> 2000 | Z86: ='23'!K86 -> 2000 | AA86: ='24'!K86 -> 1750 | AB86: ='25'!K86 -> 1750 | AC86: ='26'!K86 -> 1750 | AD86: ='27'!K86 -> 1750 | AE86: ='28'!K86 -> 1750 | AF86: ='30'!K86 -> 1750 | AH86: =AF86-D86 -> -250 | AI86: =AVERAGE(D86:AF86) -> 1948.2759
A87: 22 | B87: AIR MINERAL | D87: ='1'!K87 | E87: ='2'!K87 | F87: ='3'!K87 | G87: ='4'!K87 | H87: ='5'!K87 | I87: ='6'!K87 | J87: ='7'!K87 | K87: ='8'!K87 | L87: ='9'!K87 | M87: ='10'!K87 | N87: ='11'!K87 | O87: ='12'!K87 | P87: ='13'!K87 | Q87: ='14'!K87 | R87: ='15'!K87 | S87: ='14'!K87 | T87: ='17'!K87 | U87: ='18'!K87 | V87: ='19'!K87 | W87: ='20'!K87 | X87: ='21'!K87 | Y87: ='22'!K87 | Z87: ='23'!K87 | AA87: ='24'!K87 | AB87: ='25'!K87 | AC87: ='26'!K87 | AD87: ='27'!K87 | AE87: ='28'!K87 | AF87: ='30'!K87 | AH87: =AF87-D87 -> 0 | AI87: =AVERAGE(D87:AF87) -> #DIV/0!
B88: - Air Mineral (Aqua Galon) | C88: 19 Ltr/Galon | D88: ='1'!K88 -> 18000 | E88: ='2'!K88 -> 18000 | F88: ='3'!K88 -> 18000 | G88: ='4'!K88 -> 18000 | H88: ='5'!K88 -> 18000 | I88: ='6'!K88 -> 18000 | J88: ='7'!K88 -> 18000 | K88: ='8'!K88 -> 18000 | L88: ='9'!K88 -> 18000 | M88: ='10'!K88 -> 18000 | N88: ='11'!K88 -> 18000 | O88: ='12'!K88 -> 18000 | P88: ='13'!K88 -> 18000 | Q88: ='14'!K88 -> 18000 | R88: ='15'!K88 -> 18000 | S88: ='14'!K88 -> 18000 | T88: ='17'!K88 -> 18000 | U88: ='18'!K88 -> 18000 | V88: ='19'!K88 -> 18000 | W88: ='20'!K88 -> 18000 | X88: ='21'!K88 -> 18000 | Y88: ='22'!K88 -> 18000 | Z88: ='23'!K88 -> 18000 | AA88: ='24'!K88 -> 18000 | AB88: ='25'!K88 -> 18000 | AC88: ='26'!K88 -> 18000 | AD88: ='27'!K88 -> 18000 | AE88: ='28'!K88 -> 18000 | AF88: ='30'!K88 -> 18000 | AH88: =AF88-D88 -> 0 | AI88: =AVERAGE(D88:AF88) -> 18000
B93: keterangan :
B94: Sumber dari PD Pasar Surya Surabaya
B95: Fluktuasi dalam 1 Bulan

Sheet 1
A1: HARGA BAHAN-BAHAN POKOK
A2: DI PASAR TRADISIONAL KOTA SURABAYA
A3: HARI / TANGGAL : Kamis / 01 Juni 2023
B4: NAMA BAHAN POKOK DAN PENTING LAINNYA | C4: SATUAN | D4: Pasar Tambahrejo | E4: Pasar Pucang Anom | F4: Pasar Wonokromo | G4: Pasar Genteng Baru | H4: Pasar Pabean | I4: Pasar Kembang | J4: Pasar Balongsari | K4: Rata-Rata
A7: 1 | B7: BERAS
B8: - Beras Premium | C8: Kg | D8: 13000 | E8: 13500 | F8: 14000 | G8: 13500 | H8: 12000 | I8: 14000 | J8: 13500 | K8: =AVERAGE(D8:J8) -> 13357.143
B9: - Beras Medium Bulog | C9: Kg | D9: 9000 | E9: 9000 | F9: 9000 | G9: 9000 | H9: - | I9: - | J9: - | K9: =AVERAGE(D9:J9) -> 9000
B10: - Beras Medium | C10: Kg | D10: 11000 | E10: 11500 | F10: 12000 | G10: 11500 | H10: - | I10: 12500 | J10: 12500 | K10: =AVERAGE(D10:J10) -> 11833.333
B11: - Beras Jagung | C11: Kg | D11: - | E11: 10000 | F11: 12000 | G11: 12000 | H11: - | I11: 11000 | J11: 8000 | K11: =AVERAGE(D11:J11) -> 10600
B12: - Beras Ketan (Jenis Siyem) | C12: Kg | D12: - | E12: 22000 | F12: 24000 | G12: 20000 | H12: - | I12: 18000 | J12: 17000 | K12: =AVERAGE(D12:J12) -> 20200
A13: 2 | B13: GULA
B14: - Gula pasir lokal curah | C14: Kg | D14: 13000 | E14: 13500 | F14: 14000 | G14: 13500 | H14: 13500 | I14: 13500 | J14: 14000 | K14: =AVERAGE(D14:J14) -> 13571.429
B15: - Gula Jawa/Merah (Bahan Kelapa) | C15: Kg | D15: 15000 | E15: 16000 | F15: 15000 | G15: 16000 | H15: 15000 | I15: 18000 | J15: 16000 | K15: =AVERAGE(D15:J15) -> 15857.143
A16: 3 | B16: MINYAK GORENG
B17: - Minyak Goreng Curah (Bening) | C17: Kg | D17: 14500 | E17: 16000 | F17: 17000 | G17: 16000 | H17: 14000 | I17: 16000 | J17: 15500 | K17: =AVERAGE(D17:J17) -> 15571.429
B18: - Minyak Kita | C18: Liter | D18: 14000 | E18: 14000 | F18: 14000 | G18: 14000 | H18: - | I18: 14000 | J18: 14000 | K18: =AVERAGE(D18:J18) -> 14000
A19: 4 | B19: MENTEGA
B20: - Mentega Curah (Amanda) | C20: Kg | D20: 20000 | E20: - | F20: 19000 | G20: 22000 | H20: - | I20: 24000 | J20: - | K20: =AVERAGE(D20:J20) -> 21250
A21: 5 | B21: DAGING
B22: - Daging Sapi Grade Atas | C22: Kg | D22: 120000 | E22: 120000 | F22: 120000 | G22: 120000 | H22: 120000 | I22: 120000 | J22: - | K22: =AVERAGE(D22:J22) -> 120000
B23: - Daging Sapi Grade Sedang | C23: Kg | D23: 110000 | E23: 110000 | F23: 110000 | G23: 110000 | H23: 114000 | I23: 115000 | J23: 115000 | K23: =AVERAGE(D23:J23) -> 112000
B24: - Daging Sapi Grade Bawah | C24: Kg | D24: 100000 | E24: 95000 | F24: 105000 | G24: 105000 | H24: 100000 | I24: 110000 | J24: 105000 | K24: =AVERAGE(D24:J24) -> 102857.14
B25: - Daging Ayam Broiler | C25: Kg | D25: 36000 | E25: 36000 | F25: 35000 | G25: 35000 | H25: 36000 | I25: 35000 | J25: 38000 | K25: =AVERAGE(D25:J25) -> 35857.143
A26: 6 | B26: I K A N
B27: - Ikan Tongkol Segar (Uk. Sedang) | C27: Kg | D27: 30000 | E27: 40000 | F27: - | G27: 45000 | H27: 30000 | I27: 40000 | J27: 35000 | K27: =AVERAGE(D27:J27) -> 36666.667
B28: - Ikan Mujair Segar (Uk. Sedang) | C28: Kg | D28: 25000 | E28: 28000 | F28: 28000 | G28: 35000 | H28: 23000 | I28: 29000 | J28: 26000 | K28: =AVERAGE(D28:J28) -> 27714.286
B29: - Udang Segar (Uk. Sedang) | C29: Kg | D29: 80000 | E29: 60000 | F29: 60000 | G29: 75000 | H29: 58000 | I29: 60000 | J29: 60000 | K29: =AVERAGE(D29:J29) -> 64714.286
B30: - Ikan Lele Segar (Ukuran Sedang) | C30: Kg | D30: 25000 | E30: - | F30: - | G30: 25000 | H30: 23000 | I30: 24000 | J30: 26000 | K30: =AVERAGE(D30:J30) -> 24600
B31: - Ikan Bandeng Segar (Uk. Sedang) | C31: Kg | D31: 35000 | E31: 35000 | F31: 36000 | G31: 45000 | H31: 28000 | I31: 40000 | J31: 40000 | K31: =AVERAGE(D31:J31) -> 37000
B32: - Ikan Teri Asin (Bukan Teri Medan) | C32: Kg | D32: - | E32: 100000 | F32: 110000 | G32: - | H32: 80000 | I32: - | J32: - | K32: =AVERAGE(D32:J32) -> 96666.667
A33: 7 | B33: TELUR
B34: - Telur Ayam Broiler | C34: Kg | D34: 29000 | E34: 30000 | F34: 30000 | G34: 31000 | H34: 29000 | I34: 29000 | J34: 30500 | K34: =AVERAGE(D34:J34) -> 29785.714
B35: - Telur Ayam Kampung | C35: Butir | D35: 3000 | E35: 2200 | F35: 2000 | G35: 2200 | H35: 2000 | I35: 2500 | J35: 3000 | K35: =AVERAGE(D35:J35) -> 2414.2857
A36: 8 | B36: TAHU
B37: - Tahu biasa | C37: Kg | D37: 10000 | E37: 10000 | F37: 9000 | G37: 9000 | H37: 16000 | I37: 12000 | J37: 9000 | K37: =AVERAGE(D37:J37) -> 10714.286
B38: - Tahu susu | C38: Kg | D38: - | E38: 7000 | F38: 12000 | G38: 17000 | H38: - | I38: 15000 | J38: 12000 | K38: =AVERAGE(D38:J38) -> 12600
A39: 9 | B39: TEMPE
B40: - Tempe Kw I (campuran kedelai) | C40: Kg | D40: - | E40: 18000 | F40: - | G40: 16000 | H40: 14000 | I40: 15000 | J40: 15000 | K40: =AVERAGE(D40:J40) -> 15600
B41: - Tempe Kw II (campuran jagung) | C41: Kg | D41: 2500 | E41: 12000 | F41: 6000 | G41: - | H41: - | I41: - | J41: - | K41: =AVERAGE(D41:J41) -> 6833.3333
B42: - Tempe Kw III (campuran kulit) | C42: Kg | D42: - | E42: 2000 | F42: - | G42: - | H42: - | I42: - | J42: - | K42: =AVERAGE(D42:J42) -> 2000
A43: 10 | B43: S U S U
B44: - Susu Kental Manis "INDOMILK" Putih | C44: 390 Gr/kaleng | D44: 12500 | E44: 12000 | F44: 12500 | G44: 12000 | H44: - | I44: 12500 | J44: 12500 | K44: =AVERAGE(D44:J44) -> 12333.333
B45: - Susu Kental Manis "BENDERA" Putih | C45: 390 Gr/kaleng | D45: 12500 | E45: 13000 | F45: 12500 | G45: 12000 | H45: - | I45: 12500 | J45: 12500 | K45: =AVERAGE(D45:J45) -> 12500
A46: 11 | B46: SABUN CUCI
B47: - Sabun Detergen Rinso (Anti Noda) | C47: 900 Gram | D47: - | E47: - | F47: - | G47: - | H47: 17500 | I47: - | J47: - | K47: =AVERAGE(D47:J47) -> 17500
B48: - Sabun Colek "Wing's Biru" | C48: 350 Gram | D48: - | E48: - | F48: - | G48: - | H48: 2000 | I48: - | J48: - | K48: =AVERAGE(D48:J48) -> 2000
A49: 12 | B49: JAGUNG
B50: - Jagung Pipilan Kering (Jenis Kecil) | C50: Kg | D50: 10000 | E50: 8000 | F50: 10000 | G50: 10000 | H50: 9000 | I50: 10000 | J50: 8000 | K50: =AVERAGE(D50:J50) -> 9285.7143
B51: - Jagung Pipilan Kering (Jenis Besar) | C51: Kg | D51: 9000 | E51: 10000 | F51: 9000 | G51: 9000 | H51: 6000 | I51: - | J51: 6000 | K51: =AVERAGE(D51:J51) -> 8166.6667
A52: 13 | B52: GARAM BERYODIUM
B53: - Garam Halus (Cap Kapal) | C53: 250 Gr/Bngks | D53: 3000 | E53: 8000 | F53: 5000 | G53: 5000 | H53: 2500 | I53: 2000 | J53: 2500 | K53: =AVERAGE(D53:J53) -> 4000
A54: 14 | B54: TEPUNG TERIGU
B55: - Tepung Terigu "Segitiga Biru" Curah | C55: Kg | D55: 12000 | E55: 10500 | F55: 13000 | G55: 11000 | H55: 11000 | I55: 11000 | J55: 10000 | K55: =AVERAGE(D55:J55) -> 11214.286
A56: 15 | B56: KACANG-KACANGAN
B57: - Kacang Kedelai (Kualitas Import) | C57: Kg | D57: 14000 | E57: 16000 | F57: 16000 | G57: 18000 | H57: 13000 | I57: 16000 | J57: - | K57: =AVERAGE(D57:J57) -> 15500
B58: - Kacang Kedelai (Kualitas Lokal) | C58: Kg | D58: - | E58: 14000 | F58: 15000 | G58: - | H58: - | I58: - | J58: 13500 | K58: =AVERAGE(D58:J58) -> 14166.667
B59: - Kacang Hijau | C59: Kg | D59: 25000 | E59: 23000 | F59: 24000 | G59: 30000 | H59: 22000 | I59: 26000 | J59: 26000 | K59: =AVERAGE(D59:J59) -> 25142.857
B60: - Kacang Tanah (Jenis Besar) | C60: Kg | D60: 30000 | E60: 30000 | F60: 31000 | G60: 30000 | H60: 26000 | I60: 29000 | J60: 28000 | K60: =AVERAGE(D60:J60) -> 29142.857
A61: 16 | B61: MIE INSTAN
B62: - Indomie Goreng | C62: 86 Gr/Bngks | D62: 3000 | E62: 3200 | F62: 3000 | G62: 3000 | H62: - | I62: 3500 | J62: 3500 | K62: =AVERAGE(D62:J62) -> 3200
A63: 17 | B63: C A B E
B64: - Cabe Merah Besar | C64: Kg | D64: 30000 | E64: 30000 | F64: 30000 | G64: 35000 | H64: 25000 | I64: 40000 | J64: 30000 | K64: =AVERAGE(D64:J64) -> 31428.571
B65: - Cabe Merah Kriting | C65: Kg | D65: 20000 | E65: 25000 | F65: 25000 | G65: 35000 | H65: - | I65: 25000 | J65: - | K65: =AVERAGE(D65:J65) -> 26000
B66: - Cabe Merah Kecil-Rawit | C66: Kg | D66: 35000 | E66: 40000 | F66: 40000 | G66: 42000 | H66: 35000 | I66: 40000 | J66: 35000 | K66: =AVERAGE(D66:J66) -> 38142.857
A67: 18 | B67: BAHAN BAKAR GAS LPG
B68: - Gas LPG Tabung (3 Kg.) | C68: Per Tabung | D68: 20000 | E68: 18000 | F68: 18000 | G68: 18000 | H68: - | I68: 18000 | J68: 18000 | K68: =AVERAGE(D68:J68) -> 18333.333
A69: 19 | B69: BAWANG
B70: - Bawang Putih (Jenis Kating) | C70: Kg | D70: 35000 | E70: 35000 | F70: 36000 | G70: 40000 | H70: 34000 | I70: 40000 | J70: 35000 | K70: =AVERAGE(D70:J70) -> 36428.571
B71: - Bawang Putih (Jenis Sinco) | C71: Kg | D71: 32000 | E71: 35000 | F71: 34000 | G71: 35000 | H71: 32000 | I71: 40000 | J71: 28000 | K71: =AVERAGE(D71:J71) -> 33714.286
B72: - Bawang Merah (Kualitas Lokal) | C72: Kg | D72: 35000 | E72: 35000 | F72: 35000 | G72: 40000 | H72: 30000 | I72: 40000 | J72: 30000 | K72: =AVERAGE(D72:J72) -> 35000
B73: - Bawang Bombay | C73: Kg | D73: 40000 | E73: 44000 | F73: 45000 | G73: 45000 | H73: 40000 | I73: 50000 | J73: 30000 | K73: =AVERAGE(D73:J73) -> 42000
A74: 20 | B74: UBI-UBIAN
B75: - Ketela Pohon | C75: Kg | D75: 6000 | E75: 7000 | F75: 5000 | G75: 6000 | H75: 4000 | I75: 7000 | J75: 5000 | K75: =AVERAGE(D75:J75) -> 5714.2857
B76: - Ubi Jalar | C76: Kg | D76: 6000 | E76: - | F76: 6000 | G76: 6000 | H76: 5000 | I76: 7000 | J76: 6000 | K76: =AVERAGE(D76:J76) -> 6000
A77: 21 | B77: SAYUR-SAYURAN
B78: - Kubis | C78: Kg | D78: 7000 | E78: 8000 | F78: 8000 | G78: 8000 | H78: 9000 | I78: 8000 | J78: 6000 | K78: =AVERAGE(D78:J78) -> 7714.2857
B79: - Buncis | C79: Kg | D79: 14000 | E79: 22000 | F79: 16000 | G79: 15000 | H79: 10000 | I79: 20000 | J79: 15000 | K79: =AVERAGE(D79:J79) -> 16000
B80: - Kentang | C80: Kg | D80: 14000 | E80: 15000 | F80: 16000 | G80: 15000 | H80: 15000 | I80: 17000 | J80: 13000 | K80: =AVERAGE(D80:J80) -> 15000
B81: - Tomat | C81: Kg | D81: 16000 | E81: 15000 | F81: 12000 | G81: 13000 | H81: 10000 | I81: 18000 | J81: 13000 | K81: =AVERAGE(D81:J81) -> 13857.143
B82: - Wortel (Kualitas Lokal) | C82: Kg | D82: 9000 | E82: 10000 | F82: 10000 | G82: 13000 | H82: 10000 | I82: 12000 | J82: 10000 | K82: =AVERAGE(D82:J82) -> 10571.429
B83: - Terong Ungu (Jenis Sayur) | C83: Kg | D83: 9000 | E83: 12000 | F83: 8000 | G83: 10000 | H83: 9000 | I83: 10000 | J83: 8000 | K83: =AVERAGE(D83:J83) -> 9428.5714
B84: - Bayam (Jenis Sayur) | C84: Ikat Kecil | D84: 2000 | E84: - | F84: 2000 | G84: 2000 | H84: 1500 | I84: 2000 | J84: 2000 | K84: =AVERAGE(D84:J84) -> 1916.6667
B85: - Kangkung (Jenis Panjang) | C85: Ikat Kecil | D85: 2000 | E85: - | F85: 1500 | G85: 2000 | H85: 1500 | I85: 1500 | J85: 1500 | K85: =AVERAGE(D85:J85) -> 1666.6667
B86: - Sawi (Jenis Hijau) | C86: Ikat Kecil | D86: - | E86: - | F86: 2000 | G86: 2000 | H86: 2000 | I86: 2000 | J86: 2000 | K86: =AVERAGE(D86:J86) -> 2000
A87: 22 | B87: AIR MINERAL
B88: - Air Mineral (Aqua Galon) | C88: 19 Ltr/Galon | D88: 18000 | E88: - | F88: 18000 | G88: 17000 | H88: - | I88: 19000 | J88: 18000 | K88: =AVERAGE(D88:J88) -> 18000

Sheet 2
A1: HARGA BAHAN-BAHAN POKOK
A2: DI PASAR TRADISIONAL KOTA SURABAYA
A3: HARI / TANGGAL : Jumat / 02 Juni 2023
B4: NAMA BAHAN POKOK DAN PENTING LAINNYA | C4: SATUAN | D4: Pasar Tambahrejo | E4: Pasar Pucang Anom | F4: Pasar Wonokromo | G4: Pasar Genteng Baru | H4: Pasar Pabean | I4: Pasar Kembang | J4: Pasar Balongsari | K4: Rata-Rata
A7: 1 | B7: BERAS
B8: - Beras Premium | C8: Kg | D8: 13000 | E8: 13500 | F8: 14000 | G8: 13500 | H8: 12000 | I8: 14000 | J8: 13500 | K8: =AVERAGE(D8:J8) -> 13357.143
B9: - Beras Medium Bulog | C9: Kg | D9: 9000 | E9: 9000 | F9: 9000 | G9: 9000 | H9: - | I9: - | J9: - | K9: =AVERAGE(D9:J9) -> 9000
B10: - Beras Medium | C10: Kg | D10: 11000 | E10: 11500 | F10: 12000 | G10: 11500 | H10: - | I10: 12500 | J10: 12500 | K10: =AVERAGE(D10:J10) -> 11833.333
B11: - Beras Jagung | C11: Kg | D11: - | E11: 10000 | F11: 12000 | G11: 12000 | H11: - | I11: 11000 | J11: 8000 | K11: =AVERAGE(D11:J11) -> 10600
B12: - Beras Ketan (Jenis Siyem) | C12: Kg | D12: - | E12: 22000 | F12: 18000 | G12: 20000 | H12: - | I12: 18000 | J12: 17000 | K12: =AVERAGE(D12:J12) -> 19000
A13: 2 | B13: GULA
B14: - Gula pasir lokal curah | C14: Kg | D14: 13000 | E14: 13500 | F14: 14000 | G14: 13500 | H14: 13500 | I14: 13500 | J14: 13500 | K14: =AVERAGE(D14:J14) -> 13500
B15: - Gula Jawa/Merah (Bahan Kelapa) | C15: Kg | D15: 15000 | E15: 16000 | F15: 24000 | G15: 16000 | H15: 15000 | I15: 18000 | J15: 16000 | K15: =AVERAGE(D15:J15) -> 17142.857
A16: 3 | B16: MINYAK GORENG
B17: - Minyak Goreng Curah (Bening) | C17: Kg | D17: 14500 | E17: 16000 | F17: 17000 | G17: 16000 | H17: 14000 | I17: 16000 | J17: 15500 | K17: =AVERAGE(D17:J17) -> 15571.429
B18: - Minyak Kita | C18: Liter | D18: 14000 | E18: 14000 | F18: 14000 | G18: 14000 | H18: - | I18: 14000 | J18: 14000 | K18: =AVERAGE(D18:J18) -> 14000
A19: 4 | B19: MENTEGA
B20: - Mentega Curah (Amanda) | C20: Kg | D20: 20000 | E20: - | F20: 19000 | G20: 22000 | H20: - | I20: 24000 | J20: - | K20: =AVERAGE(D20:J20) -> 21250
A21: 5 | B21: DAGING
B22: - Daging Sapi Grade Atas | C22: Kg | D22: 120000 | E22: 120000 | F22: 120000 | G22: 120000 | H22: 120000 | I22: 120000 | J22: - | K22: =AVERAGE(D22:J22) -> 120000
B23: - Daging Sapi Grade Sedang | C23: Kg | D23: 110000 | E23: 110000 | F23: 110000 | G23: 110000 | H23: 114000 | I23: 115000 | J23: 115000 | K23: =AVERAGE(D23:J23) -> 112000
B24: - Daging Sapi Grade Bawah | C24: Kg | D24: 100000 | E24: 95000 | F24: 105000 | G24: 105000 | H24: 100000 | I24: 110000 | J24: 105000 | K24: =AVERAGE(D24:J24) -> 102857.14
B25: - Daging Ayam Broiler | C25: Kg | D25: 36000 | E25: 36000 | F25: 35000 | G25: 35000 | H25: 36000 | I25: 35000 | J25: 40000 | K25: =AVERAGE(D25:J25) -> 36142.857
A26: 6 | B26: I K A N
B27: - Ikan Tongkol Segar (Uk. Sedang) | C27: Kg | D27: 30000 | E27: 40000 | F27: - | G27: 45000 | H27: 30000 | I27: 40000 | J27: 35000 | K27: =AVERAGE(D27:J27) -> 36666.667
B28: - Ikan Mujair Segar (Uk. Sedang) | C28: Kg | D28: 25000 | E28: 28000 | F28: 28000 | G28: 35000 | H28: 23000 | I28: 29000 | J28: 24000 | K28: =AVERAGE(D28:J28) -> 27428.571
B29: - Udang Segar (Uk. Sedang) | C29: Kg | D29: 80000 | E29: 60000 | F29: 60000 | G29: 75000 | H29: 58000 | I29: 60000 | J29: 55000 | K29: =AVERAGE(D29:J29) -> 64000
B30: - Ikan Lele Segar (Ukuran Sedang) | C30: Kg | D30: 25000 | E30: - | F30: - | G30: 25000 | H30: 23000 | I30: 24000 | J30: 26000 | K30: =AVERAGE(D30:J30) -> 24600
B31: - Ikan Bandeng Segar (Uk. Sedang) | C31: Kg | D31: 35000 | E31: 35000 | F31: 36000 | G31: 45000 | H31: 28000 | I31: 40000 | J31: 38000 | K31: =AVERAGE(D31:J31) -> 36714.286
B32: - Ikan Teri Asin (Bukan Teri Medan) | C32: Kg | D32: - | E32: 100000 | F32: 110000 | G32: - | H32: 80000 | I32: - | J32: - | K32: =AVERAGE(D32:J32) -> 96666.667
A33: 7 | B33: TELUR
B34: - Telur Ayam Broiler | C34: Kg | D34: 29000 | E34: 30000 | F34: 30000 | G34: 30000 | H34: 29000 | I34: 29000 | J34: 30000 | K34: =AVERAGE(D34:J34) -> 29571.429
B35: - Telur Ayam Kampung | C35: Butir | D35: 3000 | E35: 2200 | F35: 2000 | G35: 2200 | H35: 2000 | I35: 2500 | J35: 3000 | K35: =AVERAGE(D35:J35) -> 2414.2857
A36: 8 | B36: TAHU
B37: - Tahu biasa | C37: Kg | D37: 10000 | E37: 10000 | F37: 9000 | G37: 9000 | H37: 16000 | I37: 12000 | J37: 9000 | K37: =AVERAGE(D37:J37) -> 10714.286
B38: - Tahu susu | C38: Kg | D38: - | E38: 7000 | F38: 12000 | G38: 17000 | H38: - | I38: 15000 | J38: 12000 | K38: =AVERAGE(D38:J38) -> 12600
A39: 9 | B39: TEMPE
B40: - Tempe Kw I (campuran kedelai) | C40: Kg | D40: - | E40: 18000 | F40: - | G40: 16000 | H40: 14000 | I40: 15000 | J40: 15000 | K40: =AVERAGE(D40:J40) -> 15600
B41: - Tempe Kw II (campuran jagung) | C41: Kg | D41: 2500 | E41: 12000 | F41: 6000 | G41: - | H41: - | I41: - | J41: - | K41: =AVERAGE(D41:J41) -> 6833.3333
B42: - Tempe Kw III (campuran kulit) | C42: Kg | D42: - | E42: 2000 | F42: - | G42: - | H42: - | I42: - | J42: - | K42: =AVERAGE(D42:J42) -> 2000
A43: 10 | B43: S U S U
B44: - Susu Kental Manis "INDOMILK" Putih | C44: 390 Gr/kaleng | D44: 12500 | E44: 12000 | F44: 13000 | G44: 12000 | H44: - | I44: 12500 | J44: 12500 | K44: =AVERAGE(D44:J44) -> 12416.667
B45: - Susu Kental Manis "BENDERA" Putih | C45: 390 Gr/kaleng | D45: 12500 | E45: 13000 | F45: 13000 | G45: 12000 | H45: - | I45: 12500 | J45: 12500 | K45: =AVERAGE(D45:J45) -> 12583.333
A46: 11 | B46: SABUN CUCI
B47: - Sabun Detergen Rinso (Anti Noda) | C47: 900 Gram | D47: - | E47: - | F47: - | G47: - | H47: 17500 | I47: - | J47: - | K47: =AVERAGE(D47:J47) -> 17500
B48: - Sabun Colek "Wing's Biru" | C48: 350 Gram | D48: - | E48: - | F48: - | G48: - | H48: 2000 | I48: - | J48: - | K48: =AVERAGE(D48:J48) -> 2000
A49: 12 | B49: JAGUNG
B50: - Jagung Pipilan Kering (Jenis Kecil) | C50: Kg | D50: 10000 | E50: 8000 | F50: 10000 | G50: 10000 | H50: 9000 | I50: 10000 | J50: 8000 | K50: =AVERAGE(D50:J50) -> 9285.7143
B51: - Jagung Pipilan Kering (Jenis Besar) | C51: Kg | D51: 9000 | E51: 10000 | F51: 10000 | G51: 10000 | H51: 6000 | I51: - | J51: 6000 | K51: =AVERAGE(D51:J51) -> 8500
A52: 13 | B52: GARAM BERYODIUM
B53: - Garam Halus (Cap Kapal) | C53: 250 Gr/Bngks | D53: 3000 | E53: 8000 | F53: 5000 | G53: 5000 | H53: 2500 | I53: 2000 | J53: 2500 | K53: =AVERAGE(D53:J53) -> 4000
A54: 14 | B54: TEPUNG TERIGU
B55: - Tepung Terigu "Segitiga Biru" Curah | C55: Kg | D55: 12000 | E55: 10500 | F55: 12500 | G55: 11000 | H55: 11000 | I55: 11000 | J55: 10000 | K55: =AVERAGE(D55:J55) -> 11142.857
A56: 15 | B56: KACANG-KACANGAN
B57: - Kacang Kedelai (Kualitas Import) | C57: Kg | D57: 14000 | E57: 16000 | F57: 16000 | G57: 18000 | H57: 13000 | I57: 16000 | J57: - | K57: =AVERAGE(D57:J57) -> 15500
B58: - Kacang Kedelai (Kualitas Lokal) | C58: Kg | D58: - | E58: 14000 | F58: 15000 | G58: - | H58: - | I58: - | J58: 13500 | K58: =AVERAGE(D58:J58) -> 14166.667
B59: - Kacang Hijau | C59: Kg | D59: 25000 | E59: 23000 | F59: 25000 | G59: 30000 | H59: 22000 | I59: 26000 | J59: 26000 | K59: =AVERAGE(D59:J59) -> 25285.714
B60: - Kacang Tanah (Jenis Besar) | C60: Kg | D60: 30000 | E60: 30000 | F60: 30000 | G60: 30000 | H60: 26000 | I60: 29000 | J60: 28000 | K60: =AVERAGE(D60:J60) -> 29000
A61: 16 | B61: MIE INSTAN
B62: - Indomie Goreng | C62: 86 Gr/Bngks | D62: 3000 | E62: 3200 | F62: 3000 | G62: 3000 | H62: - | I62: 3500 | J62: 3500 | K62: =AVERAGE(D62:J62) -> 3200
A63: 17 | B63: C A B E
B64: - Cabe Merah Besar | C64: Kg | D64: 30000 | E64: 30000 | F64: 35000 | G64: 35000 | H64: 25000 | I64: 40000 | J64: 30000 | K64: =AVERAGE(D64:J64) -> 32142.857
B65: - Cabe Merah Kriting | C65: Kg | D65: 20000 | E65: 25000 | F65: 25000 | G65: 35000 | H65: - | I65: 25000 | J65: - | K65: =AVERAGE(D65:J65) -> 26000
B66: - Cabe Merah Kecil-Rawit | C66: Kg | D66: 35000 | E66: 35000 | F66: 35000 | G66: 42000 | H66: 35000 | I66: 40000 | J66: 35000 | K66: =AVERAGE(D66:J66) -> 36714.286
A67: 18 | B67: BAHAN BAKAR GAS LPG
B68: - Gas LPG Tabung (3 Kg.) | C68: Per Tabung | D68: 20000 | E68: 18000 | F68: 18000 | G68: 18000 | H68: - | I68: 18000 | J68: 18000 | K68: =AVERAGE(D68:J68) -> 18333.333
A69: 19 | B69: BAWANG
B70: - Bawang Putih (Jenis Kating) | C70: Kg | D70: 35000 | E70: 35000 | F70: 36000 | G70: 40000 | H70: 34000 | I70: 40000 | J70: 35000 | K70: =AVERAGE(D70:J70) -> 36428.571
B71: - Bawang Putih (Jenis Sinco) | C71: Kg | D71: 32000 | E71: 35000 | F71: 35000 | G71: 35000 | H71: 32000 | I71: 40000 | J71: 28000 | K71: =AVERAGE(D71:J71) -> 33857.143
B72: - Bawang Merah (Kualitas Lokal) | C72: Kg | D72: 35000 | E72: 35000 | F72: 38000 | G72: 40000 | H72: 30000 | I72: 40000 | J72: 30000 | K72: =AVERAGE(D72:J72) -> 35428.571
B73: - Bawang Bombay | C73: Kg | D73: 40000 | E73: 44000 | F73: 40000 | G73: 45000 | H73: 40000 | I73: 50000 | J73: 30000 | K73: =AVERAGE(D73:J73) -> 41285.714
A74: 20 | B74: UBI-UBIAN
B75: - Ketela Pohon | C75: Kg | D75: 6000 | E75: 7000 | F75: 5000 | G75: 6000 | H75: 4000 | I75: 7000 | J75: 5000 | K75: =AVERAGE(D75:J75) -> 5714.2857
B76: - Ubi Jalar | C76: Kg | D76: 6000 | E76: - | F76: 6000 | G76: 6000 | H76: 5000 | I76: 7000 | J76: 6000 | K76: =AVERAGE(D76:J76) -> 6000
A77: 21 | B77: SAYUR-SAYURAN
B78: - Kubis | C78: Kg | D78: 7000 | E78: 8000 | F78: 8000 | G78: 8000 | H78: 9000 | I78: 8000 | J78: 6000 | K78: =AVERAGE(D78:J78) -> 7714.2857
B79: - Buncis | C79: Kg | D79: 14000 | E79: 22000 | F79: 16000 | G79: 15000 | H79: 10000 | I79: 20000 | J79: 15000 | K79: =AVERAGE(D79:J79) -> 16000
B80: - Kentang | C80: Kg | D80: 14000 | E80: 15000 | F80: 16000 | G80: 16000 | H80: 15000 | I80: 17000 | J80: 13000 | K80: =AVERAGE(D80:J80) -> 15142.857
B81: - Tomat | C81: Kg | D81: 16000 | E81: 15000 | F81: 12000 | G81: 13000 | H81: 10000 | I81: 18000 | J81: 13000 | K81: =AVERAGE(D81:J81) -> 13857.143
B82: - Wortel (Kualitas Lokal) | C82: Kg | D82: 9000 | E82: 10000 | F82: 12000 | G82: 13000 | H82: 10000 | I82: 12000 | J82: 10000 | K82: =AVERAGE(D82:J82) -> 10857.143
B83: - Terong Ungu (Jenis Sayur) | C83: Kg | D83: 9000 | E83: 12000 | F83: 8000 | G83: 10000 | H83: 9000 | I83: 10000 | J83: 8000 | K83: =AVERAGE(D83:J83) -> 9428.5714
B84: - Bayam (Jenis Sayur) | C84: Ikat Kecil | D84: 2000 | E84: - | F84: 2000 | G84: 2000 | H84: 1500 | I84: 2000 | J84: 2000 | K84: =AVERAGE(D84:J84) -> 1916.6667
B85: - Kangkung (Jenis Panjang) | C85: Ikat Kecil | D85: 2000 | E85: - | F85: 1500 | G85: 2000 | H85: 1500 | I85: 1500 | J85: 1500 | K85: =AVERAGE(D85:J85) -> 1666.6667
B86: - Sawi (Jenis Hijau) | C86: Ikat Kecil | D86: - | E86: - | F86: 2000 | G86: 2000 | H86: 2000 | I86: 2000 | J86: 2000 | K86: =AVERAGE(D86:J86) -> 2000
A87: 22 | B87: AIR MINERAL
B88: - Air Mineral (Aqua Galon) | C88: 19 Ltr/Galon | D88: 18000 | E88: - | F88: 18000 | G88: 17000 | H88: - | I88: 19000 | J88: 18000 | K88: =AVERAGE(D88:J88) -> 18000

Sheet 3
A1: HARGA BAHAN-BAHAN POKOK
A2: DI PASAR TRADISIONAL KOTA SURABAYA
A3: HARI / TANGGAL : Sabtu / 03 Juni 2023
B4: NAMA BAHAN POKOK DAN PENTING LAINNYA | C4: SATUAN | D4: Pasar Tambahrejo | E4: Pasar Pucang Anom | F4: Pasar Wonokromo | G4: Pasar Genteng Baru | H4: Pasar Pabean | I4: Pasar Kembang | J4: Pasar Balongsari | K4: Rata-Rata
A7: 1 | B7: BERAS
B8: - Beras Premium | C8: Kg | D8: 13000 | E8: 13500 | F8: 14000 | G8: 13500 | H8: 12000 | I8: 14000 | J8: 13500 | K8: =AVERAGE(D8:J8) -> 13357.143
B9: - Beras Medium Bulog | C9: Kg | D9: 9000 | E9: 9000 | F9: 9000 | G9: 9000 | H9: - | I9: - | J9: - | K9: =AVERAGE(D9:J9) -> 9000
B10: - Beras Medium | C10: Kg | D10: 11000 | E10: 11500 | F10: 13000 | G10: 11500 | H10: - | I10: 12500 | J10: 12500 | K10: =AVERAGE(D10:J10) -> 12000
B11: - Beras Jagung | C11: Kg | D11: - | E11: 10000 | F11: 12000 | G11: 12000 | H11: - | I11: 11000 | J11: 8000 | K11: =AVERAGE(D11:J11) -> 10600
B12: - Beras Ketan (Jenis Siyem) | C12: Kg | D12: - | E12: 22000 | F12: 18000 | G12: 20000 | H12: - | I12: 18000 | J12: 17000 | K12: =AVERAGE(D12:J12) -> 19000
A13: 2 | B13: GULA
B14: - Gula pasir lokal curah | C14: Kg | D14: 13000 | E14: 13500 | F14: 14000 | G14: 13500 | H14: 13500 | I14: 13500 | J14: 13500 | K14: =AVERAGE(D14:J14) -> 13500
B15: - Gula Jawa/Merah (Bahan Kelapa) | C15: Kg | D15: 15000 | E15: 16000 | F15: 24000 | G15: 16000 | H15: 15000 | I15: 18000 | J15: 16000 | K15: =AVERAGE(D15:J15) -> 17142.857
A16: 3 | B16: MINYAK GORENG
B17: - Minyak Goreng Curah (Bening) | C17: Kg | D17: 14500 | E17: 16000 | F17: 17000 | G17: 16000 | H17: 14000 | I17: 16000 | J17: 15500 | K17: =AVERAGE(D17:J17) -> 15571.429
B18: - Minyak Kita | C18: Liter | D18: 14000 | E18: 14000 | F18: 14000 | G18: 14000 | H18: - | I18: 14000 | J18: 14000 | K18: =AVERAGE(D18:J18) -> 14000
A19: 4 | B19: MENTEGA
B20: - Mentega Curah (Amanda) | C20: Kg | D20: 20000 | E20: - | F20: 19000 | G20: 22000 | H20: - | I20: 24000 | J20: - | K20: =AVERAGE(D20:J20) -> 21250
A21: 5 | B21: DAGING
B22: - Daging Sapi Grade Atas | C22: Kg | D22: 120000 | E22: 120000 | F22: 120000 | G22: 120000 | H22: 120000 | I22: 120000 | J22: - | K22: =AVERAGE(D22:J22) -> 120000
B23: - Daging Sapi Grade Sedang | C23: Kg | D23: 110000 | E23: 110000 | F23: 110000 | G23: 110000 | H23: 114000 | I23: 115000 | J23: 115000 | K23: =AVERAGE(D23:J23) -> 112000
B24: - Daging Sapi Grade Bawah | C24: Kg | D24: 100000 | E24: 95000 | F24: 105000 | G24: 105000 | H24: 100000 | I24: 110000 | J24: 105000 | K24: =AVERAGE(D24:J24) -> 102857.14
B25: - Daging Ayam Broiler | C25: Kg | D25: 36000 | E25: 36000 | F25: 35000 | G25: 35000 | H25: 40000 | I25: 35000 | J25: 40000 | K25: =AVERAGE(D25:J25) -> 36714.286
A26: 6 | B26: I K A N
B27: - Ikan Tongkol Segar (Uk. Sedang) | C27: Kg | D27: 30000 | E27: 40000 | F27: - | G27: 45000 | H27: 30000 | I27: 40000 | J27: 35000 | K27: =AVERAGE(D27:J27) -> 36666.667
B28: - Ikan Mujair Segar (Uk. Sedang) | C28: Kg | D28: 25000 | E28: 28000 | F28: 30000 | G28: 35000 | H28: 23000 | I28: 29000 | J28: 24000 | K28: =AVERAGE(D28:J28) -> 27714.286
B29: - Udang Segar (Uk. Sedang) | C29: Kg | D29: 80000 | E29: 60000 | F29: 60000 | G29: 75000 | H29: 58000 | I29: 60000 | J29: 55000 | K29: =AVERAGE(D29:J29) -> 64000
B30: - Ikan Lele Segar (Ukuran Sedang) | C30: Kg | D30: 25000 | E30: - | F30: - | G30: 25000 | H30: 23000 | I30: 24000 | J30: 26000 | K30: =AVERAGE(D30:J30) -> 24600
B31: - Ikan Bandeng Segar (Uk. Sedang) | C31: Kg | D31: 35000 | E31: 35000 | F31: 38000 | G31: 45000 | H31: 28000 | I31: 40000 | J31: 38000 | K31: =AVERAGE(D31:J31) -> 37000
B32: - Ikan Teri Asin (Bukan Teri Medan) | C32: Kg | D32: - | E32: 100000 | F32: 110000 | G32: - | H32: 80000 | I32: - | J32: - | K32: =AVERAGE(D32:J32) -> 96666.667
A33: 7 | B33: TELUR
B34: - Telur Ayam Broiler | C34: Kg | D34: 29000 | E34: 30000 | F34: 30000 | G34: 30000 | H34: 28000 | I34: 27000 | J34: 30000 | K34: =AVERAGE(D34:J34) -> 29142.857
B35: - Telur Ayam Kampung | C35: Butir | D35: 3000 | E35: 2200 | F35: 2000 | G35: 2200 | H35: 2000 | I35: 2500 | J35: 3000 | K35: =AVERAGE(D35:J35) -> 2414.2857
A36: 8 | B36: TAHU
B37: - Tahu biasa | C37: Kg | D37: 10000 | E37: 10000 | F37: 9000 | G37: 9000 | H37: 16000 | I37: 12000 | J37: 9000 | K37: =AVERAGE(D37:J37) -> 10714.286
B38: - Tahu susu | C38: Kg | D38: - | E38: 7000 | F38: 12000 | G38: 17000 | H38: - | I38: 15000 | J38: 12000 | K38: =AVERAGE(D38:J38) -> 12600
A39: 9 | B39: TEMPE
B40: - Tempe Kw I (campuran kedelai) | C40: Kg | D40: - | E40: 18000 | F40: - | G40: 16000 | H40: 14000 | I40: 15000 | J40: 15000 | K40: =AVERAGE(D40:J40) -> 15600
B41: - Tempe Kw II (campuran jagung) | C41: Kg | D41: 2500 | E41: 12000 | F41: 6000 | G41: - | H41: - | I41: - | J41: - | K41: =AVERAGE(D41:J41) -> 6833.3333
B42: - Tempe Kw III (campuran kulit) | C42: Kg | D42: - | E42: 2000 | F42: - | G42: - | H42: - | I42: - | J42: - | K42: =AVERAGE(D42:J42) -> 2000
A43: 10 | B43: S U S U
B44: - Susu Kental Manis "INDOMILK" Putih | C44: 390 Gr/kaleng | D44: 12500 | E44: 12000 | F44: 13000 | G44: 12000 | H44: - | I44: 12500 | J44: 12500 | K44: =AVERAGE(D44:J44) -> 12416.667
B45: - Susu Kental Manis "BENDERA" Putih | C45: 390 Gr/kaleng | D45: 12500 | E45: 13000 | F45: 13000 | G45: 12000 | H45: - | I45: 12500 | J45: 12500 | K45: =AVERAGE(D45:J45) -> 12583.333
A46: 11 | B46: SABUN CUCI
B47: - Sabun Detergen Rinso (Anti Noda) | C47: 900 Gram | D47: - | E47: - | F47: - | G47: - | H47: 17500 | I47: - | J47: - | K47: =AVERAGE(D47:J47) -> 17500
B48: - Sabun Colek "Wing's Biru" | C48: 350 Gram | D48: - | E48: - | F48: - | G48: - | H48: 2000 | I48: - | J48: - | K48: =AVERAGE(D48:J48) -> 2000
A49: 12 | B49: JAGUNG
B50: - Jagung Pipilan Kering (Jenis Kecil) | C50: Kg | D50: 10000 | E50: 8000 | F50: 10000 | G50: 10000 | H50: 9000 | I50: 10000 | J50: 8000 | K50: =AVERAGE(D50:J50) -> 9285.7143
B51: - Jagung Pipilan Kering (Jenis Besar) | C51: Kg | D51: 9000 | E51: 10000 | F51: 10000 | G51: 10000 | H51: 6000 | I51: - | J51: 6000 | K51: =AVERAGE(D51:J51) -> 8500
A52: 13 | B52: GARAM BERYODIUM
B53: - Garam Halus (Cap Kapal) | C53: 250 Gr/Bngks | D53: 3000 | E53: 8000 | F53: 5000 | G53: 5000 | H53: 2500 | I53: 2000 | J53: 2500 | K53: =AVERAGE(D53:J53) -> 4000
A54: 14 | B54: TEPUNG TERIGU
B55: - Tepung Terigu "Segitiga Biru" Curah | C55: Kg | D55: 12000 | E55: 10500 | F55: 12500 | G55: 11000 | H55: 11000 | I55: 11000 | J55: 10000 | K55: =AVERAGE(D55:J55) -> 11142.857
A56: 15 | B56: KACANG-KACANGAN
B57: - Kacang Kedelai (Kualitas Import) | C57: Kg | D57: 14000 | E57: 16000 | F57: 16000 | G57: 18000 | H57: 13000 | I57: 16000 | J57: - | K57: =AVERAGE(D57:J57) -> 15500
B58: - Kacang Kedelai (Kualitas Lokal) | C58: Kg | D58: - | E58: 14000 | F58: 15000 | G58: - | H58: - | I58: - | J58: 13500 | K58: =AVERAGE(D58:J58) -> 14166.667
B59: - Kacang Hijau | C59: Kg | D59: 25000 | E59: 23000 | F59: 25000 | G59: 30000 | H59: 22000 | I59: 26000 | J59: 26000 | K59: =AVERAGE(D59:J59) -> 25285.714
B60: - Kacang Tanah (Jenis Besar) | C60: Kg | D60: 30000 | E60: 30000 | F60: 30000 | G60: 30000 | H60: 26000 | I60: 29000 | J60: 28000 | K60: =AVERAGE(D60:J60) -> 29000
A61: 16 | B61: MIE INSTAN
B62: - Indomie Goreng | C62: 86 Gr/Bngks | D62: 3000 | E62: 3200 | F62: 3000 | G62: 3000 | H62: - | I62: 3500 | J62: 3500 | K62: =AVERAGE(D62:J62) -> 3200
A63: 17 | B63: C A B E
B64: - Cabe Merah Besar | C64: Kg | D64: 30000 | E64: 30000 | F64: 35000 | G64: 35000 | H64: 30000 | I64: 40000 | J64: 30000 | K64: =AVERAGE(D64:J64) -> 32857.143
B65: - Cabe Merah Kriting | C65: Kg | D65: 20000 | E65: 25000 | F65: 25000 | G65: 35000 | H65: - | I65: 25000 | J65: - | K65: =AVERAGE(D65:J65) -> 26000
B66: - Cabe Merah Kecil-Rawit | C66: Kg | D66: 35000 | E66: 35000 | F66: 35000 | G66: 42000 | H66: 35000 | I66: 40000 | J66: 35000 | K66: =AVERAGE(D66:J66) -> 36714.286
A67: 18 | B67: BAHAN BAKAR GAS LPG
B68: - Gas LPG Tabung (3 Kg.) | C68: Per Tabung | D68: 20000 | E68: 18000 | F68: 18000 | G68: 18000 | H68: - | I68: 18000 | J68: 18000 | K68: =AVERAGE(D68:J68) -> 18333.333
A69: 19 | B69: BAWANG
B70: - Bawang Putih (Jenis Kating) | C70: Kg | D70: 35000 | E70: 35000 | F70: 36000 | G70: 40000 | H70: 34000 | I70: 40000 | J70: 35000 | K70: =AVERAGE(D70:J70) -> 36428.571
B71: - Bawang Putih (Jenis Sinco) | C71: Kg | D71: 32000 | E71: 35000 | F71: 35000 | G71: 35000 | H71: 32000 | I71: 40000 | J71: 28000 | K71: =AVERAGE(D71:J71) -> 33857.143
B72: - Bawang Merah (Kualitas Lokal) | C72: Kg | D72: 35000 | E72: 35000 | F72: 38000 | G72: 40000 | H72: 32000 | I72: 40000 | J72: 30000 | K72: =AVERAGE(D72:J72) -> 35714.286
B73: - Bawang Bombay | C73: Kg | D73: 40000 | E73: 44000 | F73: 40000 | G73: 45000 | H73: 40000 | I73: 50000 | J73: 30000 | K73: =AVERAGE(D73:J73) -> 41285.714
A74: 20 | B74: UBI-UBIAN
B75: - Ketela Pohon | C75: Kg | D75: 6000 | E75: 7000 | F75: 5000 | G75: 6000 | H75: 4000 | I75: 7000 | J75: 5000 | K75: =AVERAGE(D75:J75) -> 5714.2857
B76: - Ubi Jalar | C76: Kg | D76: 6000 | E76: - | F76: 6000 | G76: 6000 | H76: 5000 | I76: 7000 | J76: 6000 | K76: =AVERAGE(D76:J76) -> 6000
A77: 21 | B77: SAYUR-SAYURAN
B78: - Kubis | C78: Kg | D78: 7000 | E78: 8000 | F78: 8000 | G78: 8000 | H78: 9000 | I78: 8000 | J78: 6000 | K78: =AVERAGE(D78:J78) -> 7714.2857
B79: - Buncis | C79: Kg | D79: 14000 | E79: 22000 | F79: 16000 | G79: 15000 | H79: 10000 | I79: 20000 | J79: 15000 | K79: =AVERAGE(D79:J79) -> 16000
B80: - Kentang | C80: Kg | D80: 14000 | E80: 15000 | F80: 16000 | G80: 16000 | H80: 15000 | I80: 17000 | J80: 13000 | K80: =AVERAGE(D80:J80) -> 15142.857
B81: - Tomat | C81: Kg | D81: 16000 | E81: 15000 | F81: 12000 | G81: 13000 | H81: 10000 | I81: 18000 | J81: 13000 | K81: =AVERAGE(D81:J81) -> 13857.143
B82: - Wortel (Kualitas Lokal) | C82: Kg | D82: 9000 | E82: 10000 | F82: 12000 | G82: 13000 | H82: 10000 | I82: 12000 | J82: 10000 | K82: =AVERAGE(D82:J82) -> 10857.143
B83: - Terong Ungu (Jenis Sayur) | C83: Kg | D83: 9000 | E83: 12000 | F83: 8000 | G83: 10000 | H83: 9000 | I83: 10000 | J83: 8000 | K83: =AVERAGE(D83:J83) -> 9428.5714
B84: - Bayam (Jenis Sayur) | C84: Ikat Kecil | D84: 2000 | E84: - | F84: 2000 | G84: 2000 | H84: 1500 | I84: 2000 | J84: 2000 | K84: =AVERAGE(D84:J84) -> 1916.6667
B85: - Kangkung (Jenis Panjang) | C85: Ikat Kecil | D85: 2000 | E85: - | F85: 1500 | G85: 2000 | H85: 1500 | I85: 2000 | J85: 1500 | K85: =AVERAGE(D85:J85) -> 1750
B86: - Sawi (Jenis Hijau) | C86: Ikat Kecil | D86: - | E86: - | F86: 2000 | G86: 2000 | H86: 2000 | I86: 2000 | J86: 2000 | K86: =AVERAGE(D86:J86) -> 2000
A87: 22 | B87: AIR MINERAL
B88: - Air Mineral (Aqua Galon) | C88: 19 Ltr/Galon | D88: 18000 | E88: - | F88: 18000 | G88: 17000 | H88: - | I88: 19000 | J88: 18000 | K88: =AVERAGE(D88:J88) -> 18000

Sheet 4
A1: HARGA BAHAN-BAHAN POKOK
A2: DI PASAR TRADISIONAL KOTA SURABAYA
A3: HARI / TANGGAL : Minggu / 04 Juni 2023
B4: NAMA BAHAN POKOK DAN PENTING LAINNYA | C4: SATUAN | D4: Pasar Tambahrejo | E4: Pasar Pucang Anom | F4: Pasar Wonokromo | G4: Pasar Genteng Baru | H4: Pasar Pabean | I4: Pasar Kembang | J4: Pasar Balongsari | K4: Rata-Rata
A7: 1 | B7: BERAS
B8: - Beras Premium | C8: Kg | D8: 13000 | E8: 13500 | F8: 14000 | G8: 13500 | H8: 12000 | I8: 14000 | J8: 13500 | K8: =AVERAGE(D8:J8) -> 13357.143
B9: - Beras Medium Bulog | C9: Kg | D9: 9000 | E9: 9000 | F9: 9000 | G9: 9000 | H9: - | I9: - | J9: - | K9: =AVERAGE(D9:J9) -> 9000
B10: - Beras Medium | C10: Kg | D10: 11000 | E10: 11500 | F10: 13000 | G10: 11500 | H10: - | I10: 12500 | J10: 12500 | K10: =AVERAGE(D10:J10) -> 12000
B11: - Beras Jagung | C11: Kg | D11: - | E11: 10000 | F11: 12000 | G11: 12000 | H11: - | I11: 11000 | J11: 8000 | K11: =AVERAGE(D11:J11) -> 10600
B12: - Beras Ketan (Jenis Siyem) | C12: Kg | D12: - | E12: 22000 | F12: 18000 | G12: 20000 | H12: - | I12: 18000 | J12: 17000 | K12: =AVERAGE(D12:J12) -> 19000
A13: 2 | B13: GULA
B14: - Gula pasir lokal curah | C14: Kg | D14: 13000 | E14: 13500 | F14: 13500 | G14: 13500 | H14: 13500 | I14: 13500 | J14: 13500 | K14: =AVERAGE(D14:J14) -> 13428.571
B15: - Gula Jawa/Merah (Bahan Kelapa) | C15: Kg | D15: 15000 | E15: 16000 | F15: 20000 | G15: 16000 | H15: 15000 | I15: 18000 | J15: 16000 | K15: =AVERAGE(D15:J15) -> 16571.429
A16: 3 | B16: MINYAK GORENG
B17: - Minyak Goreng Curah (Bening) | C17: Kg | D17: 14500 | E17: 16000 | F17: 17000 | G17: 16000 | H17: 14000 | I17: 16000 | J17: 15500 | K17: =AVERAGE(D17:J17) -> 15571.429
B18: - Minyak Kita | C18: Liter | D18: 14000 | E18: 14000 | F18: 14000 | G18: 14000 | H18: - | I18: 14000 | J18: 14000 | K18: =AVERAGE(D18:J18) -> 14000
A19: 4 | B19: MENTEGA
B20: - Mentega Curah (Amanda) | C20: Kg | D20: 20000 | E20: - | F20: 19000 | G20: 22000 | H20: - | I20: 24000 | J20: - | K20: =AVERAGE(D20:J20) -> 21250
A21: 5 | B21: DAGING
B22: - Daging Sapi Grade Atas | C22: Kg | D22: 120000 | E22: 120000 | F22: 120000 | G22: 120000 | H22: 120000 | I22: 120000 | J22: - | K22: =AVERAGE(D22:J22) -> 120000
B23: - Daging Sapi Grade Sedang | C23: Kg | D23: 110000 | E23: 110000 | F23: 110000 | G23: 110000 | H23: 114000 | I23: 115000 | J23: 115000 | K23: =AVERAGE(D23:J23) -> 112000
B24: - Daging Sapi Grade Bawah | C24: Kg | D24: 100000 | E24: 95000 | F24: 105000 | G24: 105000 | H24: 100000 | I24: 110000 | J24: 105000 | K24: =AVERAGE(D24:J24) -> 102857.14
B25: - Daging Ayam Broiler | C25: Kg | D25: 36000 | E25: 36000 | F25: 35000 | G25: 35000 | H25: 40000 | I25: 35000 | J25: 40000 | K25: =AVERAGE(D25:J25) -> 36714.286
A26: 6 | B26: I K A N
B27: - Ikan Tongkol Segar (Uk. Sedang) | C27: Kg | D27: 30000 | E27: 40000 | F27: - | G27: 45000 | H27: 30000 | I27: 40000 | J27: 35000 | K27: =AVERAGE(D27:J27) -> 36666.667
B28: - Ikan Mujair Segar (Uk. Sedang) | C28: Kg | D28: 25000 | E28: 28000 | F28: 30000 | G28: 35000 | H28: 23000 | I28: 29000 | J28: 24000 | K28: =AVERAGE(D28:J28) -> 27714.286
B29: - Udang Segar (Uk. Sedang) | C29: Kg | D29: 80000 | E29: 60000 | F29: 60000 | G29: 75000 | H29: 58000 | I29: 60000 | J29: 55000 | K29: =AVERAGE(D29:J29) -> 64000
B30: - Ikan Lele Segar (Ukuran Sedang) | C30: Kg | D30: 25000 | E30: - | F30: - | G30: 25000 | H30: 23000 | I30: 24000 | J30: 26000 | K30: =AVERAGE(D30:J30) -> 24600
B31: - Ikan Bandeng Segar (Uk. Sedang) | C31: Kg | D31: 35000 | E31: 35000 | F31: 38000 | G31: 45000 | H31: 28000 | I31: 40000 | J31: 38000 | K31: =AVERAGE(D31:J31) -> 37000
B32: - Ikan Teri Asin (Bukan Teri Medan) | C32: Kg | D32: - | E32: 100000 | F32: 110000 | G32: - | H32: 80000 | I32: - | J32: - | K32: =AVERAGE(D32:J32) -> 96666.667
A33: 7 | B33: TELUR
B34: - Telur Ayam Broiler | C34: Kg | D34: 29000 | E34: 30000 | F34: 30000 | G34: 30000 | H34: 28000 | I34: 27000 | J34: 30000 | K34: =AVERAGE(D34:J34) -> 29142.857
B35: - Telur Ayam Kampung | C35: Butir | D35: 3000 | E35: 2200 | F35: 2000 | G35: 2200 | H35: 2000 | I35: 2500 | J35: 3000 | K35: =AVERAGE(D35:J35) -> 2414.2857
A36: 8 | B36: TAHU
B37: - Tahu biasa | C37: Kg | D37: 10000 | E37: 10000 | F37: 9000 | G37: 9000 | H37: 16000 | I37: 12000 | J37: 9000 | K37: =AVERAGE(D37:J37) -> 10714.286
B38: - Tahu susu | C38: Kg | D38: - | E38: 7000 | F38: 12000 | G38: 17000 | H38: - | I38: 15000 | J38: 12000 | K38: =AVERAGE(D38:J38) -> 12600
A39: 9 | B39: TEMPE
B40: - Tempe Kw I (campuran kedelai) | C40: Kg | D40: - | E40: 18000 | F40: - | G40: 16000 | H40: 14000 | I40: 15000 | J40: 15000 | K40: =AVERAGE(D40:J40) -> 15600
B41: - Tempe Kw II (campuran jagung) | C41: Kg | D41: 2500 | E41: 12000 | F41: 6000 | G41: - | H41: - | I41: - | J41: - | K41: =AVERAGE(D41:J41) -> 6833.3333
B42: - Tempe Kw III (campuran kulit) | C42: Kg | D42: - | E42: 2000 | F42: - | G42: - | H42: - | I42: - | J42: - | K42: =AVERAGE(D42:J42) -> 2000
A43: 10 | B43: S U S U
B44: - Susu Kental Manis "INDOMILK" Putih | C44: 390 Gr/kaleng | D44: 12500 | E44: 12000 | F44: 13000 | G44: 12000 | H44: - | I44: 12500 | J44: 12500 | K44: =AVERAGE(D44:J44) -> 12416.667
B45: - Susu Kental Manis "BENDERA" Putih | C45: 390 Gr/kaleng | D45: 12500 | E45: 13000 | F45: 13000 | G45: 12000 | H45: - | I45: 12500 | J45: 12500 | K45: =AVERAGE(D45:J45) -> 12583.333
A46: 11 | B46: SABUN CUCI
B47: - Sabun Detergen Rinso (Anti Noda) | C47: 900 Gram | D47: - | E47: - | F47: - | G47: - | H47: 17500 | I47: - | J47: - | K47: =AVERAGE(D47:J47) -> 17500
B48: - Sabun Colek "Wing's Biru" | C48: 350 Gram | D48: - | E48: - | F48: - | G48: - | H48: 2000 | I48: - | J48: - | K48: =AVERAGE(D48:J48) -> 2000
A49: 12 | B49: JAGUNG
B50: - Jagung Pipilan Kering (Jenis Kecil) | C50: Kg | D50: 10000 | E50: 8000 | F50: 10000 | G50: 10000 | H50: 9000 | I50: 10000 | J50: 8000 | K50: =AVERAGE(D50:J50) -> 9285.7143
B51: - Jagung Pipilan Kering (Jenis Besar) | C51: Kg | D51: 9000 | E51: 10000 | F51: 10000 | G51: 10000 | H51: 6000 | I51: - | J51: 6000 | K51: =AVERAGE(D51:J51) -> 8500
A52: 13 | B52: GARAM BERYODIUM
B53: - Garam Halus (Cap Kapal) | C53: 250 Gr/Bngks | D53: 3000 | E53: 8000 | F53: 5000 | G53: 5000 | H53: 2500 | I53: 2000 | J53: 2500 | K53: =AVERAGE(D53:J53) -> 4000
A54: 14 | B54: TEPUNG TERIGU
B55: - Tepung Terigu "Segitiga Biru" Curah | C55: Kg | D55: 12000 | E55: 10500 | F55: 12500 | G55: 11000 | H55: 11000 | I55: 11000 | J55: 10000 | K55: =AVERAGE(D55:J55) -> 11142.857
A56: 15 | B56: KACANG-KACANGAN
B57: - Kacang Kedelai (Kualitas Import) | C57: Kg | D57: 14000 | E57: 16000 | F57: 16000 | G57: 18000 | H57: 13000 | I57: 16000 | J57: - | K57: =AVERAGE(D57:J57) -> 15500
B58: - Kacang Kedelai (Kualitas Lokal) | C58: Kg | D58: - | E58: 14000 | F58: 15000 | G58: - | H58: - | I58: - | J58: 13500 | K58: =AVERAGE(D58:J58) -> 14166.667
B59: - Kacang Hijau | C59: Kg | D59: 25000 | E59: 23000 | F59: 25000 | G59: 30000 | H59: 22000 | I59: 26000 | J59: 26000 | K59: =AVERAGE(D59:J59) -> 25285.714
B60: - Kacang Tanah (Jenis Besar) | C60: Kg | D60: 30000 | E60: 30000 | F60: 30000 | G60: 30000 | H60: 26000 | I60: 29000 | J60: 28000 | K60: =AVERAGE(D60:J60) -> 29000
A61: 16 | B61: MIE INSTAN
B62: - Indomie Goreng | C62: 86 Gr/Bngks | D62: 3000 | E62: 3200 | F62: 3000 | G62: 3000 | H62: - | I62: 3500 | J62: 3500 | K62: =AVERAGE(D62:J62) -> 3200
A63: 17 | B63: C A B E
B64: - Cabe Merah Besar | C64: Kg | D64: 30000 | E64: 30000 | F64: 25000 | G64: 30000 | H64: 30000 | I64: 40000 | J64: 30000 | K64: =AVERAGE(D64:J64) -> 30714.286
B65: - Cabe Merah Kriting | C65: Kg | D65: 25000 | E65: 25000 | F65: 24000 | G65: 30000 | H65: - | I65: 25000 | J65: - | K65: =AVERAGE(D65:J65) -> 25800
B66: - Cabe Merah Kecil-Rawit | C66: Kg | D66: 35000 | E66: 35000 | F66: 35000 | G66: 40000 | H66: 35000 | I66: 40000 | J66: 35000 | K66: =AVERAGE(D66:J66) -> 36428.571
A67: 18 | B67: BAHAN BAKAR GAS LPG
B68: - Gas LPG Tabung (3 Kg.) | C68: Per Tabung | D68: 20000 | E68: 18000 | F68: 18000 | G68: 18000 | H68: - | I68: 18000 | J68: 18000 | K68: =AVERAGE(D68:J68) -> 18333.333
A69: 19 | B69: BAWANG
B70: - Bawang Putih (Jenis Kating) | C70: Kg | D70: 35000 | E70: 35000 | F70: 36000 | G70: 40000 | H70: 34000 | I70: 40000 | J70: 35000 | K70: =AVERAGE(D70:J70) -> 36428.571
B71: - Bawang Putih (Jenis Sinco) | C71: Kg | D71: 34000 | E71: 35000 | F71: 34000 | G71: 35000 | H71: 32000 | I71: 40000 | J71: 28000 | K71: =AVERAGE(D71:J71) -> 34000
B72: - Bawang Merah (Kualitas Lokal) | C72: Kg | D72: 35000 | E72: 35000 | F72: 40000 | G72: 40000 | H72: 32000 | I72: 40000 | J72: 30000 | K72: =AVERAGE(D72:J72) -> 36000
B73: - Bawang Bombay | C73: Kg | D73: 40000 | E73: 44000 | F73: 40000 | G73: 45000 | H73: 40000 | I73: 50000 | J73: 30000 | K73: =AVERAGE(D73:J73) -> 41285.714
A74: 20 | B74: UBI-UBIAN
B75: - Ketela Pohon | C75: Kg | D75: 6000 | E75: 7000 | F75: 5000 | G75: 6000 | H75: 4000 | I75: 7000 | J75: 5000 | K75: =AVERAGE(D75:J75) -> 5714.2857
B76: - Ubi Jalar | C76: Kg | D76: 6000 | E76: - | F76: 6000 | G76: 6000 | H76: 5000 | I76: 7000 | J76: 6000 | K76: =AVERAGE(D76:J76) -> 6000
A77: 21 | B77: SAYUR-SAYURAN
B78: - Kubis | C78: Kg | D78: 7000 | E78: 8000 | F78: 8000 | G78: 8000 | H78: 9000 | I78: 8000 | J78: 6000 | K78: =AVERAGE(D78:J78) -> 7714.2857
B79: - Buncis | C79: Kg | D79: 14000 | E79: 22000 | F79: 16000 | G79: 15000 | H79: 10000 | I79: 20000 | J79: 15000 | K79: =AVERAGE(D79:J79) -> 16000
B80: - Kentang | C80: Kg | D80: 14000 | E80: 15000 | F80: 16000 | G80: 16000 | H80: 15000 | I80: 17000 | J80: 13000 | K80: =AVERAGE(D80:J80) -> 15142.857
B81: - Tomat | C81: Kg | D81: 16000 | E81: 15000 | F81: 12000 | G81: 13000 | H81: 10000 | I81: 18000 | J81: 13000 | K81: =AVERAGE(D81:J81) -> 13857.143
B82: - Wortel (Kualitas Lokal) | C82: Kg | D82: 9000 | E82: 10000 | F82: 12000 | G82: 13000 | H82: 10000 | I82: 12000 | J82: 10000 | K82: =AVERAGE(D82:J82) -> 10857.143
B83: - Terong Ungu (Jenis Sayur) | C83: Kg | D83: 9000 | E83: 12000 | F83: 8000 | G83: 10000 | H83: 9000 | I83: 10000 | J83: 8000 | K83: =AVERAGE(D83:J83) -> 9428.5714
B84: - Bayam (Jenis Sayur) | C84: Ikat Kecil | D84: 2000 | E84: - | F84: 2000 | G84: 2000 | H84: 1500 | I84: 2000 | J84: 2000 | K84: =AVERAGE(D84:J84) -> 1916.6667
B85: - Kangkung (Jenis Panjang) | C85: Ikat Kecil | D85: 2000 | E85: - | F85: 1500 | G85: 2000 | H85: 1500 | I85: 2000 | J85: 1500 | K85: =AVERAGE(D85:J85) -> 1750
B86: - Sawi (Jenis Hijau) | C86: Ikat Kecil | D86: - | E86: - | F86: 2000 | G86: 2000 | H86: 2000 | I86: 2000 | J86: 2000 | K86: =AVERAGE(D86:J86) -> 2000
A87: 22 | B87: AIR MINERAL
B88: - Air Mineral (Aqua Galon) | C88: 19 Ltr/Galon | D88: 18000 | E88: - | F88: 18000 | G88: 17000 | H88: - | I88: 19000 | J88: 18000 | K88: =AVERAGE(D88:J88) -> 18000

Sheet 5
A1: HARGA BAHAN-BAHAN POKOK
A2: DI PASAR TRADISIONAL KOTA SURABAYA
A3: HARI / TANGGAL : Senin / 05 Juni 2023
B4: NAMA BAHAN POKOK DAN PENTING LAINNYA | C4: SATUAN | D4: Pasar Tambahrejo | E4: Pasar Pucang Anom | F4: Pasar Wonokromo | G4: Pasar Genteng Baru | H4: Pasar Pabean | I4: Pasar Kembang | J4: Pasar Balongsari | K4: Rata-Rata
A7: 1 | B7: BERAS
B8: - Beras Premium | C8: Kg | D8: 13000 | E8: 13500 | F8: 14000 | G8: 13500 | H8: 12000 | I8: 14000 | J8: 13500 | K8: =AVERAGE(D8:J8) -> 13357.143
B9: - Beras Medium Bulog | C9: Kg | D9: 9000 | E9: 9000 | F9: 9000 | G9: 9000 | H9: - | I9: - | J9: - | K9: =AVERAGE(D9:J9) -> 9000
B10: - Beras Medium | C10: Kg | D10: 11000 | E10: 11500 | F10: 13000 | G10: 11500 | H10: - | I10: 12500 | J10: 12500 | K10: =AVERAGE(D10:J10) -> 12000
B11: - Beras Jagung | C11: Kg | D11: - | E11: 10000 | F11: 12000 | G11: 12000 | H11: - | I11: 11000 | J11: 8000 | K11: =AVERAGE(D11:J11) -> 10600
B12: - Beras Ketan (Jenis Siyem) | C12: Kg | D12: - | E12: 22000 | F12: 24000 | G12: 20000 | H12: - | I12: 18000 | J12: 17000 | K12: =AVERAGE(D12:J12) -> 20200
A13: 2 | B13: GULA
B14: - Gula pasir lokal curah | C14: Kg | D14: 13000 | E14: 13500 | F14: 14000 | G14: 13500 | H14: 13500 | I14: 13500 | J14: 13500 | K14: =AVERAGE(D14:J14) -> 13500
B15: - Gula Jawa/Merah (Bahan Kelapa) | C15: Kg | D15: 15000 | E15: 16000 | F15: 15000 | G15: 16000 | H15: 15000 | I15: 18000 | J15: 16000 | K15: =AVERAGE(D15:J15) -> 15857.143
A16: 3 | B16: MINYAK GORENG
B17: - Minyak Goreng Curah (Bening) | C17: Kg | D17: 14500 | E17: 16000 | F17: 17000 | G17: 16000 | H17: 14000 | I17: 16000 | J17: 15500 | K17: =AVERAGE(D17:J17) -> 15571.429
B18: - Minyak Kita | C18: Liter | D18: 14000 | E18: 14000 | F18: 14000 | G18: 14000 | H18: - | I18: 14000 | J18: 14000 | K18: =AVERAGE(D18:J18) -> 14000
A19: 4 | B19: MENTEGA
B20: - Mentega Curah (Amanda) | C20: Kg | D20: 20000 | E20: - | F20: 19000 | G20: 22000 | H20: - | I20: 24000 | J20: - | K20: =AVERAGE(D20:J20) -> 21250
A21: 5 | B21: DAGING
B22: - Daging Sapi Grade Atas | C22: Kg | D22: 120000 | E22: 120000 | F22: 120000 | G22: 120000 | H22: 120000 | I22: 120000 | J22: - | K22: =AVERAGE(D22:J22) -> 120000
B23: - Daging Sapi Grade Sedang | C23: Kg | D23: 110000 | E23: 110000 | F23: 110000 | G23: 110000 | H23: 114000 | I23: 115000 | J23: 115000 | K23: =AVERAGE(D23:J23) -> 112000
B24: - Daging Sapi Grade Bawah | C24: Kg | D24: 100000 | E24: 95000 | F24: 105000 | G24: 105000 | H24: 100000 | I24: 110000 | J24: 105000 | K24: =AVERAGE(D24:J24) -> 102857.14
B25: - Daging Ayam Broiler | C25: Kg | D25: 36000 | E25: 36000 | F25: 36000 | G25: 36000 | H25: 40000 | I25: 35000 | J25: 40000 | K25: =AVERAGE(D25:J25) -> 37000
A26: 6 | B26: I K A N
B27: - Ikan Tongkol Segar (Uk. Sedang) | C27: Kg | D27: 35000 | E27: 40000 | F27: - | G27: 45000 | H27: 30000 | I27: 40000 | J27: 35000 | K27: =AVERAGE(D27:J27) -> 37500
B28: - Ikan Mujair Segar (Uk. Sedang) | C28: Kg | D28: 25000 | E28: 28000 | F28: 28000 | G28: 35000 | H28: 23000 | I28: 29000 | J28: 24000 | K28: =AVERAGE(D28:J28) -> 27428.571
B29: - Udang Segar (Uk. Sedang) | C29: Kg | D29: 80000 | E29: 60000 | F29: 60000 | G29: 75000 | H29: 58000 | I29: 60000 | J29: 55000 | K29: =AVERAGE(D29:J29) -> 64000
B30: - Ikan Lele Segar (Ukuran Sedang) | C30: Kg | D30: 25000 | E30: - | F30: - | G30: 25000 | H30: 23000 | I30: 24000 | J30: 26000 | K30: =AVERAGE(D30:J30) -> 24600
B31: - Ikan Bandeng Segar (Uk. Sedang) | C31: Kg | D31: 35000 | E31: 35000 | F31: 36000 | G31: 45000 | H31: 28000 | I31: 40000 | J31: 38000 | K31: =AVERAGE(D31:J31) -> 36714.286
B32: - Ikan Teri Asin (Bukan Teri Medan) | C32: Kg | D32: - | E32: 100000 | F32: 110000 | G32: - | H32: 80000 | I32: - | J32: - | K32: =AVERAGE(D32:J32) -> 96666.667
A33: 7 | B33: TELUR
B34: - Telur Ayam Broiler | C34: Kg | D34: 29000 | E34: 30000 | F34: 30000 | G34: 30000 | H34: 28000 | I34: 27000 | J34: 28500 | K34: =AVERAGE(D34:J34) -> 28928.571
B35: - Telur Ayam Kampung | C35: Butir | D35: 3000 | E35: 2200 | F35: 2000 | G35: 2200 | H35: 2000 | I35: 2500 | J35: 3000 | K35: =AVERAGE(D35:J35) -> 2414.2857
A36: 8 | B36: TAHU
B37: - Tahu biasa | C37: Kg | D37: 10000 | E37: 10000 | F37: 9000 | G37: 9000 | H37: 16000 | I37: 12000 | J37: 9000 | K37: =AVERAGE(D37:J37) -> 10714.286
B38: - Tahu susu | C38: Kg | D38: - | E38: 7000 | F38: 12000 | G38: 17000 | H38: - | I38: 15000 | J38: 12000 | K38: =AVERAGE(D38:J38) -> 12600
A39: 9 | B39: TEMPE
B40: - Tempe Kw I (campuran kedelai) | C40: Kg | D40: - | E40: 18000 | F40: - | G40: 16000 | H40: 14000 | I40: 15000 | J40: 15000 | K40: =AVERAGE(D40:J40) -> 15600
B41: - Tempe Kw II (campuran jagung) | C41: Kg | D41: 2500 | E41: 12000 | F41: 6000 | G41: - | H41: - | I41: - | J41: - | K41: =AVERAGE(D41:J41) -> 6833.3333
B42: - Tempe Kw III (campuran kulit) | C42: Kg | D42: - | E42: 2000 | F42: - | G42: - | H42: - | I42: - | J42: - | K42: =AVERAGE(D42:J42) -> 2000
A43: 10 | B43: S U S U
B44: - Susu Kental Manis "INDOMILK" Putih | C44: 390 Gr/kaleng | D44: 12500 | E44: 12000 | F44: 12500 | G44: 12000 | H44: - | I44: 12500 | J44: 12500 | K44: =AVERAGE(D44:J44) -> 12333.333
B45: - Susu Kental Manis "BENDERA" Putih | C45: 390 Gr/kaleng | D45: 12500 | E45: 13000 | F45: 12500 | G45: 12000 | H45: - | I45: 12500 | J45: 12500 | K45: =AVERAGE(D45:J45) -> 12500
A46: 11 | B46: SABUN CUCI
B47: - Sabun Detergen Rinso (Anti Noda) | C47: 900 Gram | D47: - | E47: - | F47: - | G47: - | H47: 17500 | I47: - | J47: - | K47: =AVERAGE(D47:J47) -> 17500
B48: - Sabun Colek "Wing's Biru" | C48: 350 Gram | D48: - | E48: - | F48: - | G48: - | H48: 2000 | I48: - | J48: - | K48: =AVERAGE(D48:J48) -> 2000
A49: 12 | B49: JAGUNG
B50: - Jagung Pipilan Kering (Jenis Kecil) | C50: Kg | D50: 10000 | E50: 8000 | F50: 10000 | G50: 10000 | H50: 9000 | I50: 10000 | J50: 8000 | K50: =AVERAGE(D50:J50) -> 9285.7143
B51: - Jagung Pipilan Kering (Jenis Besar) | C51: Kg | D51: 9000 | E51: 10000 | F51: 9000 | G51: 10000 | H51: 6000 | I51: - | J51: 6000 | K51: =AVERAGE(D51:J51) -> 8333.3333
A52: 13 | B52: GARAM BERYODIUM
B53: - Garam Halus (Cap Kapal) | C53: 250 Gr/Bngks | D53: 3000 | E53: 8000 | F53: 5000 | G53: 5000 | H53: 2500 | I53: 2000 | J53: 2500 | K53: =AVERAGE(D53:J53) -> 4000
A54: 14 | B54: TEPUNG TERIGU
B55: - Tepung Terigu "Segitiga Biru" Curah | C55: Kg | D55: 12000 | E55: 10500 | F55: 13000 | G55: 11000 | H55: 11000 | I55: 11000 | J55: 10000 | K55: =AVERAGE(D55:J55) -> 11214.286
A56: 15 | B56: KACANG-KACANGAN
B57: - Kacang Kedelai (Kualitas Import) | C57: Kg | D57: 14000 | E57: 16000 | F57: 16000 | G57: 18000 | H57: 13000 | I57: 16000 | J57: - | K57: =AVERAGE(D57:J57) -> 15500
B58: - Kacang Kedelai (Kualitas Lokal) | C58: Kg | D58: - | E58: 14000 | F58: 15000 | G58: - | H58: - | I58: - | J58: 13500 | K58: =AVERAGE(D58:J58) -> 14166.667
B59: - Kacang Hijau | C59: Kg | D59: 25000 | E59: 23000 | F59: 24000 | G59: 30000 | H59: 22000 | I59: 26000 | J59: 26000 | K59: =AVERAGE(D59:J59) -> 25142.857
B60: - Kacang Tanah (Jenis Besar) | C60: Kg | D60: 30000 | E60: 30000 | F60: 31000 | G60: 30000 | H60: 26000 | I60: 29000 | J60: 28000 | K60: =AVERAGE(D60:J60) -> 29142.857
A61: 16 | B61: MIE INSTAN
B62: - Indomie Goreng | C62: 86 Gr/Bngks | D62: 3000 | E62: 3200 | F62: 3000 | G62: 3000 | H62: - | I62: 3500 | J62: 3500 | K62: =AVERAGE(D62:J62) -> 3200
A63: 17 | B63: C A B E
B64: - Cabe Merah Besar | C64: Kg | D64: 32000 | E64: 30000 | F64: 38000 | G64: 35000 | H64: 30000 | I64: 38000 | J64: 30000 | K64: =AVERAGE(D64:J64) -> 33285.714
B65: - Cabe Merah Kriting | C65: Kg | D65: 25000 | E65: 25000 | F65: 25000 | G65: 35000 | H65: - | I65: 25000 | J65: - | K65: =AVERAGE(D65:J65) -> 27000
B66: - Cabe Merah Kecil-Rawit | C66: Kg | D66: 35000 | E66: 35000 | F66: 40000 | G66: 45000 | H66: 35000 | I66: 35000 | J66: 35000 | K66: =AVERAGE(D66:J66) -> 37142.857
A67: 18 | B67: BAHAN BAKAR GAS LPG
B68: - Gas LPG Tabung (3 Kg.) | C68: Per Tabung | D68: 20000 | E68: 18000 | F68: 18000 | G68: 18000 | H68: - | I68: 18000 | J68: 18000 | K68: =AVERAGE(D68:J68) -> 18333.333
A69: 19 | B69: BAWANG
B70: - Bawang Putih (Jenis Kating) | C70: Kg | D70: 34000 | E70: 35000 | F70: 38000 | G70: 40000 | H70: 34000 | I70: 40000 | J70: 35000 | K70: =AVERAGE(D70:J70) -> 36571.429
B71: - Bawang Putih (Jenis Sinco) | C71: Kg | D71: 32000 | E71: 35000 | F71: 35000 | G71: 35000 | H71: 32000 | I71: 40000 | J71: 28000 | K71: =AVERAGE(D71:J71) -> 33857.143
B72: - Bawang Merah (Kualitas Lokal) | C72: Kg | D72: 36000 | E72: 35000 | F72: 40000 | G72: 40000 | H72: 32000 | I72: 40000 | J72: 30000 | K72: =AVERAGE(D72:J72) -> 36142.857
B73: - Bawang Bombay | C73: Kg | D73: 36000 | E73: 42000 | F73: 45000 | G73: 45000 | H73: 40000 | I73: 50000 | J73: 30000 | K73: =AVERAGE(D73:J73) -> 41142.857
A74: 20 | B74: UBI-UBIAN
B75: - Ketela Pohon | C75: Kg | D75: 6000 | E75: 7000 | F75: 5000 | G75: 6000 | H75: 4000 | I75: 7000 | J75: 5000 | K75: =AVERAGE(D75:J75) -> 5714.2857
B76: - Ubi Jalar | C76: Kg | D76: 6000 | E76: - | F76: 6000 | G76: 6000 | H76: 5000 | I76: 7000 | J76: 6000 | K76: =AVERAGE(D76:J76) -> 6000
A77: 21 | B77: SAYUR-SAYURAN
B78: - Kubis | C78: Kg | D78: 7000 | E78: 8000 | F78: 8000 | G78: 8000 | H78: 9000 | I78: 8000 | J78: 6000 | K78: =AVERAGE(D78:J78) -> 7714.2857
B79: - Buncis | C79: Kg | D79: 14000 | E79: 22000 | F79: 16000 | G79: 15000 | H79: 10000 | I79: 20000 | J79: 15000 | K79: =AVERAGE(D79:J79) -> 16000
B80: - Kentang | C80: Kg | D80: 16000 | E80: 15000 | F80: 16000 | G80: 16000 | H80: 15000 | I80: 17000 | J80: 13000 | K80: =AVERAGE(D80:J80) -> 15428.571
B81: - Tomat | C81: Kg | D81: 16000 | E81: 15000 | F81: 12000 | G81: 15000 | H81: 10000 | I81: 18000 | J81: 13000 | K81: =AVERAGE(D81:J81) -> 14142.857
B82: - Wortel (Kualitas Lokal) | C82: Kg | D82: 9000 | E82: 10000 | F82: 13000 | G82: 13000 | H82: 10000 | I82: 12000 | J82: 10000 | K82: =AVERAGE(D82:J82) -> 11000
B83: - Terong Ungu (Jenis Sayur) | C83: Kg | D83: 9000 | E83: 12000 | F83: 8000 | G83: 10000 | H83: 9000 | I83: 10000 | J83: 8000 | K83: =AVERAGE(D83:J83) -> 9428.5714
B84: - Bayam (Jenis Sayur) | C84: Ikat Kecil | D84: 2000 | E84: - | F84: 2000 | G84: 2000 | H84: 1500 | I84: 2000 | J84: 2000 | K84: =AVERAGE(D84:J84) -> 1916.6667
B85: - Kangkung (Jenis Panjang) | C85: Ikat Kecil | D85: 2000 | E85: - | F85: 1500 | G85: 2000 | H85: 1500 | I85: 2000 | J85: 1500 | K85: =AVERAGE(D85:J85) -> 1750
B86: - Sawi (Jenis Hijau) | C86: Ikat Kecil | D86: - | E86: - | F86: 2000 | G86: 2000 | H86: 2000 | I86: 2000 | J86: 2000 | K86: =AVERAGE(D86:J86) -> 2000
A87: 22 | B87: AIR MINERAL
B88: - Air Mineral (Aqua Galon) | C88: 19 Ltr/Galon | D88: 18000 | E88: - | F88: 18000 | G88: 17000 | H88: - | I88: 19000 | J88: 18000 | K88: =AVERAGE(D88:J88) -> 18000

Sheet 6
A1: HARGA BAHAN-BAHAN POKOK
A2: DI PASAR TRADISIONAL KOTA SURABAYA
A3: HARI / TANGGAL : Selasa / 06 Juni 2023
B4: NAMA BAHAN POKOK DAN PENTING LAINNYA | C4: SATUAN | D4: Pasar Tambahrejo | E4: Pasar Pucang Anom | F4: Pasar Wonokromo | G4: Pasar Genteng Baru | H4: Pasar Pabean | I4: Pasar Kembang | J4: Pasar Balongsari | K4: Rata-Rata
A7: 1 | B7: BERAS
B8: - Beras Premium | C8: Kg | D8: 13000 | E8: 13500 | F8: 14000 | G8: 13500 | H8: 12000 | I8: 14000 | J8: 13500 | K8: =AVERAGE(D8:J8) -> 13357.143
B9: - Beras Medium Bulog | C9: Kg | D9: 9000 | E9: 9000 | F9: 9000 | G9: 9000 | H9: - | I9: - | J9: - | K9: =AVERAGE(D9:J9) -> 9000
B10: - Beras Medium | C10: Kg | D10: 11000 | E10: 11500 | F10: 13000 | G10: 11500 | H10: - | I10: 12500 | J10: 12500 | K10: =AVERAGE(D10:J10) -> 12000
B11: - Beras Jagung | C11: Kg | D11: - | E11: 10000 | F11: 12000 | G11: 12000 | H11: - | I11: 11000 | J11: 8000 | K11: =AVERAGE(D11:J11) -> 10600
B12: - Beras Ketan (Jenis Siyem) | C12: Kg | D12: - | E12: 22000 | F12: 24000 | G12: 20000 | H12: - | I12: 18000 | J12: 17000 | K12: =AVERAGE(D12:J12) -> 20200
A13: 2 | B13: GULA
B14: - Gula pasir lokal curah | C14: Kg | D14: 13000 | E14: 13500 | F14: 14000 | G14: 13500 | H14: 13500 | I14: 13500 | J14: 13500 | K14: =AVERAGE(D14:J14) -> 13500
B15: - Gula Jawa/Merah (Bahan Kelapa) | C15: Kg | D15: 15000 | E15: 16000 | F15: 15000 | G15: 16000 | H15: 15000 | I15: 18000 | J15: 16000 | K15: =AVERAGE(D15:J15) -> 15857.143
A16: 3 | B16: MINYAK GORENG
B17: - Minyak Goreng Curah (Bening) | C17: Kg | D17: 14500 | E17: 16000 | F17: 17000 | G17: 16000 | H17: 14000 | I17: 16000 | J17: 15500 | K17: =AVERAGE(D17:J17) -> 15571.429
B18: - Minyak Kita | C18: Liter | D18: 14000 | E18: 14000 | F18: 14000 | G18: 14000 | H18: - | I18: 14000 | J18: 14000 | K18: =AVERAGE(D18:J18) -> 14000
A19: 4 | B19: MENTEGA
B20: - Mentega Curah (Amanda) | C20: Kg | D20: 20000 | E20: - | F20: 19000 | G20: 22000 | H20: - | I20: 24000 | J20: - | K20: =AVERAGE(D20:J20) -> 21250
A21: 5 | B21: DAGING
B22: - Daging Sapi Grade Atas | C22: Kg | D22: 120000 | E22: 120000 | F22: 120000 | G22: 120000 | H22: 120000 | I22: 120000 | J22: - | K22: =AVERAGE(D22:J22) -> 120000
B23: - Daging Sapi Grade Sedang | C23: Kg | D23: 110000 | E23: 110000 | F23: 110000 | G23: 110000 | H23: 114000 | I23: 115000 | J23: 115000 | K23: =AVERAGE(D23:J23) -> 112000
B24: - Daging Sapi Grade Bawah | C24: Kg | D24: 100000 | E24: 95000 | F24: 105000 | G24: 105000 | H24: 100000 | I24: 110000 | J24: 105000 | K24: =AVERAGE(D24:J24) -> 102857.14
B25: - Daging Ayam Broiler | C25: Kg | D25: 36000 | E25: 36000 | F25: 37000 | G25: 37000 | H25: 40000 | I25: 38000 | J25: 40000 | K25: =AVERAGE(D25:J25) -> 37714.286
A26: 6 | B26: I K A N
B27: - Ikan Tongkol Segar (Uk. Sedang) | C27: Kg | D27: 35000 | E27: 40000 | F27: - | G27: 45000 | H27: 30000 | I27: 40000 | J27: 35000 | K27: =AVERAGE(D27:J27) -> 37500
B28: - Ikan Mujair Segar (Uk. Sedang) | C28: Kg | D28: 25000 | E28: 28000 | F28: 28000 | G28: 35000 | H28: 23000 | I28: 29000 | J28: 24000 | K28: =AVERAGE(D28:J28) -> 27428.571
B29: - Udang Segar (Uk. Sedang) | C29: Kg | D29: 80000 | E29: 60000 | F29: 60000 | G29: 75000 | H29: 58000 | I29: 60000 | J29: 55000 | K29: =AVERAGE(D29:J29) -> 64000
B30: - Ikan Lele Segar (Ukuran Sedang) | C30: Kg | D30: 25000 | E30: - | F30: - | G30: 25000 | H30: 23000 | I30: 24000 | J30: 26000 | K30: =AVERAGE(D30:J30) -> 24600
B31: - Ikan Bandeng Segar (Uk. Sedang) | C31: Kg | D31: 35000 | E31: 35000 | F31: 36000 | G31: 45000 | H31: 28000 | I31: 40000 | J31: 38000 | K31: =AVERAGE(D31:J31) -> 36714.286
B32: - Ikan Teri Asin (Bukan Teri Medan) | C32: Kg | D32: - | E32: 100000 | F32: 110000 | G32: - | H32: 80000 | I32: - | J32: - | K32: =AVERAGE(D32:J32) -> 96666.667
A33: 7 | B33: TELUR
B34: - Telur Ayam Broiler | C34: Kg | D34: 29000 | E34: 30000 | F34: 29000 | G34: 30000 | H34: 28000 | I34: 27000 | J34: 28500 | K34: =AVERAGE(D34:J34) -> 28785.714
B35: - Telur Ayam Kampung | C35: Butir | D35: 3000 | E35: 2200 | F35: 2000 | G35: 2200 | H35: 2000 | I35: 2500 | J35: 3000 | K35: =AVERAGE(D35:J35) -> 2414.2857
A36: 8 | B36: TAHU
B37: - Tahu biasa | C37: Kg | D37: 10000 | E37: 10000 | F37: 9000 | G37: 9000 | H37: 16000 | I37: 12000 | J37: 9000 | K37: =AVERAGE(D37:J37) -> 10714.286
B38: - Tahu susu | C38: Kg | D38: - | E38: 7000 | F38: 12000 | G38: 17000 | H38: - | I38: 15000 | J38: 12000 | K38: =AVERAGE(D38:J38) -> 12600
A39: 9 | B39: TEMPE
B40: - Tempe Kw I (campuran kedelai) | C40: Kg | D40: - | E40: 18000 | F40: - | G40: 16000 | H40: 14000 | I40: 15000 | J40: 15000 | K40: =AVERAGE(D40:J40) -> 15600
B41: - Tempe Kw II (campuran jagung) | C41: Kg | D41: 2500 | E41: 12000 | F41: 6000 | G41: - | H41: - | I41: - | J41: - | K41: =AVERAGE(D41:J41) -> 6833.3333
B42: - Tempe Kw III (campuran kulit) | C42: Kg | D42: - | E42: 2000 | F42: - | G42: - | H42: - | I42: - | J42: - | K42: =AVERAGE(D42:J42) -> 2000
A43: 10 | B43: S U S U
B44: - Susu Kental Manis "INDOMILK" Putih | C44: 390 Gr/kaleng | D44: 12500 | E44: 12000 | F44: 12500 | G44: 12000 | H44: - | I44: 12500 | J44: 12500 | K44: =AVERAGE(D44:J44) -> 12333.333
B45: - Susu Kental Manis "BENDERA" Putih | C45: 390 Gr/kaleng | D45: 12500 | E45: 13000 | F45: 12500 | G45: 12000 | H45: - | I45: 12500 | J45: 12500 | K45: =AVERAGE(D45:J45) -> 12500
A46: 11 | B46: SABUN CUCI
B47: - Sabun Detergen Rinso (Anti Noda) | C47: 900 Gram | D47: - | E47: - | F47: - | G47: - | H47: 17500 | I47: - | J47: - | K47: =AVERAGE(D47:J47) -> 17500
B48: - Sabun Colek "Wing's Biru" | C48: 350 Gram | D48: - | E48: - | F48: - | G48: - | H48: 2000 | I48: - | J48: - | K48: =AVERAGE(D48:J48) -> 2000
A49: 12 | B49: JAGUNG
B50: - Jagung Pipilan Kering (Jenis Kecil) | C50: Kg | D50: 10000 | E50: 8000 | F50: 10000 | G50: 10000 | H50: 9000 | I50: 10000 | J50: 8000 | K50: =AVERAGE(D50:J50) -> 9285.7143
B51: - Jagung Pipilan Kering (Jenis Besar) | C51: Kg | D51: 9000 | E51: 10000 | F51: 9000 | G51: 10000 | H51: 6000 | I51: - | J51: 6000 | K51: =AVERAGE(D51:J51) -> 8333.3333
A52: 13 | B52: GARAM BERYODIUM
B53: - Garam Halus (Cap Kapal) | C53: 250 Gr/Bngks | D53: 3000 | E53: 8000 | F53: 5000 | G53: 5000 | H53: 2500 | I53: 2000 | J53: 2500 | K53: =AVERAGE(D53:J53) -> 4000
A54: 14 | B54: TEPUNG TERIGU
B55: - Tepung Terigu "Segitiga Biru" Curah | C55: Kg | D55: 12000 | E55: 10500 | F55: 13000 | G55: 11000 | H55: 11000 | I55: 11000 | J55: 10000 | K55: =AVERAGE(D55:J55) -> 11214.286
A56: 15 | B56: KACANG-KACANGAN
B57: - Kacang Kedelai (Kualitas Import) | C57: Kg | D57: 14000 | E57: 16000 | F57: 16000 | G57: 18000 | H57: 13000 | I57: 16000 | J57: - | K57: =AVERAGE(D57:J57) -> 15500
B58: - Kacang Kedelai (Kualitas Lokal) | C58: Kg | D58: - | E58: 14000 | F58: 15000 | G58: - | H58: - | I58: - | J58: 13500 | K58: =AVERAGE(D58:J58) -> 14166.667
B59: - Kacang Hijau | C59: Kg | D59: 25000 | E59: 23000 | F59: 24000 | G59: 30000 | H59: 22000 | I59: 26000 | J59: 26000 | K59: =AVERAGE(D59:J59) -> 25142.857
B60: - Kacang Tanah (Jenis Besar) | C60: Kg | D60: 30000 | E60: 30000 | F60: 31000 | G60: 30000 | H60: 26000 | I60: 29000 | J60: 28000 | K60: =AVERAGE(D60:J60) -> 29142.857
A61: 16 | B61: MIE INSTAN
B62: - Indomie Goreng | C62: 86 Gr/Bngks | D62: 3000 | E62: 3200 | F62: 3000 | G62: 3000 | H62: - | I62: 3500 | J62: 3500 | K62: =AVERAGE(D62:J62) -> 3200
A63: 17 | B63: C A B E
B64: - Cabe Merah Besar | C64: Kg | D64: 32000 | E64: 30000 | F64: 38000 | G64: 35000 | H64: 30000 | I64: 38000 | J64: 30000 | K64: =AVERAGE(D64:J64) -> 33285.714
B65: - Cabe Merah Kriting | C65: Kg | D65: 25000 | E65: 25000 | F65: 25000 | G65: 35000 | H65: - | I65: 25000 | J65: - | K65: =AVERAGE(D65:J65) -> 27000
B66: - Cabe Merah Kecil-Rawit | C66: Kg | D66: 35000 | E66: 40000 | F66: 38000 | G66: 42000 | H66: 35000 | I66: 35000 | J66: 35000 | K66: =AVERAGE(D66:J66) -> 37142.857
A67: 18 | B67: BAHAN BAKAR GAS LPG
B68: - Gas LPG Tabung (3 Kg.) | C68: Per Tabung | D68: 20000 | E68: 18000 | F68: 18000 | G68: 18000 | H68: - | I68: 18000 | J68: 18000 | K68: =AVERAGE(D68:J68) -> 18333.333
A69: 19 | B69: BAWANG
B70: - Bawang Putih (Jenis Kating) | C70: Kg | D70: 34000 | E70: 35000 | F70: 48000 | G70: 40000 | H70: 34000 | I70: 40000 | J70: 35000 | K70: =AVERAGE(D70:J70) -> 38000
B71: - Bawang Putih (Jenis Sinco) | C71: Kg | D71: 32000 | E71: 35000 | F71: 38000 | G71: 35000 | H71: 32000 | I71: 40000 | J71: 28000 | K71: =AVERAGE(D71:J71) -> 34285.714
B72: - Bawang Merah (Kualitas Lokal) | C72: Kg | D72: 36000 | E72: 35000 | F72: 40000 | G72: 40000 | H72: 32000 | I72: 40000 | J72: 33000 | K72: =AVERAGE(D72:J72) -> 36571.429
B73: - Bawang Bombay | C73: Kg | D73: 36000 | E73: 42000 | F73: 45000 | G73: 45000 | H73: 40000 | I73: 50000 | J73: 30000 | K73: =AVERAGE(D73:J73) -> 41142.857
A74: 20 | B74: UBI-UBIAN
B75: - Ketela Pohon | C75: Kg | D75: 6000 | E75: 7000 | F75: 5000 | G75: 6000 | H75: 4000 | I75: 7000 | J75: 5000 | K75: =AVERAGE(D75:J75) -> 5714.2857
B76: - Ubi Jalar | C76: Kg | D76: 6000 | E76: - | F76: 6000 | G76: 6000 | H76: 5000 | I76: 7000 | J76: 6000 | K76: =AVERAGE(D76:J76) -> 6000
A77: 21 | B77: SAYUR-SAYURAN
B78: - Kubis | C78: Kg | D78: 7000 | E78: 8000 | F78: 8000 | G78: 8000 | H78: 9000 | I78: 8000 | J78: 6000 | K78: =AVERAGE(D78:J78) -> 7714.2857
B79: - Buncis | C79: Kg | D79: 14000 | E79: 22000 | F79: 18000 | G79: 15000 | H79: 10000 | I79: 20000 | J79: 15000 | K79: =AVERAGE(D79:J79) -> 16285.714
B80: - Kentang | C80: Kg | D80: 14000 | E80: 15000 | F80: 16000 | G80: 16000 | H80: 15000 | I80: 17000 | J80: 13000 | K80: =AVERAGE(D80:J80) -> 15142.857
B81: - Tomat | C81: Kg | D81: 16000 | E81: 15000 | F81: 12000 | G81: 15000 | H81: 10000 | I81: 18000 | J81: 13000 | K81: =AVERAGE(D81:J81) -> 14142.857
B82: - Wortel (Kualitas Lokal) | C82: Kg | D82: 9000 | E82: 10000 | F82: 13000 | G82: 13000 | H82: 10000 | I82: 12000 | J82: 10000 | K82: =AVERAGE(D82:J82) -> 11000
B83: - Terong Ungu (Jenis Sayur) | C83: Kg | D83: 9000 | E83: 12000 | F83: 8000 | G83: 10000 | H83: 9000 | I83: 10000 | J83: 8000 | K83: =AVERAGE(D83:J83) -> 9428.5714
B84: - Bayam (Jenis Sayur) | C84: Ikat Kecil | D84: 2000 | E84: - | F84: 2000 | G84: 2000 | H84: 1500 | I84: 2000 | J84: 2000 | K84: =AVERAGE(D84:J84) -> 1916.6667
B85: - Kangkung (Jenis Panjang) | C85: Ikat Kecil | D85: 2000 | E85: - | F85: 1500 | G85: 2000 | H85: 1500 | I85: 2000 | J85: 1500 | K85: =AVERAGE(D85:J85) -> 1750
B86: - Sawi (Jenis Hijau) | C86: Ikat Kecil | D86: - | E86: - | F86: 2000 | G86: 2000 | H86: 2000 | I86: 2000 | J86: 2000 | K86: =AVERAGE(D86:J86) -> 2000
A87: 22 | B87: AIR MINERAL
B88: - Air Mineral (Aqua Galon) | C88: 19 Ltr/Galon | D88: 18000 | E88: - | F88: 18000 | G88: 17000 | H88: - | I88: 19000 | J88: 18000 | K88: =AVERAGE(D88:J88) -> 18000

Sheet 7
A1: HARGA BAHAN-BAHAN POKOK
A2: DI PASAR TRADISIONAL KOTA SURABAYA
A3: HARI / TANGGAL : Rabu / 07 Juni 2023
B4: NAMA BAHAN POKOK DAN PENTING LAINNYA | C4: SATUAN | D4: Pasar Tambahrejo | E4: Pasar Pucang Anom | F4: Pasar Wonokromo | G4: Pasar Genteng Baru | H4: Pasar Pabean | I4: Pasar Kembang | J4: Pasar Balongsari | K4: Rata-Rata
A7: 1 | B7: BERAS
B8: - Beras Premium | C8: Kg | D8: 13000 | E8: 13500 | F8: 14000 | G8: 13500 | H8: 12000 | I8: 14000 | J8: 13500 | K8: =AVERAGE(D8:J8) -> 13357.143
B9: - Beras Medium Bulog | C9: Kg | D9: 9000 | E9: 9000 | F9: - | G9: 9000 | H9: - | I9: - | J9: - | K9: =AVERAGE(D9:J9) -> 9000
B10: - Beras Medium | C10: Kg | D10: 11000 | E10: 11500 | F10: 13000 | G10: 11500 | H10: - | I10: 12500 | J10: 12500 | K10: =AVERAGE(D10:J10) -> 12000
B11: - Beras Jagung | C11: Kg | D11: - | E11: 10000 | F11: 12000 | G11: 12000 | H11: - | I11: 11000 | J11: 8000 | K11: =AVERAGE(D11:J11) -> 10600
B12: - Beras Ketan (Jenis Siyem) | C12: Kg | D12: - | E12: 22000 | F12: 24000 | G12: 20000 | H12: - | I12: 18000 | J12: 17000 | K12: =AVERAGE(D12:J12) -> 20200
A13: 2 | B13: GULA
B14: - Gula pasir lokal curah | C14: Kg | D14: 13000 | E14: 13500 | F14: 14000 | G14: 13500 | H14: 13500 | I14: 13500 | J14: 13500 | K14: =AVERAGE(D14:J14) -> 13500
B15: - Gula Jawa/Merah (Bahan Kelapa) | C15: Kg | D15: 15000 | E15: 16000 | F15: 15000 | G15: 16000 | H15: 15000 | I15: 18000 | J15: 16000 | K15: =AVERAGE(D15:J15) -> 15857.143
A16: 3 | B16: MINYAK GORENG
B17: - Minyak Goreng Curah (Bening) | C17: Kg | D17: 14500 | E17: 16000 | F17: 17000 | G17: 16000 | H17: 14000 | I17: 16000 | J17: 15500 | K17: =AVERAGE(D17:J17) -> 15571.429
B18: - Minyak Kita | C18: Liter | D18: 14000 | E18: 14000 | F18: 14000 | G18: 14000 | H18: - | I18: 14000 | J18: 14000 | K18: =AVERAGE(D18:J18) -> 14000
A19: 4 | B19: MENTEGA
B20: - Mentega Curah (Amanda) | C20: Kg | D20: 20000 | E20: - | F20: 19000 | G20: 22000 | H20: - | I20: 24000 | J20: - | K20: =AVERAGE(D20:J20) -> 21250
A21: 5 | B21: DAGING
B22: - Daging Sapi Grade Atas | C22: Kg | D22: 120000 | E22: 120000 | F22: 120000 | G22: 120000 | H22: 120000 | I22: 120000 | J22: - | K22: =AVERAGE(D22:J22) -> 120000
B23: - Daging Sapi Grade Sedang | C23: Kg | D23: 110000 | E23: 110000 | F23: 110000 | G23: 110000 | H23: 114000 | I23: 115000 | J23: 115000 | K23: =AVERAGE(D23:J23) -> 112000
B24: - Daging Sapi Grade Bawah | C24: Kg | D24: 100000 | E24: 95000 | F24: 105000 | G24: 105000 | H24: 100000 | I24: 110000 | J24: 105000 | K24: =AVERAGE(D24:J24) -> 102857.14
B25: - Daging Ayam Broiler | C25: Kg | D25: 37000 | E25: 36000 | F25: 37000 | G25: 37000 | H25: 38000 | I25: 38000 | J25: 40000 | K25: =AVERAGE(D25:J25) -> 37571.429
A26: 6 | B26: I K A N
B27: - Ikan Tongkol Segar (Uk. Sedang) | C27: Kg | D27: 35000 | E27: 40000 | F27: - | G27: 45000 | H27: 30000 | I27: 40000 | J27: 35000 | K27: =AVERAGE(D27:J27) -> 37500
B28: - Ikan Mujair Segar (Uk. Sedang) | C28: Kg | D28: 25000 | E28: 28000 | F28: 28000 | G28: 35000 | H28: 23000 | I28: 29000 | J28: 24000 | K28: =AVERAGE(D28:J28) -> 27428.571
B29: - Udang Segar (Uk. Sedang) | C29: Kg | D29: 80000 | E29: 60000 | F29: 60000 | G29: 75000 | H29: 58000 | I29: 60000 | J29: 55000 | K29: =AVERAGE(D29:J29) -> 64000
B30: - Ikan Lele Segar (Ukuran Sedang) | C30: Kg | D30: 25000 | E30: - | F30: - | G30: 25000 | H30: 23000 | I30: 24000 | J30: 26000 | K30: =AVERAGE(D30:J30) -> 24600
B31: - Ikan Bandeng Segar (Uk. Sedang) | C31: Kg | D31: 35000 | E31: 35000 | F31: 36000 | G31: 45000 | H31: 28000 | I31: 40000 | J31: 38000 | K31: =AVERAGE(D31:J31) -> 36714.286
B32: - Ikan Teri Asin (Bukan Teri Medan) | C32: Kg | D32: - | E32: 100000 | F32: 110000 | G32: - | H32: 80000 | I32: - | J32: - | K32: =AVERAGE(D32:J32) -> 96666.667
A33: 7 | B33: TELUR
B34: - Telur Ayam Broiler | C34: Kg | D34: 30000 | E34: 30000 | F34: 29000 | G34: 31000 | H34: 29000 | I34: 28000 | J34: 30000 | K34: =AVERAGE(D34:J34) -> 29571.429
B35: - Telur Ayam Kampung | C35: Butir | D35: 3000 | E35: 2200 | F35: 2000 | G35: 2500 | H35: 2000 | I35: 2500 | J35: 3000 | K35: =AVERAGE(D35:J35) -> 2457.1429
A36: 8 | B36: TAHU
B37: - Tahu biasa | C37: Kg | D37: 10000 | E37: 10000 | F37: 9000 | G37: 9000 | H37: 16000 | I37: 12000 | J37: 9000 | K37: =AVERAGE(D37:J37) -> 10714.286
B38: - Tahu susu | C38: Kg | D38: - | E38: 7000 | F38: 12000 | G38: 17000 | H38: - | I38: 15000 | J38: 12000 | K38: =AVERAGE(D38:J38) -> 12600
A39: 9 | B39: TEMPE
B40: - Tempe Kw I (campuran kedelai) | C40: Kg | D40: - | E40: 18000 | F40: - | G40: 16000 | H40: 14000 | I40: 15000 | J40: 15000 | K40: =AVERAGE(D40:J40) -> 15600
B41: - Tempe Kw II (campuran jagung) | C41: Kg | D41: 2500 | E41: 12000 | F41: 6000 | G41: - | H41: - | I41: - | J41: - | K41: =AVERAGE(D41:J41) -> 6833.3333
B42: - Tempe Kw III (campuran kulit) | C42: Kg | D42: - | E42: 2000 | F42: - | G42: - | H42: - | I42: - | J42: - | K42: =AVERAGE(D42:J42) -> 2000
A43: 10 | B43: S U S U
B44: - Susu Kental Manis "INDOMILK" Putih | C44: 390 Gr/kaleng | D44: 12500 | E44: 12000 | F44: 12500 | G44: 12000 | H44: - | I44: 12500 | J44: 12500 | K44: =AVERAGE(D44:J44) -> 12333.333
B45: - Susu Kental Manis "BENDERA" Putih | C45: 390 Gr/kaleng | D45: 12500 | E45: 13000 | F45: 12500 | G45: 12000 | H45: - | I45: 12500 | J45: 12500 | K45: =AVERAGE(D45:J45) -> 12500
A46: 11 | B46: SABUN CUCI
B47: - Sabun Detergen Rinso (Anti Noda) | C47: 900 Gram | D47: - | E47: - | F47: - | G47: - | H47: 17500 | I47: - | J47: - | K47: =AVERAGE(D47:J47) -> 17500
B48: - Sabun Colek "Wing's Biru" | C48: 350 Gram | D48: - | E48: - | F48: - | G48: - | H48: 2000 | I48: - | J48: - | K48: =AVERAGE(D48:J48) -> 2000
A49: 12 | B49: JAGUNG
B50: - Jagung Pipilan Kering (Jenis Kecil) | C50: Kg | D50: 10000 | E50: 8000 | F50: 10000 | G50: 10000 | H50: 9000 | I50: 10000 | J50: 8000 | K50: =AVERAGE(D50:J50) -> 9285.7143
B51: - Jagung Pipilan Kering (Jenis Besar) | C51: Kg | D51: 9000 | E51: 10000 | F51: 9000 | G51: 10000 | H51: 6000 | I51: - | J51: 6000 | K51: =AVERAGE(D51:J51) -> 8333.3333
A52: 13 | B52: GARAM BERYODIUM
B53: - Garam Halus (Cap Kapal) | C53: 250 Gr/Bngks | D53: 3000 | E53: 8000 | F53: 5000 | G53: 5000 | H53: 2500 | I53: 2000 | J53: 2500 | K53: =AVERAGE(D53:J53) -> 4000
A54: 14 | B54: TEPUNG TERIGU
B55: - Tepung Terigu "Segitiga Biru" Curah | C55: Kg | D55: 12000 | E55: 10500 | F55: 13000 | G55: 11000 | H55: 11000 | I55: 11000 | J55: 10000 | K55: =AVERAGE(D55:J55) -> 11214.286
A56: 15 | B56: KACANG-KACANGAN
B57: - Kacang Kedelai (Kualitas Import) | C57: Kg | D57: 14000 | E57: 16000 | F57: 16000 | G57: 18000 | H57: 13000 | I57: 16000 | J57: - | K57: =AVERAGE(D57:J57) -> 15500
B58: - Kacang Kedelai (Kualitas Lokal) | C58: Kg | D58: - | E58: 14000 | F58: 15000 | G58: - | H58: - | I58: - | J58: 13500 | K58: =AVERAGE(D58:J58) -> 14166.667
B59: - Kacang Hijau | C59: Kg | D59: 25000 | E59: 23000 | F59: 24000 | G59: 30000 | H59: 22000 | I59: 26000 | J59: 26000 | K59: =AVERAGE(D59:J59) -> 25142.857
B60: - Kacang Tanah (Jenis Besar) | C60: Kg | D60: 30000 | E60: 30000 | F60: 31000 | G60: 30000 | H60: 26000 | I60: 29000 | J60: 28000 | K60: =AVERAGE(D60:J60) -> 29142.857
A61: 16 | B61: MIE INSTAN
B62: - Indomie Goreng | C62: 86 Gr/Bngks | D62: 3000 | E62: 3200 | F62: 3000 | G62: 3000 | H62: - | I62: 3500 | J62: 3500 | K62: =AVERAGE(D62:J62) -> 3200
A63: 17 | B63: C A B E
B64: - Cabe Merah Besar | C64: Kg | D64: 32000 | E64: 30000 | F64: 35000 | G64: 30000 | H64: 25000 | I64: 30000 | J64: 30000 | K64: =AVERAGE(D64:J64) -> 30285.714
B65: - Cabe Merah Kriting | C65: Kg | D65: 25000 | E65: 25000 | F65: 22000 | G65: 30000 | H65: - | I65: 25000 | J65: - | K65: =AVERAGE(D65:J65) -> 25400
B66: - Cabe Merah Kecil-Rawit | C66: Kg | D66: 35000 | E66: 40000 | F66: 38000 | G66: 40000 | H66: 35000 | I66: 40000 | J66: 35000 | K66: =AVERAGE(D66:J66) -> 37571.429
A67: 18 | B67: BAHAN BAKAR GAS LPG
B68: - Gas LPG Tabung (3 Kg.) | C68: Per Tabung | D68: 20000 | E68: 18000 | F68: 18000 | G68: 18000 | H68: - | I68: 18000 | J68: 18000 | K68: =AVERAGE(D68:J68) -> 18333.333
A69: 19 | B69: BAWANG
B70: - Bawang Putih (Jenis Kating) | C70: Kg | D70: 34000 | E70: 35000 | F70: 35000 | G70: 40000 | H70: 34000 | I70: 38000 | J70: 35000 | K70: =AVERAGE(D70:J70) -> 35857.143
B71: - Bawang Putih (Jenis Sinco) | C71: Kg | D71: 32000 | E71: 35000 | F71: 32000 | G71: 30000 | H71: 32000 | I71: 37000 | J71: 28000 | K71: =AVERAGE(D71:J71) -> 32285.714
B72: - Bawang Merah (Kualitas Lokal) | C72: Kg | D72: 35000 | E72: 35000 | F72: 36000 | G72: 40000 | H72: 32000 | I72: 38000 | J72: 33000 | K72: =AVERAGE(D72:J72) -> 35571.429
B73: - Bawang Bombay | C73: Kg | D73: 36000 | E73: 42000 | F73: 40000 | G73: 50000 | H73: 40000 | I73: 50000 | J73: 30000 | K73: =AVERAGE(D73:J73) -> 41142.857
A74: 20 | B74: UBI-UBIAN
B75: - Ketela Pohon | C75: Kg | D75: 6000 | E75: 7000 | F75: 5000 | G75: 6000 | H75: 4000 | I75: 7000 | J75: 5000 | K75: =AVERAGE(D75:J75) -> 5714.2857
B76: - Ubi Jalar | C76: Kg | D76: 6000 | E76: - | F76: 6000 | G76: 6000 | H76: 5000 | I76: 7000 | J76: 6000 | K76: =AVERAGE(D76:J76) -> 6000
A77: 21 | B77: SAYUR-SAYURAN
B78: - Kubis | C78: Kg | D78: 7000 | E78: 8000 | F78: 8000 | G78: 8000 | H78: 9000 | I78: 8000 | J78: 6000 | K78: =AVERAGE(D78:J78) -> 7714.2857
B79: - Buncis | C79: Kg | D79: 14000 | E79: 22000 | F79: 16000 | G79: 15000 | H79: 10000 | I79: 20000 | J79: 15000 | K79: =AVERAGE(D79:J79) -> 16000
B80: - Kentang | C80: Kg | D80: 14000 | E80: 15000 | F80: 16000 | G80: 16000 | H80: 15000 | I80: 17000 | J80: 13000 | K80: =AVERAGE(D80:J80) -> 15142.857
B81: - Tomat | C81: Kg | D81: 16000 | E81: 15000 | F81: 12000 | G81: 15000 | H81: 10000 | I81: 18000 | J81: 13000 | K81: =AVERAGE(D81:J81) -> 14142.857
B82: - Wortel (Kualitas Lokal) | C82: Kg | D82: 9000 | E82: 14000 | F82: 12000 | G82: 13000 | H82: 10000 | I82: 12000 | J82: 10000 | K82: =AVERAGE(D82:J82) -> 11428.571
B83: - Terong Ungu (Jenis Sayur) | C83: Kg | D83: 9000 | E83: 12000 | F83: 8000 | G83: 10000 | H83: 9000 | I83: 10000 | J83: 8000 | K83: =AVERAGE(D83:J83) -> 9428.5714
B84: - Bayam (Jenis Sayur) | C84: Ikat Kecil | D84: 2000 | E84: - | F84: 2000 | G84: 2000 | H84: 1500 | I84: 2000 | J84: 2000 | K84: =AVERAGE(D84:J84) -> 1916.6667
B85: - Kangkung (Jenis Panjang) | C85: Ikat Kecil | D85: 2000 | E85: - | F85: 1500 | G85: 2000 | H85: 1500 | I85: 2000 | J85: 1500 | K85: =AVERAGE(D85:J85) -> 1750
B86: - Sawi (Jenis Hijau) | C86: Ikat Kecil | D86: - | E86: - | F86: 2000 | G86: 2000 | H86: 2000 | I86: 2000 | J86: 2000 | K86: =AVERAGE(D86:J86) -> 2000
A87: 22 | B87: AIR MINERAL
B88: - Air Mineral (Aqua Galon) | C88: 19 Ltr/Galon | D88: 18000 | E88: - | F88: 18000 | G88: 17000 | H88: - | I88: 19000 | J88: 18000 | K88: =AVERAGE(D88:J88) -> 18000

Sheet 8
A1: HARGA BAHAN-BAHAN POKOK
A2: DI PASAR TRADISIONAL KOTA SURABAYA
A3: HARI / TANGGAL : Kamis / 08 Juni 2023
B4: NAMA BAHAN POKOK DAN PENTING LAINNYA | C4: SATUAN | D4: Pasar Tambahrejo | E4: Pasar Pucang Anom | F4: Pasar Wonokromo | G4: Pasar Genteng Baru | H4: Pasar Pabean | I4: Pasar Kembang | J4: Pasar Balongsari | K4: Rata-Rata
A7: 1 | B7: BERAS
B8: - Beras Premium | C8: Kg | D8: 13000 | E8: 13500 | F8: 14000 | G8: 13500 | H8: 12000 | I8: 14000 | J8: 13500 | K8: =AVERAGE(D8:J8) -> 13357.143
B9: - Beras Medium Bulog | C9: Kg | D9: 9000 | E9: 9000 | F9: 9000 | G9: 9000 | H9: - | I9: - | J9: - | K9: =AVERAGE(D9:J9) -> 9000
B10: - Beras Medium | C10: Kg | D10: 11000 | E10: 11500 | F10: 13000 | G10: 11500 | H10: - | I10: 12500 | J10: 12500 | K10: =AVERAGE(D10:J10) -> 12000
B11: - Beras Jagung | C11: Kg | D11: - | E11: 10000 | F11: 12000 | G11: 12000 | H11: - | I11: 11000 | J11: 8000 | K11: =AVERAGE(D11:J11) -> 10600
B12: - Beras Ketan (Jenis Siyem) | C12: Kg | D12: - | E12: 22000 | F12: 24000 | G12: 20000 | H12: - | I12: 18000 | J12: 17000 | K12: =AVERAGE(D12:J12) -> 20200
A13: 2 | B13: GULA
B14: - Gula pasir lokal curah | C14: Kg | D14: 13000 | E14: 13500 | F14: 14000 | G14: 13500 | H14: 13500 | I14: 13500 | J14: 13500 | K14: =AVERAGE(D14:J14) -> 13500
B15: - Gula Jawa/Merah (Bahan Kelapa) | C15: Kg | D15: 15000 | E15: 16000 | F15: 15000 | G15: 16000 | H15: 15000 | I15: 18000 | J15: 16000 | K15: =AVERAGE(D15:J15) -> 15857.143
A16: 3 | B16: MINYAK GORENG
B17: - Minyak Goreng Curah (Bening) | C17: Kg | D17: 14500 | E17: 16000 | F17: 17000 | G17: 16000 | H17: 14000 | I17: 16000 | J17: 15500 | K17: =AVERAGE(D17:J17) -> 15571.429
B18: - Minyak Kita | C18: Liter | D18: 14000 | E18: 14000 | F18: 14000 | G18: 14000 | H18: - | I18: 14000 | J18: 14000 | K18: =AVERAGE(D18:J18) -> 14000
A19: 4 | B19: MENTEGA
B20: - Mentega Curah (Amanda) | C20: Kg | D20: 20000 | E20: - | F20: 19000 | G20: 22000 | H20: - | I20: 24000 | J20: - | K20: =AVERAGE(D20:J20) -> 21250
A21: 5 | B21: DAGING
B22: - Daging Sapi Grade Atas | C22: Kg | D22: 120000 | E22: 120000 | F22: 120000 | G22: 120000 | H22: 120000 | I22: 120000 | J22: - | K22: =AVERAGE(D22:J22) -> 120000
B23: - Daging Sapi Grade Sedang | C23: Kg | D23: 110000 | E23: 110000 | F23: 110000 | G23: 110000 | H23: 114000 | I23: 115000 | J23: 115000 | K23: =AVERAGE(D23:J23) -> 112000
B24: - Daging Sapi Grade Bawah | C24: Kg | D24: 100000 | E24: 95000 | F24: 105000 | G24: 105000 | H24: 100000 | I24: 110000 | J24: 105000 | K24: =AVERAGE(D24:J24) -> 102857.14
B25: - Daging Ayam Broiler | C25: Kg | D25: 37000 | E25: 36000 | F25: 37000 | G25: 37000 | H25: 38000 | I25: 38000 | J25: 40000 | K25: =AVERAGE(D25:J25) -> 37571.429
A26: 6 | B26: I K A N
B27: - Ikan Tongkol Segar (Uk. Sedang) | C27: Kg | D27: 35000 | E27: 40000 | F27: - | G27: 45000 | H27: 30000 | I27: 40000 | J27: 35000 | K27: =AVERAGE(D27:J27) -> 37500
B28: - Ikan Mujair Segar (Uk. Sedang) | C28: Kg | D28: 25000 | E28: 28000 | F28: 28000 | G28: 35000 | H28: 23000 | I28: 29000 | J28: 24000 | K28: =AVERAGE(D28:J28) -> 27428.571
B29: - Udang Segar (Uk. Sedang) | C29: Kg | D29: 80000 | E29: 60000 | F29: 60000 | G29: 75000 | H29: 58000 | I29: 60000 | J29: 55000 | K29: =AVERAGE(D29:J29) -> 64000
B30: - Ikan Lele Segar (Ukuran Sedang) | C30: Kg | D30: 25000 | E30: - | F30: - | G30: 25000 | H30: 23000 | I30: 24000 | J30: 26000 | K30: =AVERAGE(D30:J30) -> 24600
B31: - Ikan Bandeng Segar (Uk. Sedang) | C31: Kg | D31: 35000 | E31: 35000 | F31: 36000 | G31: 45000 | H31: 28000 | I31: 36000 | J31: 38000 | K31: =AVERAGE(D31:J31) -> 36142.857
B32: - Ikan Teri Asin (Bukan Teri Medan) | C32: Kg | D32: - | E32: 100000 | F32: 110000 | G32: - | H32: 80000 | I32: - | J32: - | K32: =AVERAGE(D32:J32) -> 96666.667
A33: 7 | B33: TELUR
B34: - Telur Ayam Broiler | C34: Kg | D34: 30000 | E34: 30000 | F34: 29000 | G34: 31000 | H34: 29000 | I34: 28500 | J34: 30000 | K34: =AVERAGE(D34:J34) -> 29642.857
B35: - Telur Ayam Kampung | C35: Butir | D35: 3000 | E35: 2200 | F35: 2000 | G35: 2500 | H35: 2000 | I35: 2500 | J35: 3000 | K35: =AVERAGE(D35:J35) -> 2457.1429
A36: 8 | B36: TAHU
B37: - Tahu biasa | C37: Kg | D37: 10000 | E37: 10000 | F37: 9000 | G37: 9000 | H37: 16000 | I37: 12000 | J37: 9000 | K37: =AVERAGE(D37:J37) -> 10714.286
B38: - Tahu susu | C38: Kg | D38: - | E38: 7000 | F38: 12000 | G38: 17000 | H38: - | I38: 15000 | J38: 12000 | K38: =AVERAGE(D38:J38) -> 12600
A39: 9 | B39: TEMPE
B40: - Tempe Kw I (campuran kedelai) | C40: Kg | D40: - | E40: 18000 | F40: - | G40: 16000 | H40: 14000 | I40: 15000 | J40: 15000 | K40: =AVERAGE(D40:J40) -> 15600
B41: - Tempe Kw II (campuran jagung) | C41: Kg | D41: 2500 | E41: 12000 | F41: 6000 | G41: - | H41: - | I41: - | J41: - | K41: =AVERAGE(D41:J41) -> 6833.3333
B42: - Tempe Kw III (campuran kulit) | C42: Kg | D42: - | E42: 2000 | F42: - | G42: - | H42: - | I42: - | J42: - | K42: =AVERAGE(D42:J42) -> 2000
A43: 10 | B43: S U S U
B44: - Susu Kental Manis "INDOMILK" Putih | C44: 390 Gr/kaleng | D44: 12500 | E44: 12000 | F44: 12500 | G44: 12000 | H44: - | I44: 12500 | J44: 12500 | K44: =AVERAGE(D44:J44) -> 12333.333
B45: - Susu Kental Manis "BENDERA" Putih | C45: 390 Gr/kaleng | D45: 12500 | E45: 13000 | F45: 12500 | G45: 12000 | H45: - | I45: 12500 | J45: 12500 | K45: =AVERAGE(D45:J45) -> 12500
A46: 11 | B46: SABUN CUCI
B47: - Sabun Detergen Rinso (Anti Noda) | C47: 900 Gram | D47: - | E47: - | F47: - | G47: - | H47: 17500 | I47: - | J47: - | K47: =AVERAGE(D47:J47) -> 17500
B48: - Sabun Colek "Wing's Biru" | C48: 350 Gram | D48: - | E48: - | F48: - | G48: - | H48: 2000 | I48: - | J48: - | K48: =AVERAGE(D48:J48) -> 2000
A49: 12 | B49: JAGUNG
B50: - Jagung Pipilan Kering (Jenis Kecil) | C50: Kg | D50: 10000 | E50: 8000 | F50: 10000 | G50: 10000 | H50: 9000 | I50: 10000 | J50: 8000 | K50: =AVERAGE(D50:J50) -> 9285.7143
B51: - Jagung Pipilan Kering (Jenis Besar) | C51: Kg | D51: 9000 | E51: 10000 | F51: 9000 | G51: 10000 | H51: 6000 | I51: - | J51: 6000 | K51: =AVERAGE(D51:J51) -> 8333.3333
A52: 13 | B52: GARAM BERYODIUM
B53: - Garam Halus (Cap Kapal) | C53: 250 Gr/Bngks | D53: 3000 | E53: 8000 | F53: 5000 | G53: 5000 | H53: 2500 | I53: 2000 | J53: 2500 | K53: =AVERAGE(D53:J53) -> 4000
A54: 14 | B54: TEPUNG TERIGU
B55: - Tepung Terigu "Segitiga Biru" Curah | C55: Kg | D55: 12000 | E55: 10500 | F55: 13000 | G55: 11000 | H55: 11000 | I55: 11000 | J55: 10000 | K55: =AVERAGE(D55:J55) -> 11214.286
A56: 15 | B56: KACANG-KACANGAN
B57: - Kacang Kedelai (Kualitas Import) | C57: Kg | D57: 14000 | E57: 16000 | F57: 16000 | G57: 18000 | H57: 13000 | I57: 16000 | J57: - | K57: =AVERAGE(D57:J57) -> 15500
B58: - Kacang Kedelai (Kualitas Lokal) | C58: Kg | D58: - | E58: 14000 | F58: 15000 | G58: - | H58: - | I58: - | J58: 13500 | K58: =AVERAGE(D58:J58) -> 14166.667
B59: - Kacang Hijau | C59: Kg | D59: 25000 | E59: 23000 | F59: 24000 | G59: 30000 | H59: 22000 | I59: 26000 | J59: 26000 | K59: =AVERAGE(D59:J59) -> 25142.857
B60: - Kacang Tanah (Jenis Besar) | C60: Kg | D60: 30000 | E60: 30000 | F60: 31000 | G60: 30000 | H60: 26000 | I60: 29000 | J60: 28000 | K60: =AVERAGE(D60:J60) -> 29142.857
A61: 16 | B61: MIE INSTAN
B62: - Indomie Goreng | C62: 86 Gr/Bngks | D62: 3000 | E62: 3200 | F62: 3000 | G62: 3000 | H62: - | I62: 3500 | J62: 3500 | K62: =AVERAGE(D62:J62) -> 3200
A63: 17 | B63: C A B E
B64: - Cabe Merah Besar | C64: Kg | D64: 32000 | E64: 30000 | F64: 32000 | G64: 35000 | H64: 25000 | I64: 30000 | J64: 30000 | K64: =AVERAGE(D64:J64) -> 30571.429
B65: - Cabe Merah Kriting | C65: Kg | D65: 25000 | E65: 25000 | F65: 25000 | G65: 35000 | H65: - | I65: 25000 | J65: - | K65: =AVERAGE(D65:J65) -> 27000
B66: - Cabe Merah Kecil-Rawit | C66: Kg | D66: 35000 | E66: 40000 | F66: 40000 | G66: 40000 | H66: 35000 | I66: 40000 | J66: 35000 | K66: =AVERAGE(D66:J66) -> 37857.143
A67: 18 | B67: BAHAN BAKAR GAS LPG
B68: - Gas LPG Tabung (3 Kg.) | C68: Per Tabung | D68: 20000 | E68: 18000 | F68: 18000 | G68: 18000 | H68: - | I68: 18000 | J68: 18000 | K68: =AVERAGE(D68:J68) -> 18333.333
A69: 19 | B69: BAWANG
B70: - Bawang Putih (Jenis Kating) | C70: Kg | D70: 34000 | E70: 35000 | F70: 38000 | G70: 35000 | H70: 34000 | I70: 38000 | J70: 35000 | K70: =AVERAGE(D70:J70) -> 35571.429
B71: - Bawang Putih (Jenis Sinco) | C71: Kg | D71: 32000 | E71: 35000 | F71: 36000 | G71: 30000 | H71: 32000 | I71: 37000 | J71: 28000 | K71: =AVERAGE(D71:J71) -> 32857.143
B72: - Bawang Merah (Kualitas Lokal) | C72: Kg | D72: 35000 | E72: 35000 | F72: 40000 | G72: 40000 | H72: 32000 | I72: 38000 | J72: 33000 | K72: =AVERAGE(D72:J72) -> 36142.857
B73: - Bawang Bombay | C73: Kg | D73: 36000 | E73: 42000 | F73: 40000 | G73: 50000 | H73: 40000 | I73: 50000 | J73: 30000 | K73: =AVERAGE(D73:J73) -> 41142.857
A74: 20 | B74: UBI-UBIAN
B75: - Ketela Pohon | C75: Kg | D75: 6000 | E75: 7000 | F75: 5000 | G75: 6000 | H75: 4000 | I75: 7000 | J75: 5000 | K75: =AVERAGE(D75:J75) -> 5714.2857
B76: - Ubi Jalar | C76: Kg | D76: 6000 | E76: - | F76: 6000 | G76: 6000 | H76: 5000 | I76: 7000 | J76: 6000 | K76: =AVERAGE(D76:J76) -> 6000
A77: 21 | B77: SAYUR-SAYURAN
B78: - Kubis | C78: Kg | D78: 7000 | E78: 8000 | F78: 8000 | G78: 8000 | H78: 9000 | I78: 8000 | J78: 6000 | K78: =AVERAGE(D78:J78) -> 7714.2857
B79: - Buncis | C79: Kg | D79: 14000 | E79: 22000 | F79: 16000 | G79: 15000 | H79: 10000 | I79: 20000 | J79: 15000 | K79: =AVERAGE(D79:J79) -> 16000
B80: - Kentang | C80: Kg | D80: 14000 | E80: 15000 | F80: 17000 | G80: 16000 | H80: 15000 | I80: 17000 | J80: 13000 | K80: =AVERAGE(D80:J80) -> 15285.714
B81: - Tomat | C81: Kg | D81: 16000 | E81: 15000 | F81: 12000 | G81: 15000 | H81: 10000 | I81: 18000 | J81: 13000 | K81: =AVERAGE(D81:J81) -> 14142.857
B82: - Wortel (Kualitas Lokal) | C82: Kg | D82: 9000 | E82: 14000 | F82: 13000 | G82: 13000 | H82: 10000 | I82: 12000 | J82: 10000 | K82: =AVERAGE(D82:J82) -> 11571.429
B83: - Terong Ungu (Jenis Sayur) | C83: Kg | D83: 9000 | E83: 12000 | F83: 8000 | G83: 10000 | H83: 9000 | I83: 10000 | J83: 8000 | K83: =AVERAGE(D83:J83) -> 9428.5714
B84: - Bayam (Jenis Sayur) | C84: Ikat Kecil | D84: 2000 | E84: - | F84: 2000 | G84: 2000 | H84: 1500 | I84: 2000 | J84: 2000 | K84: =AVERAGE(D84:J84) -> 1916.6667
B85: - Kangkung (Jenis Panjang) | C85: Ikat Kecil | D85: 2000 | E85: - | F85: 1500 | G85: 2000 | H85: 1500 | I85: 2000 | J85: 1500 | K85: =AVERAGE(D85:J85) -> 1750
B86: - Sawi (Jenis Hijau) | C86: Ikat Kecil | D86: - | E86: - | F86: 2000 | G86: 2000 | H86: 2000 | I86: 2000 | J86: 2000 | K86: =AVERAGE(D86:J86) -> 2000
A87: 22 | B87: AIR MINERAL
B88: - Air Mineral (Aqua Galon) | C88: 19 Ltr/Galon | D88: 18000 | E88: - | F88: 18000 | G88: 17000 | H88: - | I88: 19000 | J88: 18000 | K88: =AVERAGE(D88:J88) -> 18000

Sheet 9
A1: HARGA BAHAN-BAHAN POKOK
A2: DI PASAR TRADISIONAL KOTA SURABAYA
A3: HARI / TANGGAL : Jumat / 09 Juni 2023
B4: NAMA BAHAN POKOK DAN PENTING LAINNYA | C4: SATUAN | D4: Pasar Tambahrejo | E4: Pasar Pucang Anom | F4: Pasar Wonokromo | G4: Pasar Genteng Baru | H4: Pasar Pabean | I4: Pasar Kembang | J4: Pasar Balongsari | K4: Rata-Rata
A7: 1 | B7: BERAS
B8: - Beras Premium | C8: Kg | D8: 13000 | E8: 13500 | F8: 14000 | G8: 13500 | H8: 12000 | I8: 14000 | J8: 13500 | K8: =AVERAGE(D8:J8) -> 13357.143
B9: - Beras Medium Bulog | C9: Kg | D9: 9000 | E9: 9000 | F9: 9000 | G9: 9000 | H9: - | I9: - | J9: - | K9: =AVERAGE(D9:J9) -> 9000
B10: - Beras Medium | C10: Kg | D10: 11000 | E10: 11500 | F10: 13000 | G10: 11500 | H10: - | I10: 13500 | J10: 12500 | K10: =AVERAGE(D10:J10) -> 12166.667
B11: - Beras Jagung | C11: Kg | D11: - | E11: 10000 | F11: 12000 | G11: 12000 | H11: - | I11: 11000 | J11: 8000 | K11: =AVERAGE(D11:J11) -> 10600
B12: - Beras Ketan (Jenis Siyem) | C12: Kg | D12: - | E12: 22000 | F12: 24000 | G12: 20000 | H12: - | I12: 18000 | J12: 17000 | K12: =AVERAGE(D12:J12) -> 20200
A13: 2 | B13: GULA
B14: - Gula pasir lokal curah | C14: Kg | D14: 13000 | E14: 13500 | F14: 14000 | G14: 13500 | H14: 13500 | I14: 13500 | J14: 13500 | K14: =AVERAGE(D14:J14) -> 13500
B15: - Gula Jawa/Merah (Bahan Kelapa) | C15: Kg | D15: 15000 | E15: 16000 | F15: 15000 | G15: 16000 | H15: 15000 | I15: 18000 | J15: 16000 | K15: =AVERAGE(D15:J15) -> 15857.143
A16: 3 | B16: MINYAK GORENG
B17: - Minyak Goreng Curah (Bening) | C17: Kg | D17: 14500 | E17: 16000 | F17: 17000 | G17: 16000 | H17: 14000 | I17: 16000 | J17: 15000 | K17: =AVERAGE(D17:J17) -> 15500
B18: - Minyak Kita | C18: Liter | D18: 14000 | E18: 14000 | F18: 14000 | G18: 14000 | H18: - | I18: 14000 | J18: 14000 | K18: =AVERAGE(D18:J18) -> 14000
A19: 4 | B19: MENTEGA
B20: - Mentega Curah (Amanda) | C20: Kg | D20: 20000 | E20: - | F20: 19000 | G20: 22000 | H20: - | I20: 24000 | J20: - | K20: =AVERAGE(D20:J20) -> 21250
A21: 5 | B21: DAGING
B22: - Daging Sapi Grade Atas | C22: Kg | D22: 120000 | E22: 120000 | F22: 120000 | G22: 120000 | H22: 120000 | I22: 120000 | J22: - | K22: =AVERAGE(D22:J22) -> 120000
B23: - Daging Sapi Grade Sedang | C23: Kg | D23: 110000 | E23: 110000 | F23: 110000 | G23: 110000 | H23: 114000 | I23: 115000 | J23: 115000 | K23: =AVERAGE(D23:J23) -> 112000
B24: - Daging Sapi Grade Bawah | C24: Kg | D24: 100000 | E24: 95000 | F24: 105000 | G24: 105000 | H24: 100000 | I24: 110000 | J24: 105000 | K24: =AVERAGE(D24:J24) -> 102857.14
B25: - Daging Ayam Broiler | C25: Kg | D25: 37000 | E25: 36000 | F25: 37000 | G25: 37000 | H25: 38000 | I25: 38000 | J25: 40000 | K25: =AVERAGE(D25:J25) -> 37571.429
A26: 6 | B26: I K A N
B27: - Ikan Tongkol Segar (Uk. Sedang) | C27: Kg | D27: 35000 | E27: 40000 | F27: - | G27: 45000 | H27: 30000 | I27: 40000 | J27: 35000 | K27: =AVERAGE(D27:J27) -> 37500
B28: - Ikan Mujair Segar (Uk. Sedang) | C28: Kg | D28: 25000 | E28: 28000 | F28: 30000 | G28: 35000 | H28: 23000 | I28: 29000 | J28: 24000 | K28: =AVERAGE(D28:J28) -> 27714.286
B29: - Udang Segar (Uk. Sedang) | C29: Kg | D29: 80000 | E29: 60000 | F29: 70000 | G29: 75000 | H29: 58000 | I29: 60000 | J29: 55000 | K29: =AVERAGE(D29:J29) -> 65428.571
B30: - Ikan Lele Segar (Ukuran Sedang) | C30: Kg | D30: 25000 | E30: - | F30: - | G30: 25000 | H30: 23000 | I30: 24000 | J30: 26000 | K30: =AVERAGE(D30:J30) -> 24600
B31: - Ikan Bandeng Segar (Uk. Sedang) | C31: Kg | D31: 35000 | E31: 35000 | F31: 40000 | G31: 45000 | H31: 28000 | I31: 36000 | J31: 35000 | K31: =AVERAGE(D31:J31) -> 36285.714
B32: - Ikan Teri Asin (Bukan Teri Medan) | C32: Kg | D32: - | E32: 100000 | F32: 110000 | G32: - | H32: 80000 | I32: - | J32: - | K32: =AVERAGE(D32:J32) -> 96666.667
A33: 7 | B33: TELUR
B34: - Telur Ayam Broiler | C34: Kg | D34: 30000 | E34: 30000 | F34: 29000 | G34: 31000 | H34: 29000 | I34: 30000 | J34: 30000 | K34: =AVERAGE(D34:J34) -> 29857.143
B35: - Telur Ayam Kampung | C35: Butir | D35: 3000 | E35: 2200 | F35: 2000 | G35: 2500 | H35: 2000 | I35: 2500 | J35: 3000 | K35: =AVERAGE(D35:J35) -> 2457.1429
A36: 8 | B36: TAHU
B37: - Tahu biasa | C37: Kg | D37: 10000 | E37: 10000 | F37: 9000 | G37: 9000 | H37: 16000 | I37: 12000 | J37: 9000 | K37: =AVERAGE(D37:J37) -> 10714.286
B38: - Tahu susu | C38: Kg | D38: - | E38: 7000 | F38: 12000 | G38: 17000 | H38: - | I38: 15000 | J38: 12000 | K38: =AVERAGE(D38:J38) -> 12600
A39: 9 | B39: TEMPE
B40: - Tempe Kw I (campuran kedelai) | C40: Kg | D40: - | E40: 18000 | F40: - | G40: 16000 | H40: 14000 | I40: 15000 | J40: 15000 | K40: =AVERAGE(D40:J40) -> 15600
B41: - Tempe Kw II (campuran jagung) | C41: Kg | D41: 2500 | E41: 12000 | F41: 6000 | G41: - | H41: - | I41: - | J41: - | K41: =AVERAGE(D41:J41) -> 6833.3333
B42: - Tempe Kw III (campuran kulit) | C42: Kg | D42: - | E42: 2000 | F42: - | G42: - | H42: - | I42: - | J42: - | K42: =AVERAGE(D42:J42) -> 2000
A43: 10 | B43: S U S U
B44: - Susu Kental Manis "INDOMILK" Putih | C44: 390 Gr/kaleng | D44: 12500 | E44: 12000 | F44: 12500 | G44: 12000 | H44: - | I44: 12500 | J44: 12500 | K44: =AVERAGE(D44:J44) -> 12333.333
B45: - Susu Kental Manis "BENDERA" Putih | C45: 390 Gr/kaleng | D45: 12500 | E45: 13000 | F45: 12500 | G45: 12000 | H45: - | I45: 12500 | J45: 12500 | K45: =AVERAGE(D45:J45) -> 12500
A46: 11 | B46: SABUN CUCI
B47: - Sabun Detergen Rinso (Anti Noda) | C47: 900 Gram | D47: - | E47: - | F47: - | G47: - | H47: 17500 | I47: - | J47: - | K47: =AVERAGE(D47:J47) -> 17500
B48: - Sabun Colek "Wing's Biru" | C48: 350 Gram | D48: - | E48: - | F48: - | G48: - | H48: 2000 | I48: - | J48: - | K48: =AVERAGE(D48:J48) -> 2000
A49: 12 | B49: JAGUNG
B50: - Jagung Pipilan Kering (Jenis Kecil) | C50: Kg | D50: 10000 | E50: 8000 | F50: 10000 | G50: 10000 | H50: 9000 | I50: 10000 | J50: 8000 | K50: =AVERAGE(D50:J50) -> 9285.7143
B51: - Jagung Pipilan Kering (Jenis Besar) | C51: Kg | D51: 9000 | E51: 10000 | F51: 9000 | G51: 10000 | H51: 6000 | I51: - | J51: 6000 | K51: =AVERAGE(D51:J51) -> 8333.3333
A52: 13 | B52: GARAM BERYODIUM
B53: - Garam Halus (Cap Kapal) | C53: 250 Gr/Bngks | D53: 3000 | E53: 8000 | F53: 5000 | G53: 5000 | H53: 2500 | I53: 2000 | J53: 2500 | K53: =AVERAGE(D53:J53) -> 4000
A54: 14 | B54: TEPUNG TERIGU
B55: - Tepung Terigu "Segitiga Biru" Curah | C55: Kg | D55: 12000 | E55: 10500 | F55: 13000 | G55: 11000 | H55: 11000 | I55: 11000 | J55: 10000 | K55: =AVERAGE(D55:J55) -> 11214.286
A56: 15 | B56: KACANG-KACANGAN
B57: - Kacang Kedelai (Kualitas Import) | C57: Kg | D57: 14000 | E57: 16000 | F57: 16000 | G57: 18000 | H57: 13000 | I57: 16000 | J57: - | K57: =AVERAGE(D57:J57) -> 15500
B58: - Kacang Kedelai (Kualitas Lokal) | C58: Kg | D58: - | E58: 14000 | F58: 15000 | G58: - | H58: - | I58: - | J58: 13500 | K58: =AVERAGE(D58:J58) -> 14166.667
B59: - Kacang Hijau | C59: Kg | D59: 25000 | E59: 23000 | F59: 24000 | G59: 30000 | H59: 22000 | I59: 26000 | J59: 26000 | K59: =AVERAGE(D59:J59) -> 25142.857
B60: - Kacang Tanah (Jenis Besar) | C60: Kg | D60: 30000 | E60: 30000 | F60: 31000 | G60: 30000 | H60: 26000 | I60: 29000 | J60: 28000 | K60: =AVERAGE(D60:J60) -> 29142.857
A61: 16 | B61: MIE INSTAN
B62: - Indomie Goreng | C62: 86 Gr/Bngks | D62: 3000 | E62: 3200 | F62: 3000 | G62: 3000 | H62: - | I62: 3500 | J62: 3500 | K62: =AVERAGE(D62:J62) -> 3200
A63: 17 | B63: C A B E
B64: - Cabe Merah Besar | C64: Kg | D64: 32000 | E64: 30000 | F64: 30000 | G64: 35000 | H64: 25000 | I64: 30000 | J64: 30000 | K64: =AVERAGE(D64:J64) -> 30285.714
B65: - Cabe Merah Kriting | C65: Kg | D65: 25000 | E65: 25000 | F65: 25000 | G65: 35000 | H65: - | I65: 35000 | J65: - | K65: =AVERAGE(D65:J65) -> 29000
B66: - Cabe Merah Kecil-Rawit | C66: Kg | D66: 35000 | E66: 40000 | F66: 40000 | G66: 40000 | H66: 35000 | I66: 40000 | J66: 35000 | K66: =AVERAGE(D66:J66) -> 37857.143
A67: 18 | B67: BAHAN BAKAR GAS LPG
B68: - Gas LPG Tabung (3 Kg.) | C68: Per Tabung | D68: 20000 | E68: 18000 | F68: 18000 | G68: 18000 | H68: - | I68: 18000 | J68: 18000 | K68: =AVERAGE(D68:J68) -> 18333.333
A69: 19 | B69: BAWANG
B70: - Bawang Putih (Jenis Kating) | C70: Kg | D70: 34000 | E70: 35000 | F70: 36000 | G70: 35000 | H70: 34000 | I70: 38000 | J70: 35000 | K70: =AVERAGE(D70:J70) -> 35285.714
B71: - Bawang Putih (Jenis Sinco) | C71: Kg | D71: 32000 | E71: 35000 | F71: 32000 | G71: 30000 | H71: 32000 | I71: 35000 | J71: 28000 | K71: =AVERAGE(D71:J71) -> 32000
B72: - Bawang Merah (Kualitas Lokal) | C72: Kg | D72: 35000 | E72: 35000 | F72: 36000 | G72: 40000 | H72: 32000 | I72: 35000 | J72: 33000 | K72: =AVERAGE(D72:J72) -> 35142.857
B73: - Bawang Bombay | C73: Kg | D73: 36000 | E73: 42000 | F73: 40000 | G73: 50000 | H73: 40000 | I73: 50000 | J73: 30000 | K73: =AVERAGE(D73:J73) -> 41142.857
A74: 20 | B74: UBI-UBIAN
B75: - Ketela Pohon | C75: Kg | D75: 6000 | E75: 7000 | F75: 5000 | G75: 6000 | H75: 4000 | I75: 7000 | J75: 5000 | K75: =AVERAGE(D75:J75) -> 5714.2857
B76: - Ubi Jalar | C76: Kg | D76: 6000 | E76: - | F76: 6000 | G76: 6000 | H76: 5000 | I76: 7000 | J76: 6000 | K76: =AVERAGE(D76:J76) -> 6000
A77: 21 | B77: SAYUR-SAYURAN
B78: - Kubis | C78: Kg | D78: 7000 | E78: 8000 | F78: 8000 | G78: 8000 | H78: 9000 | I78: 8000 | J78: 6000 | K78: =AVERAGE(D78:J78) -> 7714.2857
B79: - Buncis | C79: Kg | D79: 14000 | E79: 22000 | F79: 16000 | G79: 15000 | H79: 10000 | I79: 15000 | J79: 15000 | K79: =AVERAGE(D79:J79) -> 15285.714
B80: - Kentang | C80: Kg | D80: 14000 | E80: 15000 | F80: 16000 | G80: 16000 | H80: 15000 | I80: 17000 | J80: 13000 | K80: =AVERAGE(D80:J80) -> 15142.857
B81: - Tomat | C81: Kg | D81: 16000 | E81: 15000 | F81: 15000 | G81: 15000 | H81: 10000 | I81: 15000 | J81: 13000 | K81: =AVERAGE(D81:J81) -> 14142.857
B82: - Wortel (Kualitas Lokal) | C82: Kg | D82: 9000 | E82: 14000 | F82: 12000 | G82: 13000 | H82: 10000 | I82: 14000 | J82: 10000 | K82: =AVERAGE(D82:J82) -> 11714.286
B83: - Terong Ungu (Jenis Sayur) | C83: Kg | D83: 9000 | E83: 12000 | F83: 8000 | G83: 10000 | H83: 9000 | I83: 10000 | J83: 8000 | K83: =AVERAGE(D83:J83) -> 9428.5714
B84: - Bayam (Jenis Sayur) | C84: Ikat Kecil | D84: 2000 | E84: - | F84: 2000 | G84: 2000 | H84: 1500 | I84: 2000 | J84: 2000 | K84: =AVERAGE(D84:J84) -> 1916.6667
B85: - Kangkung (Jenis Panjang) | C85: Ikat Kecil | D85: 2000 | E85: - | F85: 1500 | G85: 2000 | H85: 1500 | I85: 2000 | J85: 1500 | K85: =AVERAGE(D85:J85) -> 1750
B86: - Sawi (Jenis Hijau) | C86: Ikat Kecil | D86: - | E86: - | F86: 2000 | G86: 2000 | H86: 2000 | I86: 2000 | J86: 2000 | K86: =AVERAGE(D86:J86) -> 2000
A87: 22 | B87: AIR MINERAL
B88: - Air Mineral (Aqua Galon) | C88: 19 Ltr/Galon | D88: 18000 | E88: - | F88: 18000 | G88: 17000 | H88: - | I88: 19000 | J88: 18000 | K88: =AVERAGE(D88:J88) -> 18000

Sheet 10
A1: HARGA BAHAN-BAHAN POKOK
A2: DI PASAR TRADISIONAL KOTA SURABAYA
A3: HARI / TANGGAL : Sabtu / 10 Juni 2023
B4: NAMA BAHAN POKOK DAN PENTING LAINNYA | C4: SATUAN | D4: Pasar Tambahrejo | E4: Pasar Pucang Anom | F4: Pasar Wonokromo | G4: Pasar Genteng Baru | H4: Pasar Pabean | I4: Pasar Kembang | J4: Pasar Balongsari | K4: Rata-Rata
A7: 1 | B7: BERAS
B8: - Beras Premium | C8: Kg | D8: 13000 | E8: 13500 | F8: 13000 | G8: 13500 | H8: 12000 | I8: 14000 | J8: 13500 | K8: =AVERAGE(D8:J8) -> 13214.286
B9: - Beras Medium Bulog | C9: Kg | D9: 9000 | E9: 9000 | F9: 9000 | G9: 9000 | H9: - | I9: - | J9: - | K9: =AVERAGE(D9:J9) -> 9000
B10: - Beras Medium | C10: Kg | D10: 11000 | E10: 11500 | F10: 11000 | G10: 11500 | H10: - | I10: 13500 | J10: 12500 | K10: =AVERAGE(D10:J10) -> 11833.333
B11: - Beras Jagung | C11: Kg | D11: - | E11: 10000 | F11: 12000 | G11: 12000 | H11: - | I11: 11000 | J11: 8000 | K11: =AVERAGE(D11:J11) -> 10600
B12: - Beras Ketan (Jenis Siyem) | C12: Kg | D12: - | E12: 22000 | F12: 18000 | G12: 20000 | H12: - | I12: 18000 | J12: 17000 | K12: =AVERAGE(D12:J12) -> 19000
A13: 2 | B13: GULA
B14: - Gula pasir lokal curah | C14: Kg | D14: 13000 | E14: 13500 | F14: 13500 | G14: 13500 | H14: 13500 | I14: 13500 | J14: 13500 | K14: =AVERAGE(D14:J14) -> 13428.571
B15: - Gula Jawa/Merah (Bahan Kelapa) | C15: Kg | D15: 15000 | E15: 16000 | F15: 15000 | G15: 16000 | H15: 15000 | I15: 18000 | J15: 16000 | K15: =AVERAGE(D15:J15) -> 15857.143
A16: 3 | B16: MINYAK GORENG
B17: - Minyak Goreng Curah (Bening) | C17: Kg | D17: 14500 | E17: 16000 | F17: 15500 | G17: 16000 | H17: 14000 | I17: 16000 | J17: 15000 | K17: =AVERAGE(D17:J17) -> 15285.714
B18: - Minyak Kita | C18: Liter | D18: 14000 | E18: 14000 | F18: 14000 | G18: 14000 | H18: - | I18: 14000 | J18: 14000 | K18: =AVERAGE(D18:J18) -> 14000
A19: 4 | B19: MENTEGA
B20: - Mentega Curah (Amanda) | C20: Kg | D20: 20000 | E20: - | F20: 19000 | G20: 22000 | H20: - | I20: 24000 | J20: - | K20: =AVERAGE(D20:J20) -> 21250
A21: 5 | B21: DAGING
B22: - Daging Sapi Grade Atas | C22: Kg | D22: 120000 | E22: 120000 | F22: 120000 | G22: 120000 | H22: 120000 | I22: 120000 | J22: - | K22: =AVERAGE(D22:J22) -> 120000
B23: - Daging Sapi Grade Sedang | C23: Kg | D23: 110000 | E23: 110000 | F23: 110000 | G23: 110000 | H23: 114000 | I23: 115000 | J23: 115000 | K23: =AVERAGE(D23:J23) -> 112000
B24: - Daging Sapi Grade Bawah | C24: Kg | D24: 100000 | E24: 95000 | F24: 105000 | G24: 105000 | H24: 100000 | I24: 110000 | J24: 105000 | K24: =AVERAGE(D24:J24) -> 102857.14
B25: - Daging Ayam Broiler | C25: Kg | D25: 37000 | E25: 36000 | F25: 37000 | G25: 37000 | H25: 38000 | I25: 38000 | J25: 40000 | K25: =AVERAGE(D25:J25) -> 37571.429
A26: 6 | B26: I K A N
B27: - Ikan Tongkol Segar (Uk. Sedang) | C27: Kg | D27: 35000 | E27: 40000 | F27: - | G27: 45000 | H27: 30000 | I27: 40000 | J27: 35000 | K27: =AVERAGE(D27:J27) -> 37500
B28: - Ikan Mujair Segar (Uk. Sedang) | C28: Kg | D28: 25000 | E28: 28000 | F28: 30000 | G28: 35000 | H28: 23000 | I28: 29000 | J28: 24000 | K28: =AVERAGE(D28:J28) -> 27714.286
B29: - Udang Segar (Uk. Sedang) | C29: Kg | D29: 80000 | E29: 60000 | F29: 70000 | G29: 75000 | H29: 58000 | I29: 60000 | J29: 55000 | K29: =AVERAGE(D29:J29) -> 65428.571
B30: - Ikan Lele Segar (Ukuran Sedang) | C30: Kg | D30: 25000 | E30: - | F30: - | G30: 25000 | H30: 23000 | I30: 24000 | J30: 26000 | K30: =AVERAGE(D30:J30) -> 24600
B31: - Ikan Bandeng Segar (Uk. Sedang) | C31: Kg | D31: 35000 | E31: 35000 | F31: 40000 | G31: 45000 | H31: 28000 | I31: 36000 | J31: 35000 | K31: =AVERAGE(D31:J31) -> 36285.714
B32: - Ikan Teri Asin (Bukan Teri Medan) | C32: Kg | D32: - | E32: 100000 | F32: 95000 | G32: - | H32: 80000 | I32: - | J32: - | K32: =AVERAGE(D32:J32) -> 91666.667
A33: 7 | B33: TELUR
B34: - Telur Ayam Broiler | C34: Kg | D34: 30000 | E34: 30000 | F34: 32000 | G34: 30000 | H34: 29000 | I34: 30000 | J34: 30000 | K34: =AVERAGE(D34:J34) -> 30142.857
B35: - Telur Ayam Kampung | C35: Butir | D35: 3000 | E35: 2200 | F35: 2500 | G35: 2500 | H35: 2000 | I35: 2500 | J35: 3000 | K35: =AVERAGE(D35:J35) -> 2528.5714
A36: 8 | B36: TAHU
B37: - Tahu biasa | C37: Kg | D37: 10000 | E37: 10000 | F37: 9000 | G37: 9000 | H37: 16000 | I37: 12000 | J37: 9000 | K37: =AVERAGE(D37:J37) -> 10714.286
B38: - Tahu susu | C38: Kg | D38: - | E38: 7000 | F38: 12000 | G38: 17000 | H38: - | I38: 15000 | J38: 12000 | K38: =AVERAGE(D38:J38) -> 12600
A39: 9 | B39: TEMPE
B40: - Tempe Kw I (campuran kedelai) | C40: Kg | D40: - | E40: 18000 | F40: - | G40: 16000 | H40: 14000 | I40: 15000 | J40: 15000 | K40: =AVERAGE(D40:J40) -> 15600
B41: - Tempe Kw II (campuran jagung) | C41: Kg | D41: 2500 | E41: 12000 | F41: 6000 | G41: - | H41: - | I41: - | J41: - | K41: =AVERAGE(D41:J41) -> 6833.3333
B42: - Tempe Kw III (campuran kulit) | C42: Kg | D42: - | E42: 2000 | F42: - | G42: - | H42: - | I42: - | J42: - | K42: =AVERAGE(D42:J42) -> 2000
A43: 10 | B43: S U S U
B44: - Susu Kental Manis "INDOMILK" Putih | C44: 390 Gr/kaleng | D44: 12500 | E44: 12000 | F44: 12500 | G44: 12000 | H44: - | I44: 12500 | J44: 12500 | K44: =AVERAGE(D44:J44) -> 12333.333
B45: - Susu Kental Manis "BENDERA" Putih | C45: 390 Gr/kaleng | D45: 12500 | E45: 13000 | F45: 12500 | G45: 12000 | H45: - | I45: 12500 | J45: 12500 | K45: =AVERAGE(D45:J45) -> 12500
A46: 11 | B46: SABUN CUCI
B47: - Sabun Detergen Rinso (Anti Noda) | C47: 900 Gram | D47: - | E47: - | F47: - | G47: - | H47: 17500 | I47: - | J47: - | K47: =AVERAGE(D47:J47) -> 17500
B48: - Sabun Colek "Wing's Biru" | C48: 350 Gram | D48: - | E48: - | F48: - | G48: - | H48: 2000 | I48: - | J48: - | K48: =AVERAGE(D48:J48) -> 2000
A49: 12 | B49: JAGUNG
B50: - Jagung Pipilan Kering (Jenis Kecil) | C50: Kg | D50: 10000 | E50: 8000 | F50: 10000 | G50: 10000 | H50: 9000 | I50: 10000 | J50: 8000 | K50: =AVERAGE(D50:J50) -> 9285.7143
B51: - Jagung Pipilan Kering (Jenis Besar) | C51: Kg | D51: 9000 | E51: 10000 | F51: 9000 | G51: 10000 | H51: 6000 | I51: - | J51: 6000 | K51: =AVERAGE(D51:J51) -> 8333.3333
A52: 13 | B52: GARAM BERYODIUM
B53: - Garam Halus (Cap Kapal) | C53: 250 Gr/Bngks | D53: 3000 | E53: 8000 | F53: 5000 | G53: 5000 | H53: 2500 | I53: 2000 | J53: 2500 | K53: =AVERAGE(D53:J53) -> 4000
A54: 14 | B54: TEPUNG TERIGU
B55: - Tepung Terigu "Segitiga Biru" Curah | C55: Kg | D55: 12000 | E55: 10500 | F55: 12500 | G55: 11000 | H55: 11000 | I55: 11000 | J55: 10000 | K55: =AVERAGE(D55:J55) -> 11142.857
A56: 15 | B56: KACANG-KACANGAN
B57: - Kacang Kedelai (Kualitas Import) | C57: Kg | D57: 14000 | E57: 16000 | F57: 16000 | G57: 18000 | H57: 13000 | I57: 16000 | J57: - | K57: =AVERAGE(D57:J57) -> 15500
B58: - Kacang Kedelai (Kualitas Lokal) | C58: Kg | D58: - | E58: 14000 | F58: 15000 | G58: - | H58: - | I58: - | J58: 13500 | K58: =AVERAGE(D58:J58) -> 14166.667
B59: - Kacang Hijau | C59: Kg | D59: 25000 | E59: 23000 | F59: 24000 | G59: 30000 | H59: 22000 | I59: 26000 | J59: 26000 | K59: =AVERAGE(D59:J59) -> 25142.857
B60: - Kacang Tanah (Jenis Besar) | C60: Kg | D60: 30000 | E60: 30000 | F60: 31000 | G60: 30000 | H60: 26000 | I60: 29000 | J60: 28000 | K60: =AVERAGE(D60:J60) -> 29142.857
A61: 16 | B61: MIE INSTAN
B62: - Indomie Goreng | C62: 86 Gr/Bngks | D62: 3000 | E62: 3200 | F62: 3000 | G62: 3000 | H62: - | I62: 3500 | J62: 3500 | K62: =AVERAGE(D62:J62) -> 3200
A63: 17 | B63: C A B E
B64: - Cabe Merah Besar | C64: Kg | D64: 32000 | E64: 30000 | F64: 30000 | G64: 30000 | H64: 25000 | I64: 30000 | J64: 30000 | K64: =AVERAGE(D64:J64) -> 29571.429
B65: - Cabe Merah Kriting | C65: Kg | D65: 25000 | E65: 25000 | F65: 25000 | G65: 30000 | H65: - | I65: 35000 | J65: - | K65: =AVERAGE(D65:J65) -> 28000
B66: - Cabe Merah Kecil-Rawit | C66: Kg | D66: 35000 | E66: 40000 | F66: 35000 | G66: 40000 | H66: 35000 | I66: 40000 | J66: 35000 | K66: =AVERAGE(D66:J66) -> 37142.857
A67: 18 | B67: BAHAN BAKAR GAS LPG
B68: - Gas LPG Tabung (3 Kg.) | C68: Per Tabung | D68: 20000 | E68: 18000 | F68: 18000 | G68: 18000 | H68: - | I68: 18000 | J68: 18000 | K68: =AVERAGE(D68:J68) -> 18333.333
A69: 19 | B69: BAWANG
B70: - Bawang Putih (Jenis Kating) | C70: Kg | D70: 34000 | E70: 35000 | F70: 36000 | G70: 35000 | H70: 34000 | I70: 38000 | J70: 35000 | K70: =AVERAGE(D70:J70) -> 35285.714
B71: - Bawang Putih (Jenis Sinco) | C71: Kg | D71: 32000 | E71: 35000 | F71: 34000 | G71: 30000 | H71: 32000 | I71: 35000 | J71: 28000 | K71: =AVERAGE(D71:J71) -> 32285.714
B72: - Bawang Merah (Kualitas Lokal) | C72: Kg | D72: 35000 | E72: 35000 | F72: 38000 | G72: 40000 | H72: 32000 | I72: 35000 | J72: 33000 | K72: =AVERAGE(D72:J72) -> 35428.571
B73: - Bawang Bombay | C73: Kg | D73: 36000 | E73: 42000 | F73: 40000 | G73: 50000 | H73: 40000 | I73: 50000 | J73: 30000 | K73: =AVERAGE(D73:J73) -> 41142.857
A74: 20 | B74: UBI-UBIAN
B75: - Ketela Pohon | C75: Kg | D75: 6000 | E75: 7000 | F75: 5000 | G75: 6000 | H75: 4000 | I75: 7000 | J75: 5000 | K75: =AVERAGE(D75:J75) -> 5714.2857
B76: - Ubi Jalar | C76: Kg | D76: 6000 | E76: - | F76: 6000 | G76: 6000 | H76: 5000 | I76: 7000 | J76: 6000 | K76: =AVERAGE(D76:J76) -> 6000
A77: 21 | B77: SAYUR-SAYURAN
B78: - Kubis | C78: Kg | D78: 7000 | E78: 8000 | F78: 7000 | G78: 8000 | H78: 9000 | I78: 8000 | J78: 6000 | K78: =AVERAGE(D78:J78) -> 7571.4286
B79: - Buncis | C79: Kg | D79: 14000 | E79: 22000 | F79: 16000 | G79: 15000 | H79: 10000 | I79: 15000 | J79: 15000 | K79: =AVERAGE(D79:J79) -> 15285.714
B80: - Kentang | C80: Kg | D80: 14000 | E80: 15000 | F80: 15000 | G80: 16000 | H80: 15000 | I80: 17000 | J80: 13000 | K80: =AVERAGE(D80:J80) -> 15000
B81: - Tomat | C81: Kg | D81: 16000 | E81: 15000 | F81: 14000 | G81: 15000 | H81: 10000 | I81: 15000 | J81: 13000 | K81: =AVERAGE(D81:J81) -> 14000
B82: - Wortel (Kualitas Lokal) | C82: Kg | D82: 9000 | E82: 14000 | F82: 12000 | G82: 13000 | H82: 10000 | I82: 14000 | J82: 10000 | K82: =AVERAGE(D82:J82) -> 11714.286
B83: - Terong Ungu (Jenis Sayur) | C83: Kg | D83: 9000 | E83: 12000 | F83: 8000 | G83: 10000 | H83: 9000 | I83: 10000 | J83: 8000 | K83: =AVERAGE(D83:J83) -> 9428.5714
B84: - Bayam (Jenis Sayur) | C84: Ikat Kecil | D84: 2000 | E84: - | F84: 2000 | G84: 2000 | H84: 1500 | I84: 2000 | J84: 2000 | K84: =AVERAGE(D84:J84) -> 1916.6667
B85: - Kangkung (Jenis Panjang) | C85: Ikat Kecil | D85: 2000 | E85: - | F85: 1500 | G85: 2000 | H85: 1500 | I85: 1500 | J85: 1500 | K85: =AVERAGE(D85:J85) -> 1666.6667
B86: - Sawi (Jenis Hijau) | C86: Ikat Kecil | D86: - | E86: - | F86: 2000 | G86: 2000 | H86: 2000 | I86: 2000 | J86: 2000 | K86: =AVERAGE(D86:J86) -> 2000
A87: 22 | B87: AIR MINERAL
B88: - Air Mineral (Aqua Galon) | C88: 19 Ltr/Galon | D88: 18000 | E88: - | F88: 18000 | G88: 17000 | H88: - | I88: 19000 | J88: 18000 | K88: =AVERAGE(D88:J88) -> 18000

Sheet 11
A1: HARGA BAHAN-BAHAN POKOK
A2: DI PASAR TRADISIONAL KOTA SURABAYA
A3: HARI / TANGGAL : Minggu / 11 Juni 2023
B4: NAMA BAHAN POKOK DAN PENTING LAINNYA | C4: SATUAN | D4: Pasar Tambahrejo | E4: Pasar Pucang Anom | F4: Pasar Wonokromo | G4: Pasar Genteng Baru | H4: Pasar Pabean | I4: Pasar Kembang | J4: Pasar Balongsari | K4: Rata-Rata
A7: 1 | B7: BERAS
B8: - Beras Premium | C8: Kg | D8: 13000 | E8: 13500 | F8: 13000 | G8: 13000 | H8: 12000 | I8: 13500 | J8: 13500 | K8: =AVERAGE(D8:J8) -> 13071.429
B9: - Beras Medium Bulog | C9: Kg | D9: 9000 | E9: 9000 | F9: 9000 | G9: 9000 | H9: - | I9: - | J9: - | K9: =AVERAGE(D9:J9) -> 9000
B10: - Beras Medium | C10: Kg | D10: 11000 | E10: 11500 | F10: 11000 | G10: 11000 | H10: - | I10: 10000 | J10: 12500 | K10: =AVERAGE(D10:J10) -> 11166.667
B11: - Beras Jagung | C11: Kg | D11: - | E11: 10000 | F11: 12000 | G11: 12000 | H11: - | I11: 11000 | J11: 8000 | K11: =AVERAGE(D11:J11) -> 10600
B12: - Beras Ketan (Jenis Siyem) | C12: Kg | D12: - | E12: 22000 | F12: 18000 | G12: 20000 | H12: - | I12: 18000 | J12: 17000 | K12: =AVERAGE(D12:J12) -> 19000
A13: 2 | B13: GULA
B14: - Gula pasir lokal curah | C14: Kg | D14: 13000 | E14: 13500 | F14: 13500 | G14: 13500 | H14: 13500 | I14: 13500 | J14: 13500 | K14: =AVERAGE(D14:J14) -> 13428.571
B15: - Gula Jawa/Merah (Bahan Kelapa) | C15: Kg | D15: 15000 | E15: 16000 | F15: 15000 | G15: 16000 | H15: 15000 | I15: 18000 | J15: 16000 | K15: =AVERAGE(D15:J15) -> 15857.143
A16: 3 | B16: MINYAK GORENG
B17: - Minyak Goreng Curah (Bening) | C17: Kg | D17: 14500 | E17: 16000 | F17: 15000 | G17: 16000 | H17: 14000 | I17: 15000 | J17: 15000 | K17: =AVERAGE(D17:J17) -> 15071.429
B18: - Minyak Kita | C18: Liter | D18: 14000 | E18: 14000 | F18: 14000 | G18: 14000 | H18: - | I18: 14000 | J18: 14000 | K18: =AVERAGE(D18:J18) -> 14000
A19: 4 | B19: MENTEGA
B20: - Mentega Curah (Amanda) | C20: Kg | D20: 20000 | E20: - | F20: 19000 | G20: 22000 | H20: - | I20: 24000 | J20: - | K20: =AVERAGE(D20:J20) -> 21250
A21: 5 | B21: DAGING
B22: - Daging Sapi Grade Atas | C22: Kg | D22: 120000 | E22: 120000 | F22: 120000 | G22: 120000 | H22: 120000 | I22: 120000 | J22: - | K22: =AVERAGE(D22:J22) -> 120000
B23: - Daging Sapi Grade Sedang | C23: Kg | D23: 110000 | E23: 110000 | F23: 110000 | G23: 110000 | H23: 114000 | I23: 115000 | J23: 115000 | K23: =AVERAGE(D23:J23) -> 112000
B24: - Daging Sapi Grade Bawah | C24: Kg | D24: 100000 | E24: 95000 | F24: 105000 | G24: 105000 | H24: 100000 | I24: 110000 | J24: 105000 | K24: =AVERAGE(D24:J24) -> 102857.14
B25: - Daging Ayam Broiler | C25: Kg | D25: 37000 | E25: 36000 | F25: 37000 | G25: 37000 | H25: 38000 | I25: 35000 | J25: 40000 | K25: =AVERAGE(D25:J25) -> 37142.857
A26: 6 | B26: I K A N
B27: - Ikan Tongkol Segar (Uk. Sedang) | C27: Kg | D27: 35000 | E27: 40000 | F27: - | G27: 40000 | H27: 30000 | I27: 40000 | J27: 35000 | K27: =AVERAGE(D27:J27) -> 36666.667
B28: - Ikan Mujair Segar (Uk. Sedang) | C28: Kg | D28: 25000 | E28: 28000 | F28: 30000 | G28: 35000 | H28: 23000 | I28: 28000 | J28: 24000 | K28: =AVERAGE(D28:J28) -> 27571.429
B29: - Udang Segar (Uk. Sedang) | C29: Kg | D29: 80000 | E29: 60000 | F29: 70000 | G29: 75000 | H29: 58000 | I29: 60000 | J29: 55000 | K29: =AVERAGE(D29:J29) -> 65428.571
B30: - Ikan Lele Segar (Ukuran Sedang) | C30: Kg | D30: 25000 | E30: - | F30: - | G30: 25000 | H30: 23000 | I30: 24000 | J30: 26000 | K30: =AVERAGE(D30:J30) -> 24600
B31: - Ikan Bandeng Segar (Uk. Sedang) | C31: Kg | D31: 35000 | E31: 35000 | F31: 40000 | G31: 35000 | H31: 28000 | I31: 36000 | J31: 35000 | K31: =AVERAGE(D31:J31) -> 34857.143
B32: - Ikan Teri Asin (Bukan Teri Medan) | C32: Kg | D32: - | E32: 100000 | F32: 95000 | G32: - | H32: 80000 | I32: - | J32: - | K32: =AVERAGE(D32:J32) -> 91666.667
A33: 7 | B33: TELUR
B34: - Telur Ayam Broiler | C34: Kg | D34: 30000 | E34: 30000 | F34: 32000 | G34: 30000 | H34: 29000 | I34: 28000 | J34: 30000 | K34: =AVERAGE(D34:J34) -> 29857.143
B35: - Telur Ayam Kampung | C35: Butir | D35: 3000 | E35: 2200 | F35: 2500 | G35: 2500 | H35: 2000 | I35: 2500 | J35: 3000 | K35: =AVERAGE(D35:J35) -> 2528.5714
A36: 8 | B36: TAHU
B37: - Tahu biasa | C37: Kg | D37: 10000 | E37: 10000 | F37: 9000 | G37: 9000 | H37: 16000 | I37: 12000 | J37: 9000 | K37: =AVERAGE(D37:J37) -> 10714.286
B38: - Tahu susu | C38: Kg | D38: - | E38: 7000 | F38: 12000 | G38: 17000 | H38: - | I38: 15000 | J38: 12000 | K38: =AVERAGE(D38:J38) -> 12600
A39: 9 | B39: TEMPE
B40: - Tempe Kw I (campuran kedelai) | C40: Kg | D40: - | E40: 18000 | F40: - | G40: 16000 | H40: 14000 | I40: 15000 | J40: 15000 | K40: =AVERAGE(D40:J40) -> 15600
B41: - Tempe Kw II (campuran jagung) | C41: Kg | D41: 2500 | E41: 12000 | F41: 6000 | G41: - | H41: - | I41: - | J41: - | K41: =AVERAGE(D41:J41) -> 6833.3333
B42: - Tempe Kw III (campuran kulit) | C42: Kg | D42: - | E42: 2000 | F42: - | G42: - | H42: - | I42: - | J42: - | K42: =AVERAGE(D42:J42) -> 2000
A43: 10 | B43: S U S U
B44: - Susu Kental Manis "INDOMILK" Putih | C44: 390 Gr/kaleng | D44: 12500 | E44: 12000 | F44: 12500 | G44: 12000 | H44: - | I44: 12500 | J44: 12500 | K44: =AVERAGE(D44:J44) -> 12333.333
B45: - Susu Kental Manis "BENDERA" Putih | C45: 390 Gr/kaleng | D45: 12500 | E45: 13000 | F45: 12500 | G45: 12000 | H45: - | I45: 12500 | J45: 12500 | K45: =AVERAGE(D45:J45) -> 12500
A46: 11 | B46: SABUN CUCI
B47: - Sabun Detergen Rinso (Anti Noda) | C47: 900 Gram | D47: - | E47: - | F47: - | G47: - | H47: 17500 | I47: - | J47: - | K47: =AVERAGE(D47:J47) -> 17500
B48: - Sabun Colek "Wing's Biru" | C48: 350 Gram | D48: - | E48: - | F48: - | G48: - | H48: 2000 | I48: - | J48: - | K48: =AVERAGE(D48:J48) -> 2000
A49: 12 | B49: JAGUNG
B50: - Jagung Pipilan Kering (Jenis Kecil) | C50: Kg | D50: 10000 | E50: 8000 | F50: 10000 | G50: 10000 | H50: 9000 | I50: 10000 | J50: 8000 | K50: =AVERAGE(D50:J50) -> 9285.7143
B51: - Jagung Pipilan Kering (Jenis Besar) | C51: Kg | D51: 9000 | E51: 10000 | F51: 9000 | G51: 10000 | H51: 6000 | I51: - | J51: 6000 | K51: =AVERAGE(D51:J51) -> 8333.3333
A52: 13 | B52: GARAM BERYODIUM
B53: - Garam Halus (Cap Kapal) | C53: 250 Gr/Bngks | D53: 3000 | E53: 8000 | F53: 5000 | G53: 5000 | H53: 2500 | I53: 2000 | J53: 2500 | K53: =AVERAGE(D53:J53) -> 4000
A54: 14 | B54: TEPUNG TERIGU
B55: - Tepung Terigu "Segitiga Biru" Curah | C55: Kg | D55: 12000 | E55: 10500 | F55: 10000 | G55: 11000 | H55: 11000 | I55: 11000 | J55: 10000 | K55: =AVERAGE(D55:J55) -> 10785.714
A56: 15 | B56: KACANG-KACANGAN
B57: - Kacang Kedelai (Kualitas Import) | C57: Kg | D57: 14000 | E57: 16000 | F57: 16000 | G57: 16000 | H57: 13000 | I57: 16000 | J57: - | K57: =AVERAGE(D57:J57) -> 15166.667
B58: - Kacang Kedelai (Kualitas Lokal) | C58: Kg | D58: - | E58: 14000 | F58: 15000 | G58: - | H58: - | I58: - | J58: 13500 | K58: =AVERAGE(D58:J58) -> 14166.667
B59: - Kacang Hijau | C59: Kg | D59: 25000 | E59: 23000 | F59: 24000 | G59: 30000 | H59: 22000 | I59: 26000 | J59: 26000 | K59: =AVERAGE(D59:J59) -> 25142.857
B60: - Kacang Tanah (Jenis Besar) | C60: Kg | D60: 30000 | E60: 30000 | F60: 31000 | G60: 30000 | H60: 26000 | I60: 29000 | J60: 28000 | K60: =AVERAGE(D60:J60) -> 29142.857
A61: 16 | B61: MIE INSTAN
B62: - Indomie Goreng | C62: 86 Gr/Bngks | D62: 3000 | E62: 3200 | F62: 3000 | G62: 3000 | H62: - | I62: 3500 | J62: 3500 | K62: =AVERAGE(D62:J62) -> 3200
A63: 17 | B63: C A B E
B64: - Cabe Merah Besar | C64: Kg | D64: 32000 | E64: 30000 | F64: 30000 | G64: 30000 | H64: 25000 | I64: 35000 | J64: 30000 | K64: =AVERAGE(D64:J64) -> 30285.714
B65: - Cabe Merah Kriting | C65: Kg | D65: 25000 | E65: 25000 | F65: 25000 | G65: 30000 | H65: - | I65: 35000 | J65: - | K65: =AVERAGE(D65:J65) -> 28000
B66: - Cabe Merah Kecil-Rawit | C66: Kg | D66: 40000 | E66: 40000 | F66: 35000 | G66: 35000 | H66: 35000 | I66: 45000 | J66: 35000 | K66: =AVERAGE(D66:J66) -> 37857.143
A67: 18 | B67: BAHAN BAKAR GAS LPG
B68: - Gas LPG Tabung (3 Kg.) | C68: Per Tabung | D68: 20000 | E68: 18000 | F68: 18000 | G68: 18000 | H68: - | I68: 18000 | J68: 18000 | K68: =AVERAGE(D68:J68) -> 18333.333
A69: 19 | B69: BAWANG
B70: - Bawang Putih (Jenis Kating) | C70: Kg | D70: 34000 | E70: 35000 | F70: 36000 | G70: 35000 | H70: 33000 | I70: 35000 | J70: 35000 | K70: =AVERAGE(D70:J70) -> 34714.286
B71: - Bawang Putih (Jenis Sinco) | C71: Kg | D71: 32000 | E71: 35000 | F71: 34000 | G71: 30000 | H71: 33000 | I71: 30000 | J71: 28000 | K71: =AVERAGE(D71:J71) -> 31714.286
B72: - Bawang Merah (Kualitas Lokal) | C72: Kg | D72: 35000 | E72: 35000 | F72: 38000 | G72: 40000 | H72: 30000 | I72: 35000 | J72: 33000 | K72: =AVERAGE(D72:J72) -> 35142.857
B73: - Bawang Bombay | C73: Kg | D73: 36000 | E73: 42000 | F73: 40000 | G73: 50000 | H73: 40000 | I73: 50000 | J73: 30000 | K73: =AVERAGE(D73:J73) -> 41142.857
A74: 20 | B74: UBI-UBIAN
B75: - Ketela Pohon | C75: Kg | D75: 6000 | E75: 7000 | F75: 5000 | G75: 6000 | H75: 4000 | I75: 7000 | J75: 5000 | K75: =AVERAGE(D75:J75) -> 5714.2857
B76: - Ubi Jalar | C76: Kg | D76: 6000 | E76: - | F76: 6000 | G76: 6000 | H76: 5000 | I76: 7000 | J76: 6000 | K76: =AVERAGE(D76:J76) -> 6000
A77: 21 | B77: SAYUR-SAYURAN
B78: - Kubis | C78: Kg | D78: 7000 | E78: 8000 | F78: 7000 | G78: 8000 | H78: 9000 | I78: 8000 | J78: 6000 | K78: =AVERAGE(D78:J78) -> 7571.4286
B79: - Buncis | C79: Kg | D79: 14000 | E79: 22000 | F79: 16000 | G79: 15000 | H79: 10000 | I79: 15000 | J79: 15000 | K79: =AVERAGE(D79:J79) -> 15285.714
B80: - Kentang | C80: Kg | D80: 14000 | E80: 15000 | F80: 15000 | G80: 16000 | H80: 15000 | I80: 17000 | J80: 13000 | K80: =AVERAGE(D80:J80) -> 15000
B81: - Tomat | C81: Kg | D81: 16000 | E81: 15000 | F81: 14000 | G81: 15000 | H81: 10000 | I81: 15000 | J81: 13000 | K81: =AVERAGE(D81:J81) -> 14000
B82: - Wortel (Kualitas Lokal) | C82: Kg | D82: 9000 | E82: 14000 | F82: 12000 | G82: 13000 | H82: 10000 | I82: 14000 | J82: 10000 | K82: =AVERAGE(D82:J82) -> 11714.286
B83: - Terong Ungu (Jenis Sayur) | C83: Kg | D83: 9000 | E83: 12000 | F83: 8000 | G83: 10000 | H83: 9000 | I83: 10000 | J83: 8000 | K83: =AVERAGE(D83:J83) -> 9428.5714
B84: - Bayam (Jenis Sayur) | C84: Ikat Kecil | D84: 2000 | E84: - | F84: 2000 | G84: 2000 | H84: 1500 | I84: 2000 | J84: 2000 | K84: =AVERAGE(D84:J84) -> 1916.6667
B85: - Kangkung (Jenis Panjang) | C85: Ikat Kecil | D85: 2000 | E85: - | F85: 2000 | G85: 2000 | H85: 1500 | I85: 1500 | J85: 1500 | K85: =AVERAGE(D85:J85) -> 1750
B86: - Sawi (Jenis Hijau) | C86: Ikat Kecil | D86: - | E86: - | F86: 2000 | G86: 2000 | H86: 2000 | I86: 2000 | J86: 2000 | K86: =AVERAGE(D86:J86) -> 2000
A87: 22 | B87: AIR MINERAL
B88: - Air Mineral (Aqua Galon) | C88: 19 Ltr/Galon | D88: 18000 | E88: - | F88: 18000 | G88: 17000 | H88: - | I88: 19000 | J88: 18000 | K88: =AVERAGE(D88:J88) -> 18000

Sheet 12
A1: HARGA BAHAN-BAHAN POKOK
A2: DI PASAR TRADISIONAL KOTA SURABAYA
A3: HARI / TANGGAL : Senin / 12 Juni 2023
B4: NAMA BAHAN POKOK DAN PENTING LAINNYA | C4: SATUAN | D4: Pasar Tambahrejo | E4: Pasar Pucang Anom | F4: Pasar Wonokromo | G4: Pasar Genteng Baru | H4: Pasar Pabean | I4: Pasar Kembang | J4: Pasar Balongsari | K4: Rata-Rata
A7: 1 | B7: BERAS
B8: - Beras Premium | C8: Kg | D8: 13000 | E8: 13500 | F8: 13000 | G8: 13000 | H8: 12000 | I8: 13000 | J8: 13500 | K8: =AVERAGE(D8:J8) -> 13000
B9: - Beras Medium Bulog | C9: Kg | D9: 9000 | E9: 9000 | F9: 9000 | G9: 9000 | H9: - | I9: - | J9: - | K9: =AVERAGE(D9:J9) -> 9000
B10: - Beras Medium | C10: Kg | D10: 11000 | E10: 11500 | F10: 11000 | G10: 11000 | H10: - | I10: 12000 | J10: 12500 | K10: =AVERAGE(D10:J10) -> 11500
B11: - Beras Jagung | C11: Kg | D11: - | E11: 10000 | F11: 12000 | G11: 12000 | H11: - | I11: 11000 | J11: 8000 | K11: =AVERAGE(D11:J11) -> 10600
B12: - Beras Ketan (Jenis Siyem) | C12: Kg | D12: - | E12: 22000 | F12: 18000 | G12: 20000 | H12: - | I12: 18000 | J12: 17000 | K12: =AVERAGE(D12:J12) -> 19000
A13: 2 | B13: GULA
B14: - Gula pasir lokal curah | C14: Kg | D14: 13000 | E14: 13500 | F14: 13500 | G14: 13500 | H14: 13500 | I14: 13500 | J14: 13500 | K14: =AVERAGE(D14:J14) -> 13428.571
B15: - Gula Jawa/Merah (Bahan Kelapa) | C15: Kg | D15: 15000 | E15: 16000 | F15: 15000 | G15: 16000 | H15: 15000 | I15: 16000 | J15: 16000 | K15: =AVERAGE(D15:J15) -> 15571.429
A16: 3 | B16: MINYAK GORENG
B17: - Minyak Goreng Curah (Bening) | C17: Kg | D17: 14500 | E17: 16000 | F17: 15000 | G17: 16000 | H17: 14000 | I17: 16000 | J17: 15000 | K17: =AVERAGE(D17:J17) -> 15214.286
B18: - Minyak Kita | C18: Liter | D18: 14000 | E18: 14000 | F18: 14000 | G18: 14000 | H18: - | I18: 14000 | J18: 14000 | K18: =AVERAGE(D18:J18) -> 14000
A19: 4 | B19: MENTEGA
B20: - Mentega Curah (Amanda) | C20: Kg | D20: 20000 | E20: - | F20: 19000 | G20: 22000 | H20: - | I20: 24000 | J20: - | K20: =AVERAGE(D20:J20) -> 21250
A21: 5 | B21: DAGING
B22: - Daging Sapi Grade Atas | C22: Kg | D22: 120000 | E22: 120000 | F22: 120000 | G22: 120000 | H22: 120000 | I22: 120000 | J22: - | K22: =AVERAGE(D22:J22) -> 120000
B23: - Daging Sapi Grade Sedang | C23: Kg | D23: 110000 | E23: 110000 | F23: 110000 | G23: 110000 | H23: 114000 | I23: 115000 | J23: 115000 | K23: =AVERAGE(D23:J23) -> 112000
B24: - Daging Sapi Grade Bawah | C24: Kg | D24: 100000 | E24: 95000 | F24: 105000 | G24: 105000 | H24: 100000 | I24: 110000 | J24: 105000 | K24: =AVERAGE(D24:J24) -> 102857.14
B25: - Daging Ayam Broiler | C25: Kg | D25: 36000 | E25: 36000 | F25: 37000 | G25: 37000 | H25: 36000 | I25: 35000 | J25: 38000 | K25: =AVERAGE(D25:J25) -> 36428.571
A26: 6 | B26: I K A N
B27: - Ikan Tongkol Segar (Uk. Sedang) | C27: Kg | D27: 35000 | E27: 40000 | F27: - | G27: 40000 | H27: 30000 | I27: 40000 | J27: 35000 | K27: =AVERAGE(D27:J27) -> 36666.667
B28: - Ikan Mujair Segar (Uk. Sedang) | C28: Kg | D28: 23000 | E28: 28000 | F28: 30000 | G28: 30000 | H28: 23000 | I28: 24000 | J28: 24000 | K28: =AVERAGE(D28:J28) -> 26000
B29: - Udang Segar (Uk. Sedang) | C29: Kg | D29: 60000 | E29: 60000 | F29: 70000 | G29: 75000 | H29: 58000 | I29: 60000 | J29: 55000 | K29: =AVERAGE(D29:J29) -> 62571.429
B30: - Ikan Lele Segar (Ukuran Sedang) | C30: Kg | D30: 25000 | E30: - | F30: - | G30: 25000 | H30: 23000 | I30: 24000 | J30: 26000 | K30: =AVERAGE(D30:J30) -> 24600
B31: - Ikan Bandeng Segar (Uk. Sedang) | C31: Kg | D31: 40000 | E31: 35000 | F31: 40000 | G31: 35000 | H31: 28000 | I31: 35000 | J31: 35000 | K31: =AVERAGE(D31:J31) -> 35428.571
B32: - Ikan Teri Asin (Bukan Teri Medan) | C32: Kg | D32: - | E32: 100000 | F32: 95000 | G32: - | H32: 80000 | I32: - | J32: - | K32: =AVERAGE(D32:J32) -> 91666.667
A33: 7 | B33: TELUR
B34: - Telur Ayam Broiler | C34: Kg | D34: 30000 | E34: 30000 | F34: 31000 | G34: 30000 | H34: 29000 | I34: 29000 | J34: 30000 | K34: =AVERAGE(D34:J34) -> 29857.143
B35: - Telur Ayam Kampung | C35: Butir | D35: 3000 | E35: 2200 | F35: 2500 | G35: 2500 | H35: 2000 | I35: 2500 | J35: 3000 | K35: =AVERAGE(D35:J35) -> 2528.5714
A36: 8 | B36: TAHU
B37: - Tahu biasa | C37: Kg | D37: 10000 | E37: 10000 | F37: 9000 | G37: 9000 | H37: 16000 | I37: 7000 | J37: 9000 | K37: =AVERAGE(D37:J37) -> 10000
B38: - Tahu susu | C38: Kg | D38: - | E38: 7000 | F38: 12000 | G38: 17000 | H38: - | I38: 15000 | J38: 12000 | K38: =AVERAGE(D38:J38) -> 12600
A39: 9 | B39: TEMPE
B40: - Tempe Kw I (campuran kedelai) | C40: Kg | D40: - | E40: 18000 | F40: - | G40: 16000 | H40: 14000 | I40: 7000 | J40: 15000 | K40: =AVERAGE(D40:J40) -> 14000
B41: - Tempe Kw II (campuran jagung) | C41: Kg | D41: 2500 | E41: 12000 | F41: 6000 | G41: - | H41: - | I41: - | J41: - | K41: =AVERAGE(D41:J41) -> 6833.3333
B42: - Tempe Kw III (campuran kulit) | C42: Kg | D42: - | E42: 2000 | F42: - | G42: - | H42: - | I42: - | J42: - | K42: =AVERAGE(D42:J42) -> 2000
A43: 10 | B43: S U S U
B44: - Susu Kental Manis "INDOMILK" Putih | C44: 390 Gr/kaleng | D44: 12500 | E44: 12000 | F44: 12500 | G44: 12000 | H44: - | I44: 12500 | J44: 12500 | K44: =AVERAGE(D44:J44) -> 12333.333
B45: - Susu Kental Manis "BENDERA" Putih | C45: 390 Gr/kaleng | D45: 12500 | E45: 13000 | F45: 12500 | G45: 12000 | H45: - | I45: 12500 | J45: 12500 | K45: =AVERAGE(D45:J45) -> 12500
A46: 11 | B46: SABUN CUCI
B47: - Sabun Detergen Rinso (Anti Noda) | C47: 900 Gram | D47: - | E47: - | F47: - | G47: - | H47: 17500 | I47: - | J47: - | K47: =AVERAGE(D47:J47) -> 17500
B48: - Sabun Colek "Wing's Biru" | C48: 350 Gram | D48: - | E48: - | F48: - | G48: - | H48: 2000 | I48: - | J48: - | K48: =AVERAGE(D48:J48) -> 2000
A49: 12 | B49: JAGUNG
B50: - Jagung Pipilan Kering (Jenis Kecil) | C50: Kg | D50: 10000 | E50: 8000 | F50: 10000 | G50: 10000 | H50: 9000 | I50: 10000 | J50: 8000 | K50: =AVERAGE(D50:J50) -> 9285.7143
B51: - Jagung Pipilan Kering (Jenis Besar) | C51: Kg | D51: 9000 | E51: 10000 | F51: 9000 | G51: 10000 | H51: 6000 | I51: - | J51: 6000 | K51: =AVERAGE(D51:J51) -> 8333.3333
A52: 13 | B52: GARAM BERYODIUM
B53: - Garam Halus (Cap Kapal) | C53: 250 Gr/Bngks | D53: 3000 | E53: 8000 | F53: 5000 | G53: 5000 | H53: 2500 | I53: 2000 | J53: 2500 | K53: =AVERAGE(D53:J53) -> 4000
A54: 14 | B54: TEPUNG TERIGU
B55: - Tepung Terigu "Segitiga Biru" Curah | C55: Kg | D55: 12000 | E55: 10500 | F55: 11000 | G55: 11000 | H55: 11000 | I55: 14000 | J55: 10000 | K55: =AVERAGE(D55:J55) -> 11357.143
A56: 15 | B56: KACANG-KACANGAN
B57: - Kacang Kedelai (Kualitas Import) | C57: Kg | D57: 14000 | E57: 16000 | F57: 16000 | G57: 16000 | H57: 13000 | I57: 14000 | J57: - | K57: =AVERAGE(D57:J57) -> 14833.333
B58: - Kacang Kedelai (Kualitas Lokal) | C58: Kg | D58: - | E58: 14000 | F58: 15000 | G58: - | H58: - | I58: - | J58: 13500 | K58: =AVERAGE(D58:J58) -> 14166.667
B59: - Kacang Hijau | C59: Kg | D59: 25000 | E59: 23000 | F59: 24000 | G59: 30000 | H59: 22000 | I59: 25000 | J59: 26000 | K59: =AVERAGE(D59:J59) -> 25000
B60: - Kacang Tanah (Jenis Besar) | C60: Kg | D60: 30000 | E60: 30000 | F60: 31000 | G60: 30000 | H60: 26000 | I60: 27000 | J60: 28000 | K60: =AVERAGE(D60:J60) -> 28857.143
A61: 16 | B61: MIE INSTAN
B62: - Indomie Goreng | C62: 86 Gr/Bngks | D62: 3000 | E62: 3200 | F62: 3000 | G62: 3000 | H62: - | I62: 3500 | J62: 3500 | K62: =AVERAGE(D62:J62) -> 3200
A63: 17 | B63: C A B E
B64: - Cabe Merah Besar | C64: Kg | D64: 30000 | E64: 30000 | F64: 30000 | G64: 30000 | H64: 25000 | I64: 35000 | J64: 30000 | K64: =AVERAGE(D64:J64) -> 30000
B65: - Cabe Merah Kriting | C65: Kg | D65: 25000 | E65: 25000 | F65: 25000 | G65: 30000 | H65: - | I65: 35000 | J65: - | K65: =AVERAGE(D65:J65) -> 28000
B66: - Cabe Merah Kecil-Rawit | C66: Kg | D66: 35000 | E66: 40000 | F66: 35000 | G66: 35000 | H66: 30000 | I66: 40000 | J66: 35000 | K66: =AVERAGE(D66:J66) -> 35714.286
A67: 18 | B67: BAHAN BAKAR GAS LPG
B68: - Gas LPG Tabung (3 Kg.) | C68: Per Tabung | D68: 20000 | E68: 18000 | F68: 18000 | G68: 18000 | H68: - | I68: 18000 | J68: 18000 | K68: =AVERAGE(D68:J68) -> 18333.333
A69: 19 | B69: BAWANG
B70: - Bawang Putih (Jenis Kating) | C70: Kg | D70: 34000 | E70: 35000 | F70: 36000 | G70: 35000 | H70: 33000 | I70: 35000 | J70: 35000 | K70: =AVERAGE(D70:J70) -> 34714.286
B71: - Bawang Putih (Jenis Sinco) | C71: Kg | D71: 32000 | E71: 35000 | F71: 34000 | G71: 30000 | H71: 33000 | I71: 30000 | J71: 28000 | K71: =AVERAGE(D71:J71) -> 31714.286
B72: - Bawang Merah (Kualitas Lokal) | C72: Kg | D72: 35000 | E72: 35000 | F72: 38000 | G72: 40000 | H72: 30000 | I72: 35000 | J72: 33000 | K72: =AVERAGE(D72:J72) -> 35142.857
B73: - Bawang Bombay | C73: Kg | D73: 36000 | E73: 40000 | F73: 40000 | G73: 40000 | H73: 40000 | I73: 50000 | J73: 30000 | K73: =AVERAGE(D73:J73) -> 39428.571
A74: 20 | B74: UBI-UBIAN
B75: - Ketela Pohon | C75: Kg | D75: 6000 | E75: 7000 | F75: 5000 | G75: 6000 | H75: 4000 | I75: 5000 | J75: 5000 | K75: =AVERAGE(D75:J75) -> 5428.5714
B76: - Ubi Jalar | C76: Kg | D76: 6000 | E76: - | F76: 6000 | G76: 6000 | H76: 5000 | I76: 5000 | J76: 6000 | K76: =AVERAGE(D76:J76) -> 5666.6667
A77: 21 | B77: SAYUR-SAYURAN
B78: - Kubis | C78: Kg | D78: 7000 | E78: 8000 | F78: 7000 | G78: 8000 | H78: 9000 | I78: 8000 | J78: 6000 | K78: =AVERAGE(D78:J78) -> 7571.4286
B79: - Buncis | C79: Kg | D79: 14000 | E79: 12000 | F79: 16000 | G79: 15000 | H79: 10000 | I79: 15000 | J79: 15000 | K79: =AVERAGE(D79:J79) -> 13857.143
B80: - Kentang | C80: Kg | D80: 14000 | E80: 16000 | F80: 15000 | G80: 16000 | H80: 15000 | I80: 16000 | J80: 13000 | K80: =AVERAGE(D80:J80) -> 15000
B81: - Tomat | C81: Kg | D81: 16000 | E81: 15000 | F81: 14000 | G81: 15000 | H81: 10000 | I81: 15000 | J81: 13000 | K81: =AVERAGE(D81:J81) -> 14000
B82: - Wortel (Kualitas Lokal) | C82: Kg | D82: 9000 | E82: 10000 | F82: 12000 | G82: 13000 | H82: 10000 | I82: 12000 | J82: 10000 | K82: =AVERAGE(D82:J82) -> 10857.143
B83: - Terong Ungu (Jenis Sayur) | C83: Kg | D83: 9000 | E83: 10000 | F83: 8000 | G83: 10000 | H83: 9000 | I83: 10000 | J83: 8000 | K83: =AVERAGE(D83:J83) -> 9142.8571
B84: - Bayam (Jenis Sayur) | C84: Ikat Kecil | D84: 2000 | E84: - | F84: 2000 | G84: 2000 | H84: 1500 | I84: 2000 | J84: 2000 | K84: =AVERAGE(D84:J84) -> 1916.6667
B85: - Kangkung (Jenis Panjang) | C85: Ikat Kecil | D85: 2000 | E85: - | F85: 2000 | G85: 2000 | H85: 1500 | I85: 1500 | J85: 1500 | K85: =AVERAGE(D85:J85) -> 1750
B86: - Sawi (Jenis Hijau) | C86: Ikat Kecil | D86: - | E86: - | F86: 2000 | G86: 2000 | H86: 2000 | I86: 2000 | J86: 2000 | K86: =AVERAGE(D86:J86) -> 2000
A87: 22 | B87: AIR MINERAL
B88: - Air Mineral (Aqua Galon) | C88: 19 Ltr/Galon | D88: 18000 | E88: - | F88: 18000 | G88: 17000 | H88: - | I88: 19000 | J88: 18000 | K88: =AVERAGE(D88:J88) -> 18000

Sheet 13
A1: HARGA BAHAN-BAHAN POKOK
A2: DI PASAR TRADISIONAL KOTA SURABAYA
A3: HARI / TANGGAL : Selasa / 13 Juni 2023
B4: NAMA BAHAN POKOK DAN PENTING LAINNYA | C4: SATUAN | D4: Pasar Tambahrejo | E4: Pasar Pucang Anom | F4: Pasar Wonokromo | G4: Pasar Genteng Baru | H4: Pasar Pabean | I4: Pasar Kembang | J4: Pasar Balongsari | K4: Rata-Rata
A7: 1 | B7: BERAS
B8: - Beras Premium | C8: Kg | D8: 13000 | E8: 13000 | F8: 13500 | G8: 13000 | H8: 12000 | I8: 13500 | J8: 13500 | K8: =AVERAGE(D8:J8) -> 13071.429
B9: - Beras Medium Bulog | C9: Kg | D9: 9000 | E9: 9000 | F9: 9000 | G9: 9000 | H9: - | I9: - | J9: - | K9: =AVERAGE(D9:J9) -> 9000
B10: - Beras Medium | C10: Kg | D10: 11000 | E10: 11000 | F10: 11000 | G10: 11000 | H10: - | I10: 10000 | J10: 12500 | K10: =AVERAGE(D10:J10) -> 11083.333
B11: - Beras Jagung | C11: Kg | D11: - | E11: 10000 | F11: 12000 | G11: 12000 | H11: - | I11: 11000 | J11: 8000 | K11: =AVERAGE(D11:J11) -> 10600
B12: - Beras Ketan (Jenis Siyem) | C12: Kg | D12: - | E12: 22000 | F12: 24000 | G12: 20000 | H12: - | I12: 18000 | J12: 17000 | K12: =AVERAGE(D12:J12) -> 20200
A13: 2 | B13: GULA
B14: - Gula pasir lokal curah | C14: Kg | D14: 13000 | E14: 13500 | F14: 13000 | G14: 13500 | H14: 13500 | I14: 13500 | J14: 13500 | K14: =AVERAGE(D14:J14) -> 13357.143
B15: - Gula Jawa/Merah (Bahan Kelapa) | C15: Kg | D15: 15000 | E15: 16000 | F15: 15000 | G15: 16000 | H15: 15000 | I15: 16000 | J15: 16000 | K15: =AVERAGE(D15:J15) -> 15571.429
A16: 3 | B16: MINYAK GORENG
B17: - Minyak Goreng Curah (Bening) | C17: Kg | D17: 14500 | E17: 15000 | F17: 16000 | G17: 16000 | H17: 14000 | I17: 16000 | J17: 15000 | K17: =AVERAGE(D17:J17) -> 15214.286
B18: - Minyak Kita | C18: Liter | D18: 14000 | E18: 14000 | F18: 14000 | G18: 14000 | H18: - | I18: 14000 | J18: 14000 | K18: =AVERAGE(D18:J18) -> 14000
A19: 4 | B19: MENTEGA
B20: - Mentega Curah (Amanda) | C20: Kg | D20: 20000 | E20: - | F20: 19000 | G20: 22000 | H20: - | I20: 24000 | J20: - | K20: =AVERAGE(D20:J20) -> 21250
A21: 5 | B21: DAGING
B22: - Daging Sapi Grade Atas | C22: Kg | D22: 120000 | E22: 120000 | F22: 120000 | G22: 120000 | H22: 120000 | I22: 120000 | J22: - | K22: =AVERAGE(D22:J22) -> 120000
B23: - Daging Sapi Grade Sedang | C23: Kg | D23: 110000 | E23: 110000 | F23: 110000 | G23: 110000 | H23: 114000 | I23: 115000 | J23: 115000 | K23: =AVERAGE(D23:J23) -> 112000
B24: - Daging Sapi Grade Bawah | C24: Kg | D24: 100000 | E24: 95000 | F24: 105000 | G24: 105000 | H24: 100000 | I24: 110000 | J24: 105000 | K24: =AVERAGE(D24:J24) -> 102857.14
B25: - Daging Ayam Broiler | C25: Kg | D25: 36000 | E25: 36000 | F25: 35000 | G25: 37000 | H25: 36000 | I25: 35000 | J25: 38000 | K25: =AVERAGE(D25:J25) -> 36142.857
A26: 6 | B26: I K A N
B27: - Ikan Tongkol Segar (Uk. Sedang) | C27: Kg | D27: 35000 | E27: 40000 | F27: - | G27: 40000 | H27: 30000 | I27: 40000 | J27: 35000 | K27: =AVERAGE(D27:J27) -> 36666.667
B28: - Ikan Mujair Segar (Uk. Sedang) | C28: Kg | D28: 23000 | E28: 28000 | F28: 30000 | G28: 30000 | H28: 23000 | I28: 28000 | J28: 24000 | K28: =AVERAGE(D28:J28) -> 26571.429
B29: - Udang Segar (Uk. Sedang) | C29: Kg | D29: 60000 | E29: 60000 | F29: 60000 | G29: 75000 | H29: 58000 | I29: 60000 | J29: 55000 | K29: =AVERAGE(D29:J29) -> 61142.857
B30: - Ikan Lele Segar (Ukuran Sedang) | C30: Kg | D30: 25000 | E30: - | F30: - | G30: 25000 | H30: 23000 | I30: 24000 | J30: 26000 | K30: =AVERAGE(D30:J30) -> 24600
B31: - Ikan Bandeng Segar (Uk. Sedang) | C31: Kg | D31: 40000 | E31: 35000 | F31: 40000 | G31: 35000 | H31: 28000 | I31: 42000 | J31: 35000 | K31: =AVERAGE(D31:J31) -> 36428.571
B32: - Ikan Teri Asin (Bukan Teri Medan) | C32: Kg | D32: - | E32: 100000 | F32: 110000 | G32: - | H32: 80000 | I32: - | J32: - | K32: =AVERAGE(D32:J32) -> 96666.667
A33: 7 | B33: TELUR
