Workbook

Sheet REKAPITULASI
A1: BAGIAN PEREKONOMIAN DAN SUMBER DAYA ALAM
A2: LAPORAN HARGA BAHAN POKOK DI KOTA SURABAYA
A3: PERIODE AGUSTUS 2023
B4: NAMA BAHAN POKOK DAN PENTING LAINNYA | AH4: HET/HAPK (Harga Eceran Tertinggi) | AI4: FLUKTUASI
C5: 1 | D5: 2 | E5: 3 | F5: 4 | G5: 5 | H5: 6 | I5: 7 | J5: 8 | K5: 9 | L5: 10 | M5: 11 | N5: 12 | O5: 13 | P5: 14 | Q5: 15 | R5: 16 | S5: 17 | T5: 18 | U5: 19 | V5: 20 | W5: 21 | X5: 22 | Y5: 23 | Z5: 24 | AA5: 25 | AB5: 26 | AC5: 27 | AD5: 28 | AE5: 29 | AF5: 30 | AG5: 31
A7: 1 | B7: BERAS
B8: - Beras Premium | C8: ='01'!K8 -> 13000 | D8: ='02'!K8 -> 13000 | E8: ='03'!K8 -> 13000 | F8: ='04'!K8 -> 13000 | G8: ='05'!K8 -> 13142.857 | H8: ='06'!K8 -> 13142.857 | I8: ='07'!K8 -> 13142.857 | J8: ='08'!K8 -> 13000 | K8: ='09'!K8 -> 13000 | L8: ='10'!K8 -> 13000 | M8: ='11'!K8 -> 13000 | N8: ='12'!K8 -> 13000 | O8: ='13'!K8 -> 13000 | P8: ='14'!K8 -> 13071.429 | Q8: ='15'!K8 -> 13071.429 | R8: ='16'!K8 -> 13071.429 | S8: ='17'!K8 -> 13000 | T8: ='18'!K8 -> 13071.429 | U8: ='19'!K8 -> 13071.429 | V8: ='20'!K8 -> 13071.429 | W8: ='21'!K8 -> 13071.429 | X8: ='22'!K8 -> 13071.429 | Y8: ='23'!K8 -> 13071.429 | Z8: ='24'!K8 -> 13071.429 | AA8: ='25'!K8 -> 13142.857 | AB8: ='26'!K8 -> 13142.857 | AC8: ='27'!K8 -> 13214.286 | AD8: ='28'!K8 -> 13142.857 | AE8: ='29'!K8 -> 13171.429 | AF8: ='30'!K8 -> 13142.857 | AG8: ='31'!K8 -> 13142.857 | AH8: 12800 | AI8: =AG8-C8 -> 142.85714 | AJ8: =AVERAGE(C8:AG8) -> 13072.35
B9: - Beras IR.64 Medium Bulog | C9: ='01'!K9 -> 9000 | D9: ='02'!K9 -> 9000 | E9: ='03'!K9 -> 9000 | F9: ='04'!K9 -> 9000 | G9: ='05'!K9 -> 9200 | H9: ='06'!K9 -> 9200 | I9: ='07'!K9 -> 9200 | J9: ='08'!K9 -> 9200 | K9: ='09'!K9 -> 9200 | L9: ='10'!K9 -> 9200 | M9: ='11'!K9 -> 9200 | N9: ='12'!K9 -> 9200 | O9: ='13'!K9 -> 9250 | P9: ='14'!K9 -> 9200 | Q9: ='15'!K9 -> 9200 | R9: ='16'!K9 -> 9200 | S9: ='17'!K9 -> 9200 | T9: ='18'!K9 -> 9200 | U9: ='19'!K9 -> 9200 | V9: ='20'!K9 -> 9200 | W9: ='21'!K9 -> 9200 | X9: ='22'!K9 -> 9200 | Y9: ='23'!K9 -> 9200 | Z9: ='24'!K9 -> 9200 | AA9: ='25'!K9 -> 9200 | AB9: ='26'!K9 -> 9000 | AC9: ='27'!K9 -> 9100 | AD9: ='28'!K9 -> 9200 | AE9: ='29'!K9 -> 9300 | AF9: ='30'!K9 -> 9300 | AG9: ='31'!K9 -> 9300 | AI9: =AG9-C9 -> 300 | AJ9: =AVERAGE(C9:AG9) -> 9175.8065
B10: - Beras IR.64 Medium | C10: ='01'!K10 -> 10860 | D10: ='02'!K10 -> 11300 | E10: ='03'!K10 -> 10860 | F10: ='04'!K10 -> 11160 | G10: ='05'!K10 -> 11460 | H10: ='06'!K10 -> 10960 | I10: ='07'!K10 -> 11160 | J10: ='08'!K10 -> 11160 | K10: ='09'!K10 -> 11160 | L10: ='10'!K10 -> 11160 | M10: ='11'!K10 -> 11160 | N10: ='12'!K10 -> 11160 | O10: ='13'!K10 -> 11160 | P10: ='14'!K10 -> 11660 | Q10: ='15'!K10 -> 11660 | R10: ='16'!K10 -> 11660 | S10: ='17'!K10 -> 11160 | T10: ='18'!K10 -> 11660 | U10: ='19'!K10 -> 11660 | V10: ='20'!K10 -> 11660 | W10: ='21'!K10 -> 11660 | X10: ='22'!K10 -> 11660 | Y10: ='23'!K10 -> 11660 | Z10: ='24'!K10 -> 11660 | AA10: ='25'!K10 -> 11660 | AB10: ='26'!K10 -> 11660 | AC10: ='27'!K10 -> 12160 | AD10: ='28'!K10 -> 11660 | AE10: ='29'!K10 -> 11850 | AF10: ='30'!K10 -> 11880 | AG10: ='31'!K10 -> 11880 | AH10: 9450 | AI10: =AG10-C10 -> 1020 | AJ10: =AVERAGE(C10:AG10) -> 11459.032
B11: - Beras Jagung | C11: ='01'!K11 -> 10200 | D11: ='02'!K11 -> 10750 | E11: ='03'!K11 -> 10200 | F11: ='04'!K11 -> 10200 | G11: ='05'!K11 -> 10200 | H11: ='06'!K11 -> 10200 | I11: ='07'!K11 -> 10200 | J11: ='08'!K11 -> 10200 | K11: ='09'!K11 -> 10200 | L11: ='10'!K11 -> 10200 | M11: ='11'!K11 -> 10200 | N11: ='12'!K11 -> 10200 | O11: ='13'!K11 -> 10200 | P11: ='14'!K11 -> 10000 | Q11: ='15'!K11 -> 10000 | R11: ='16'!K11 -> 10000 | S11: ='17'!K11 -> 10200 | T11: ='18'!K11 -> 10000 | U11: ='19'!K11 -> 10000 | V11: ='20'!K11 -> 10000 | W11: ='21'!K11 -> 10000 | X11: ='22'!K11 -> 10000 | Y11: ='23'!K11 -> 10000 | Z11: ='24'!K11 -> 10000 | AA11: ='25'!K11 -> 10000 | AB11: ='26'!K11 -> 10000 | AC11: ='27'!K11 -> 9800 | AD11: ='28'!K11 -> 10000 | AE11: ='29'!K11 -> 10000 | AF11: ='30'!K11 -> 10000 | AG11: ='31'!K11 -> 10000 | AI11: =AG11-C11 -> -200 | AJ11: =AVERAGE(C11:AG11) -> 10101.613
B12: - Beras Ketan (Jenis Siyem) | C12: ='01'!K12 -> 18600 | D12: ='02'!K12 -> 19000 | E12: ='03'!K12 -> 18600 | F12: ='04'!K12 -> 18600 | G12: ='05'!K12 -> 18800 | H12: ='06'!K12 -> 18800 | I12: ='07'!K12 -> 18600 | J12: ='08'!K12 -> 18600 | K12: ='09'!K12 -> 18600 | L12: ='10'!K12 -> 18600 | M12: ='11'!K12 -> 18600 | N12: ='12'!K12 -> 18600 | O12: ='13'!K12 -> 18600 | P12: ='14'!K12 -> 18600 | Q12: ='15'!K12 -> 18600 | R12: ='16'!K12 -> 18600 | S12: ='17'!K12 -> 18600 | T12: ='18'!K12 -> 18600 | U12: ='19'!K12 -> 18600 | V12: ='20'!K12 -> 20000 | W12: ='21'!K12 -> 18600 | X12: ='22'!K12 -> 18600 | Y12: ='23'!K12 -> 18600 | Z12: ='24'!K12 -> 18600 | AA12: ='25'!K12 -> 18600 | AB12: ='26'!K12 -> 18600 | AC12: ='27'!K12 -> 18600 | AD12: ='28'!K12 -> 18600 | AE12: ='29'!K12 -> 18600 | AF12: ='30'!K12 -> 18600 | AG12: ='31'!K12 -> 18600 | AI12: =AG12-C12 -> 0 | AJ12: =AVERAGE(C12:AG12) -> 18670.968
A13: 2 | B13: GULA | C13: ='01'!K13 -> 0 | D13: ='02'!K13 -> 0 | E13: ='03'!K13 -> 0 | F13: ='04'!K13 -> 0 | G13: ='05'!K13 -> 0 | H13: ='06'!K13 -> 0 | I13: ='07'!K13 -> 0 | J13: ='08'!K13 -> 0 | K13: ='09'!K13 -> 0 | L13: ='10'!K13 -> 0 | M13: ='11'!K13 -> 0 | N13: ='12'!K13 -> 0 | O13: ='13'!K13 -> 0 | P13: ='14'!K13 -> 0 | Q13: ='15'!K13 -> 0 | R13: ='16'!K13 -> 0 | S13: ='17'!K13 -> 0 | T13: ='18'!K13 -> 0 | U13: ='19'!K13 -> 0 | V13: ='20'!K13 -> 0 | W13: ='21'!K13 -> 0 | X13: ='22'!K13 -> 0 | Y13: ='23'!K13 -> 0 | Z13: ='24'!K13 -> 0 | AA13: ='25'!K13 -> 0 | AB13: ='26'!K13 -> 0 | AC13: ='27'!K13 -> 0 | AD13: ='28'!K13 -> 0 | AE13: ='29'!K13 -> 0 | AF13: ='30'!K13 -> 0 | AG13: ='31'!K13 -> 0 | AI13: =AG13-C13 -> 0 | AJ13: =AVERAGE(C13:AG13) -> 0
B14: Gula Pasir Lokal Curah | C14: ='01'!K14 -> 13357.143 | D14: ='02'!K14 -> 13357.143 | E14: ='03'!K14 -> 13357.143 | F14: ='04'!K14 -> 13357.143 | G14: ='05'!K14 -> 13357.143 | H14: ='06'!K14 -> 13357.143 | I14: ='07'!K14 -> 13357.143 | J14: ='08'!K14 -> 13285.714 | K14: ='09'!K14 -> 13285.714 | L14: ='10'!K14 -> 13357.143 | M14: ='11'!K14 -> 13357.143 | N14: ='12'!K14 -> 13428.571 | O14: ='13'!K14 -> 13428.571 | P14: ='14'!K14 -> 13357.143 | Q14: ='15'!K14 -> 13357.143 | R14: ='16'!K14 -> 13357.143 | S14: ='17'!K14 -> 13357.143 | T14: ='18'!K14 -> 13357.143 | U14: ='19'!K14 -> 13285.714 | V14: ='20'!K14 -> 13214.286 | W14: ='21'!K14 -> 13285.714 | X14: ='22'!K14 -> 13285.714 | Y14: ='23'!K14 -> 13285.714 | Z14: ='24'!K14 -> 13285.714 | AA14: ='25'!K14 -> 13285.714 | AB14: ='26'!K14 -> 13285.714 | AC14: ='27'!K14 -> 13285.714 | AD14: ='28'!K14 -> 13285.714 | AE14: ='29'!K14 -> 13285.714 | AF14: ='30'!K14 -> 13285.714 | AG14: ='31'!K14 -> 13285.714 | AH14: 13500 | AI14: =AG14-C14 -> -71.428571 | AJ14: =AVERAGE(C14:AG14) -> 13324.885
B15: - Gula Jawa/Merah (Bahan Kelapa) | C15: ='01'!K15 -> 15285.714 | D15: ='02'!K15 -> 15142.857 | E15: ='03'!K15 -> 15285.714 | F15: ='04'!K15 -> 15285.714 | G15: ='05'!K15 -> 15714.286 | H15: ='06'!K15 -> 15714.286 | I15: ='07'!K15 -> 15285.714 | J15: ='08'!K15 -> 15285.714 | K15: ='09'!K15 -> 15285.714 | L15: ='10'!K15 -> 15285.714 | M15: ='11'!K15 -> 15285.714 | N15: ='12'!K15 -> 15285.714 | O15: ='13'!K15 -> 15285.714 | P15: ='14'!K15 -> 15142.857 | Q15: ='15'!K15 -> 15142.857 | R15: ='16'!K15 -> 15142.857 | S15: ='17'!K15 -> 15285.714 | T15: ='18'!K15 -> 15142.857 | U15: ='19'!K15 -> 15142.857 | V15: ='20'!K15 -> 15142.857 | W15: ='21'!K15 -> 15142.857 | X15: ='22'!K15 -> 15142.857 | Y15: ='23'!K15 -> 15142.857 | Z15: ='24'!K15 -> 15142.857 | AA15: ='25'!K15 -> 15142.857 | AB15: ='26'!K15 -> 15142.857 | AC15: ='27'!K15 -> 15428.571 | AD15: ='28'!K15 -> 15142.857 | AE15: ='29'!K15 -> 15142.857 | AF15: ='30'!K15 -> 15142.857 | AG15: ='31'!K15 -> 15142.857 | AI15: =AG15-C15 -> -142.85714 | AJ15: =AVERAGE(C15:AG15) -> 15239.631
B16: MINYAK GORENG | C16: ='01'!K16 -> 0 | D16: ='02'!K16 -> 0 | E16: ='03'!K16 -> 0 | F16: ='04'!K16 -> 0 | G16: ='05'!K16 -> 0 | H16: ='06'!K16 -> 0 | I16: ='07'!K16 -> 0 | J16: ='08'!K16 -> 0 | K16: ='09'!K16 -> 0 | L16: ='10'!K16 -> 0 | M16: ='11'!K16 -> 0 | N16: ='12'!K16 -> 0 | O16: ='13'!K16 -> 0 | P16: ='14'!K16 -> 0 | Q16: ='15'!K16 -> 0 | R16: ='16'!K16 -> 0 | S16: ='17'!K16 -> 0 | T16: ='18'!K16 -> 0 | U16: ='19'!K16 -> 0 | V16: ='20'!K16 -> 0 | W16: ='21'!K16 -> 0 | X16: ='22'!K16 -> 0 | Y16: ='23'!K16 -> 0 | Z16: ='24'!K16 -> 0 | AA16: ='25'!K16 -> 0 | AB16: ='26'!K16 -> 0 | AC16: ='27'!K16 -> 0 | AD16: ='28'!K16 -> 0 | AE16: ='29'!K16 -> 0 | AF16: ='30'!K16 -> 0 | AG16: ='31'!K16 -> 0 | AI16: =AG16-C16 -> 0 | AJ16: =AVERAGE(C16:AG16) -> 0
B17: - Minyak Goreng Curah (Bening) | C17: ='01'!K17 -> 15000 | D17: ='02'!K17 -> 15000 | E17: ='03'!K17 -> 15000 | F17: ='04'!K17 -> 15000 | G17: ='05'!K17 -> 15285.714 | H17: ='06'!K17 -> 15285.714 | I17: ='07'!K17 -> 15000 | J17: ='08'!K17 -> 15000 | K17: ='09'!K17 -> 15000 | L17: ='10'!K17 -> 15000 | M17: ='11'!K17 -> 15000 | N17: ='12'!K17 -> 15000 | O17: ='13'!K17 -> 15000 | P17: ='14'!K17 -> 15000 | Q17: ='15'!K17 -> 15000 | R17: ='16'!K17 -> 15000 | S17: ='17'!K17 -> 15000 | T17: ='18'!K17 -> 15000 | U17: ='19'!K17 -> 15000 | V17: ='20'!K17 -> 15000 | W17: ='21'!K17 -> 15000 | X17: ='22'!K17 -> 15000 | Y17: ='23'!K17 -> 15000 | Z17: ='24'!K17 -> 15000 | AA17: ='25'!K17 -> 15000 | AB17: ='26'!K17 -> 15000 | AC17: ='27'!K17 -> 15142.857 | AD17: ='28'!K17 -> 15000 | AE17: ='29'!K17 -> 15000 | AF17: ='30'!K17 -> 15000 | AG17: ='31'!K17 -> 15000 | AH17: 15500 | AI17: =AG17-C17 -> 0 | AJ17: =AVERAGE(C17:AG17) -> 15023.041
B18: - Minyak KITA | C18: ='01'!K18 -> 14000 | D18: ='02'!K18 -> 14000 | E18: ='03'!K18 -> 14000 | F18: ='04'!K18 -> 14000 | G18: ='05'!K18 -> 14000 | H18: ='06'!K18 -> 14000 | I18: ='07'!K18 -> 14000 | J18: ='08'!K18 -> 14000 | K18: ='09'!K18 -> 14000 | L18: ='10'!K18 -> 14000 | M18: ='11'!K18 -> 14000 | N18: ='12'!K18 -> 14000 | O18: ='13'!K18 -> 14000 | P18: ='14'!K18 -> 14000 | Q18: ='15'!K18 -> 14000 | R18: ='16'!K18 -> 14000 | S18: ='17'!K18 -> 14000 | T18: ='18'!K18 -> 14000 | U18: ='19'!K18 -> 14000 | V18: ='20'!K18 -> 14000 | W18: ='21'!K18 -> 14000 | X18: ='22'!K18 -> 14000 | Y18: ='23'!K18 -> 14000 | Z18: ='24'!K18 -> 14000 | AA18: ='25'!K18 -> 14000 | AB18: ='26'!K18 -> 14000 | AC18: ='27'!K18 -> 14000 | AD18: ='28'!K18 -> 14000 | AE18: ='29'!K18 -> 14000 | AF18: ='30'!K18 -> 14000 | AG18: ='31'!K18 -> 14000 | AH18: 14000 | AI18: =AG18-C18 -> 0 | AJ18: =AVERAGE(C18:AG18) -> 14000
A19: 4 | B19: MENTEGA | C19: ='01'!K19 -> 0 | D19: ='02'!K19 -> 0 | E19: ='03'!K19 -> 0 | F19: ='04'!K19 -> 0 | G19: ='05'!K19 -> 0 | H19: ='06'!K19 -> 0 | I19: ='07'!K19 -> 0 | J19: ='08'!K19 -> 0 | K19: ='09'!K19 -> 0 | L19: ='10'!K19 -> 0 | M19: ='11'!K19 -> 0 | N19: ='12'!K19 -> 0 | O19: ='13'!K19 -> 0 | P19: ='14'!K19 -> 0 | Q19: ='15'!K19 -> 0 | R19: ='16'!K19 -> 0 | S19: ='17'!K19 -> 0 | T19: ='18'!K19 -> 0 | U19: ='19'!K19 -> 0 | V19: ='20'!K19 -> 0 | W19: ='21'!K19 -> 0 | X19: ='22'!K19 -> 0 | Y19: ='23'!K19 -> 0 | Z19: ='24'!K19 -> 0 | AA19: ='25'!K19 -> 0 | AB19: ='26'!K19 -> 0 | AC19: ='27'!K19 -> 0 | AD19: ='28'!K19 -> 0 | AE19: ='29'!K19 -> 0 | AF19: ='30'!K19 -> 0 | AG19: ='31'!K19 -> 0 | AI19: =AG19-C19 -> 0 | AJ19: =AVERAGE(C19:AG19) -> 0
B20: - Mentega Curah (Amanda) | C20: ='01'!K20 -> 21500 | D20: ='02'!K20 -> 21500 | E20: ='03'!K20 -> 21500 | F20: ='04'!K20 -> 21500 | G20: ='05'!K20 -> 21500 | H20: ='06'!K20 -> 21500 | I20: ='07'!K20 -> 21500 | J20: ='08'!K20 -> 21500 | K20: ='09'!K20 -> 21500 | L20: ='10'!K20 -> 21500 | M20: ='11'!K20 -> 21500 | N20: ='12'!K20 -> 21500 | O20: ='13'!K20 -> 21750 | P20: ='14'!K20 -> 21375 | Q20: ='15'!K20 -> 21375 | R20: ='16'!K20 -> 21375 | S20: ='17'!K20 -> 21500 | T20: ='18'!K20 -> 21375 | U20: ='19'!K20 -> 21375 | V20: ='20'!K20 -> 21125 | W20: ='21'!K20 -> 21375 | X20: ='22'!K20 -> 21375 | Y20: ='23'!K20 -> 21375 | Z20: ='24'!K20 -> 21375 | AA20: ='25'!K20 -> 21375 | AB20: ='26'!K20 -> 21375 | AC20: ='27'!K20 -> 21375 | AD20: ='28'!K20 -> 21375 | AE20: ='29'!K20 -> 21375 | AF20: ='30'!K20 -> 21375 | AG20: ='31'!K20 -> 21375 | AI20: =AG20-C20 -> -125 | AJ20: =AVERAGE(C20:AG20) -> 21431.452
A21: 5 | B21: DAGING | C21: ='01'!K21 -> 0 | D21: ='02'!K21 -> 0 | E21: ='03'!K21 -> 0 | F21: ='04'!K21 -> 0 | G21: ='05'!K21 -> 0 | H21: ='06'!K21 -> 0 | I21: ='07'!K21 -> 0 | J21: ='08'!K21 -> 0 | K21: ='09'!K21 -> 0 | L21: ='10'!K21 -> 0 | M21: ='11'!K21 -> 0 | N21: ='12'!K21 -> 0 | O21: ='13'!K21 -> 0 | P21: ='14'!K21 -> 0 | Q21: ='15'!K21 -> 0 | R21: ='16'!K21 -> 0 | S21: ='17'!K21 -> 0 | T21: ='18'!K21 -> 0 | U21: ='19'!K21 -> 0 | V21: ='20'!K21 -> 0 | W21: ='21'!K21 -> 0 | X21: ='22'!K21 -> 0 | Y21: ='23'!K21 -> 0 | Z21: ='24'!K21 -> 0 | AA21: ='25'!K21 -> 0 | AB21: ='26'!K21 -> 0 | AC21: ='27'!K21 -> 0 | AD21: ='28'!K21 -> 0 | AE21: ='29'!K21 -> 0 | AF21: ='30'!K21 -> 0 | AG21: ='31'!K21 -> 0 | AI21: =AG21-C21 -> 0 | AJ21: =AVERAGE(C21:AG21) -> 0
B22: - Daging Sapi Grade Atas | C22: ='01'!K22 -> 120000 | D22: ='02'!K22 -> 120000 | E22: ='03'!K22 -> 120000 | F22: ='04'!K22 -> 120000 | G22: ='05'!K22 -> 119166.67 | H22: ='06'!K22 -> 119166.67 | I22: ='07'!K22 -> 120000 | J22: ='08'!K22 -> 120000 | K22: ='09'!K22 -> 120000 | L22: ='10'!K22 -> 120000 | M22: ='11'!K22 -> 120000 | N22: ='12'!K22 -> 120000 | O22: ='13'!K22 -> 120000 | P22: ='14'!K22 -> 120000 | Q22: ='15'!K22 -> 120000 | R22: ='16'!K22 -> 120000 | S22: ='17'!K22 -> 120000 | T22: ='18'!K22 -> 120000 | U22: ='19'!K22 -> 120000 | V22: ='20'!K22 -> 120000 | W22: ='21'!K22 -> 120000 | X22: ='22'!K22 -> 120000 | Y22: ='23'!K22 -> 120000 | Z22: ='24'!K22 -> 120000 | AA22: ='25'!K22 -> 120000 | AB22: ='26'!K22 -> 120000 | AC22: ='27'!K22 -> 120000 | AD22: ='28'!K22 -> 120000 | AE22: ='29'!K22 -> 120000 | AF22: ='30'!K22 -> 120000 | AG22: ='31'!K22 -> 120000 | AH22: 105000 | AI22: =AG22-C22 -> 0 | AJ22: =AVERAGE(C22:AG22) -> 119946.24
B23: - Daging Sapi Grade Sedang | C23: ='01'!K23 -> 111428.57 | D23: ='02'!K23 -> 110714.29 | E23: ='03'!K23 -> 110714.29 | F23: ='04'!K23 -> 110714.29 | G23: ='05'!K23 -> 110714.29 | H23: ='06'!K23 -> 110714.29 | I23: ='07'!K23 -> 110714.29 | J23: ='08'!K23 -> 110714.29 | K23: ='09'!K23 -> 110714.29 | L23: ='10'!K23 -> 110714.29 | M23: ='11'!K23 -> 110714.29 | N23: ='12'!K23 -> 110714.29 | O23: ='13'!K23 -> 110714.29 | P23: ='14'!K23 -> 110714.29 | Q23: ='15'!K23 -> 110714.29 | R23: ='16'!K23 -> 110714.29 | S23: ='17'!K23 -> 110714.29 | T23: ='18'!K23 -> 110714.29 | U23: ='19'!K23 -> 110714.29 | V23: ='20'!K23 -> 110714.29 | W23: ='21'!K23 -> 110714.29 | X23: ='22'!K23 -> 110714.29 | Y23: ='23'!K23 -> 110714.29 | Z23: ='24'!K23 -> 110714.29 | AA23: ='25'!K23 -> 110714.29 | AB23: ='26'!K23 -> 110714.29 | AC23: ='27'!K23 -> 110714.29 | AD23: ='28'!K23 -> 110714.29 | AE23: ='29'!K23 -> 110714.29 | AF23: ='30'!K23 -> 110714.29 | AG23: ='31'!K23 -> 110714.29 | AH23: 80000 | AI23: =AG23-C23 -> -714.28571 | AJ23: =AVERAGE(C23:AG23) -> 110737.33
B24: - Daging Sapi Grade Bawah | C24: ='01'!K24 -> 100000 | D24: ='02'!K24 -> 99285.714 | E24: ='03'!K24 -> 99285.714 | F24: ='04'!K24 -> 99285.714 | G24: ='05'!K24 -> 98571.429 | H24: ='06'!K24 -> 98571.429 | I24: ='07'!K24 -> 99285.714 | J24: ='08'!K24 -> 99285.714 | K24: ='09'!K24 -> 99285.714 | L24: ='10'!K24 -> 99285.714 | M24: ='11'!K24 -> 99285.714 | N24: ='12'!K24 -> 99285.714 | O24: ='13'!K24 -> 99285.714 | P24: ='14'!K24 -> 99285.714 | Q24: ='15'!K24 -> 99285.714 | R24: ='16'!K24 -> 99285.714 | S24: ='17'!K24 -> 99285.714 | T24: ='18'!K24 -> 99285.714 | U24: ='19'!K24 -> 98571.429 | V24: ='20'!K24 -> 98571.429 | W24: ='21'!K24 -> 98571.429 | X24: ='22'!K24 -> 98571.429 | Y24: ='23'!K24 -> 98571.429 | Z24: ='24'!K24 -> 98571.429 | AA24: ='25'!K24 -> 98571.429 | AB24: ='26'!K24 -> 98571.429 | AC24: ='27'!K24 -> 98571.429 | AD24: ='28'!K24 -> 98571.429 | AE24: ='29'!K24 -> 98571.429 | AF24: ='30'!K24 -> 98571.429 | AG24: ='31'!K24 -> 98571.429 | AH24: 80000 | AI24: =AG24-C24 -> -1428.5714 | AJ24: =AVERAGE(C24:AG24) -> 98963.134
B25: - Daging Ayam Broiler | C25: ='01'!K25 -> 34571.429 | D25: ='02'!K25 -> 34571.429 | E25: ='03'!K25 -> 33857.143 | F25: ='04'!K25 -> 33714.286 | G25: ='05'!K25 -> 33714.286 | H25: ='06'!K25 -> 33714.286 | I25: ='07'!K25 -> 34000 | J25: ='08'!K25 -> 33714.286 | K25: ='09'!K25 -> 34857.143 | L25: ='10'!K25 -> 35142.857 | M25: ='11'!K25 -> 35428.571 | N25: ='12'!K25 -> 35714.286 | O25: ='13'!K25 -> 35571.429 | P25: ='14'!K25 -> 35714.286 | Q25: ='15'!K25 -> 35571.429 | R25: ='16'!K25 -> 35571.429 | S25: ='17'!K25 -> 35714.286 | T25: ='18'!K25 -> 35857.143 | U25: ='19'!K25 -> 35714.286 | V25: ='20'!K25 -> 35285.714 | W25: ='21'!K25 -> 35285.714 | X25: ='22'!K25 -> 35142.857 | Y25: ='23'!K25 -> 35142.857 | Z25: ='24'!K25 -> 35285.714 | AA25: ='25'!K25 -> 35285.714 | AB25: ='26'!K25 -> 35285.714 | AC25: ='27'!K25 -> 35571.429 | AD25: ='28'!K25 -> 35428.571 | AE25: ='29'!K25 -> 35428.571 | AF25: ='30'!K25 -> 35285.714 | AG25: ='31'!K25 -> 35285.714 | AH25: 36750 | AI25: =AG25-C25 -> 714.28571 | AJ25: =AVERAGE(C25:AG25) -> 35046.083
A26: 6 | B26: I K A N | C26: ='01'!K26 -> 0 | D26: ='02'!K26 -> 0 | E26: ='03'!K26 -> 0 | F26: ='04'!K26 -> 0 | G26: ='05'!K26 -> 0 | H26: ='06'!K26 -> 0 | I26: ='07'!K26 -> 0 | J26: ='08'!K26 -> 0 | K26: ='09'!K26 -> 0 | L26: ='10'!K26 -> 0 | M26: ='11'!K26 -> 0 | N26: ='12'!K26 -> 0 | O26: ='13'!K26 -> 0 | P26: ='14'!K26 -> 0 | Q26: ='15'!K26 -> 0 | R26: ='16'!K26 -> 0 | S26: ='17'!K26 -> 0 | T26: ='18'!K26 -> 0 | U26: ='19'!K26 -> 0 | V26: ='20'!K26 -> 0 | W26: ='21'!K26 -> 0 | X26: ='22'!K26 -> 0 | Y26: ='23'!K26 -> 0 | Z26: ='24'!K26 -> 0 | AA26: ='25'!K26 -> 0 | AB26: ='26'!K26 -> 0 | AC26: ='27'!K26 -> 0 | AD26: ='28'!K26 -> 0 | AE26: ='29'!K26 -> 0 | AF26: ='30'!K26 -> 0 | AG26: ='31'!K26 -> 0 | AI26: =AG26-C26 -> 0 | AJ26: =AVERAGE(C26:AG26) -> 0
B27: - Ikan Tongkol Segar (Uk. Sedang) | C27: ='01'!K27 -> 36000 | D27: ='02'!K27 -> 35166.667 | E27: ='03'!K27 -> 36000 | F27: ='04'!K27 -> 36000 | G27: ='05'!K27 -> 36000 | H27: ='06'!K27 -> 36000 | I27: ='07'!K27 -> 36000 | J27: ='08'!K27 -> 36000 | K27: ='09'!K27 -> 36000 | L27: ='10'!K27 -> 36000 | M27: ='11'!K27 -> 36000 | N27: ='12'!K27 -> 36000 | O27: ='13'!K27 -> 36000 | P27: ='14'!K27 -> 36500 | Q27: ='15'!K27 -> 36500 | R27: ='16'!K27 -> 36500 | S27: ='17'!K27 -> 36000 | T27: ='18'!K27 -> 36500 | U27: ='19'!K27 -> 36500 | V27: ='20'!K27 -> 35666.667 | W27: ='21'!K27 -> 35666.667 | X27: ='22'!K27 -> 35666.667 | Y27: ='23'!K27 -> 35666.667 | Z27: ='24'!K27 -> 35666.667 | AA27: ='25'!K27 -> 35666.667 | AB27: ='26'!K27 -> 35666.667 | AC27: ='27'!K27 -> 35666.667 | AD27: ='28'!K27 -> 35666.667 | AE27: ='29'!K27 -> 35666.667 | AF27: ='30'!K27 -> 36500 | AG27: ='31'!K27 -> 36500 | AI27: =AG27-C27 -> 500 | AJ27: =AVERAGE(C27:AG27) -> 35978.495
B28: - Ikan Mujair Segar (Uk. Sedang) | C28: ='01'!K28 -> 26714.286 | D28: ='02'!K28 -> 26428.571 | E28: ='03'!K28 -> 26714.286 | F28: ='04'!K28 -> 27000 | G28: ='05'!K28 -> 27000 | H28: ='06'!K28 -> 27000 | I28: ='07'!K28 -> 27000 | J28: ='08'!K28 -> 27000 | K28: ='09'!K28 -> 27000 | L28: ='10'!K28 -> 26714.286 | M28: ='11'!K28 -> 26714.286 | N28: ='12'!K28 -> 26714.286 | O28: ='13'!K28 -> 26714.286 | P28: ='14'!K28 -> 27142.857 | Q28: ='15'!K28 -> 27142.857 | R28: ='16'!K28 -> 27142.857 | S28: ='17'!K28 -> 26714.286 | T28: ='18'!K28 -> 27142.857 | U28: ='19'!K28 -> 27142.857 | V28: ='20'!K28 -> 27142.857 | W28: ='21'!K28 -> 27142.857 | X28: ='22'!K28 -> 27142.857 | Y28: ='23'!K28 -> 27142.857 | Z28: ='24'!K28 -> 27142.857 | AA28: ='25'!K28 -> 27142.857 | AB28: ='26'!K28 -> 27142.857 | AC28: ='27'!K28 -> 27142.857 | AD28: ='28'!K28 -> 27142.857 | AE28: ='29'!K28 -> 27142.857 | AF28: ='30'!K28 -> 27142.857 | AG28: ='31'!K28 -> 27142.857 | AI28: =AG28-C28 -> 428.57143 | AJ28: =AVERAGE(C28:AG28) -> 26995.392
B29: - Udang Segar (Uk. Sedang) | C29: ='01'!K29 -> 63285.714 | D29: ='02'!K29 -> 63714.286 | E29: ='03'!K29 -> 63285.714 | F29: ='04'!K29 -> 64714.286 | G29: ='05'!K29 -> 64714.286 | H29: ='06'!K29 -> 64714.286 | I29: ='07'!K29 -> 64714.286 | J29: ='08'!K29 -> 63285.714 | K29: ='09'!K29 -> 64714.286 | L29: ='10'!K29 -> 64714.286 | M29: ='11'!K29 -> 64714.286 | N29: ='12'!K29 -> 64714.286 | O29: ='13'!K29 -> 64714.286 | P29: ='14'!K29 -> 64714.286 | Q29: ='15'!K29 -> 64714.286 | R29: ='16'!K29 -> 64714.286 | S29: ='17'!K29 -> 64714.286 | T29: ='18'!K29 -> 64000 | U29: ='19'!K29 -> 64000 | V29: ='20'!K29 -> 64714.286 | W29: ='21'!K29 -> 64000 | X29: ='22'!K29 -> 64000 | Y29: ='23'!K29 -> 64000 | Z29: ='24'!K29 -> 64000 | AA29: ='25'!K29 -> 64000 | AB29: ='26'!K29 -> 64000 | AC29: ='27'!K29 -> 64000 | AD29: ='28'!K29 -> 64000 | AE29: ='29'!K29 -> 64000 | AF29: ='30'!K29 -> 64000 | AG29: ='31'!K29 -> 64000 | AI29: =AG29-C29 -> 714.28571 | AJ29: =AVERAGE(C29:AG29) -> 64244.24
B30: - Ikan Lele Segar (Ukuran Sedang) | C30: ='01'!K30 -> 24000 | D30: ='02'!K30 -> 23400 | E30: ='03'!K30 -> 24000 | F30: ='04'!K30 -> 24000 | G30: ='05'!K30 -> 24000 | H30: ='06'!K30 -> 24000 | I30: ='07'!K30 -> 24000 | J30: ='08'!K30 -> 24000 | K30: ='09'!K30 -> 24000 | L30: ='10'!K30 -> 24000 | M30: ='11'!K30 -> 24000 | N30: ='12'!K30 -> 24000 | O30: ='13'!K30 -> 24000 | P30: ='14'!K30 -> 24000 | Q30: ='15'!K30 -> 24000 | R30: ='16'!K30 -> 24000 | S30: ='17'!K30 -> 24000 | T30: ='18'!K30 -> 24000 | U30: ='19'!K30 -> 24000 | V30: ='20'!K30 -> 24000 | W30: ='21'!K30 -> 24000 | X30: ='22'!K30 -> 24000 | Y30: ='23'!K30 -> 24000 | Z30: ='24'!K30 -> 24000 | AA30: ='25'!K30 -> 24000 | AB30: ='26'!K30 -> 24000 | AC30: ='27'!K30 -> 24000 | AD30: ='28'!K30 -> 24000 | AE30: ='29'!K30 -> 24000 | AF30: ='30'!K30 -> 24000 | AG30: ='31'!K30 -> 24000 | AI30: =AG30-C30 -> 0 | AJ30: =AVERAGE(C30:AG30) -> 23980.645
B31: - Ikan Bandeng Segar (Uk. Sedang) | C31: ='01'!K31 -> 34000 | D31: ='02'!K31 -> 33714.286 | E31: ='03'!K31 -> 34000 | F31: ='04'!K31 -> 34428.571 | G31: ='05'!K31 -> 34428.571 | H31: ='06'!K31 -> 34428.571 | I31: ='07'!K31 -> 34428.571 | J31: ='08'!K31 -> 34428.571 | K31: ='09'!K31 -> 34428.571 | L31: ='10'!K31 -> 34428.571 | M31: ='11'!K31 -> 34428.571 | N31: ='12'!K31 -> 34428.571 | O31: ='13'!K31 -> 34428.571 | P31: ='14'!K31 -> 35285.714 | Q31: ='15'!K31 -> 35285.714 | R31: ='16'!K31 -> 35285.714 | S31: ='17'!K31 -> 35142.857 | T31: ='18'!K31 -> 34571.429 | U31: ='19'!K31 -> 35285.714 | V31: ='20'!K31 -> 35285.714 | W31: ='21'!K31 -> 34571.429 | X31: ='22'!K31 -> 34571.429 | Y31: ='23'!K31 -> 34571.429 | Z31: ='24'!K31 -> 34571.429 | AA31: ='25'!K31 -> 34571.429 | AB31: ='26'!K31 -> 34571.429 | AC31: ='27'!K31 -> 35000 | AD31: ='28'!K31 -> 34571.429 | AE31: ='29'!K31 -> 34571.429 | AF31: ='30'!K31 -> 34571.429 | AG31: ='31'!K31 -> 34571.429 | AI31: =AG31-C31 -> 571.42857 | AJ31: =AVERAGE(C31:AG31) -> 34608.295
B32: - Ikan Teri Asin (Bukan Teri Medan) | C32: ='01'!K32 -> 82500 | D32: ='02'!K32 -> 85000 | E32: ='03'!K32 -> 82500 | F32: ='04'!K32 -> 82500 | G32: ='05'!K32 -> 82500 | H32: ='06'!K32 -> 92500 | I32: ='07'!K32 -> 87500 | J32: ='08'!K32 -> 87500 | K32: ='09'!K32 -> 87500 | L32: ='10'!K32 -> 87500 | M32: ='11'!K32 -> 87500 | N32: ='12'!K32 -> 87500 | O32: ='13'!K32 -> 87500 | P32: ='14'!K32 -> 87500 | Q32: ='15'!K32 -> 87500 | R32: ='16'!K32 -> 87500 | S32: ='17'!K32 -> 87500 | T32: ='18'!K32 -> 87500 | U32: ='19'!K32 -> 87500 | V32: ='20'!K32 -> 87500 | W32: ='21'!K32 -> 87500 | X32: ='22'!K32 -> 87500 | Y32: ='23'!K32 -> 87500 | Z32: ='24'!K32 -> 87500 | AA32: ='25'!K32 -> 87500 | AB32: ='26'!K32 -> 87500 | AC32: ='27'!K32 -> 97500 | AD32: ='28'!K32 -> 87500 | AE32: ='29'!K32 -> 87500 | AF32: ='30'!K32 -> 87500 | AG32: ='31'!K32 -> 87500 | AI32: =AG32-C32 -> 5000 | AJ32: =AVERAGE(C32:AG32) -> 87258.065
A33: 7 | B33: TELUR | C33: ='01'!K33 -> 0 | D33: ='02'!K33 -> 0 | E33: ='03'!K33 -> 0 | F33: ='04'!K33 -> 0 | G33: ='05'!K33 -> 0 | H33: ='06'!K33 -> 0 | I33: ='07'!K33 -> 0 | J33: ='08'!K33 -> 0 | K33: ='09'!K33 -> 0 | L33: ='10'!K33 -> 0 | M33: ='11'!K33 -> 0 | N33: ='12'!K33 -> 0 | O33: ='13'!K33 -> 0 | P33: ='14'!K33 -> 0 | Q33: ='15'!K33 -> 0 | R33: ='16'!K33 -> 0 | S33: ='17'!K33 -> 0 | T33: ='18'!K33 -> 0 | U33: ='19'!K33 -> 0 | V33: ='20'!K33 -> 0 | W33: ='21'!K33 -> 0 | X33: ='22'!K33 -> 0 | Y33: ='23'!K33 -> 0 | Z33: ='24'!K33 -> 0 | AA33: ='25'!K33 -> 0 | AB33: ='26'!K33 -> 0 | AC33: ='27'!K33 -> 0 | AD33: ='28'!K33 -> 0 | AE33: ='29'!K33 -> 0 | AF33: ='30'!K33 -> 0 | AG33: ='31'!K33 -> 0 | AI33: =AG33-C33 -> 0 | AJ33: =AVERAGE(C33:AG33) -> 0
B34: - Telur Ayam Horn | C34: ='01'!K34 -> 29428.571 | D34: ='02'!K34 -> 29857.143 | E34: ='03'!K34 -> 29857.143 | F34: ='04'!K34 -> 29857.143 | G34: ='05'!K34 -> 30000 | H34: ='06'!K34 -> 30000 | I34: ='07'!K34 -> 29571.429 | J34: ='08'!K34 -> 29428.571 | K34: ='09'!K34 -> 29571.429 | L34: ='10'!K34 -> 29571.429 | M34: ='11'!K34 -> 29285.714 | N34: ='12'!K34 -> 29571.429 | O34: ='13'!K34 -> 29857.143 | P34: ='14'!K34 -> 29571.429 | Q34: ='15'!K34 -> 29428.571 | R34: ='16'!K34 -> 29142.857 | S34: ='17'!K34 -> 29142.857 | T34: ='18'!K34 -> 28785.714 | U34: ='19'!K34 -> 28214.286 | V34: ='20'!K34 -> 27857.143 | W34: ='21'!K34 -> 27285.714 | X34: ='22'!K34 -> 27285.714 | Y34: ='23'!K34 -> 27000 | Z34: ='24'!K34 -> 27000 | AA34: ='25'!K34 -> 26857.143 | AB34: ='26'!K34 -> 26857.143 | AC34: ='27'!K34 -> 26857.143 | AD34: ='28'!K34 -> 26571.429 | AE34: ='29'!K34 -> 26285.714 | AF34: ='30'!K34 -> 25857.143 | AG34: ='31'!K34 -> 25428.571 | AH34: 27000 | AI34: =AG34-C34 -> -4000 | AJ34: =AVERAGE(C34:AG34) -> 28428.571
B35: - Telur Ayam Kampung | C35: ='01'!K35 -> 2785.7143 | D35: ='02'!K35 -> 2714.2857 | E35: ='03'!K35 -> 2785.7143 | F35: ='04'!K35 -> 2785.7143 | G35: ='05'!K35 -> 2785.7143 | H35: ='06'!K35 -> 2785.7143 | I35: ='07'!K35 -> 2714.2857 | J35: ='08'!K35 -> 2714.2857 | K35: ='09'!K35 -> 2714.2857 | L35: ='10'!K35 -> 2714.2857 | M35: ='11'!K35 -> 2714.2857 | N35: ='12'!K35 -> 2714.2857 | O35: ='13'!K35 -> 2714.2857 | P35: ='14'!K35 -> 2714.2857 | Q35: ='15'!K35 -> 2714.2857 | R35: ='16'!K35 -> 2714.2857 | S35: ='17'!K35 -> 2714.2857 | T35: ='18'!K35 -> 2714.2857 | U35: ='19'!K35 -> 2714.2857 | V35: ='20'!K35 -> 2714.2857 | W35: ='21'!K35 -> 2714.2857 | X35: ='22'!K35 -> 2714.2857 | Y35: ='23'!K35 -> 2714.2857 | Z35: ='24'!K35 -> 2714.2857 | AA35: ='25'!K35 -> 2714.2857 | AB35: ='26'!K35 -> 2714.2857 | AC35: ='27'!K35 -> 2714.2857 | AD35: ='28'!K35 -> 2714.2857 | AE35: ='29'!K35 -> 2714.2857 | AF35: ='30'!K35 -> 2714.2857 | AG35: ='31'!K35 -> 2714.2857 | AI35: =AG35-C35 -> -71.428571 | AJ35: =AVERAGE(C35:AG35) -> 2725.8065
A36: 8 | B36: TAHU | C36: ='01'!K36 -> 0 | D36: ='02'!K36 -> 0 | E36: ='03'!K36 -> 0 | F36: ='04'!K36 -> 0 | G36: ='05'!K36 -> 0 | H36: ='06'!K36 -> 0 | I36: ='07'!K36 -> 0 | J36: ='08'!K36 -> 0 | K36: ='09'!K36 -> 0 | L36: ='10'!K36 -> 0 | M36: ='11'!K36 -> 0 | N36: ='12'!K36 -> 0 | O36: ='13'!K36 -> 0 | P36: ='14'!K36 -> 0 | Q36: ='15'!K36 -> 0 | R36: ='16'!K36 -> 0 | S36: ='17'!K36 -> 0 | T36: ='18'!K36 -> 0 | U36: ='19'!K36 -> 0 | V36: ='20'!K36 -> 0 | W36: ='21'!K36 -> 0 | X36: ='22'!K36 -> 0 | Y36: ='23'!K36 -> 0 | Z36: ='24'!K36 -> 0 | AA36: ='25'!K36 -> 0 | AB36: ='26'!K36 -> 0 | AC36: ='27'!K36 -> 0 | AD36: ='28'!K36 -> 0 | AE36: ='29'!K36 -> 0 | AF36: ='30'!K36 -> 0 | AG36: ='31'!K36 -> 0 | AI36: =AG36-C36 -> 0 | AJ36: =AVERAGE(C36:AG36) -> 0
B37: - Tahu biasa | C37: ='01'!K37 -> 10000 | D37: ='02'!K37 -> 10000 | E37: ='03'!K37 -> 10000 | F37: ='04'!K37 -> 10000 | G37: ='05'!K37 -> 10000 | H37: ='06'!K37 -> 10000 | I37: ='07'!K37 -> 10000 | J37: ='08'!K37 -> 10000 | K37: ='09'!K37 -> 10000 | L37: ='10'!K37 -> 10000 | M37: ='11'!K37 -> 9857.1429 | N37: ='12'!K37 -> 9857.1429 | O37: ='13'!K37 -> 9857.1429 | P37: ='14'!K37 -> 9857.1429 | Q37: ='15'!K37 -> 9857.1429 | R37: ='16'!K37 -> 9857.1429 | S37: ='17'!K37 -> 9857.1429 | T37: ='18'!K37 -> 9857.1429 | U37: ='19'!K37 -> 9857.1429 | V37: ='20'!K37 -> 9857.1429 | W37: ='21'!K37 -> 9857.1429 | X37: ='22'!K37 -> 9857.1429 | Y37: ='23'!K37 -> 9857.1429 | Z37: ='24'!K37 -> 9857.1429 | AA37: ='25'!K37 -> 9857.1429 | AB37: ='26'!K37 -> 9857.1429 | AC37: ='27'!K37 -> 9857.1429 | AD37: ='28'!K37 -> 9857.1429 | AE37: ='29'!K37 -> 9857.1429 | AF37: ='30'!K37 -> 9857.1429 | AG37: ='31'!K37 -> 9857.1429 | AI37: =AG37-C37 -> -142.85714 | AJ37: =AVERAGE(C37:AG37) -> 9903.2258
B38: - Tahu susu | C38: ='01'!K38 -> 12600 | D38: ='02'!K38 -> 13400 | E38: ='03'!K38 -> 12600 | F38: ='04'!K38 -> 12600 | G38: ='05'!K38 -> 12600 | H38: ='06'!K38 -> 12600 | I38: ='07'!K38 -> 12600 | J38: ='08'!K38 -> 12600 | K38: ='09'!K38 -> 12600 | L38: ='10'!K38 -> 12600 | M38: ='11'!K38 -> 13000 | N38: ='12'!K38 -> 12600 | O38: ='13'!K38 -> 12600 | P38: ='14'!K38 -> 12600 | Q38: ='15'!K38 -> 12600 | R38: ='16'!K38 -> 12600 | S38: ='17'!K38 -> 12600 | T38: ='18'!K38 -> 12600 | U38: ='19'!K38 -> 12600 | V38: ='20'!K38 -> 12600 | W38: ='21'!K38 -> 12600 | X38: ='22'!K38 -> 12600 | Y38: ='23'!K38 -> 12600 | Z38: ='24'!K38 -> 12600 | AA38: ='25'!K38 -> 12600 | AB38: ='26'!K38 -> 12600 | AC38: ='27'!K38 -> 12600 | AD38: ='28'!K38 -> 12600 | AE38: ='29'!K38 -> 12600 | AF38: ='30'!K38 -> 12600 | AG38: ='31'!K38 -> 12600 | AI38: =AG38-C38 -> 0 | AJ38: =AVERAGE(C38:AG38) -> 12638.71
A39: 9 | B39: TEMPE | C39: ='01'!K39 -> 0 | D39: ='02'!K39 -> 0 | E39: ='03'!K39 -> 0 | F39: ='04'!K39 -> 0 | G39: ='05'!K39 -> 0 | H39: ='06'!K39 -> 0 | I39: ='07'!K39 -> 0 | J39: ='08'!K39 -> 0 | K39: ='09'!K39 -> 0 | L39: ='10'!K39 -> 0 | M39: ='11'!K39 -> 0 | N39: ='12'!K39 -> 0 | O39: ='13'!K39 -> 0 | P39: ='14'!K39 -> 0 | Q39: ='15'!K39 -> 0 | R39: ='16'!K39 -> 0 | S39: ='17'!K39 -> 0 | T39: ='18'!K39 -> 0 | U39: ='19'!K39 -> 0 | V39: ='20'!K39 -> 0 | W39: ='21'!K39 -> 0 | X39: ='22'!K39 -> 0 | Y39: ='23'!K39 -> 0 | Z39: ='24'!K39 -> 0 | AA39: ='25'!K39 -> 0 | AB39: ='26'!K39 -> 0 | AC39: ='27'!K39 -> 0 | AD39: ='28'!K39 -> 0 | AE39: ='29'!K39 -> 0 | AF39: ='30'!K39 -> 0 | AG39: ='31'!K39 -> 0 | AI39: =AG39-C39 -> 0 | AJ39: =AVERAGE(C39:AG39) -> 0
B40: - Tempe Kw I (campuran kedelai) | C40: ='01'!K40 -> 13000 | D40: ='02'!K40 -> 12750 | E40: ='03'!K40 -> 13000 | F40: ='04'!K40 -> 13000 | G40: ='05'!K40 -> 13000 | H40: ='06'!K40 -> 13000 | I40: ='07'!K40 -> 13000 | J40: ='08'!K40 -> 13000 | K40: ='09'!K40 -> 13000 | L40: ='10'!K40 -> 13000 | M40: ='11'!K40 -> 13000 | N40: ='12'!K40 -> 13000 | O40: ='13'!K40 -> 13000 | P40: ='14'!K40 -> 13000 | Q40: ='15'!K40 -> 13000 | R40: ='16'!K40 -> 13000 | S40: ='17'!K40 -> 13000 | T40: ='18'!K40 -> 13000 | U40: ='19'!K40 -> 13000 | V40: ='20'!K40 -> 13000 | W40: ='21'!K40 -> 13000 | X40: ='22'!K40 -> 13000 | Y40: ='23'!K40 -> 13000 | Z40: ='24'!K40 -> 13000 | AA40: ='25'!K40 -> 13000 | AB40: ='26'!K40 -> 13000 | AC40: ='27'!K40 -> 13000 | AD40: ='28'!K40 -> 13000 | AE40: ='29'!K40 -> 13000 | AF40: ='30'!K40 -> 13000 | AG40: ='31'!K40 -> 13000 | AI40: =AG40-C40 -> 0 | AJ40: =AVERAGE(C40:AG40) -> 12991.935
B41: - Tempe Kw II (campuran jagung) | C41: ='01'!K41 -> 4250 | D41: ='02'!K41 -> 4250 | E41: ='03'!K41 -> 4250 | F41: ='04'!K41 -> 4250 | G41: ='05'!K41 -> 4250 | H41: ='06'!K41 -> 4250 | I41: ='07'!K41 -> 4250 | J41: ='08'!K41 -> 4250 | K41: ='09'!K41 -> 4250 | L41: ='10'!K41 -> 4250 | M41: ='11'!K41 -> 4250 | N41: ='12'!K41 -> 4250 | O41: ='13'!K41 -> 4250 | P41: ='14'!K41 -> 4250 | Q41: ='15'!K41 -> 4250 | R41: ='16'!K41 -> 4250 | S41: ='17'!K41 -> 4250 | T41: ='18'!K41 -> 4250 | U41: ='19'!K41 -> 4250 | V41: ='20'!K41 -> 4250 | W41: ='21'!K41 -> 4250 | X41: ='22'!K41 -> 4250 | Y41: ='23'!K41 -> 4250 | Z41: ='24'!K41 -> 4250 | AA41: ='25'!K41 -> 4250 | AB41: ='26'!K41 -> 4250 | AC41: ='27'!K41 -> 4250 | AD41: ='28'!K41 -> 4250 | AE41: ='29'!K41 -> 4250 | AF41: ='30'!K41 -> 4250 | AG41: ='31'!K41 -> 4250 | AI41: =AG41-C41 -> 0 | AJ41: =AVERAGE(C41:AG41) -> 4250
B42: - Tempe Kw III (campuran kulit) | C42: ='01'!K42 -> 2500 | D42: ='02'!K42 -> 2500 | E42: ='03'!K42 -> 2500 | F42: ='04'!K42 -> 2500 | G42: ='05'!K42 -> 2500 | H42: ='06'!K42 -> 2500 | I42: ='07'!K42 -> 2500 | J42: ='08'!K42 -> 2500 | K42: ='09'!K42 -> 2500 | L42: ='10'!K42 -> 2500 | M42: ='11'!K42 -> 6000 | N42: ='12'!K42 -> 2500 | O42: ='13'!K42 -> 2500 | P42: ='14'!K42 -> 2500 | Q42: ='15'!K42 -> 2500 | R42: ='16'!K42 -> 2500 | S42: ='17'!K42 -> 2500 | T42: ='18'!K42 -> 2500 | U42: ='19'!K42 -> 2500 | V42: ='20'!K42 -> 2500 | W42: ='21'!K42 -> 2500 | X42: ='22'!K42 -> 2500 | Y42: ='23'!K42 -> 2500 | Z42: ='24'!K42 -> 2500 | AA42: ='25'!K42 -> 2500 | AB42: ='26'!K42 -> 2500 | AC42: ='27'!K42 -> 2500 | AD42: ='28'!K42 -> 2500 | AE42: ='29'!K42 -> 2500 | AF42: ='30'!K42 -> 2500 | AG42: ='31'!K42 -> 2500 | AI42: =AG42-C42 -> 0 | AJ42: =AVERAGE(C42:AG42) -> 2612.9032
A43: 10 | B43: S U S U | C43: ='01'!K43 -> 0 | D43: ='02'!K43 -> 0 | E43: ='03'!K43 -> 0 | F43: ='04'!K43 -> 0 | G43: ='05'!K43 -> 0 | H43: ='06'!K43 -> 0 | I43: ='07'!K43 -> 0 | J43: ='08'!K43 -> 0 | K43: ='09'!K43 -> 0 | L43: ='10'!K43 -> 0 | M43: ='11'!K43 -> 0 | N43: ='12'!K43 -> 0 | O43: ='13'!K43 -> 0 | P43: ='14'!K43 -> 0 | Q43: ='15'!K43 -> 0 | R43: ='16'!K43 -> 0 | S43: ='17'!K43 -> 0 | T43: ='18'!K43 -> 0 | U43: ='19'!K43 -> 0 | V43: ='20'!K43 -> 0 | W43: ='21'!K43 -> 0 | X43: ='22'!K43 -> 0 | Y43: ='23'!K43 -> 0 | Z43: ='24'!K43 -> 0 | AA43: ='25'!K43 -> 0 | AB43: ='26'!K43 -> 0 | AC43: ='27'!K43 -> 0 | AD43: ='28'!K43 -> 0 | AE43: ='29'!K43 -> 0 | AF43: ='30'!K43 -> 0 | AG43: ='31'!K43 -> 0 | AI43: =AG43-C43 -> 0 | AJ43: =AVERAGE(C43:AG43) -> 0
B44: - Susu Kental Manis "INDOMILK" Putih | C44: ='01'!K44 -> 12416.667 | D44: ='02'!K44 -> 12416.667 | E44: ='03'!K44 -> 12416.667 | F44: ='04'!K44 -> 12416.667 | G44: ='05'!K44 -> 12500 | H44: ='06'!K44 -> 12500 | I44: ='07'!K44 -> 12416.667 | J44: ='08'!K44 -> 12333.333 | K44: ='09'!K44 -> 12333.333 | L44: ='10'!K44 -> 12333.333 | M44: ='11'!K44 -> 12333.333 | N44: ='12'!K44 -> 12333.333 | O44: ='13'!K44 -> 12333.333 | P44: ='14'!K44 -> 12333.333 | Q44: ='15'!K44 -> 12333.333 | R44: ='16'!K44 -> 12333.333 | S44: ='17'!K44 -> 12416.667 | T44: ='18'!K44 -> 12333.333 | U44: ='19'!K44 -> 12333.333 | V44: ='20'!K44 -> 12333.333 | W44: ='21'!K44 -> 12333.333 | X44: ='22'!K44 -> 12333.333 | Y44: ='23'!K44 -> 12333.333 | Z44: ='24'!K44 -> 12333.333 | AA44: ='25'!K44 -> 12333.333 | AB44: ='26'!K44 -> 12333.333 | AC44: ='27'!K44 -> 12333.333 | AD44: ='28'!K44 -> 12333.333 | AE44: ='29'!K44 -> 12333.333 | AF44: ='30'!K44 -> 12333.333 | AG44: ='31'!K44 -> 12333.333 | AI44: =AG44-C44 -> -83.333333 | AJ44: =AVERAGE(C44:AG44) -> 12360.215
B45: - Susu Bubuk "DANCOW" Full Cream | C45: ='01'!K45 -> 12583.333 | D45: ='02'!K45 -> 12583.333 | E45: ='03'!K45 -> 12583.333 | F45: ='04'!K45 -> 12583.333 | G45: ='05'!K45 -> 12666.667 | H45: ='06'!K45 -> 12666.667 | I45: ='07'!K45 -> 12583.333 | J45: ='08'!K45 -> 12500 | K45: ='09'!K45 -> 12500 | L45: ='10'!K45 -> 12500 | M45: ='11'!K45 -> 12500 | N45: ='12'!K45 -> 12666.667 | O45: ='13'!K45 -> 12666.667 | P45: ='14'!K45 -> 12500 | Q45: ='15'!K45 -> 12500 | R45: ='16'!K45 -> 12500 | S45: ='17'!K45 -> 12583.333 | T45: ='18'!K45 -> 12500 | U45: ='19'!K45 -> 12500 | V45: ='20'!K45 -> 12500 | W45: ='21'!K45 -> 12500 | X45: ='22'!K45 -> 12500 | Y45: ='23'!K45 -> 12500 | Z45: ='24'!K45 -> 12500 | AA45: ='25'!K45 -> 12500 | AB45: ='26'!K45 -> 12500 | AC45: ='27'!K45 -> 12500 | AD45: ='28'!K45 -> 12500 | AE45: ='29'!K45 -> 12500 | AF45: ='30'!K45 -> 12500 | AG45: ='31'!K45 -> 12500 | AI45: =AG45-C45 -> -83.333333 | AJ45: =AVERAGE(C45:AG45) -> 12537.634
A46: 11 | B46: SABUN CUCI | C46: ='01'!K46 -> 0 | D46: ='02'!K46 -> 0 | E46: ='03'!K46 -> 0 | F46: ='04'!K46 -> 0 | G46: ='05'!K46 -> 0 | H46: ='06'!K46 -> 0 | I46: ='07'!K46 -> 0 | J46: ='08'!K46 -> 0 | K46: ='09'!K46 -> 0 | L46: ='10'!K46 -> 0 | M46: ='11'!K46 -> 0 | N46: ='12'!K46 -> 0 | O46: ='13'!K46 -> 0 | P46: ='14'!K46 -> 0 | Q46: ='15'!K46 -> 0 | R46: ='16'!K46 -> 0 | S46: ='17'!K46 -> 0 | T46: ='18'!K46 -> 0 | U46: ='19'!K46 -> 0 | V46: ='20'!K46 -> 0 | W46: ='21'!K46 -> 0 | X46: ='22'!K46 -> 0 | Y46: ='23'!K46 -> 0 | Z46: ='24'!K46 -> 0 | AA46: ='25'!K46 -> 0 | AB46: ='26'!K46 -> 0 | AC46: ='27'!K46 -> 0 | AD46: ='28'!K46 -> 0 | AE46: ='29'!K46 -> 0 | AF46: ='30'!K46 -> 0 | AG46: ='31'!K46 -> 0 | AI46: =AG46-C46 -> 0 | AJ46: =AVERAGE(C46:AG46) -> 0
B47: - Sabun Detergen Rinso (Anti Noda) | C47: ='01'!K47 -> 17500 | D47: ='02'!K47 -> 17500 | E47: ='03'!K47 -> 17500 | F47: ='04'!K47 -> 17500 | G47: ='05'!K47 -> 17500 | H47: ='06'!K47 -> 17500 | I47: ='07'!K47 -> 17500 | J47: ='08'!K47 -> 17500 | K47: ='09'!K47 -> 17500 | L47: ='10'!K47 -> 17500 | M47: ='11'!K47 -> 17500 | N47: ='12'!K47 -> 17500 | O47: ='13'!K47 -> 17500 | P47: ='14'!K47 -> 17500 | Q47: ='15'!K47 -> 17500 | R47: ='16'!K47 -> 17500 | S47: ='17'!K47 -> 17500 | T47: ='18'!K47 -> 17500 | U47: ='19'!K47 -> 17500 | V47: ='20'!K47 -> 17500 | W47: ='21'!K47 -> 17500 | X47: ='22'!K47 -> 17500 | Y47: ='23'!K47 -> 17500 | Z47: ='24'!K47 -> 17500 | AA47: ='25'!K47 -> 17500 | AB47: ='26'!K47 -> 17500 | AC47: ='27'!K47 -> 17500 | AD47: ='28'!K47 -> 17500 | AE47: ='29'!K47 -> 17500 | AF47: ='30'!K47 -> 17500 | AG47: ='31'!K47 -> 17500 | AI47: =AG47-C47 -> 0 | AJ47: =AVERAGE(C47:AG47) -> 17500
B48: - Sabun Colek "Wing's Biru" | C48: ='01'!K48 -> 2000 | D48: ='02'!K48 -> 2000 | E48: ='03'!K48 -> 2000 | F48: ='04'!K48 -> 2000 | G48: ='05'!K48 -> 2000 | H48: ='06'!K48 -> 2000 | I48: ='07'!K48 -> 2000 | J48: ='08'!K48 -> 2000 | K48: ='09'!K48 -> 2000 | L48: ='10'!K48 -> 2000 | M48: ='11'!K48 -> 2000 | N48: ='12'!K48 -> 2000 | O48: ='13'!K48 -> 2000 | P48: ='14'!K48 -> 2000 | Q48: ='15'!K48 -> 2000 | R48: ='16'!K48 -> 2000 | S48: ='17'!K48 -> 2000 | T48: ='18'!K48 -> 2000 | U48: ='19'!K48 -> 2000 | V48: ='20'!K48 -> 2000 | W48: ='21'!K48 -> 2000 | X48: ='22'!K48 -> 2000 | Y48: ='23'!K48 -> 2000 | Z48: ='24'!K48 -> 2000 | AA48: ='25'!K48 -> 2000 | AB48: ='26'!K48 -> 2000 | AC48: ='27'!K48 -> 2000 | AD48: ='28'!K48 -> 2000 | AE48: ='29'!K48 -> 2000 | AF48: ='30'!K48 -> 2000 | AG48: ='31'!K48 -> 2000 | AI48: =AG48-C48 -> 0 | AJ48: =AVERAGE(C48:AG48) -> 2000
A49: 12 | B49: JAGUNG | C49: ='01'!K49 -> 0 | D49: ='02'!K49 -> 0 | E49: ='03'!K49 -> 0 | F49: ='04'!K49 -> 0 | G49: ='05'!K49 -> 0 | H49: ='06'!K49 -> 0 | I49: ='07'!K49 -> 0 | J49: ='08'!K49 -> 0 | K49: ='09'!K49 -> 0 | L49: ='10'!K49 -> 0 | M49: ='11'!K49 -> 0 | N49: ='12'!K49 -> 0 | O49: ='13'!K49 -> 0 | P49: ='14'!K49 -> 0 | Q49: ='15'!K49 -> 0 | R49: ='16'!K49 -> 0 | S49: ='17'!K49 -> 0 | T49: ='18'!K49 -> 0 | U49: ='19'!K49 -> 0 | V49: ='20'!K49 -> 0 | W49: ='21'!K49 -> 0 | X49: ='22'!K49 -> 0 | Y49: ='23'!K49 -> 0 | Z49: ='24'!K49 -> 0 | AA49: ='25'!K49 -> 0 | AB49: ='26'!K49 -> 0 | AC49: ='27'!K49 -> 0 | AD49: ='28'!K49 -> 0 | AE49: ='29'!K49 -> 0 | AF49: ='30'!K49 -> 0 | AG49: ='31'!K49 -> 0 | AI49: =AG49-C49 -> 0 | AJ49: =AVERAGE(C49:AG49) -> 0
B50: - Jagung Pipilan Kering (Jenis Kecil) | C50: ='01'!K50 -> 9285.7143 | D50: ='02'!K50 -> 9428.5714 | E50: ='03'!K50 -> 9285.7143 | F50: ='04'!K50 -> 9285.7143 | G50: ='05'!K50 -> 9285.7143 | H50: ='06'!K50 -> 9285.7143 | I50: ='07'!K50 -> 9285.7143 | J50: ='08'!K50 -> 9285.7143 | K50: ='09'!K50 -> 9285.7143 | L50: ='10'!K50 -> 9285.7143 | M50: ='11'!K50 -> 9285.7143 | N50: ='12'!K50 -> 9571.4286 | O50: ='13'!K50 -> 9571.4286 | P50: ='14'!K50 -> 9285.7143 | Q50: ='15'!K50 -> 9285.7143 | R50: ='16'!K50 -> 9285.7143 | S50: ='17'!K50 -> 9285.7143 | T50: ='18'!K50 -> 9285.7143 | U50: ='19'!K50 -> 9285.7143 | V50: ='20'!K50 -> 9428.5714 | W50: ='21'!K50 -> 9285.7143 | X50: ='22'!K50 -> 9285.7143 | Y50: ='23'!K50 -> 9285.7143 | Z50: ='24'!K50 -> 9285.7143 | AA50: ='25'!K50 -> 9285.7143 | AB50: ='26'!K50 -> 9285.7143 | AC50: ='27'!K50 -> 9285.7143 | AD50: ='28'!K50 -> 9285.7143 | AE50: ='29'!K50 -> 9285.7143 | AF50: ='30'!K50 -> 9285.7143 | AG50: ='31'!K50 -> 9285.7143 | AI50: =AG50-C50 -> 0 | AJ50: =AVERAGE(C50:AG50) -> 9313.3641
B51: - Jagung Pipilan Kering (Jenis Besar) | C51: ='01'!K51 -> 8333.3333 | D51: ='02'!K51 -> 8333.3333 | E51: ='03'!K51 -> 8333.3333 | F51: ='04'!K51 -> 8333.3333 | G51: ='05'!K51 -> 8333.3333 | H51: ='06'!K51 -> 8333.3333 | I51: ='07'!K51 -> 8333.3333 | J51: ='08'!K51 -> 8333.3333 | K51: ='09'!K51 -> 8333.3333 | L51: ='10'!K51 -> 8333.3333 | M51: ='11'!K51 -> 8333.3333 | N51: ='12'!K51 -> 8500 | O51: ='13'!K51 -> 8500 | P51: ='14'!K51 -> 8333.3333 | Q51: ='15'!K51 -> 8333.3333 | R51: ='16'!K51 -> 8333.3333 | S51: ='17'!K51 -> 8333.3333 | T51: ='18'!K51 -> 8333.3333 | U51: ='19'!K51 -> 8333.3333 | V51: ='20'!K51 -> 8500 | W51: ='21'!K51 -> 8333.3333 | X51: ='22'!K51 -> 8333.3333 | Y51: ='23'!K51 -> 8333.3333 | Z51: ='24'!K51 -> 8333.3333 | AA51: ='25'!K51 -> 8333.3333 | AB51: ='26'!K51 -> 8333.3333 | AC51: ='27'!K51 -> 8333.3333 | AD51: ='28'!K51 -> 8333.3333 | AE51: ='29'!K51 -> 8333.3333 | AF51: ='30'!K51 -> 8333.3333 | AG51: ='31'!K51 -> 8333.3333 | AI51: =AG51-C51 -> 0 | AJ51: =AVERAGE(C51:AG51) -> 8349.4624
A52: 13 | B52: GARAM BERYODIUM | C52: ='01'!K52 -> 0 | D52: ='02'!K52 -> 0 | E52: ='03'!K52 -> 0 | F52: ='04'!K52 -> 0 | G52: ='05'!K52 -> 0 | H52: ='06'!K52 -> 0 | I52: ='07'!K52 -> 0 | J52: ='08'!K52 -> 0 | K52: ='09'!K52 -> 0 | L52: ='10'!K52 -> 0 | M52: ='11'!K52 -> 0 | N52: ='12'!K52 -> 0 | O52: ='13'!K52 -> 0 | P52: ='14'!K52 -> 0 | Q52: ='15'!K52 -> 0 | R52: ='16'!K52 -> 0 | S52: ='17'!K52 -> 0 | T52: ='18'!K52 -> 0 | U52: ='19'!K52 -> 0 | V52: ='20'!K52 -> 0 | W52: ='21'!K52 -> 0 | X52: ='22'!K52 -> 0 | Y52: ='23'!K52 -> 0 | Z52: ='24'!K52 -> 0 | AA52: ='25'!K52 -> 0 | AB52: ='26'!K52 -> 0 | AC52: ='27'!K52 -> 0 | AD52: ='28'!K52 -> 0 | AE52: ='29'!K52 -> 0 | AF52: ='30'!K52 -> 0 | AG52: ='31'!K52 -> 0 | AI52: =AG52-C52 -> 0 | AJ52: =AVERAGE(C52:AG52) -> 0
B53: - Garam Halus (Cap Kapal) | C53: ='01'!K53 -> 4000 | D53: ='02'!K53 -> 4000 | E53: ='03'!K53 -> 4000 | F53: ='04'!K53 -> 4000 | G53: ='05'!K53 -> 4000 | H53: ='06'!K53 -> 4000 | I53: ='07'!K53 -> 4000 | J53: ='08'!K53 -> 4000 | K53: ='09'!K53 -> 4000 | L53: ='10'!K53 -> 4000 | M53: ='11'!K53 -> 4000 | N53: ='12'!K53 -> 4000 | O53: ='13'!K53 -> 4000 | P53: ='14'!K53 -> 4000 | Q53: ='15'!K53 -> 4000 | R53: ='16'!K53 -> 4000 | S53: ='17'!K53 -> 4000 | T53: ='18'!K53 -> 4000 | U53: ='19'!K53 -> 4000 | V53: ='20'!K53 -> 4000 | W53: ='21'!K53 -> 4000 | X53: ='22'!K53 -> 4000 | Y53: ='23'!K53 -> 4000 | Z53: ='24'!K53 -> 4000 | AA53: ='25'!K53 -> 4000 | AB53: ='26'!K53 -> 4000 | AC53: ='27'!K53 -> 4000 | AD53: ='28'!K53 -> 4000 | AE53: ='29'!K53 -> 4000 | AF53: ='30'!K53 -> 4000 | AG53: ='31'!K53 -> 4000 | AI53: =AG53-C53 -> 0 | AJ53: =AVERAGE(C53:AG53) -> 4000
A54: 14 | B54: TEPUNG TERIGU | C54: ='01'!K54 -> 0 | D54: ='02'!K54 -> 0 | E54: ='03'!K54 -> 0 | F54: ='04'!K54 -> 0 | G54: ='05'!K54 -> 0 | H54: ='06'!K54 -> 0 | I54: ='07'!K54 -> 0 | J54: ='08'!K54 -> 0 | K54: ='09'!K54 -> 0 | L54: ='10'!K54 -> 0 | M54: ='11'!K54 -> 0 | N54: ='12'!K54 -> 0 | O54: ='13'!K54 -> 0 | P54: ='14'!K54 -> 0 | Q54: ='15'!K54 -> 0 | R54: ='16'!K54 -> 0 | S54: ='17'!K54 -> 0 | T54: ='18'!K54 -> 0 | U54: ='19'!K54 -> 0 | V54: ='20'!K54 -> 0 | W54: ='21'!K54 -> 0 | X54: ='22'!K54 -> 0 | Y54: ='23'!K54 -> 0 | Z54: ='24'!K54 -> 0 | AA54: ='25'!K54 -> 0 | AB54: ='26'!K54 -> 0 | AC54: ='27'!K54 -> 0 | AD54: ='28'!K54 -> 0 | AE54: ='29'!K54 -> 0 | AF54: ='30'!K54 -> 0 | AG54: ='31'!K54 -> 0 | AI54: =AG54-C54 -> 0 | AJ54: =AVERAGE(C54:AG54) -> 0
B55: - Tepung Terigu "Segitiga Biru" Curah | C55: ='01'!K55 -> 10500 | D55: ='02'!K55 -> 10785.714 | E55: ='03'!K55 -> 10500 | F55: ='04'!K55 -> 10500 | G55: ='05'!K55 -> 10500 | H55: ='06'!K55 -> 10500 | I55: ='07'!K55 -> 10500 | J55: ='08'!K55 -> 10500 | K55: ='09'!K55 -> 10500 | L55: ='10'!K55 -> 10500 | M55: ='11'!K55 -> 10500 | N55: ='12'!K55 -> 10714.286 | O55: ='13'!K55 -> 10642.857 | P55: ='14'!K55 -> 10500 | Q55: ='15'!K55 -> 10500 | R55: ='16'!K55 -> 10500 | S55: ='17'!K55 -> 10500 | T55: ='18'!K55 -> 10500 | U55: ='19'!K55 -> 10500 | V55: ='20'!K55 -> 10500 | W55: ='21'!K55 -> 10500 | X55: ='22'!K55 -> 10500 | Y55: ='23'!K55 -> 10500 | Z55: ='24'!K55 -> 10500 | AA55: ='25'!K55 -> 10500 | AB55: ='26'!K55 -> 10500 | AC55: ='27'!K55 -> 10500 | AD55: ='28'!K55 -> 10500 | AE55: ='29'!K55 -> 10500 | AF55: ='30'!K55 -> 10500 | AG55: ='31'!K55 -> 10500 | AI55: =AG55-C55 -> 0 | AJ55: =AVERAGE(C55:AG55) -> 10520.737
A56: 15 | B56: KACANG-KACANGAN | C56: ='01'!K56 -> 0 | D56: ='02'!K56 -> 0 | E56: ='03'!K56 -> 0 | F56: ='04'!K56 -> 0 | G56: ='05'!K56 -> 0 | H56: ='06'!K56 -> 0 | I56: ='07'!K56 -> 0 | J56: ='08'!K56 -> 0 | K56: ='09'!K56 -> 0 | L56: ='10'!K56 -> 0 | M56: ='11'!K56 -> 0 | N56: ='12'!K56 -> 0 | O56: ='13'!K56 -> 0 | P56: ='14'!K56 -> 0 | Q56: ='15'!K56 -> 0 | R56: ='16'!K56 -> 0 | S56: ='17'!K56 -> 0 | T56: ='18'!K56 -> 0 | U56: ='19'!K56 -> 0 | V56: ='20'!K56 -> 0 | W56: ='21'!K56 -> 0 | X56: ='22'!K56 -> 0 | Y56: ='23'!K56 -> 0 | Z56: ='24'!K56 -> 0 | AA56: ='25'!K56 -> 0 | AB56: ='26'!K56 -> 0 | AC56: ='27'!K56 -> 0 | AD56: ='28'!K56 -> 0 | AE56: ='29'!K56 -> 0 | AF56: ='30'!K56 -> 0 | AG56: ='31'!K56 -> 0 | AI56: =AG56-C56 -> 0 | AJ56: =AVERAGE(C56:AG56) -> 0
B57: - Kacang Kedelai (Kualitas Import) | C57: ='01'!K57 -> 13500 | D57: ='02'!K57 -> 13500 | E57: ='03'!K57 -> 13666.667 | F57: ='04'!K57 -> 13666.667 | G57: ='05'!K57 -> 13666.667 | H57: ='06'!K57 -> 13666.667 | I57: ='07'!K57 -> 13666.667 | J57: ='08'!K57 -> 13666.667 | K57: ='09'!K57 -> 13666.667 | L57: ='10'!K57 -> 13666.667 | M57: ='11'!K57 -> 13666.667 | N57: ='12'!K57 -> 13666.667 | O57: ='13'!K57 -> 13666.667 | P57: ='14'!K57 -> 13666.667 | Q57: ='15'!K57 -> 13666.667 | R57: ='16'!K57 -> 13666.667 | S57: ='17'!K57 -> 13666.667 | T57: ='18'!K57 -> 13666.667 | U57: ='19'!K57 -> 13666.667 | V57: ='20'!K57 -> 13666.667 | W57: ='21'!K57 -> 13666.667 | X57: ='22'!K57 -> 13666.667 | Y57: ='23'!K57 -> 13666.667 | Z57: ='24'!K57 -> 13666.667 | AA57: ='25'!K57 -> 13666.667 | AB57: ='26'!K57 -> 13666.667 | AC57: ='27'!K57 -> 13666.667 | AD57: ='28'!K57 -> 13666.667 | AE57: ='29'!K57 -> 13666.667 | AF57: ='30'!K57 -> 13666.667 | AG57: ='31'!K57 -> 13666.667 | AH57: 6800 | AI57: =AG57-C57 -> 166.66667 | AJ57: =AVERAGE(C57:AG57) -> 13655.914
B58: - Kacang Kedelai (Kualitas Lokal) | C58: ='01'!K58 -> 13000 | D58: ='02'!K58 -> 12500 | E58: ='03'!K58 -> 13000 | F58: ='04'!K58 -> 13000 | G58: ='05'!K58 -> 13000 | H58: ='06'!K58 -> 13000 | I58: ='07'!K58 -> 13000 | J58: ='08'!K58 -> 13000 | K58: ='09'!K58 -> 13000 | L58: ='10'!K58 -> 13000 | M58: ='11'!K58 -> 13000 | N58: ='12'!K58 -> 13000 | O58: ='13'!K58 -> 13000 | P58: ='14'!K58 -> 13000 | Q58: ='15'!K58 -> 13000 | R58: ='16'!K58 -> 13000 | S58: ='17'!K58 -> 13000 | T58: ='18'!K58 -> 13000 | U58: ='19'!K58 -> 13000 | V58: ='20'!K58 -> 13000 | W58: ='21'!K58 -> 13000 | X58: ='22'!K58 -> 13000 | Y58: ='23'!K58 -> 13000 | Z58: ='24'!K58 -> 13000 | AA58: ='25'!K58 -> 13000 | AB58: ='26'!K58 -> 13000 | AC58: ='27'!K58 -> 13000 | AD58: ='28'!K58 -> 13000 | AE58: ='29'!K58 -> 13000 | AF58: ='30'!K58 -> 13000 | AG58: ='31'!K58 -> 13000 | AH58: 9200 | AI58: =AG58-C58 -> 0 | AJ58: =AVERAGE(C58:AG58) -> 12983.871
B59: - Kacang Hijau | C59: ='01'!K59 -> 23142.857 | D59: ='02'!K59 -> 23142.857 | E59: ='03'!K59 -> 23142.857 | F59: ='04'!K59 -> 23142.857 | G59: ='05'!K59 -> 22714.286 | H59: ='06'!K59 -> 22714.286 | I59: ='07'!K59 -> 23142.857 | J59: ='08'!K59 -> 23142.857 | K59: ='09'!K59 -> 23142.857 | L59: ='10'!K59 -> 23142.857 | M59: ='11'!K59 -> 23142.857 | N59: ='12'!K59 -> 23571.429 | O59: ='13'!K59 -> 23428.571 | P59: ='14'!K59 -> 23142.857 | Q59: ='15'!K59 -> 23142.857 | R59: ='16'!K59 -> 23000 | S59: ='17'!K59 -> 23000 | T59: ='18'!K59 -> 23142.857 | U59: ='19'!K59 -> 23142.857 | V59: ='20'!K59 -> 23428.571 | W59: ='21'!K59 -> 23142.857 | X59: ='22'!K59 -> 23142.857 | Y59: ='23'!K59 -> 23142.857 | Z59: ='24'!K59 -> 23142.857 | AA59: ='25'!K59 -> 23142.857 | AB59: ='26'!K59 -> 23142.857 | AC59: ='27'!K59 -> 23142.857 | AD59: ='28'!K59 -> 23142.857 | AE59: ='29'!K59 -> 23142.857 | AF59: ='30'!K59 -> 23142.857 | AG59: ='31'!K59 -> 23142.857 | AI59: =AG59-C59 -> 0 | AJ59: =AVERAGE(C59:AG59) -> 23138.249
B60: - Kacang Tanah (Jenis Besar) | C60: ='01'!K60 -> 28571.429 | D60: ='02'!K60 -> 28714.286 | E60: ='03'!K60 -> 28714.286 | F60: ='04'!K60 -> 28714.286 | G60: ='05'!K60 -> 29000 | H60: ='06'!K60 -> 29000 | I60: ='07'!K60 -> 28714.286 | J60: ='08'!K60 -> 28714.286 | K60: ='09'!K60 -> 28714.286 | L60: ='10'!K60 -> 28714.286 | M60: ='11'!K60 -> 28714.286 | N60: ='12'!K60 -> 28714.286 | O60: ='13'!K60 -> 28571.429 | P60: ='14'!K60 -> 28714.286 | Q60: ='15'!K60 -> 28714.286 | R60: ='16'!K60 -> 28714.286 | S60: ='17'!K60 -> 28714.286 | T60: ='18'!K60 -> 28714.286 | U60: ='19'!K60 -> 28714.286 | V60: ='20'!K60 -> 28714.286 | W60: ='21'!K60 -> 28714.286 | X60: ='22'!K60 -> 28714.286 | Y60: ='23'!K60 -> 28714.286 | Z60: ='24'!K60 -> 28714.286 | AA60: ='25'!K60 -> 28714.286 | AB60: ='26'!K60 -> 28714.286 | AC60: ='27'!K60 -> 28714.286 | AD60: ='28'!K60 -> 28714.286 | AE60: ='29'!K60 -> 28714.286 | AF60: ='30'!K60 -> 28714.286 | AG60: ='31'!K60 -> 28714.286 | AI60: =AG60-C60 -> 142.85714 | AJ60: =AVERAGE(C60:AG60) -> 28723.502
A61: 16 | B61: MIE INSTAN | C61: ='01'!K61 -> 0 | D61: ='02'!K61 -> 0 | E61: ='03'!K61 -> 0 | F61: ='04'!K61 -> 0 | G61: ='05'!K61 -> 0 | H61: ='06'!K61 -> 0 | I61: ='07'!K61 -> 0 | J61: ='08'!K61 -> 0 | K61: ='09'!K61 -> 0 | L61: ='10'!K61 -> 0 | M61: ='11'!K61 -> 0 | N61: ='12'!K61 -> 0 | O61: ='13'!K61 -> 0 | P61: ='14'!K61 -> 0 | Q61: ='15'!K61 -> 0 | R61: ='16'!K61 -> 0 | S61: ='17'!K61 -> 0 | T61: ='18'!K61 -> 0 | U61: ='19'!K61 -> 0 | V61: ='20'!K61 -> 0 | W61: ='21'!K61 -> 0 | X61: ='22'!K61 -> 0 | Y61: ='23'!K61 -> 0 | Z61: ='24'!K61 -> 0 | AA61: ='25'!K61 -> 0 | AB61: ='26'!K61 -> 0 | AC61: ='27'!K61 -> 0 | AD61: ='28'!K61 -> 0 | AE61: ='29'!K61 -> 0 | AF61: ='30'!K61 -> 0 | AG61: ='31'!K61 -> 0 | AI61: =AG61-C61 -> 0 | AJ61: =AVERAGE(C61:AG61) -> 0
B62: - Indomie Goreng | C62: ='01'!K62 -> 3200 | D62: ='02'!K62 -> 3200 | E62: ='03'!K62 -> 3200 | F62: ='04'!K62 -> 3200 | G62: ='05'!K62 -> 3200 | H62: ='06'!K62 -> 3200 | I62: ='07'!K62 -> 3200 | J62: ='08'!K62 -> 3200 | K62: ='09'!K62 -> 3200 | L62: ='10'!K62 -> 3200 | M62: ='11'!K62 -> 3166.6667 | N62: ='12'!K62 -> 3200 | O62: ='13'!K62 -> 3200 | P62: ='14'!K62 -> 3200 | Q62: ='15'!K62 -> 3200 | R62: ='16'!K62 -> 3200 | S62: ='17'!K62 -> 3200 | T62: ='18'!K62 -> 3200 | U62: ='19'!K62 -> 3200 | V62: ='20'!K62 -> 3200 | W62: ='21'!K62 -> 3200 | X62: ='22'!K62 -> 3200 | Y62: ='23'!K62 -> 3200 | Z62: ='24'!K62 -> 3200 | AA62: ='25'!K62 -> 3200 | AB62: ='26'!K62 -> 3200 | AC62: ='27'!K62 -> 3200 | AD62: ='28'!K62 -> 3200 | AE62: ='29'!K62 -> 3200 | AF62: ='30'!K62 -> 3200 | AG62: ='31'!K62 -> 3200 | AI62: =AG62-C62 -> 0 | AJ62: =AVERAGE(C62:AG62) -> 3198.9247
A63: 17 | B63: C A B E | C63: ='01'!K63 -> 0 | D63: ='02'!K63 -> 0 | E63: ='03'!K63 -> 0 | F63: ='04'!K63 -> 0 | G63: ='05'!K63 -> 0 | H63: ='06'!K63 -> 0 | I63: ='07'!K63 -> 0 | J63: ='08'!K63 -> 0 | K63: ='09'!K63 -> 0 | L63: ='10'!K63 -> 0 | M63: ='11'!K63 -> 0 | N63: ='12'!K63 -> 0 | O63: ='13'!K63 -> 0 | P63: ='14'!K63 -> 0 | Q63: ='15'!K63 -> 0 | R63: ='16'!K63 -> 0 | S63: ='17'!K63 -> 0 | T63: ='18'!K63 -> 0 | U63: ='19'!K63 -> 0 | V63: ='20'!K63 -> 0 | W63: ='21'!K63 -> 0 | X63: ='22'!K63 -> 0 | Y63: ='23'!K63 -> 0 | Z63: ='24'!K63 -> 0 | AA63: ='25'!K63 -> 0 | AB63: ='26'!K63 -> 0 | AC63: ='27'!K63 -> 0 | AD63: ='28'!K63 -> 0 | AE63: ='29'!K63 -> 0 | AF63: ='30'!K63 -> 0 | AG63: ='31'!K63 -> 0 | AI63: =AG63-C63 -> 0 | AJ63: =AVERAGE(C63:AG63) -> 0
B64: - Cabe Merah Besar | C64: ='01'!K64 -> 24285.714 | D64: ='02'!K64 -> 26285.714 | E64: ='03'!K64 -> 28571.429 | F64: ='04'!K64 -> 28000 | G64: ='05'!K64 -> 28285.714 | H64: ='06'!K64 -> 28571.429 | I64: ='07'!K64 -> 28285.714 | J64: ='08'!K64 -> 28000 | K64: ='09'!K64 -> 28714.286 | L64: ='10'!K64 -> 28714.286 | M64: ='11'!K64 -> 29142.857 | N64: ='12'!K64 -> 29142.857 | O64: ='13'!K64 -> 28571.429 | P64: ='14'!K64 -> 27571.429 | Q64: ='15'!K64 -> 29285.714 | R64: ='16'!K64 -> 28571.429 | S64: ='17'!K64 -> 28857.143 | T64: ='18'!K64 -> 30142.857 | U64: ='19'!K64 -> 30142.857 | V64: ='20'!K64 -> 32285.714 | W64: ='21'!K64 -> 31285.714 | X64: ='22'!K64 -> 31857.143 | Y64: ='23'!K64 -> 31428.571 | Z64: ='24'!K64 -> 30857.143 | AA64: ='25'!K64 -> 33142.857 | AB64: ='26'!K64 -> 33142.857 | AC64: ='27'!K64 -> 32857.143 | AD64: ='28'!K64 -> 32285.714 | AE64: ='29'!K64 -> 35000 | AF64: ='30'!K64 -> 35285.714 | AG64: ='31'!K64 -> 34571.429 | AI64: =AG64-C64 -> 10285.714 | AJ64: =AVERAGE(C64:AG64) -> 30101.382
B65: - Cabe Merah Kriting | C65: ='01'!K65 -> 24000 | D65: ='02'!K65 -> 26200 | E65: ='03'!K65 -> 26400 | F65: ='04'!K65 -> 27600 | G65: ='05'!K65 -> 27600 | H65: ='06'!K65 -> 27600 | I65: ='07'!K65 -> 26000 | J65: ='08'!K65 -> 28600 | K65: ='09'!K65 -> 29200 | L65: ='10'!K65 -> 29200 | M65: ='11'!K65 -> 29200 | N65: ='12'!K65 -> 29200 | O65: ='13'!K65 -> 29200 | P65: ='14'!K65 -> 31200 | Q65: ='15'!K65 -> 31600 | R65: ='16'!K65 -> 31600 | S65: ='17'!K65 -> 29200 | T65: ='18'!K65 -> 30000 | U65: ='19'!K65 -> 28600 | V65: ='20'!K65 -> 31200 | W65: ='21'!K65 -> 29800 | X65: ='22'!K65 -> 30200 | Y65: ='23'!K65 -> 32600 | Z65: ='24'!K65 -> 30600 | AA65: ='25'!K65 -> 31400 | AB65: ='26'!K65 -> 31000 | AC65: ='27'!K65 -> 32000 | AD65: ='28'!K65 -> 29600 | AE65: ='29'!K65 -> 31600 | AF65: ='30'!K65 -> 31600 | AG65: ='31'!K65 -> 30600 | AI65: =AG65-C65 -> 6600 | AJ65: =AVERAGE(C65:AG65) -> 29496.774
B66: - Cabe Merah Kecil-Rawit | C66: ='01'!K66 -> 33142.857 | D66: ='02'!K66 -> 34571.429 | E66: ='03'!K66 -> 35000 | F66: ='04'!K66 -> 35000 | G66: ='05'!K66 -> 35714.286 | H66: ='06'!K66 -> 35714.286 | I66: ='07'!K66 -> 37571.429 | J66: ='08'!K66 -> 38714.286 | K66: ='09'!K66 -> 36142.857 | L66: ='10'!K66 -> 36000 | M66: ='11'!K66 -> 36000 | N66: ='12'!K66 -> 36857.143 | O66: ='13'!K66 -> 36571.429 | P66: ='14'!K66 -> 38142.857 | Q66: ='15'!K66 -> 39000 | R66: ='16'!K66 -> 39142.857 | S66: ='17'!K66 -> 38142.857 | T66: ='18'!K66 -> 37571.429 | U66: ='19'!K66 -> 37428.571 | V66: ='20'!K66 -> 36285.714 | W66: ='21'!K66 -> 35714.286 | X66: ='22'!K66 -> 35857.143 | Y66: ='23'!K66 -> 34857.143 | Z66: ='24'!K66 -> 35857.143 | AA66: ='25'!K66 -> 33285.714 | AB66: ='26'!K66 -> 32857.143 | AC66: ='27'!K66 -> 28857.143 | AD66: ='28'!K66 -> 29285.714 | AE66: ='29'!K66 -> 26285.714 | AF66: ='30'!K66 -> 25571.429 | AG66: ='31'!K66 -> 25571.429 | AI66: =AG66-C66 -> -7571.4286 | AJ66: =AVERAGE(C66:AG66) -> 34732.719
A67: 18 | B67: BAHAN BAKAR GAS LPG | C67: ='01'!K67 -> 0 | D67: ='02'!K67 -> 0 | E67: ='03'!K67 -> 0 | F67: ='04'!K67 -> 0 | G67: ='05'!K67 -> 0 | H67: ='06'!K67 -> 0 | I67: ='07'!K67 -> 0 | J67: ='08'!K67 -> 0 | K67: ='09'!K67 -> 0 | L67: ='10'!K67 -> 0 | M67: ='11'!K67 -> 0 | N67: ='12'!K67 -> 0 | O67: ='13'!K67 -> 0 | P67: ='14'!K67 -> 0 | Q67: ='15'!K67 -> 0 | R67: ='16'!K67 -> 0 | S67: ='17'!K67 -> 0 | T67: ='18'!K67 -> 0 | U67: ='19'!K67 -> 0 | V67: ='20'!K67 -> 0 | W67: ='21'!K67 -> 0 | X67: ='22'!K67 -> 0 | Y67: ='23'!K67 -> 0 | Z67: ='24'!K67 -> 0 | AA67: ='25'!K67 -> 0 | AB67: ='26'!K67 -> 0 | AC67: ='27'!K67 -> 0 | AD67: ='28'!K67 -> 0 | AE67: ='29'!K67 -> 0 | AF67: ='30'!K67 -> 0 | AG67: ='31'!K67 -> 0 | AI67: =AG67-C67 -> 0 | AJ67: =AVERAGE(C67:AG67) -> 0
B68: - Gas LPG Tabung (3 Kg.) | C68: ='01'!K68 -> 18333.333 | D68: ='02'!K68 -> 18333.333 | E68: ='03'!K68 -> 18333.333 | F68: ='04'!K68 -> 18333.333 | G68: ='05'!K68 -> 18333.333 | H68: ='06'!K68 -> 18333.333 | I68: ='07'!K68 -> 18333.333 | J68: ='08'!K68 -> 18333.333 | K68: ='09'!K68 -> 18333.333 | L68: ='10'!K68 -> 18333.333 | M68: ='11'!K68 -> 18333.333 | N68: ='12'!K68 -> 18333.333 | O68: ='13'!K68 -> 18333.333 | P68: ='14'!K68 -> 18333.333 | Q68: ='15'!K68 -> 18333.333 | R68: ='16'!K68 -> 18333.333 | S68: ='17'!K68 -> 18333.333 | T68: ='18'!K68 -> 18333.333 | U68: ='19'!K68 -> 18333.333 | V68: ='20'!K68 -> 18333.333 | W68: ='21'!K68 -> 18333.333 | X68: ='22'!K68 -> 18333.333 | Y68: ='23'!K68 -> 18333.333 | Z68: ='24'!K68 -> 18333.333 | AA68: ='25'!K68 -> 18333.333 | AB68: ='26'!K68 -> 18333.333 | AC68: ='27'!K68 -> 18666.667 | AD68: ='28'!K68 -> 18666.667 | AE68: ='29'!K68 -> 18666.667 | AF68: ='30'!K68 -> 18666.667 | AG68: ='31'!K68 -> 18666.667 | AI68: =AG68-C68 -> 333.33333 | AJ68: =AVERAGE(C68:AG68) -> 18387.097
A69: 19 | B69: BAWANG | C69: ='01'!K69 -> 0 | D69: ='02'!K69 -> 0 | E69: ='03'!K69 -> 0 | F69: ='04'!K69 -> 0 | G69: ='05'!K69 -> 0 | H69: ='06'!K69 -> 0 | I69: ='07'!K69 -> 0 | J69: ='08'!K69 -> 0 | K69: ='09'!K69 -> 0 | L69: ='10'!K69 -> 0 | M69: ='11'!K69 -> 0 | N69: ='12'!K69 -> 0 | O69: ='13'!K69 -> 0 | P69: ='14'!K69 -> 0 | Q69: ='15'!K69 -> 0 | R69: ='16'!K69 -> 0 | S69: ='17'!K69 -> 0 | T69: ='18'!K69 -> 0 | U69: ='19'!K69 -> 0 | V69: ='20'!K69 -> 0 | W69: ='21'!K69 -> 0 | X69: ='22'!K69 -> 0 | Y69: ='23'!K69 -> 0 | Z69: ='24'!K69 -> 0 | AA69: ='25'!K69 -> 0 | AB69: ='26'!K69 -> 0 | AC69: ='27'!K69 -> 0 | AD69: ='28'!K69 -> 0 | AE69: ='29'!K69 -> 0 | AF69: ='30'!K69 -> 0 | AG69: ='31'!K69 -> 0 | AI69: =AG69-C69 -> 0 | AJ69: =AVERAGE(C69:AG69) -> 0
B70: - Bawang Putih (Jenis Kating) | C70: ='01'!K70 -> 36428.571 | D70: ='02'!K70 -> 36285.714 | E70: ='03'!K70 -> 36571.429 | F70: ='04'!K70 -> 36571.429 | G70: ='05'!K70 -> 36714.286 | H70: ='06'!K70 -> 37000 | I70: ='07'!K70 -> 37285.714 | J70: ='08'!K70 -> 36571.429 | K70: ='09'!K70 -> 36000 | L70: ='10'!K70 -> 35714.286 | M70: ='11'!K70 -> 35714.286 | N70: ='12'!K70 -> 36285.714 | O70: ='13'!K70 -> 35857.143 | P70: ='14'!K70 -> 36142.857 | Q70: ='15'!K70 -> 36000 | R70: ='16'!K70 -> 35714.286 | S70: ='17'!K70 -> 35571.429 | T70: ='18'!K70 -> 36000 | U70: ='19'!K70 -> 36000 | V70: ='20'!K70 -> 35857.143 | W70: ='21'!K70 -> 34857.143 | X70: ='22'!K70 -> 34571.429 | Y70: ='23'!K70 -> 34857.143 | Z70: ='24'!K70 -> 35142.857 | AA70: ='25'!K70 -> 35285.714 | AB70: ='26'!K70 -> 35000 | AC70: ='27'!K70 -> 35000 | AD70: ='28'!K70 -> 35142.857 | AE70: ='29'!K70 -> 34571.429 | AF70: ='30'!K70 -> 34857.143 | AG70: ='31'!K70 -> 34714.286 | AI70: =AG70-C70 -> -1714.2857 | AJ70: =AVERAGE(C70:AG70) -> 35751.152
B71: - Bawang Putih (Jenis Sinco) | C71: ='01'!K71 -> 35285.714 | D71: ='02'!K71 -> 34428.571 | E71: ='03'!K71 -> 35142.857 | F71: ='04'!K71 -> 35142.857 | G71: ='05'!K71 -> 35000 | H71: ='06'!K71 -> 35142.857 | I71: ='07'!K71 -> 34857.143 | J71: ='08'!K71 -> 33714.286 | K71: ='09'!K71 -> 33571.429 | L71: ='10'!K71 -> 33571.429 | M71: ='11'!K71 -> 33571.429 | N71: ='12'!K71 -> 33857.143 | O71: ='13'!K71 -> 33714.286 | P71: ='14'!K71 -> 33857.143 | Q71: ='15'!K71 -> 33857.143 | R71: ='16'!K71 -> 33428.571 | S71: ='17'!K71 -> 33857.143 | T71: ='18'!K71 -> 33428.571 | U71: ='19'!K71 -> 33285.714 | V71: ='20'!K71 -> 33428.571 | W71: ='21'!K71 -> 31857.143 | X71: ='22'!K71 -> 31571.429 | Y71: ='23'!K71 -> 31714.286 | Z71: ='24'!K71 -> 32142.857 | AA71: ='25'!K71 -> 33142.857 | AB71: ='26'!K71 -> 32857.143 | AC71: ='27'!K71 -> 33142.857 | AD71: ='28'!K71 -> 33142.857 | AE71: ='29'!K71 -> 33000 | AF71: ='30'!K71 -> 32857.143 | AG71: ='31'!K71 -> 32285.714 | AI71: =AG71-C71 -> -3000 | AJ71: =AVERAGE(C71:AG71) -> 33543.779
B72: - Bawang Merah (Kualitas Lokal) | C72: ='01'!K72 -> 24571.429 | D72: ='02'!K72 -> 24285.714 | E72: ='03'!K72 -> 25142.857 | F72: ='04'!K72 -> 25285.714 | G72: ='05'!K72 -> 25571.429 | H72: ='06'!K72 -> 25285.714 | I72: ='07'!K72 -> 25571.429 | J72: ='08'!K72 -> 25000 | K72: ='09'!K72 -> 23714.286 | L72: ='10'!K72 -> 24000 | M72: ='11'!K72 -> 23714.286 | N72: ='12'!K72 -> 24428.571 | O72: ='13'!K72 -> 24428.571 | P72: ='14'!K72 -> 23428.571 | Q72: ='15'!K72 -> 24000 | R72: ='16'!K72 -> 23714.286 | S72: ='17'!K72 -> 23571.429 | T72: ='18'!K72 -> 23000 | U72: ='19'!K72 -> 22714.286 | V72: ='20'!K72 -> 21857.143 | W72: ='21'!K72 -> 20285.714 | X72: ='22'!K72 -> 20428.571 | Y72: ='23'!K72 -> 20285.714 | Z72: ='24'!K72 -> 20857.143 | AA72: ='25'!K72 -> 20571.429 | AB72: ='26'!K72 -> 20571.429 | AC72: ='27'!K72 -> 20571.429 | AD72: ='28'!K72 -> 22000 | AE72: ='29'!K72 -> 21571.429 | AF72: ='30'!K72 -> 21285.714 | AG72: ='31'!K72 -> 21571.429 | AI72: =AG72-C72 -> -3000 | AJ72: =AVERAGE(C72:AG72) -> 23009.217
B73: - Bawang Bombay | C73: ='01'!K73 -> 28714.286 | D73: ='02'!K73 -> 28714.286 | E73: ='03'!K73 -> 28714.286 | F73: ='04'!K73 -> 28714.286 | G73: ='05'!K73 -> 28714.286 | H73: ='06'!K73 -> 28714.286 | I73: ='07'!K73 -> 29428.571 | J73: ='08'!K73 -> 31571.429 | K73: ='09'!K73 -> 31571.429 | L73: ='10'!K73 -> 31142.857 | M73: ='11'!K73 -> 29000 | N73: ='12'!K73 -> 28285.714 | O73: ='13'!K73 -> 28428.571 | P73: ='14'!K73 -> 28714.286 | Q73: ='15'!K73 -> 28714.286 | R73: ='16'!K73 -> 28714.286 | S73: ='17'!K73 -> 28000 | T73: ='18'!K73 -> 28714.286 | U73: ='19'!K73 -> 28714.286 | V73: ='20'!K73 -> 28428.571 | W73: ='21'!K73 -> 28428.571 | X73: ='22'!K73 -> 28428.571 | Y73: ='23'!K73 -> 28428.571 | Z73: ='24'!K73 -> 28428.571 | AA73: ='25'!K73 -> 27428.571 | AB73: ='26'!K73 -> 27428.571 | AC73: ='27'!K73 -> 26000 | AD73: ='28'!K73 -> 27428.571 | AE73: ='29'!K73 -> 27428.571 | AF73: ='30'!K73 -> 27285.714 | AG73: ='31'!K73 -> 27285.714 | AI73: =AG73-C73 -> -1428.5714 | AJ73: =AVERAGE(C73:AG73) -> 28571.429
A74: 20 | B74: UBI-UBIAN | C74: ='01'!K74 -> 0 | D74: ='02'!K74 -> 0 | E74: ='03'!K74 -> 0 | F74: ='04'!K74 -> 0 | G74: ='05'!K74 -> 0 | H74: ='06'!K74 -> 0 | I74: ='07'!K74 -> 0 | J74: ='08'!K74 -> 0 | K74: ='09'!K74 -> 0 | L74: ='10'!K74 -> 0 | M74: ='11'!K74 -> 0 | N74: ='12'!K74 -> 0 | O74: ='13'!K74 -> 0 | P74: ='14'!K74 -> 0 | Q74: ='15'!K74 -> 0 | R74: ='16'!K74 -> 0 | S74: ='17'!K74 -> 0 | T74: ='18'!K74 -> 0 | U74: ='19'!K74 -> 0 | V74: ='20'!K74 -> 0 | W74: ='21'!K74 -> 0 | X74: ='22'!K74 -> 0 | Y74: ='23'!K74 -> 0 | Z74: ='24'!K74 -> 0 | AA74: ='25'!K74 -> 0 | AB74: ='26'!K74 -> 0 | AC74: ='27'!K74 -> 0 | AD74: ='28'!K74 -> 0 | AE74: ='29'!K74 -> 0 | AF74: ='30'!K74 -> 0 | AG74: ='31'!K74 -> 0 | AI74: =AG74-C74 -> 0 | AJ74: =AVERAGE(C74:AG74) -> 0
B75: - Ketela Pohon | C75: ='01'!K75 -> 5428.5714 | D75: ='02'!K75 -> 5142.8571 | E75: ='03'!K75 -> 5142.8571 | F75: ='04'!K75 -> 5142.8571 | G75: ='05'!K75 -> 5142.8571 | H75: ='06'!K75 -> 5142.8571 | I75: ='07'!K75 -> 5142.8571 | J75: ='08'!K75 -> 5285.7143 | K75: ='09'!K75 -> 5285.7143 | L75: ='10'!K75 -> 5428.5714 | M75: ='11'!K75 -> 5428.5714 | N75: ='12'!K75 -> 5428.5714 | O75: ='13'!K75 -> 5428.5714 | P75: ='14'!K75 -> 5428.5714 | Q75: ='15'!K75 -> 5428.5714 | R75: ='16'!K75 -> 5428.5714 | S75: ='17'!K75 -> 5428.5714 | T75: ='18'!K75 -> 5428.5714 | U75: ='19'!K75 -> 5428.5714 | V75: ='20'!K75 -> 5428.5714 | W75: ='21'!K75 -> 5428.5714 | X75: ='22'!K75 -> 5428.5714 | Y75: ='23'!K75 -> 5428.5714 | Z75: ='24'!K75 -> 5428.5714 | AA75: ='25'!K75 -> 5428.5714 | AB75: ='26'!K75 -> 5428.5714 | AC75: ='27'!K75 -> 5428.5714 | AD75: ='28'!K75 -> 5428.5714 | AE75: ='29'!K75 -> 5428.5714 | AF75: ='30'!K75 -> 5428.5714 | AG75: ='31'!K75 -> 5428.5714 | AI75: =AG75-C75 -> 0 | AJ75: =AVERAGE(C75:AG75) -> 5364.0553
B76: - Ubi Jalar | C76: ='01'!K76 -> 5666.6667 | D76: ='02'!K76 -> 5500 | E76: ='03'!K76 -> 5500 | F76: ='04'!K76 -> 5500 | G76: ='05'!K76 -> 5571.4286 | H76: ='06'!K76 -> 5571.4286 | I76: ='07'!K76 -> 5571.4286 | J76: ='08'!K76 -> 5714.2857 | K76: ='09'!K76 -> 5714.2857 | L76: ='10'!K76 -> 5714.2857 | M76: ='11'!K76 -> 5714.2857 | N76: ='12'!K76 -> 5714.2857 | O76: ='13'!K76 -> 5714.2857 | P76: ='14'!K76 -> 5714.2857 | Q76: ='15'!K76 -> 5714.2857 | R76: ='16'!K76 -> 5714.2857 | S76: ='17'!K76 -> 5714.2857 | T76: ='18'!K76 -> 5714.2857 | U76: ='19'!K76 -> 5714.2857 | V76: ='20'!K76 -> 5714.2857 | W76: ='21'!K76 -> 5714.2857 | X76: ='22'!K76 -> 5714.2857 | Y76: ='23'!K76 -> 5714.2857 | Z76: ='24'!K76 -> 5714.2857 | AA76: ='25'!K76 -> 5714.2857 | AB76: ='26'!K76 -> 5714.2857 | AC76: ='27'!K76 -> 5714.2857 | AD76: ='28'!K76 -> 5714.2857 | AE76: ='29'!K76 -> 5714.2857 | AF76: ='30'!K76 -> 5714.2857 | AG76: ='31'!K76 -> 5714.2857 | AI76: =AG76-C76 -> 47.619048 | AJ76: =AVERAGE(C76:AG76) -> 5678.1874
A77: 21 | B77: SAYUR-SAYURAN | C77: ='01'!K77 -> 0 | D77: ='02'!K77 -> 0 | E77: ='03'!K77 -> 0 | F77: ='04'!K77 -> 0 | G77: ='05'!K77 -> 0 | H77: ='06'!K77 -> 0 | I77: ='07'!K77 -> 0 | J77: ='08'!K77 -> 0 | K77: ='09'!K77 -> 0 | L77: ='10'!K77 -> 0 | M77: ='11'!K77 -> 0 | N77: ='12'!K77 -> 0 | O77: ='13'!K77 -> 0 | P77: ='14'!K77 -> 0 | Q77: ='15'!K77 -> 0 | R77: ='16'!K77 -> 0 | S77: ='17'!K77 -> 0 | T77: ='18'!K77 -> 0 | U77: ='19'!K77 -> 0 | V77: ='20'!K77 -> 0 | W77: ='21'!K77 -> 0 | X77: ='22'!K77 -> 0 | Y77: ='23'!K77 -> 0 | Z77: ='24'!K77 -> 0 | AA77: ='25'!K77 -> 0 | AB77: ='26'!K77 -> 0 | AC77: ='27'!K77 -> 0 | AD77: ='28'!K77 -> 0 | AE77: ='29'!K77 -> 0 | AF77: ='30'!K77 -> 0 | AG77: ='31'!K77 -> 0 | AI77: =AG77-C77 -> 0 | AJ77: =AVERAGE(C77:AG77) -> 0
B78: - Kubis | C78: ='01'!K78 -> 7285.7143 | D78: ='02'!K78 -> 7857.1429 | E78: ='03'!K78 -> 7571.4286 | F78: ='04'!K78 -> 7571.4286 | G78: ='05'!K78 -> 7428.5714 | H78: ='06'!K78 -> 7428.5714 | I78: ='07'!K78 -> 7571.4286 | J78: ='08'!K78 -> 7571.4286 | K78: ='09'!K78 -> 7428.5714 | L78: ='10'!K78 -> 7428.5714 | M78: ='11'!K78 -> 7428.5714 | N78: ='12'!K78 -> 7428.5714 | O78: ='13'!K78 -> 7428.5714 | P78: ='14'!K78 -> 7285.7143 | Q78: ='15'!K78 -> 7285.7143 | R78: ='16'!K78 -> 7285.7143 | S78: ='17'!K78 -> 7428.5714 | T78: ='18'!K78 -> 7285.7143 | U78: ='19'!K78 -> 7285.7143 | V78: ='20'!K78 -> 7428.5714 | W78: ='21'!K78 -> 7000 | X78: ='22'!K78 -> 7000 | Y78: ='23'!K78 -> 7000 | Z78: ='24'!K78 -> 7000 | AA78: ='25'!K78 -> 7000 | AB78: ='26'!K78 -> 7000 | AC78: ='27'!K78 -> 7000 | AD78: ='28'!K78 -> 7000 | AE78: ='29'!K78 -> 7142.8571 | AF78: ='30'!K78 -> 7142.8571 | AG78: ='31'!K78 -> 7142.8571 | AI78: =AG78-C78 -> -142.85714 | AJ78: =AVERAGE(C78:AG78) -> 7294.9309
B79: - Buncis | C79: ='01'!K79 -> 11142.857 | D79: ='02'!K79 -> 11000 | E79: ='03'!K79 -> 11000 | F79: ='04'!K79 -> 11000 | G79: ='05'!K79 -> 11000 | H79: ='06'!K79 -> 11000 | I79: ='07'!K79 -> 11000 | J79: ='08'!K79 -> 10428.571 | K79: ='09'!K79 -> 9857.1429 | L79: ='10'!K79 -> 9857.1429 | M79: ='11'!K79 -> 9857.1429 | N79: ='12'!K79 -> 9857.1429 | O79: ='13'!K79 -> 9857.1429 | P79: ='14'!K79 -> 9857.1429 | Q79: ='15'!K79 -> 9857.1429 | R79: ='16'!K79 -> 9857.1429 | S79: ='17'!K79 -> 10142.857 | T79: ='18'!K79 -> 10142.857 | U79: ='19'!K79 -> 10571.429 | V79: ='20'!K79 -> 10857.143 | W79: ='21'!K79 -> 10571.429 | X79: ='22'!K79 -> 10571.429 | Y79: ='23'!K79 -> 10571.429 | Z79: ='24'!K79 -> 10571.429 | AA79: ='25'!K79 -> 11571.429 | AB79: ='26'!K79 -> 11571.429 | AC79: ='27'!K79 -> 11571.429 | AD79: ='28'!K79 -> 12000 | AE79: ='29'!K79 -> 12000 | AF79: ='30'!K79 -> 12000 | AG79: ='31'!K79 -> 12000 | AI79: =AG79-C79 -> 857.14286 | AJ79: =AVERAGE(C79:AG79) -> 10746.544
B80: - Kentang | C80: ='01'!K80 -> 15142.857 | D80: ='02'!K80 -> 15428.571 | E80: ='03'!K80 -> 15428.571 | F80: ='04'!K80 -> 15428.571 | G80: ='05'!K80 -> 15714.286 | H80: ='06'!K80 -> 15714.286 | I80: ='07'!K80 -> 15428.571 | J80: ='08'!K80 -> 15714.286 | K80: ='09'!K80 -> 15714.286 | L80: ='10'!K80 -> 15857.143 | M80: ='11'!K80 -> 15857.143 | N80: ='12'!K80 -> 16142.857 | O80: ='13'!K80 -> 16571.429 | P80: ='14'!K80 -> 16142.857 | Q80: ='15'!K80 -> 16142.857 | R80: ='16'!K80 -> 16142.857 | S80: ='17'!K80 -> 16000 | T80: ='18'!K80 -> 16142.857 | U80: ='19'!K80 -> 16142.857 | V80: ='20'!K80 -> 16428.571 | W80: ='21'!K80 -> 16142.857 | X80: ='22'!K80 -> 15857.143 | Y80: ='23'!K80 -> 15857.143 | Z80: ='24'!K80 -> 16142.857 | AA80: ='25'!K80 -> 16571.429 | AB80: ='26'!K80 -> 16571.429 | AC80: ='27'!K80 -> 16571.429 | AD80: ='28'!K80 -> 16428.571 | AE80: ='29'!K80 -> 16571.429 | AF80: ='30'!K80 -> 16571.429 | AG80: ='31'!K80 -> 16285.714 | AI80: =AG80-C80 -> 1142.8571 | AJ80: =AVERAGE(C80:AG80) -> 16027.65
B81: - Tomat | C81: ='01'!K81 -> 8428.5714 | D81: ='02'!K81 -> 8142.8571 | E81: ='03'!K81 -> 8571.4286 | F81: ='04'!K81 -> 8571.4286 | G81: ='05'!K81 -> 9000 | H81: ='06'!K81 -> 8857.1429 | I81: ='07'!K81 -> 8571.4286 | J81: ='08'!K81 -> 8857.1429 | K81: ='09'!K81 -> 8857.1429 | L81: ='10'!K81 -> 8857.1429 | M81: ='11'!K81 -> 8857.1429 | N81: ='12'!K81 -> 9285.7143 | O81: ='13'!K81 -> 9285.7143 | P81: ='14'!K81 -> 8285.7143 | Q81: ='15'!K81 -> 8285.7143 | R81: ='16'!K81 -> 8285.7143 | S81: ='17'!K81 -> 8142.8571 | T81: ='18'!K81 -> 8285.7143 | U81: ='19'!K81 -> 8571.4286 | V81: ='20'!K81 -> 9142.8571 | W81: ='21'!K81 -> 8714.2857 | X81: ='22'!K81 -> 8428.5714 | Y81: ='23'!K81 -> 8428.5714 | Z81: ='24'!K81 -> 8428.5714 | AA81: ='25'!K81 -> 8142.8571 | AB81: ='26'!K81 -> 8142.8571 | AC81: ='27'!K81 -> 8142.8571 | AD81: ='28'!K81 -> 8142.8571 | AE81: ='29'!K81 -> 8714.2857 | AF81: ='30'!K81 -> 8714.2857 | AG81: ='31'!K81 -> 8428.5714 | AI81: =AG81-C81 -> 0 | AJ81: =AVERAGE(C81:AG81) -> 8566.8203
B82: - Wortel (Kualitas Lokal) | C82: ='01'!K82 -> 11000 | D82: ='02'!K82 -> 12000 | E82: ='03'!K82 -> 11571.429 | F82: ='04'!K82 -> 11571.429 | G82: ='05'!K82 -> 11857.143 | H82: ='06'!K82 -> 11857.143 | I82: ='07'!K82 -> 11571.429 | J82: ='08'!K82 -> 11285.714 | K82: ='09'!K82 -> 11285.714 | L82: ='10'!K82 -> 11285.714 | M82: ='11'!K82 -> 11285.714 | N82: ='12'!K82 -> 11571.429 | O82: ='13'!K82 -> 11857.143 | P82: ='14'!K82 -> 11142.857 | Q82: ='15'!K82 -> 11142.857 | R82: ='16'!K82 -> 11142.857 | S82: ='17'!K82 -> 11571.429 | T82: ='18'!K82 -> 11571.429 | U82: ='19'!K82 -> 11571.429 | V82: ='20'!K82 -> 11428.571 | W82: ='21'!K82 -> 11571.429 | X82: ='22'!K82 -> 11285.714 | Y82: ='23'!K82 -> 11285.714 | Z82: ='24'!K82 -> 11714.286 | AA82: ='25'!K82 -> 11714.286 | AB82: ='26'!K82 -> 11714.286 | AC82: ='27'!K82 -> 11714.286 | AD82: ='28'!K82 -> 11428.571 | AE82: ='29'!K82 -> 11571.429 | AF82: ='30'!K82 -> 11571.429 | AG82: ='31'!K82 -> 11428.571 | AI82: =AG82-C82 -> 428.57143 | AJ82: =AVERAGE(C82:AG82) -> 11502.304
B83: - Terong Ungu (Jenis Sayur) | C83: ='01'!K83 -> 8857.1429 | D83: ='02'!K83 -> 9142.8571 | E83: ='03'!K83 -> 9000 | F83: ='04'!K83 -> 9000 | G83: ='05'!K83 -> 9000 | H83: ='06'!K83 -> 9000 | I83: ='07'!K83 -> 9000 | J83: ='08'!K83 -> 9000 | K83: ='09'!K83 -> 9000 | L83: ='10'!K83 -> 9285.7143 | M83: ='11'!K83 -> 9285.7143 | N83: ='12'!K83 -> 9428.5714 | O83: ='13'!K83 -> 9428.5714 | P83: ='14'!K83 -> 9285.7143 | Q83: ='15'!K83 -> 9285.7143 | R83: ='16'!K83 -> 9285.7143 | S83: ='17'!K83 -> 9285.7143 | T83: ='18'!K83 -> 9285.7143 | U83: ='19'!K83 -> 9285.7143 | V83: ='20'!K83 -> 9428.5714 | W83: ='21'!K83 -> 9285.7143 | X83: ='22'!K83 -> 9285.7143 | Y83: ='23'!K83 -> 9285.7143 | Z83: ='24'!K83 -> 9285.7143 | AA83: ='25'!K83 -> 8428.5714 | AB83: ='26'!K83 -> 8428.5714 | AC83: ='27'!K83 -> 8428.5714 | AD83: ='28'!K83 -> 8428.5714 | AE83: ='29'!K83 -> 8428.5714 | AF83: ='30'!K83 -> 8428.5714 | AG83: ='31'!K83 -> 8428.5714 | AI83: =AG83-C83 -> -428.57143 | AJ83: =AVERAGE(C83:AG83) -> 9023.0415
B84: - Bayam (Jenis Sayur) | C84: ='01'!K84 -> 1583.3333 | D84: ='02'!K84 -> 1583.3333 | E84: ='03'!K84 -> 1583.3333 | F84: ='04'!K84 -> 1583.3333 | G84: ='05'!K84 -> 1571.4286 | H84: ='06'!K84 -> 1571.4286 | I84: ='07'!K84 -> 1571.4286 | J84: ='08'!K84 -> 1642.8571 | K84: ='09'!K84 -> 1642.8571 | L84: ='10'!K84 -> 1642.8571 | M84: ='11'!K84 -> 1642.8571 | N84: ='12'!K84 -> 1571.4286 | O84: ='13'!K84 -> 1571.4286 | P84: ='14'!K84 -> 1642.8571 | Q84: ='15'!K84 -> 1642.8571 | R84: ='16'!K84 -> 1642.8571 | S84: ='17'!K84 -> 1571.4286 | T84: ='18'!K84 -> 1642.8571 | U84: ='19'!K84 -> 1642.8571 | V84: ='20'!K84 -> 1571.4286 | W84: ='21'!K84 -> 1642.8571 | X84: ='22'!K84 -> 1642.8571 | Y84: ='23'!K84 -> 1642.8571 | Z84: ='24'!K84 -> 1642.8571 | AA84: ='25'!K84 -> 1642.8571 | AB84: ='26'!K84 -> 1642.8571 | AC84: ='27'!K84 -> 1642.8571 | AD84: ='28'!K84 -> 1642.8571 | AE84: ='29'!K84 -> 1642.8571 | AF84: ='30'!K84 -> 1642.8571 | AG84: ='31'!K84 -> 1642.8571 | AI84: =AG84-C84 -> 59.52381 | AJ84: =AVERAGE(C84:AG84) -> 1619.0476
B85: - Kangkung (Jenis Panjang) | C85: ='01'!K85 -> 1416.6667 | D85: ='02'!K85 -> 1583.3333 | E85: ='03'!K85 -> 1583.3333 | F85: ='04'!K85 -> 1583.3333 | G85: ='05'!K85 -> 1571.4286 | H85: ='06'!K85 -> 1571.4286 | I85: ='07'!K85 -> 1571.4286 | J85: ='08'!K85 -> 1571.4286 | K85: ='09'!K85 -> 1571.4286 | L85: ='10'!K85 -> 1571.4286 | M85: ='11'!K85 -> 1500 | N85: ='12'!K85 -> 1500 | O85: ='13'!K85 -> 1500 | P85: ='14'!K85 -> 1500 | Q85: ='15'!K85 -> 1500 | R85: ='16'!K85 -> 1500 | S85: ='17'!K85 -> 1500 | T85: ='18'!K85 -> 1500 | U85: ='19'!K85 -> 1500 | V85: ='20'!K85 -> 1500 | W85: ='21'!K85 -> 1500 | X85: ='22'!K85 -> 1500 | Y85: ='23'!K85 -> 1500 | Z85: ='24'!K85 -> 1500 | AA85: ='25'!K85 -> 1500 | AB85: ='26'!K85 -> 1500 | AC85: ='27'!K85 -> 1500 | AD85: ='28'!K85 -> 1500 | AE85: ='29'!K85 -> 1500 | AF85: ='30'!K85 -> 1500 | AG85: ='31'!K85 -> 1500 | AI85: =AG85-C85 -> 83.333333 | AJ85: =AVERAGE(C85:AG85) -> 1519.2012
B86: - Sawi (Jenis Hijau) | C86: ='01'!K86 -> 1750 | D86: ='02'!K86 -> 2000 | E86: ='03'!K86 -> 2000 | F86: ='04'!K86 -> 2000 | G86: ='05'!K86 -> 2000 | H86: ='06'!K86 -> 2000 | I86: ='07'!K86 -> 2000 | J86: ='08'!K86 -> 2000 | K86: ='09'!K86 -> 2000 | L86: ='10'!K86 -> 2000 | M86: ='11'!K86 -> 1750 | N86: ='12'!K86 -> 2000 | O86: ='13'!K86 -> 2000 | P86: ='14'!K86 -> 2000 | Q86: ='15'!K86 -> 2000 | R86: ='16'!K86 -> 2000 | S86: ='17'!K86 -> 2000 | T86: ='18'!K86 -> 2000 | U86: ='19'!K86 -> 2000 | V86: ='20'!K86 -> 2000 | W86: ='21'!K86 -> 2000 | X86: ='22'!K86 -> 2000 | Y86: ='23'!K86 -> 2000 | Z86: ='24'!K86 -> 2000 | AA86: ='25'!K86 -> 2000 | AB86: ='26'!K86 -> 2000 | AC86: ='27'!K86 -> 2000 | AD86: ='28'!K86 -> 2000 | AE86: ='29'!K86 -> 2000 | AF86: ='30'!K86 -> 2000 | AG86: ='31'!K86 -> 2000 | AI86: =AG86-C86 -> 250 | AJ86: =AVERAGE(C86:AG86) -> 1983.871
A87: 22 | B87: AIR MINERAL | C87: ='01'!K87 -> 0 | D87: ='02'!K87 -> 0 | E87: ='03'!K87 -> 0 | F87: ='04'!K87 -> 0 | G87: ='05'!K87 -> 0 | H87: ='06'!K87 -> 0 | I87: ='07'!K87 -> 0 | J87: ='08'!K87 -> 0 | K87: ='09'!K87 -> 0 | L87: ='10'!K87 -> 0 | M87: ='11'!K87 -> 0 | N87: ='12'!K87 -> 0 | O87: ='13'!K87 -> 0 | P87: ='14'!K87 -> 0 | Q87: ='15'!K87 -> 0 | R87: ='16'!K87 -> 0 | S87: ='17'!K87 -> 0 | T87: ='18'!K87 -> 0 | U87: ='19'!K87 -> 0 | V87: ='20'!K87 -> 0 | W87: ='21'!K87 -> 0 | X87: ='22'!K87 -> 0 | Y87: ='23'!K87 -> 0 | Z87: ='24'!K87 -> 0 | AA87: ='25'!K87 -> 0 | AB87: ='26'!K87 -> 0 | AC87: ='27'!K87 -> 0 | AD87: ='28'!K87 -> 0 | AE87: ='29'!K87 -> 0 | AF87: ='30'!K87 -> 0 | AG87: ='31'!K87 -> 0 | AI87: =AG87-C87 -> 0 | AJ87: =AVERAGE(C87:AG87) -> 0
B88: - Air Mineral (Aqua Galon) | C88: ='01'!K88 -> 18000 | D88: ='02'!K88 -> 18000 | E88: ='03'!K88 -> 18000 | F88: ='04'!K88 -> 18000 | G88: ='05'!K88 -> 18000 | H88: ='06'!K88 -> 18000 | I88: ='07'!K88 -> 18000 | J88: ='08'!K88 -> 18000 | K88: ='09'!K88 -> 18000 | L88: ='10'!K88 -> 18000 | M88: ='11'!K88 -> 18000 | N88: ='12'!K88 -> 18000 | O88: ='13'!K88 -> 18000 | P88: ='14'!K88 -> 18000 | Q88: ='15'!K88 -> 18000 | R88: ='16'!K88 -> 18000 | S88: ='17'!K88 -> 18000 | T88: ='18'!K88 -> 18000 | U88: ='19'!K88 -> 18000 | V88: ='20'!K88 -> 18000 | W88: ='21'!K88 -> 18000 | X88: ='22'!K88 -> 18000 | Y88: ='23'!K88 -> 18000 | Z88: ='24'!K88 -> 18000 | AA88: ='25'!K88 -> 18000 | AB88: ='26'!K88 -> 18000 | AC88: ='27'!K88 -> 18000 | AD88: ='28'!K88 -> 18000 | AE88: ='29'!K88 -> 18000 | AF88: ='30'!K88 -> 18000 | AG88: ='31'!K88 -> 18000 | AI88: =AG88-C88 -> 0 | AJ88: =AVERAGE(C88:AG88) -> 18000
B93: keterangan : | AD93: Komoditi turun harga
B94: Sumber dari PD Pasar Surya Surabaya | AD94: Komoditi naik dibawah 10%
B95: Fluktuasi dalam 7 hari | AD95: Komoditi naik diatas 10%

Sheet 01
A1: HARGA BAHAN-BAHAN POKOK
A2: DI PASAR TRADISIONAL KOTA SURABAYA
A3: Hari / Tanggal : Selasa , 01 Agustus 2023
B4: NAMA BAHAN POKOK DAN PENTING LAINNYA | C4: SATUAN | D4: Pasar Tambahrejo | E4: Pasar Pucang Anom | F4: Pasar Wonokromo | G4: Pasar Genteng Baru | H4: Pasar Pabean | I4: Pasar Kembang | J4: Pasar Balongsari | K4: Rata-Rata
A7: 1 | B7: BERAS
B8: - Beras Premium | C8: Kg | D8: 13000 | E8: 13000 | F8: 13000 | G8: 13000 | H8: 13000 | I8: 13000 | J8: 13000 | K8: =AVERAGE(D8:J8) -> 13000
B9: - Beras Medium Bulog | C9: Kg | D9: 9000 | E9: 9000 | F9: 9000 | G9: - | H9: - | I9: - | J9: - | K9: =AVERAGE(D9:J9) -> 9000
B10: - Beras Medium | C10: Kg | D10: - | E10: 10900 | F10: 10500 | G10: 10900 | H10: 12000 | I10: 10000 | J10: - | K10: =AVERAGE(D10:J10) -> 10860
B11: - Beras Jagung | C11: Kg | D11: - | E11: 10000 | F11: 12000 | G11: 10000 | H11: - | I11: 11000 | J11: 8000 | K11: =AVERAGE(D11:J11) -> 10200
B12: - Beras Ketan (Jenis Siyem) | C12: Kg | D12: - | E12: 21000 | F12: 17000 | G12: 20000 | H12: - | I12: 18000 | J12: 17000 | K12: =AVERAGE(D12:J12) -> 18600
A13: 2 | B13: GULA
B14: - Gula pasir lokal curah | C14: Kg | D14: 13500 | E14: 13000 | F14: 13500 | G14: 13000 | H14: 13500 | I14: 13500 | J14: 13500 | K14: =AVERAGE(D14:J14) -> 13357.143
B15: - Gula Jawa/Merah (Bahan Kelapa) | C15: Kg | D15: 15000 | E15: 16000 | F15: 15000 | G15: 14000 | H15: 15000 | I15: 16000 | J15: 16000 | K15: =AVERAGE(D15:J15) -> 15285.714
A16: 3 | B16: MINYAK GORENG
B17: - Minyak Goreng Curah (Bening) | C17: Kg | D17: 15000 | E17: 15000 | F17: 15000 | G17: 15000 | H17: 15000 | I17: 15000 | J17: 15000 | K17: =AVERAGE(D17:J17) -> 15000
B18: - Minyak Kita | C18: Liter | D18: 14000 | E18: 14000 | F18: 14000 | G18: 14000 | H18: - | I18: 14000 | J18: 14000 | K18: =AVERAGE(D18:J18) -> 14000
A19: 4 | B19: MENTEGA
B20: - Mentega Curah (Amanda) | C20: Kg | D20: 20000 | E20: - | F20: 20000 | G20: 22000 | H20: - | I20: 24000 | J20: - | K20: =AVERAGE(D20:J20) -> 21500
A21: 5 | B21: DAGING
B22: - Daging Sapi Grade Atas | C22: Kg | D22: 120000 | E22: 120000 | F22: 120000 | G22: 120000 | H22: 120000 | I22: 120000 | J22: - | K22: =AVERAGE(D22:J22) -> 120000
B23: - Daging Sapi Grade Sedang | C23: Kg | D23: 110000 | E23: 110000 | F23: 110000 | G23: 110000 | H23: 110000 | I23: 115000 | J23: 115000 | K23: =AVERAGE(D23:J23) -> 111428.57
B24: - Daging Sapi Grade Bawah | C24: Kg | D24: 90000 | E24: 95000 | F24: 105000 | G24: 105000 | H24: 100000 | I24: 100000 | J24: 105000 | K24: =AVERAGE(D24:J24) -> 100000
B25: - Daging Ayam Broiler | C25: Kg | D25: 35000 | E25: 33000 | F25: 35000 | G25: 34000 | H25: 35000 | I25: 35000 | J25: 35000 | K25: =AVERAGE(D25:J25) -> 34571.429
A26: 6 | B26: I K A N
B27: - Ikan Tongkol Segar (Uk. Sedang) | C27: Kg | D27: 35000 | E27: 36000 | F27: - | G27: 35000 | H27: 35000 | I27: 35000 | J27: 40000 | K27: =AVERAGE(D27:J27) -> 36000
B28: - Ikan Mujair Segar (Uk. Sedang) | C28: Kg | D28: 26000 | E28: 30000 | F28: 28000 | G28: 30000 | H28: 23000 | I28: 25000 | J28: 25000 | K28: =AVERAGE(D28:J28) -> 26714.286
B29: - Udang Segar (Uk. Sedang) | C29: Kg | D29: 60000 | E29: 60000 | F29: 60000 | G29: 70000 | H29: 68000 | I29: 60000 | J29: 65000 | K29: =AVERAGE(D29:J29) -> 63285.714
B30: - Ikan Lele Segar (Ukuran Sedang) | C30: Kg | D30: 25000 | E30: - | F30: - | G30: 25000 | H30: 23000 | I30: 21000 | J30: 26000 | K30: =AVERAGE(D30:J30) -> 24000
B31: - Ikan Bandeng Segar (Uk. Sedang) | C31: Kg | D31: 37000 | E31: 35000 | F31: 38000 | G31: 35000 | H31: 28000 | I31: 35000 | J31: 30000 | K31: =AVERAGE(D31:J31) -> 34000
B32: - Ikan Teri Asin (Bukan Teri Medan) | C32: Kg | D32: - | E32: 100000 | F32: 80000 | G32: - | H32: 80000 | I32: - | J32: 70000 | K32: =AVERAGE(D32:J32) -> 82500
A33: 7 | B33: TELUR
B34: - Telur Ayam Broiler | C34: Kg | D34: 30000 | E34: 30000 | F34: 27000 | G34: 30000 | H34: 30000 | I34: 29000 | J34: 30000 | K34: =AVERAGE(D34:J34) -> 29428.571
B35: - Telur Ayam Kampung | C35: Butir | D35: 3000 | E35: 3000 | F35: 2500 | G35: 2500 | H35: 2500 | I35: 3000 | J35: 3000 | K35: =AVERAGE(D35:J35) -> 2785.7143
A36: 8 | B36: TAHU
B37: - Tahu biasa | C37: Kg | D37: 10000 | E37: 10000 | F37: 9000 | G37: 9000 | H37: 16000 | I37: 7000 | J37: 9000 | K37: =AVERAGE(D37:J37) -> 10000
B38: - Tahu susu | C38: Kg | D38: - | E38: 10000 | F38: 12000 | G38: 14000 | H38: - | I38: 15000 | J38: 12000 | K38: =AVERAGE(D38:J38) -> 12600
A39: 9 | B39: TEMPE
B40: - Tempe Kw I (campuran kedelai) | C40: Kg | D40: - | E40: - | F40: - | G40: 16000 | H40: 14000 | I40: 7000 | J40: 15000 | K40: =AVERAGE(D40:J40) -> 13000
B41: - Tempe Kw II (campuran jagung) | C41: Kg | D41: 2500 | E41: - | F41: 6000 | G41: - | H41: - | I41: - | J41: - | K41: =AVERAGE(D41:J41) -> 4250
B42: - Tempe Kw III (campuran kulit) | C42: Kg | D42: - | E42: 2500 | F42: - | G42: - | H42: - | I42: - | J42: - | K42: =AVERAGE(D42:J42) -> 2500
A43: 10 | B43: S U S U
B44: - Susu Kental Manis "INDOMILK" Putih | C44: 390 Gr/kaleng | D44: 12500 | E44: 12000 | F44: 12500 | G44: 12500 | H44: - | I44: 12500 | J44: 12500 | K44: =AVERAGE(D44:J44) -> 12416.667
B45: - Susu Kental Manis "BENDERA" Putih | C45: 390 Gr/kaleng | D45: 12500 | E45: 13000 | F45: 12500 | G45: 12500 | H45: - | I45: 12500 | J45: 12500 | K45: =AVERAGE(D45:J45) -> 12583.333
A46: 11 | B46: SABUN CUCI
B47: - Sabun Detergen Rinso (Anti Noda) | C47: 900 Gram | D47: - | E47: - | F47: - | G47: - | H47: 17500 | I47: - | J47: - | K47: =AVERAGE(D47:J47) -> 17500
B48: - Sabun Colek "Wing's Biru" | C48: 350 Gram | D48: - | E48: - | F48: - | G48: - | H48: 2000 | I48: - | J48: - | K48: =AVERAGE(D48:J48) -> 2000
A49: 12 | B49: JAGUNG
B50: - Jagung Pipilan Kering (Jenis Kecil) | C50: Kg | D50: 10000 | E50: 8000 | F50: 10000 | G50: 10000 | H50: 9000 | I50: 10000 | J50: 8000 | K50: =AVERAGE(D50:J50) -> 9285.7143
B51: - Jagung Pipilan Kering (Jenis Besar) | C51: Kg | D51: 9000 | E51: 10000 | F51: 9000 | G51: 10000 | H51: 6000 | I51: - | J51: 6000 | K51: =AVERAGE(D51:J51) -> 8333.3333
A52: 13 | B52: GARAM BERYODIUM
B53: - Garam Halus (Cap Kapal) | C53: 250 Gr/Bngks | D53: 3000 | E53: 8000 | F53: 5000 | G53: 5000 | H53: 2500 | I53: 2000 | J53: 2500 | K53: =AVERAGE(D53:J53) -> 4000
A54: 14 | B54: TEPUNG TERIGU
B55: - Tepung Terigu "Segitiga Biru" Curah | C55: Kg | D55: 10000 | E55: 10500 | F55: 10000 | G55: 11000 | H55: 12000 | I55: 10000 | J55: 10000 | K55: =AVERAGE(D55:J55) -> 10500
A56: 15 | B56: KACANG-KACANGAN
B57: - Kacang Kedelai (Kualitas Import) | C57: Kg | D57: 15000 | E57: 16000 | F57: 12000 | G57: 12000 | H57: 12000 | I57: 14000 | J57: - | K57: =AVERAGE(D57:J57) -> 13500
B58: - Kacang Kedelai (Kualitas Lokal) | C58: Kg | D58: - | E58: 14000 | F58: 11500 | G58: - | H58: - | I58: - | J58: 13500 | K58: =AVERAGE(D58:J58) -> 13000
B59: - Kacang Hijau | C59: Kg | D59: 25000 | E59: 23000 | F59: 23000 | G59: 22000 | H59: 22000 | I59: 25000 | J59: 22000 | K59: =AVERAGE(D59:J59) -> 23142.857
B60: - Kacang Tanah (Jenis Besar) | C60: Kg | D60: 30000 | E60: 30000 | F60: 28000 | G60: 29000 | H60: 26000 | I60: 29000 | J60: 28000 | K60: =AVERAGE(D60:J60) -> 28571.429
A61: 16 | B61: MIE INSTAN
B62: - Indomie Goreng | C62: 86 Gr/Bngks | D62: 3000 | E62: 3200 | F62: 3000 | G62: 3000 | H62: - | I62: 3500 | J62: 3500 | K62: =AVERAGE(D62:J62) -> 3200
A63: 17 | B63: C A B E
B64: - Cabe Merah Besar | C64: Kg | D64: 24000 | E64: 20000 | F64: 23000 | G64: 25000 | H64: 20000 | I64: 28000 | J64: 30000 | K64: =AVERAGE(D64:J64) -> 24285.714
B65: - Cabe Merah Kriting | C65: Kg | D65: 28000 | E65: 20000 | F65: 22000 | G65: 25000 | H65: - | I65: 25000 | J65: - | K65: =AVERAGE(D65:J65) -> 24000
B66: - Cabe Merah Kecil-Rawit | C66: Kg | D66: 35000 | E66: 30000 | F66: 32000 | G66: 30000 | H66: 35000 | I66: 35000 | J66: 35000 | K66: =AVERAGE(D66:J66) -> 33142.857
A67: 18 | B67: BAHAN BAKAR GAS LPG
B68: - Gas LPG Tabung (3 Kg.) | C68: Per Tabung | D68: 20000 | E68: 18000 | F68: 18000 | G68: 18000 | H68: - | I68: 18000 | J68: 18000 | K68: =AVERAGE(D68:J68) -> 18333.333
A69: 19 | B69: BAWANG
B70: - Bawang Putih (Jenis Kating) | C70: Kg | D70: 35000 | E70: 36000 | F70: 35000 | G70: 35000 | H70: 36000 | I70: 38000 | J70: 40000 | K70: =AVERAGE(D70:J70) -> 36428.571
B71: - Bawang Putih (Jenis Sinco) | C71: Kg | D71: 34000 | E71: 34000 | F71: 36000 | G71: 35000 | H71: 35000 | I71: 33000 | J71: 40000 | K71: =AVERAGE(D71:J71) -> 35285.714
B72: - Bawang Merah (Kualitas Lokal) | C72: Kg | D72: 24000 | E72: 25000 | F72: 22000 | G72: 28000 | H72: 20000 | I72: 28000 | J72: 25000 | K72: =AVERAGE(D72:J72) -> 24571.429
B73: - Bawang Bombay | C73: Kg | D73: 26000 | E73: 25000 | F73: 30000 | G73: 30000 | H73: 30000 | I73: 30000 | J73: 30000 | K73: =AVERAGE(D73:J73) -> 28714.286
A74: 20 | B74: UBI-UBIAN
B75: - Ketela Pohon | C75: Kg | D75: 6000 | E75: 7000 | F75: 5000 | G75: 6000 | H75: 4000 | I75: 5000 | J75: 5000 | K75: =AVERAGE(D75:J75) -> 5428.5714
B76: - Ubi Jalar | C76: Kg | D76: 6000 | E76: - | F76: 6000 | G76: 6000 | H76: 5000 | I76: 5000 | J76: 6000 | K76: =AVERAGE(D76:J76) -> 5666.6667
A77: 21 | B77: SAYUR-SAYURAN
B78: - Kubis | C78: Kg | D78: 6000 | E78: 6000 | F78: 7000 | G78: 8000 | H78: 9000 | I78: 8000 | J78: 7000 | K78: =AVERAGE(D78:J78) -> 7285.7143
B79: - Buncis | C79: Kg | D79: 12000 | E79: 8000 | F79: 12000 | G79: 12000 | H79: 10000 | I79: 14000 | J79: 10000 | K79: =AVERAGE(D79:J79) -> 11142.857
B80: - Kentang | C80: Kg | D80: 16000 | E80: 15000 | F80: 15000 | G80: 15000 | H80: 15000 | I80: 15000 | J80: 15000 | K80: =AVERAGE(D80:J80) -> 15142.857
B81: - Tomat | C81: Kg | D81: 8000 | E81: 10000 | F81: 8000 | G81: 12000 | H81: 5000 | I81: 8000 | J81: 8000 | K81: =AVERAGE(D81:J81) -> 8428.5714
B82: - Wortel (Kualitas Lokal) | C82: Kg | D82: 10000 | E82: 13000 | F82: 10000 | G82: 12000 | H82: 10000 | I82: 15000 | J82: 7000 | K82: =AVERAGE(D82:J82) -> 11000
B83: - Terong Ungu (Jenis Sayur) | C83: Kg | D83: 8000 | E83: 10000 | F83: 9000 | G83: 8000 | H83: 9000 | I83: 10000 | J83: 8000 | K83: =AVERAGE(D83:J83) -> 8857.1429
B84: - Bayam (Jenis Sayur) | C84: Ikat Kecil | D84: 1500 | E84: - | F84: 2000 | G84: 2000 | H84: 1500 | I84: 1000 | J84: 1500 | K84: =AVERAGE(D84:J84) -> 1583.3333
B85: - Kangkung (Jenis Panjang) | C85: Ikat Kecil | D85: 1000 | E85: - | F85: 1500 | G85: 2000 | H85: 1500 | I85: 1500 | J85: 1000 | K85: =AVERAGE(D85:J85) -> 1416.6667
B86: - Sawi (Jenis Hijau) | C86: Ikat Kecil | D86: - | E86: - | F86: - | G86: - | H86: 2000 | I86: - | J86: 1500 | K86: =AVERAGE(D86:J86) -> 1750
A87: 22 | B87: AIR MINERAL
B88: - Air Mineral (Aqua Galon) | C88: 19 Ltr/Galon | D88: - | E88: - | F88: 18000 | G88: 17000 | H88: - | I88: 19000 | J88: 18000 | K88: =AVERAGE(D88:J88) -> 18000

Sheet 02
A1: HARGA BAHAN-BAHAN POKOK
A2: DI PASAR TRADISIONAL KOTA SURABAYA
A3: Hari / Tanggal : Rabu , 02 Agustus 2023
B4: NAMA BAHAN POKOK DAN PENTING LAINNYA | C4: SATUAN | D4: Pasar Tambahrejo | E4: Pasar Pucang Anom | F4: Pasar Wonokromo | G4: Pasar Genteng Baru | H4: Pasar Pabean | I4: Pasar Kembang | J4: Pasar Balongsari | K4: Rata-Rata
A7: 1 | B7: BERAS
B8: - Beras Premium | C8: Kg | D8: 13000 | E8: 13000 | F8: 13000 | G8: 13000 | H8: 13000 | I8: 13000 | J8: 13000 | K8: =AVERAGE(D8:J8) -> 13000
B9: - Beras Medium Bulog | C9: Kg | D9: 9000 | E9: 9000 | F9: 9000 | G9: - | H9: - | I9: - | J9: - | K9: =AVERAGE(D9:J9) -> 9000
B10: - Beras Medium | C10: Kg | D10: - | E10: 10900 | F10: 12000 | G10: 10900 | H10: 12000 | I10: 10000 | J10: 12000 | K10: =AVERAGE(D10:J10) -> 11300
B11: - Beras Jagung | C11: Kg | D11: - | E11: 10000 | F11: 12000 | G11: 10000 | H11: - | I11: 11000 | J11: - | K11: =AVERAGE(D11:J11) -> 10750
B12: - Beras Ketan (Jenis Siyem) | C12: Kg | D12: - | E12: 21000 | F12: 17000 | G12: 20000 | H12: - | I12: 18000 | J12: - | K12: =AVERAGE(D12:J12) -> 19000
A13: 2 | B13: GULA
B14: - Gula pasir lokal curah | C14: Kg | D14: 13500 | E14: 13000 | F14: 13500 | G14: 13000 | H14: 13500 | I14: 13500 | J14: 13500 | K14: =AVERAGE(D14:J14) -> 13357.143
B15: - Gula Jawa/Merah (Bahan Kelapa) | C15: Kg | D15: 15000 | E15: 16000 | F15: 15000 | G15: 14000 | H15: 15000 | I15: 16000 | J15: 15000 | K15: =AVERAGE(D15:J15) -> 15142.857
A16: 3 | B16: MINYAK GORENG
B17: - Minyak Goreng Curah (Bening) | C17: Kg | D17: 15000 | E17: 15000 | F17: 15000 | G17: 15000 | H17: 15000 | I17: 15000 | J17: 15000 | K17: =AVERAGE(D17:J17) -> 15000
B18: - Minyak Kita | C18: Liter | D18: 14000 | E18: 14000 | F18: 14000 | G18: 14000 | H18: - | I18: 14000 | J18: - | K18: =AVERAGE(D18:J18) -> 14000
A19: 4 | B19: MENTEGA
B20: - Mentega Curah (Amanda) | C20: Kg | D20: 20000 | E20: - | F20: 20000 | G20: 22000 | H20: - | I20: 24000 | J20: - | K20: =AVERAGE(D20:J20) -> 21500
A21: 5 | B21: DAGING
B22: - Daging Sapi Grade Atas | C22: Kg | D22: 120000 | E22: 120000 | F22: 120000 | G22: 120000 | H22: 120000 | I22: 120000 | J22: - | K22: =AVERAGE(D22:J22) -> 120000
B23: - Daging Sapi Grade Sedang | C23: Kg | D23: 110000 | E23: 110000 | F23: 110000 | G23: 110000 | H23: 110000 | I23: 115000 | J23: 110000 | K23: =AVERAGE(D23:J23) -> 110714.29
B24: - Daging Sapi Grade Bawah | C24: Kg | D24: 90000 | E24: 95000 | F24: 105000 | G24: 105000 | H24: 100000 | I24: 100000 | J24: 100000 | K24: =AVERAGE(D24:J24) -> 99285.714
B25: - Daging Ayam Broiler | C25: Kg | D25: 35000 | E25: 33000 | F25: 35000 | G25: 34000 | H25: 35000 | I25: 35000 | J25: 35000 | K25: =AVERAGE(D25:J25) -> 34571.429
A26: 6 | B26: I K A N
B27: - Ikan Tongkol Segar (Uk. Sedang) | C27: Kg | D27: 35000 | E27: 36000 | F27: - | G27: 35000 | H27: 35000 | I27: 35000 | J27: 35000 | K27: =AVERAGE(D27:J27) -> 35166.667
B28: - Ikan Mujair Segar (Uk. Sedang) | C28: Kg | D28: 26000 | E28: 30000 | F28: 28000 | G28: 30000 | H28: 23000 | I28: 25000 | J28: 23000 | K28: =AVERAGE(D28:J28) -> 26428.571
B29: - Udang Segar (Uk. Sedang) | C29: Kg | D29: 60000 | E29: 60000 | F29: 60000 | G29: 70000 | H29: 68000 | I29: 60000 | J29: 68000 | K29: =AVERAGE(D29:J29) -> 63714.286
B30: - Ikan Lele Segar (Ukuran Sedang) | C30: Kg | D30: 25000 | E30: - | F30: - | G30: 25000 | H30: 23000 | I30: 21000 | J30: 23000 | K30: =AVERAGE(D30:J30) -> 23400
B31: - Ikan Bandeng Segar (Uk. Sedang) | C31: Kg | D31: 37000 | E31: 35000 | F31: 38000 | G31: 35000 | H31: 28000 | I31: 35000 | J31: 28000 | K31: =AVERAGE(D31:J31) -> 33714.286
B32: - Ikan Teri Asin (Bukan Teri Medan) | C32: Kg | D32: - | E32: 100000 | F32: 80000 | G32: - | H32: 80000 | I32: - | J32: 80000 | K32: =AVERAGE(D32:J32) -> 85000
A33: 7 | B33: TELUR
B34: - Telur Ayam Broiler | C34: Kg | D34: 30000 | E34: 30000 | F34: 30000 | G34: 30000 | H34: 30000 | I34: 29000 | J34: 30000 | K34: =AVERAGE(D34:J34) -> 29857.143
B35: - Telur Ayam Kampung | C35: Butir | D35: 3000 | E35: 3000 | F35: 2500 | G35: 2500 | H35: 2500 | I35: 3000 | J35: 2500 | K35: =AVERAGE(D35:J35) -> 2714.2857
A36: 8 | B36: TAHU
B37: - Tahu biasa | C37: Kg | D37: 10000 | E37: 10000 | F37: 9000 | G37: 9000 | H37: 16000 | I37: 7000 | J37: 9000 | K37: =AVERAGE(D37:J37) -> 10000
B38: - Tahu susu | C38: Kg | D38: - | E38: 10000 | F38: 12000 | G38: 14000 | H38: - | I38: 15000 | J38: 16000 | K38: =AVERAGE(D38:J38) -> 13400
A39: 9 | B39: TEMPE
B40: - Tempe Kw I (campuran kedelai) | C40: Kg | D40: - | E40: - | F40: - | G40: 16000 | H40: 14000 | I40: 7000 | J40: 14000 | K40: =AVERAGE(D40:J40) -> 12750
B41: - Tempe Kw II (campuran jagung) | C41: Kg | D41: 2500 | E41: - | F41: 6000 | G41: - | H41: - | I41: - | J41: - | K41: =AVERAGE(D41:J41) -> 4250
B42: - Tempe Kw III (campuran kulit) | C42: Kg | D42: - | E42: 2500 | F42: - | G42: - | H42: - | I42: - | J42: - | K42: =AVERAGE(D42:J42) -> 2500
A43: 10 | B43: S U S U
B44: - Susu Kental Manis "INDOMILK" Putih | C44: 390 Gr/kaleng | D44: 12500 | E44: 12000 | F44: 12500 | G44: 12500 | H44: - | I44: 12500 | J44: 12500 | K44: =AVERAGE(D44:J44) -> 12416.667
B45: - Susu Kental Manis "BENDERA" Putih | C45: 390 Gr/kaleng | D45: 12500 | E45: 13000 | F45: 12500 | G45: 12500 | H45: - | I45: 12500 | J45: 12500 | K45: =AVERAGE(D45:J45) -> 12583.333
A46: 11 | B46: SABUN CUCI
B47: - Sabun Detergen Rinso (Anti Noda) | C47: 900 Gram | D47: - | E47: - | F47: - | G47: - | H47: 17500 | I47: - | J47: - | K47: =AVERAGE(D47:J47) -> 17500
B48: - Sabun Colek "Wing's Biru" | C48: 350 Gram | D48: - | E48: - | F48: - | G48: - | H48: 2000 | I48: - | J48: - | K48: =AVERAGE(D48:J48) -> 2000
A49: 12 | B49: JAGUNG
B50: - Jagung Pipilan Kering (Jenis Kecil) | C50: Kg | D50: 10000 | E50: 8000 | F50: 10000 | G50: 10000 | H50: 9000 | I50: 10000 | J50: 9000 | K50: =AVERAGE(D50:J50) -> 9428.5714
B51: - Jagung Pipilan Kering (Jenis Besar) | C51: Kg | D51: 9000 | E51: 10000 | F51: 9000 | G51: 10000 | H51: 6000 | I51: - | J51: 6000 | K51: =AVERAGE(D51:J51) -> 8333.3333
A52: 13 | B52: GARAM BERYODIUM
B53: - Garam Halus (Cap Kapal) | C53: 250 Gr/Bngks | D53: 3000 | E53: 8000 | F53: 5000 | G53: 5000 | H53: 2500 | I53: 2000 | J53: 2500 | K53: =AVERAGE(D53:J53) -> 4000
A54: 14 | B54: TEPUNG TERIGU
B55: - Tepung Terigu "Segitiga Biru" Curah | C55: Kg | D55: 10000 | E55: 10500 | F55: 10000 | G55: 11000 | H55: 12000 | I55: 10000 | J55: 12000 | K55: =AVERAGE(D55:J55) -> 10785.714
A56: 15 | B56: KACANG-KACANGAN
B57: - Kacang Kedelai (Kualitas Import) | C57: Kg | D57: 15000 | E57: 16000 | F57: 12000 | G57: 12000 | H57: 12000 | I57: 14000 | J57: - | K57: =AVERAGE(D57:J57) -> 13500
B58: - Kacang Kedelai (Kualitas Lokal) | C58: Kg | D58: - | E58: 14000 | F58: 11500 | G58: - | H58: - | I58: - | J58: 12000 | K58: =AVERAGE(D58:J58) -> 12500
B59: - Kacang Hijau | C59: Kg | D59: 25000 | E59: 23000 | F59: 23000 | G59: 22000 | H59: 22000 | I59: 25000 | J59: 22000 | K59: =AVERAGE(D59:J59) -> 23142.857
B60: - Kacang Tanah (Jenis Besar) | C60: Kg | D60: 30000 | E60: 30000 | F60: 28000 | G60: 30000 | H60: 26000 | I60: 29000 | J60: 28000 | K60: =AVERAGE(D60:J60) -> 28714.286
A61: 16 | B61: MIE INSTAN
B62: - Indomie Goreng | C62: 86 Gr/Bngks | D62: 3000 | E62: 3200 | F62: 3000 | G62: 3000 | H62: - | I62: 3500 | J62: 3500 | K62: =AVERAGE(D62:J62) -> 3200
A63: 17 | B63: C A B E
B64: - Cabe Merah Besar | C64: Kg | D64: 28000 | E64: 25000 | F64: 30000 | G64: 28000 | H64: 25000 | I64: 28000 | J64: 20000 | K64: =AVERAGE(D64:J64) -> 26285.714
B65: - Cabe Merah Kriting | C65: Kg | D65: 28000 | E65: 25000 | F65: 25000 | G65: 28000 | H65: - | I65: 25000 | J65: - | K65: =AVERAGE(D65:J65) -> 26200
B66: - Cabe Merah Kecil-Rawit | C66: Kg | D66: 35000 | E66: 35000 | F66: 32000 | G66: 35000 | H66: 35000 | I66: 35000 | J66: 35000 | K66: =AVERAGE(D66:J66) -> 34571.429
A67: 18 | B67: BAHAN BAKAR GAS LPG
B68: - Gas LPG Tabung (3 Kg.) | C68: Per Tabung | D68: 20000 | E68: 18000 | F68: 18000 | G68: 18000 | H68: - | I68: 18000 | J68: 18000 | K68: =AVERAGE(D68:J68) -> 18333.333
A69: 19 | B69: BAWANG
B70: - Bawang Putih (Jenis Kating) | C70: Kg | D70: 35000 | E70: 36000 | F70: 38000 | G70: 35000 | H70: 36000 | I70: 38000 | J70: 36000 | K70: =AVERAGE(D70:J70) -> 36285.714
B71: - Bawang Putih (Jenis Sinco) | C71: Kg | D71: 34000 | E71: 34000 | F71: 35000 | G71: 35000 | H71: 35000 | I71: 33000 | J71: 35000 | K71: =AVERAGE(D71:J71) -> 34428.571
B72: - Bawang Merah (Kualitas Lokal) | C72: Kg | D72: 24000 | E72: 25000 | F72: 24000 | G72: 28000 | H72: 21000 | I72: 28000 | J72: 20000 | K72: =AVERAGE(D72:J72) -> 24285.714
B73: - Bawang Bombay | C73: Kg | D73: 26000 | E73: 25000 | F73: 30000 | G73: 30000 | H73: 30000 | I73: 30000 | J73: 30000 | K73: =AVERAGE(D73:J73) -> 28714.286
A74: 20 | B74: UBI-UBIAN
B75: - Ketela Pohon | C75: Kg | D75: 5000 | E75: 7000 | F75: 5000 | G75: 6000 | H75: 4000 | I75: 5000 | J75: 4000 | K75: =AVERAGE(D75:J75) -> 5142.8571
B76: - Ubi Jalar | C76: Kg | D76: 6000 | E76: - | F76: 6000 | G76: 6000 | H76: 5000 | I76: 5000 | J76: 5000 | K76: =AVERAGE(D76:J76) -> 5500
A77: 21 | B77: SAYUR-SAYURAN
B78: - Kubis | C78: Kg | D78: 7000 | E78: 7000 | F78: 7000 | G78: 8000 | H78: 9000 | I78: 8000 | J78: 9000 | K78: =AVERAGE(D78:J78) -> 7857.1429
B79: - Buncis | C79: Kg | D79: 12000 | E79: 7000 | F79: 12000 | G79: 12000 | H79: 10000 | I79: 14000 | J79: 10000 | K79: =AVERAGE(D79:J79) -> 11000
B80: - Kentang | C80: Kg | D80: 16000 | E80: 16000 | F80: 16000 | G80: 15000 | H80: 15000 | I80: 15000 | J80: 15000 | K80: =AVERAGE(D80:J80) -> 15428.571
B81: - Tomat | C81: Kg | D81: 8000 | E81: 10000 | F81: 7000 | G81: 12000 | H81: 7000 | I81: 8000 | J81: 5000 | K81: =AVERAGE(D81:J81) -> 8142.8571
B82: - Wortel (Kualitas Lokal) | C82: Kg | D82: 12000 | E82: 13000 | F82: 12000 | G82: 12000 | H82: 10000 | I82: 15000 | J82: 10000 | K82: =AVERAGE(D82:J82) -> 12000
B83: - Terong Ungu (Jenis Sayur) | C83: Kg | D83: 9000 | E83: 10000 | F83: 9000 | G83: 8000 | H83: 9000 | I83: 10000 | J83: 9000 | K83: =AVERAGE(D83:J83) -> 9142.8571
B84: - Bayam (Jenis Sayur) | C84: Ikat Kecil | D84: 1500 | E84: - | F84: 2000 | G84: 2000 | H84: 1500 | I84: 1000 | J84: 1500 | K84: =AVERAGE(D84:J84) -> 1583.3333
B85: - Kangkung (Jenis Panjang) | C85: Ikat Kecil | D85: 1500 | E85: - | F85: 1500 | G85: 2000 | H85: 1500 | I85: 1500 | J85: 1500 | K85: =AVERAGE(D85:J85) -> 1583.3333
B86: - Sawi (Jenis Hijau) | C86: Ikat Kecil | D86: - | E86: - | F86: - | G86: - | H86: 2000 | I86: - | J86: 2000 | K86: =AVERAGE(D86:J86) -> 2000
A87: 22 | B87: AIR MINERAL
B88: - Air Mineral (Aqua Galon) | C88: 19 Ltr/Galon | D88: - | E88: - | F88: 18000 | G88: 17000 | H88: - | I88: 19000 | J88: 18000 | K88: =AVERAGE(D88:J88) -> 18000

Sheet 03
A1: HARGA BAHAN-BAHAN POKOK
A2: DI PASAR TRADISIONAL KOTA SURABAYA
A3: Hari / Tanggal : Kamis , 03 Agustus 2023
B4: NAMA BAHAN POKOK DAN PENTING LAINNYA | C4: SATUAN | D4: Pasar Tambahrejo | E4: Pasar Pucang Anom | F4: Pasar Wonokromo | G4: Pasar Genteng Baru | H4: Pasar Pabean | I4: Pasar Kembang | J4: Pasar Balongsari | K4: Rata-Rata
A7: 1 | B7: BERAS
B8: - Beras Premium | C8: Kg | D8: 13000 | E8: 13000 | F8: 13000 | G8: 13000 | H8: 13000 | I8: 13000 | J8: 13000 | K8: =AVERAGE(D8:J8) -> 13000
B9: - Beras Medium Bulog | C9: Kg | D9: 9000 | E9: - | F9: 9000 | G9: - | H9: - | I9: - | J9: - | K9: =AVERAGE(D9:J9) -> 9000
B10: - Beras Medium | C10: Kg | D10: - | E10: 10900 | F10: 10500 | G10: 10900 | H10: 12000 | I10: 10000 | J10: - | K10: =AVERAGE(D10:J10) -> 10860
B11: - Beras Jagung | C11: Kg | D11: - | E11: 10000 | F11: 12000 | G11: 10000 | H11: - | I11: 11000 | J11: 8000 | K11: =AVERAGE(D11:J11) -> 10200
B12: - Beras Ketan (Jenis Siyem) | C12: Kg | D12: - | E12: 21000 | F12: 17000 | G12: 20000 | H12: - | I12: 18000 | J12: 17000 | K12: =AVERAGE(D12:J12) -> 18600
A13: 2 | B13: GULA
B14: - Gula pasir lokal curah | C14: Kg | D14: 13500 | E14: 13000 | F14: 13500 | G14: 13000 | H14: 13500 | I14: 13500 | J14: 13500 | K14: =AVERAGE(D14:J14) -> 13357.143
B15: - Gula Jawa/Merah (Bahan Kelapa) | C15: Kg | D15: 15000 | E15: 16000 | F15: 15000 | G15: 14000 | H15: 15000 | I15: 16000 | J15: 16000 | K15: =AVERAGE(D15:J15) -> 15285.714
A16: 3 | B16: MINYAK GORENG
B17: - Minyak Goreng Curah (Bening) | C17: Kg | D17: 15000 | E17: 15000 | F17: 15000 | G17: 15000 | H17: 15000 | I17: 15000 | J17: 15000 | K17: =AVERAGE(D17:J17) -> 15000
B18: - Minyak Kita | C18: Liter | D18: 14000 | E18: 14000 | F18: 14000 | G18: 14000 | H18: - | I18: 14000 | J18: 14000 | K18: =AVERAGE(D18:J18) -> 14000
A19: 4 | B19: MENTEGA
B20: - Mentega Curah (Amanda) | C20: Kg | D20: 20000 | E20: - | F20: 20000 | G20: 22000 | H20: - | I20: 24000 | J20: - | K20: =AVERAGE(D20:J20) -> 21500
A21: 5 | B21: DAGING
B22: - Daging Sapi Grade Atas | C22: Kg | D22: 120000 | E22: 120000 | F22: 120000 | G22: 120000 | H22: 120000 | I22: 120000 | J22: - | K22: =AVERAGE(D22:J22) -> 120000
B23: - Daging Sapi Grade Sedang | C23: Kg | D23: 110000 | E23: 110000 | F23: 110000 | G23: 110000 | H23: 110000 | I23: 115000 | J23: 110000 | K23: =AVERAGE(D23:J23) -> 110714.29
B24: - Daging Sapi Grade Bawah | C24: Kg | D24: 90000 | E24: 95000 | F24: 105000 | G24: 105000 | H24: 100000 | I24: 100000 | J24: 100000 | K24: =AVERAGE(D24:J24) -> 99285.714
B25: - Daging Ayam Broiler | C25: Kg | D25: 31000 | E25: 33000 | F25: 35000 | G25: 34000 | H25: 35000 | I25: 34000 | J25: 35000 | K25: =AVERAGE(D25:J25) -> 33857.143
A26: 6 | B26: I K A N
B27: - Ikan Tongkol Segar (Uk. Sedang) | C27: Kg | D27: 35000 | E27: 36000 | F27: - | G27: 35000 | H27: 35000 | I27: 35000 | J27: 40000 | K27: =AVERAGE(D27:J27) -> 36000
B28: - Ikan Mujair Segar (Uk. Sedang) | C28: Kg | D28: 26000 | E28: 30000 | F28: 28000 | G28: 30000 | H28: 23000 | I28: 25000 | J28: 25000 | K28: =AVERAGE(D28:J28) -> 26714.286
B29: - Udang Segar (Uk. Sedang) | C29: Kg | D29: 60000 | E29: 60000 | F29: 60000 | G29: 70000 | H29: 68000 | I29: 60000 | J29: 65000 | K29: =AVERAGE(D29:J29) -> 63285.714
B30: - Ikan Lele Segar (Ukuran Sedang) | C30: Kg | D30: 25000 | E30: - | F30: - | G30: 25000 | H30: 23000 | I30: 21000 | J30: 26000 | K30: =AVERAGE(D30:J30) -> 24000
B31: - Ikan Bandeng Segar (Uk. Sedang) | C31: Kg | D31: 37000 | E31: 35000 | F31: 38000 | G31: 35000 | H31: 28000 | I31: 35000 | J31: 30000 | K31: =AVERAGE(D31:J31) -> 34000
B32: - Ikan Teri Asin (Bukan Teri Medan) | C32: Kg | D32: - | E32: 100000 | F32: 80000 | G32: - | H32: 80000 | I32: - | J32: 70000 | K32: =AVERAGE(D32:J32) -> 82500
A33: 7 | B33: TELUR
B34: - Telur Ayam Broiler | C34: Kg | D34: 30000 | E34: 30000 | F34: 30000 | G34: 30000 | H34: 30000 | I34: 29000 | J34: 30000 | K34: =AVERAGE(D34:J34) -> 29857.143
B35: - Telur Ayam Kampung | C35: Butir | D35: 3000 | E35: 3000 | F35: 2500 | G35: 2500 | H35: 2500 | I35: 3000 | J35: 3000 | K35: =AVERAGE(D35:J35) -> 2785.7143
A36: 8 | B36: TAHU
B37: - Tahu biasa | C37: Kg | D37: 10000 | E37: 10000 | F37: 9000 | G37: 9000 | H37: 16000 | I37: 7000 | J37: 9000 | K37: =AVERAGE(D37:J37) -> 10000
B38: - Tahu susu | C38: Kg | D38: - | E38: 10000 | F38: 12000 | G38: 14000 | H38: - | I38: 15000 | J38: 12000 | K38: =AVERAGE(D38:J38) -> 12600
A39: 9 | B39: TEMPE
B40: - Tempe Kw I (campuran kedelai) | C40: Kg | D40: - | E40: - | F40: - | G40: 16000 | H40: 14000 | I40: 7000 | J40: 15000 | K40: =AVERAGE(D40:J40) -> 13000
B41: - Tempe Kw II (campuran jagung) | C41: Kg | D41: 2500 | E41: - | F41: 6000 | G41: - | H41: - | I41: - | J41: - | K41: =AVERAGE(D41:J41) -> 4250
B42: - Tempe Kw III (campuran kulit) | C42: Kg | D42: - | E42: 2500 | F42: - | G42: - | H42: - | I42: - | J42: - | K42: =AVERAGE(D42:J42) -> 2500
A43: 10 | B43: S U S U
B44: - Susu Kental Manis "INDOMILK" Putih | C44: 390 Gr/kaleng | D44: 12500 | E44: 12000 | F44: 12500 | G44: 12500 | H44: - | I44: 12500 | J44: 12500 | K44: =AVERAGE(D44:J44) -> 12416.667
B45: - Susu Kental Manis "BENDERA" Putih | C45: 390 Gr/kaleng | D45: 12500 | E45: 13000 | F45: 12500 | G45: 12500 | H45: - | I45: 12500 | J45: 12500 | K45: =AVERAGE(D45:J45) -> 12583.333
A46: 11 | B46: SABUN CUCI
B47: - Sabun Detergen Rinso (Anti Noda) | C47: 900 Gram | D47: - | E47: - | F47: - | G47: - | H47: 17500 | I47: - | J47: - | K47: =AVERAGE(D47:J47) -> 17500
B48: - Sabun Colek "Wing's Biru" | C48: 350 Gram | D48: - | E48: - | F48: - | G48: - | H48: 2000 | I48: - | J48: - | K48: =AVERAGE(D48:J48) -> 2000
A49: 12 | B49: JAGUNG
B50: - Jagung Pipilan Kering (Jenis Kecil) | C50: Kg | D50: 10000 | E50: 8000 | F50: 10000 | G50: 10000 | H50: 9000 | I50: 10000 | J50: 8000 | K50: =AVERAGE(D50:J50) -> 9285.7143
B51: - Jagung Pipilan Kering (Jenis Besar) | C51: Kg | D51: 9000 | E51: 10000 | F51: 9000 | G51: 10000 | H51: 6000 | I51: - | J51: 6000 | K51: =AVERAGE(D51:J51) -> 8333.3333
A52: 13 | B52: GARAM BERYODIUM
B53: - Garam Halus (Cap Kapal) | C53: 250 Gr/Bngks | D53: 3000 | E53: 8000 | F53: 5000 | G53: 5000 | H53: 2500 | I53: 2000 | J53: 2500 | K53: =AVERAGE(D53:J53) -> 4000
A54: 14 | B54: TEPUNG TERIGU
B55: - Tepung Terigu "Segitiga Biru" Curah | C55: Kg | D55: 10000 | E55: 10500 | F55: 10000 | G55: 11000 | H55: 12000 | I55: 10000 | J55: 10000 | K55: =AVERAGE(D55:J55) -> 10500
A56: 15 | B56: KACANG-KACANGAN
B57: - Kacang Kedelai (Kualitas Import) | C57: Kg | D57: 15000 | E57: 16000 | F57: 12000 | G57: 12000 | H57: 13000 | I57: 14000 | J57: - | K57: =AVERAGE(D57:J57) -> 13666.667
B58: - Kacang Kedelai (Kualitas Lokal) | C58: Kg | D58: - | E58: 14000 | F58: 11500 | G58: - | H58: - | I58: - | J58: 13500 | K58: =AVERAGE(D58:J58) -> 13000
B59: - Kacang Hijau | C59: Kg | D59: 25000 | E59: 23000 | F59: 23000 | G59: 22000 | H59: 22000 | I59: 25000 | J59: 22000 | K59: =AVERAGE(D59:J59) -> 23142.857
B60: - Kacang Tanah (Jenis Besar) | C60: Kg | D60: 30000 | E60: 30000 | F60: 28000 | G60: 30000 | H60: 26000 | I60: 29000 | J60: 28000 | K60: =AVERAGE(D60:J60) -> 28714.286
A61: 16 | B61: MIE INSTAN
B62: - Indomie Goreng | C62: 86 Gr/Bngks | D62: 3000 | E62: 3200 | F62: 3000 | G62: 3000 | H62: - | I62: 3500 | J62: 3500 | K62: =AVERAGE(D62:J62) -> 3200
A63: 17 | B63: C A B E
B64: - Cabe Merah Besar | C64: Kg | D64: 28000 | E64: 25000 | F64: 30000 | G64: 30000 | H64: 27000 | I64: 30000 | J64: 30000 | K64: =AVERAGE(D64:J64) -> 28571.429
B65: - Cabe Merah Kriting | C65: Kg | D65: 28000 | E65: 25000 | F65: 24000 | G65: 30000 | H65: - | I65: 25000 | J65: - | K65: =AVERAGE(D65:J65) -> 26400
B66: - Cabe Merah Kecil-Rawit | C66: Kg | D66: 35000 | E66: 35000 | F66: 35000 | G66: 35000 | H66: 35000 | I66: 35000 | J66: 35000 | K66: =AVERAGE(D66:J66) -> 35000
A67: 18 | B67: BAHAN BAKAR GAS LPG
B68: - Gas LPG Tabung (3 Kg.) | C68: Per Tabung | D68: 20000 | E68: 18000 | F68: 18000 | G68: 18000 | H68: - | I68: 18000 | J68: 18000 | K68: =AVERAGE(D68:J68) -> 18333.333
A69: 19 | B69: BAWANG
B70: - Bawang Putih (Jenis Kating) | C70: Kg | D70: 35000 | E70: 36000 | F70: 36000 | G70: 35000 | H70: 35000 | I70: 39000 | J70: 40000 | K70: =AVERAGE(D70:J70) -> 36571.429
B71: - Bawang Putih (Jenis Sinco) | C71: Kg | D71: 34000 | E71: 34000 | F71: 35000 | G71: 35000 | H71: 35000 | I71: 33000 | J71: 40000 | K71: =AVERAGE(D71:J71) -> 35142.857
B72: - Bawang Merah (Kualitas Lokal) | C72: Kg | D72: 24000 | E72: 25000 | F72: 24000 | G72: 28000 | H72: 20000 | I72: 30000 | J72: 25000 | K72: =AVERAGE(D72:J72) -> 25142.857
B73: - Bawang Bombay | C73: Kg | D73: 26000 | E73: 25000 | F73: 30000 | G73: 30000 | H73: 30000 | I73: 30000 | J73: 30000 | K73: =AVERAGE(D73:J73) -> 28714.286
A74: 20 | B74: UBI-UBIAN
B75: - Ketela Pohon | C75: Kg | D75: 5000 | E75: 7000 | F75: 5000 | G75: 6000 | H75: 4000 | I75: 5000 | J75: 4000 | K75: =AVERAGE(D75:J75) -> 5142.8571
B76: - Ubi Jalar | C76: Kg | D76: 6000 | E76: - | F76: 6000 | G76: 6000 | H76: 5000 | I76: 5000 | J76: 5000 | K76: =AVERAGE(D76:J76) -> 5500
A77: 21 | B77: SAYUR-SAYURAN
B78: - Kubis | C78: Kg | D78: 7000 | E78: 7000 | F78: 7000 | G78: 8000 | H78: 9000 | I78: 8000 | J78: 7000 | K78: =AVERAGE(D78:J78) -> 7571.4286
B79: - Buncis | C79: Kg | D79: 12000 | E79: 7000 | F79: 12000 | G79: 12000 | H79: 10000 | I79: 14000 | J79: 10000 | K79: =AVERAGE(D79:J79) -> 11000
B80: - Kentang | C80: Kg | D80: 16000 | E80: 16000 | F80: 16000 | G80: 15000 | H80: 15000 | I80: 15000 | J80: 15000 | K80: =AVERAGE(D80:J80) -> 15428.571
B81: - Tomat | C81: Kg | D81: 8000 | E81: 10000 | F81: 7000 | G81: 12000 | H81: 7000 | I81: 8000 | J81: 8000 | K81: =AVERAGE(D81:J81) -> 8571.4286
B82: - Wortel (Kualitas Lokal) | C82: Kg | D82: 12000 | E82: 13000 | F82: 12000 | G82: 12000 | H82: 10000 | I82: 15000 | J82: 7000 | K82: =AVERAGE(D82:J82) -> 11571.429
B83: - Terong Ungu (Jenis Sayur) | C83: Kg | D83: 9000 | E83: 10000 | F83: 9000 | G83: 8000 | H83: 9000 | I83: 10000 | J83: 8000 | K83: =AVERAGE(D83:J83) -> 9000
B84: - Bayam (Jenis Sayur) | C84: Ikat Kecil | D84: 1500 | E84: - | F84: 2000 | G84: 2000 | H84: 1500 | I84: 1000 | J84: 1500 | K84: =AVERAGE(D84:J84) -> 1583.3333
B85: - Kangkung (Jenis Panjang) | C85: Ikat Kecil | D85: 1500 | E85: - | F85: 1500 | G85: 2000 | H85: 1500 | I85: 1500 | J85: 1500 | K85: =AVERAGE(D85:J85) -> 1583.3333
B86: - Sawi (Jenis Hijau) | C86: Ikat Kecil | D86: - | E86: - | F86: - | G86: - | H86: 2000 | I86: - | J86: 2000 | K86: =AVERAGE(D86:J86) -> 2000
A87: 22 | B87: AIR MINERAL
B88: - Air Mineral (Aqua Galon) | C88: 19 Ltr/Galon | D88: - | E88: - | F88: 18000 | G88: 17000 | H88: - | I88: 19000 | J88: 18000 | K88: =AVERAGE(D88:J88) -> 18000

Sheet 04
A1: HARGA BAHAN-BAHAN POKOK
A2: DI PASAR TRADISIONAL KOTA SURABAYA
A3: Hari / Tanggal : Jumat, 04 Agustus 2023
B4: NAMA BAHAN POKOK DAN PENTING LAINNYA | C4: SATUAN | D4: Pasar Tambahrejo | E4: Pasar Pucang Anom | F4: Pasar Wonokromo | G4: Pasar Genteng Baru | H4: Pasar Pabean | I4: Pasar Kembang | J4: Pasar Balongsari | K4: Rata-Rata
A7: 1 | B7: BERAS
B8: - Beras Premium | C8: Kg | D8: 13000 | E8: 13000 | F8: 13000 | G8: 13000 | H8: 13000 | I8: 13000 | J8: 13000 | K8: =AVERAGE(D8:J8) -> 13000
B9: - Beras Medium Bulog | C9: Kg | D9: 9000 | E9: - | F9: 9000 | G9: - | H9: - | I9: - | J9: - | K9: =AVERAGE(D9:J9) -> 9000
B10: - Beras Medium | C10: Kg | D10: - | E10: 10900 | F10: 12000 | G10: 10900 | H10: 12000 | I10: 10000 | J10: - | K10: =AVERAGE(D10:J10) -> 11160
B11: - Beras Jagung | C11: Kg | D11: - | E11: 10000 | F11: 12000 | G11: 10000 | H11: - | I11: 11000 | J11: 8000 | K11: =AVERAGE(D11:J11) -> 10200
B12: - Beras Ketan (Jenis Siyem) | C12: Kg | D12: - | E12: 21000 | F12: 17000 | G12: 20000 | H12: - | I12: 18000 | J12: 17000 | K12: =AVERAGE(D12:J12) -> 18600
A13: 2 | B13: GULA
B14: - Gula pasir lokal curah | C14: Kg | D14: 13500 | E14: 13000 | F14: 13500 | G14: 13000 | H14: 13500 | I14: 13500 | J14: 13500 | K14: =AVERAGE(D14:J14) -> 13357.143
B15: - Gula Jawa/Merah (Bahan Kelapa) | C15: Kg | D15: 15000 | E15: 16000 | F15: 15000 | G15: 14000 | H15: 15000 | I15: 16000 | J15: 16000 | K15: =AVERAGE(D15:J15) -> 15285.714
A16: 3 | B16: MINYAK GORENG
B17: - Minyak Goreng Curah (Bening) | C17: Kg | D17: 15000 | E17: 15000 | F17: 15000 | G17: 15000 | H17: 15000 | I17: 15000 | J17: 15000 | K17: =AVERAGE(D17:J17) -> 15000
B18: - Minyak Kita | C18: Liter | D18: 14000 | E18: 14000 | F18: 14000 | G18: 14000 | H18: - | I18: 14000 | J18: 14000 | K18: =AVERAGE(D18:J18) -> 14000
A19: 4 | B19: MENTEGA
B20: - Mentega Curah (Amanda) | C20: Kg | D20: 20000 | E20: - | F20: 20000 | G20: 22000 | H20: - | I20: 24000 | J20: - | K20: =AVERAGE(D20:J20) -> 21500
A21: 5 | B21: DAGING
B22: - Daging Sapi Grade Atas | C22: Kg | D22: 120000 | E22: 120000 | F22: 120000 | G22: 120000 | H22: 120000 | I22: 120000 | J22: - | K22: =AVERAGE(D22:J22) -> 120000
B23: - Daging Sapi Grade Sedang | C23: Kg | D23: 110000 | E23: 110000 | F23: 110000 | G23: 110000 | H23: 110000 | I23: 115000 | J23: 110000 | K23: =AVERAGE(D23:J23) -> 110714.29
B24: - Daging Sapi Grade Bawah | C24: Kg | D24: 90000 | E24: 95000 | F24: 105000 | G24: 105000 | H24: 100000 | I24: 100000 | J24: 100000 | K24: =AVERAGE(D24:J24) -> 99285.714
B25: - Daging Ayam Broiler | C25: Kg | D25: 31000 | E25: 33000 | F25: 34000 | G25: 34000 | H25: 35000 | I25: 34000 | J25: 35000 | K25: =AVERAGE(D25:J25) -> 33714.286
A26: 6 | B26: I K A N
B27: - Ikan Tongkol Segar (Uk. Sedang) | C27: Kg | D27: 35000 | E27: 36000 | F27: - | G27: 35000 | H27: 35000 | I27: 35000 | J27: 40000 | K27: =AVERAGE(D27:J27) -> 36000
B28: - Ikan Mujair Segar (Uk. Sedang) | C28: Kg | D28: 26000 | E28: 30000 | F28: 30000 | G28: 30000 | H28: 23000 | I28: 25000 | J28: 25000 | K28: =AVERAGE(D28:J28) -> 27000
B29: - Udang Segar (Uk. Sedang) | C29: Kg | D29: 60000 | E29: 60000 | F29: 70000 | G29: 70000 | H29: 68000 | I29: 60000 | J29: 65000 | K29: =AVERAGE(D29:J29) -> 64714.286
B30: - Ikan Lele Segar (Ukuran Sedang) | C30: Kg | D30: 25000 | E30: - | F30: - | G30: 25000 | H30: 23000 | I30: 21000 | J30: 26000 | K30: =AVERAGE(D30:J30) -> 24000
B31: - Ikan Bandeng Segar (Uk. Sedang) | C31: Kg | D31: 37000 | E31: 36000 | F31: 40000 | G31: 35000 | H31: 28000 | I31: 35000 | J31: 30000 | K31: =AVERAGE(D31:J31) -> 34428.571
B32: - Ikan Teri Asin (Bukan Teri Medan) | C32: Kg | D32: - | E32: 100000 | F32: 80000 | G32: - | H32: 80000 | I32: - | J32: 70000 | K32: =AVERAGE(D32:J32) -> 82500
A33: 7 | B33: TELUR
B34: - Telur Ayam Broiler | C34: Kg | D34: 30000 | E34: 30000 | F34: 30000 | G34: 30000 | H34: 30000 | I34: 29000 | J34: 30000 | K34: =AVERAGE(D34:J34) -> 29857.143
B35: - Telur Ayam Kampung | C35: Butir | D35: 3000 | E35: 3000 | F35: 2500 | G35: 2500 | H35: 2500 | I35: 3000 | J35: 3000 | K35: =AVERAGE(D35:J35) -> 2785.7143
A36: 8 | B36: TAHU
B37: - Tahu biasa | C37: Kg | D37: 10000 | E37: 10000 | F37: 9000 | G37: 9000 | H37: 16000 | I37: 7000 | J37: 9000 | K37: =AVERAGE(D37:J37) -> 10000
B38: - Tahu susu | C38: Kg | D38: - | E38: 10000 | F38: 12000 | G38: 14000 | H38: - | I38: 15000 | J38: 12000 | K38: =AVERAGE(D38:J38) -> 12600
A39: 9 | B39: TEMPE
B40: - Tempe Kw I (campuran kedelai) | C40: Kg | D40: - | E40: - | F40: - | G40: 16000 | H40: 14000 | I40: 7000 | J40: 15000 | K40: =AVERAGE(D40:J40) -> 13000
B41: - Tempe Kw II (campuran jagung) | C41: Kg | D41: 2500 | E41: - | F41: 6000 | G41: - | H41: - | I41: - | J41: - | K41: =AVERAGE(D41:J41) -> 4250
B42: - Tempe Kw III (campuran kulit) | C42: Kg | D42: - | E42: 2500 | F42: - | G42: - | H42: - | I42: - | J42: - | K42: =AVERAGE(D42:J42) -> 2500
A43: 10 | B43: S U S U
B44: - Susu Kental Manis "INDOMILK" Putih | C44: 390 Gr/kaleng | D44: 12500 | E44: 12000 | F44: 12500 | G44: 12500 | H44: - | I44: 12500 | J44: 12500 | K44: =AVERAGE(D44:J44) -> 12416.667
B45: - Susu Kental Manis "BENDERA" Putih | C45: 390 Gr/kaleng | D45: 12500 | E45: 13000 | F45: 12500 | G45: 12500 | H45: - | I45: 12500 | J45: 12500 | K45: =AVERAGE(D45:J45) -> 12583.333
A46: 11 | B46: SABUN CUCI
B47: - Sabun Detergen Rinso (Anti Noda) | C47: 900 Gram | D47: - | E47: - | F47: - | G47: - | H47: 17500 | I47: - | J47: - | K47: =AVERAGE(D47:J47) -> 17500
B48: - Sabun Colek "Wing's Biru" | C48: 350 Gram | D48: - | E48: - | F48: - | G48: - | H48: 2000 | I48: - | J48: - | K48: =AVERAGE(D48:J48) -> 2000
A49: 12 | B49: JAGUNG
B50: - Jagung Pipilan Kering (Jenis Kecil) | C50: Kg | D50: 10000 | E50: 8000 | F50: 10000 | G50: 10000 | H50: 9000 | I50: 10000 | J50: 8000 | K50: =AVERAGE(D50:J50) -> 9285.7143
B51: - Jagung Pipilan Kering (Jenis Besar) | C51: Kg | D51: 9000 | E51: 10000 | F51: 9000 | G51: 10000 | H51: 6000 | I51: - | J51: 6000 | K51: =AVERAGE(D51:J51) -> 8333.3333
A52: 13 | B52: GARAM BERYODIUM
B53: - Garam Halus (Cap Kapal) | C53: 250 Gr/Bngks | D53: 3000 | E53: 8000 | F53: 5000 | G53: 5000 | H53: 2500 | I53: 2000 | J53: 2500 | K53: =AVERAGE(D53:J53) -> 4000
A54: 14 | B54: TEPUNG TERIGU
B55: - Tepung Terigu "Segitiga Biru" Curah | C55: Kg | D55: 10000 | E55: 10500 | F55: 10000 | G55: 11000 | H55: 12000 | I55: 10000 | J55: 10000 | K55: =AVERAGE(D55:J55) -> 10500
A56: 15 | B56: KACANG-KACANGAN
B57: - Kacang Kedelai (Kualitas Import) | C57: Kg | D57: 15000 | E57: 16000 | F57: 12000 | G57: 12000 | H57: 13000 | I57: 14000 | J57: - | K57: =AVERAGE(D57:J57) -> 13666.667
B58: - Kacang Kedelai (Kualitas Lokal) | C58: Kg | D58: - | E58: 14000 | F58: 11500 | G58: - | H58: - | I58: - | J58: 13500 | K58: =AVERAGE(D58:J58) -> 13000
B59: - Kacang Hijau | C59: Kg | D59: 25000 | E59: 23000 | F59: 23000 | G59: 22000 | H59: 22000 | I59: 25000 | J59: 22000 | K59: =AVERAGE(D59:J59) -> 23142.857
B60: - Kacang Tanah (Jenis Besar) | C60: Kg | D60: 30000 | E60: 30000 | F60: 28000 | G60: 30000 | H60: 26000 | I60: 29000 | J60: 28000 | K60: =AVERAGE(D60:J60) -> 28714.286
A61: 16 | B61: MIE INSTAN
B62: - Indomie Goreng | C62: 86 Gr/Bngks | D62: 3000 | E62: 3200 | F62: 3000 | G62: 3000 | H62: - | I62: 3500 | J62: 3500 | K62: =AVERAGE(D62:J62) -> 3200
A63: 17 | B63: C A B E
B64: - Cabe Merah Besar | C64: Kg | D64: 28000 | E64: 25000 | F64: 28000 | G64: 30000 | H64: 25000 | I64: 30000 | J64: 30000 | K64: =AVERAGE(D64:J64) -> 28000
B65: - Cabe Merah Kriting | C65: Kg | D65: 28000 | E65: 25000 | F65: 30000 | G65: 30000 | H65: - | I65: 25000 | J65: - | K65: =AVERAGE(D65:J65) -> 27600
B66: - Cabe Merah Kecil-Rawit | C66: Kg | D66: 35000 | E66: 35000 | F66: 35000 | G66: 35000 | H66: 35000 | I66: 35000 | J66: 35000 | K66: =AVERAGE(D66:J66) -> 35000
A67: 18 | B67: BAHAN BAKAR GAS LPG
B68: - Gas LPG Tabung (3 Kg.) | C68: Per Tabung | D68: 20000 | E68: 18000 | F68: 18000 | G68: 18000 | H68: - | I68: 18000 | J68: 18000 | K68: =AVERAGE(D68:J68) -> 18333.333
A69: 19 | B69: BAWANG
B70: - Bawang Putih (Jenis Kating) | C70: Kg | D70: 35000 | E70: 36000 | F70: 36000 | G70: 35000 | H70: 35000 | I70: 39000 | J70: 40000 | K70: =AVERAGE(D70:J70) -> 36571.429
B71: - Bawang Putih (Jenis Sinco) | C71: Kg | D71: 34000 | E71: 34000 | F71: 35000 | G71: 35000 | H71: 35000 | I71: 33000 | J71: 40000 | K71: =AVERAGE(D71:J71) -> 35142.857
B72: - Bawang Merah (Kualitas Lokal) | C72: Kg | D72: 27000 | E72: 25000 | F72: 22000 | G72: 28000 | H72: 20000 | I72: 30000 | J72: 25000 | K72: =AVERAGE(D72:J72) -> 25285.714
B73: - Bawang Bombay | C73: Kg | D73: 26000 | E73: 25000 | F73: 30000 | G73: 30000 | H73: 30000 | I73: 30000 | J73: 30000 | K73: =AVERAGE(D73:J73) -> 28714.286
A74: 20 | B74: UBI-UBIAN
B75: - Ketela Pohon | C75: Kg | D75: 5000 | E75: 7000 | F75: 5000 | G75: 6000 | H75: 4000 | I75: 5000 | J75: 4000 | K75: =AVERAGE(D75:J75) -> 5142.8571
B76: - Ubi Jalar | C76: Kg | D76: 6000 | E76: - | F76: 6000 | G76: 6000 | H76: 5000 | I76: 5000 | J76: 5000 | K76: =AVERAGE(D76:J76) -> 5500
A77: 21 | B77: SAYUR-SAYURAN
B78: - Kubis | C78: Kg | D78: 7000 | E78: 7000 | F78: 7000 | G78: 8000 | H78: 9000 | I78: 8000 | J78: 7000 | K78: =AVERAGE(D78:J78) -> 7571.4286
B79: - Buncis | C79: Kg | D79: 12000 | E79: 7000 | F79: 12000 | G79: 12000 | H79: 10000 | I79: 14000 | J79: 10000 | K79: =AVERAGE(D79:J79) -> 11000
B80: - Kentang | C80: Kg | D80: 16000 | E80: 16000 | F80: 16000 | G80: 15000 | H80: 15000 | I80: 15000 | J80: 15000 | K80: =AVERAGE(D80:J80) -> 15428.571
B81: - Tomat | C81: Kg | D81: 8000 | E81: 10000 | F81: 7000 | G81: 12000 | H81: 7000 | I81: 8000 | J81: 8000 | K81: =AVERAGE(D81:J81) -> 8571.4286
B82: - Wortel (Kualitas Lokal) | C82: Kg | D82: 12000 | E82: 13000 | F82: 12000 | G82: 12000 | H82: 10000 | I82: 15000 | J82: 7000 | K82: =AVERAGE(D82:J82) -> 11571.429
B83: - Terong Ungu (Jenis Sayur) | C83: Kg | D83: 9000 | E83: 10000 | F83: 9000 | G83: 8000 | H83: 9000 | I83: 10000 | J83: 8000 | K83: =AVERAGE(D83:J83) -> 9000
B84: - Bayam (Jenis Sayur) | C84: Ikat Kecil | D84: 1500 | E84: - | F84: 2000 | G84: 2000 | H84: 1500 | I84: 1000 | J84: 1500 | K84: =AVERAGE(D84:J84) -> 1583.3333
B85: - Kangkung (Jenis Panjang) | C85: Ikat Kecil | D85: 1500 | E85: - | F85: 1500 | G85: 2000 | H85: 1500 | I85: 1500 | J85: 1500 | K85: =AVERAGE(D85:J85) -> 1583.3333
B86: - Sawi (Jenis Hijau) | C86: Ikat Kecil | D86: - | E86: - | F86: - | G86: - | H86: 2000 | I86: - | J86: 2000 | K86: =AVERAGE(D86:J86) -> 2000
A87: 22 | B87: AIR MINERAL
B88: - Air Mineral (Aqua Galon) | C88: 19 Ltr/Galon | D88: - | E88: - | F88: 18000 | G88: 17000 | H88: - | I88: 19000 | J88: 18000 | K88: =AVERAGE(D88:J88) -> 18000

Sheet 05
A1: HARGA BAHAN-BAHAN POKOK
A2: DI PASAR TRADISIONAL KOTA SURABAYA
A3: Hari / Tanggal : Sabtu, 05 Agustus 2023
B4: NAMA BAHAN POKOK DAN PENTING LAINNYA | C4: SATUAN | D4: Pasar Tambahrejo | E4: Pasar Pucang Anom | F4: Pasar Wonokromo | G4: Pasar Genteng Baru | H4: Pasar Pabean | I4: Pasar Kembang | J4: Pasar Balongsari | K4: Rata-Rata
A7: 1 | B7: BERAS
B8: - Beras Premium | C8: Kg | D8: 13000 | E8: 13000 | F8: 14000 | G8: 13000 | H8: 13000 | I8: 13000 | J8: 13000 | K8: =AVERAGE(D8:J8) -> 13142.857
B9: - Beras Medium Bulog | C9: Kg | D9: 9000 | E9: - | F9: 9400 | G9: - | H9: - | I9: - | J9: - | K9: =AVERAGE(D9:J9) -> 9200
B10: - Beras Medium | C10: Kg | D10: - | E10: 10900 | F10: 13500 | G10: 10900 | H10: 12000 | I10: 10000 | J10: - | K10: =AVERAGE(D10:J10) -> 11460
B11: - Beras Jagung | C11: Kg | D11: - | E11: 10000 | F11: 12000 | G11: 10000 | H11: - | I11: 11000 | J11: 8000 | K11: =AVERAGE(D11:J11) -> 10200
B12: - Beras Ketan (Jenis Siyem) | C12: Kg | D12: - | E12: 21000 | F12: 18000 | G12: 20000 | H12: - | I12: 18000 | J12: 17000 | K12: =AVERAGE(D12:J12) -> 18800
A13: 2 | B13: GULA
B14: - Gula pasir lokal curah | C14: Kg | D14: 13500 | E14: 13000 | F14: 13500 | G14: 13000 | H14: 13500 | I14: 13500 | J14: 13500 | K14: =AVERAGE(D14:J14) -> 13357.143
B15: - Gula Jawa/Merah (Bahan Kelapa) | C15: Kg | D15: 15000 | E15: 16000 | F15: 18000 | G15: 14000 | H15: 15000 | I15: 16000 | J15: 16000 | K15: =AVERAGE(D15:J15) -> 15714.286
A16: 3 | B16: MINYAK GORENG
B17: - Minyak Goreng Curah (Bening) | C17: Kg | D17: 15000 | E17: 15000 | F17: 17000 | G17: 15000 | H17: 15000 | I17: 15000 | J17: 15000 | K17: =AVERAGE(D17:J17) -> 15285.714
B18: - Minyak Kita | C18: Liter | D18: 14000 | E18: 14000 | F18: 14000 | G18: 14000 | H18: - | I18: 14000 | J18: 14000 | K18: =AVERAGE(D18:J18) -> 14000
A19: 4 | B19: MENTEGA
B20: - Mentega Curah (Amanda) | C20: Kg | D20: 20000 | E20: - | F20: 20000 | G20: 22000 | H20: - | I20: 24000 | J20: - | K20: =AVERAGE(D20:J20) -> 21500
A21: 5 | B21: DAGING
B22: - Daging Sapi Grade Atas | C22: Kg | D22: 120000 | E22: 120000 | F22: 115000 | G22: 120000 | H22: 120000 | I22: 120000 | J22: - | K22: =AVERAGE(D22:J22) -> 119166.67
B23: - Daging Sapi Grade Sedang | C23: Kg | D23: 110000 | E23: 110000 | F23: 110000 | G23: 110000 | H23: 110000 | I23: 115000 | J23: 110000 | K23: =AVERAGE(D23:J23) -> 110714.29
B24: - Daging Sapi Grade Bawah | C24: Kg | D24: 90000 | E24: 95000 | F24: 100000 | G24: 105000 | H24: 100000 | I24: 100000 | J24: 100000 | K24: =AVERAGE(D24:J24) -> 98571.429
B25: - Daging Ayam Broiler | C25: Kg | D25: 31000 | E25: 33000 | F25: 34000 | G25: 33000 | H25: 35000 | I25: 35000 | J25: 35000 | K25: =AVERAGE(D25:J25) -> 33714.286
A26: 6 | B26: I K A N
B27: - Ikan Tongkol Segar (Uk. Sedang) | C27: Kg | D27: 35000 | E27: 36000 | F27: - | G27: 35000 | H27: 35000 | I27: 35000 | J27: 40000 | K27: =AVERAGE(D27:J27) -> 36000
B28: - Ikan Mujair Segar (Uk. Sedang) | C28: Kg | D28: 26000 | E28: 30000 | F28: 30000 | G28: 30000 | H28: 23000 | I28: 25000 | J28: 25000 | K28: =AVERAGE(D28:J28) -> 27000
B29: - Udang Segar (Uk. Sedang) | C29: Kg | D29: 60000 | E29: 60000 | F29: 70000 | G29: 70000 | H29: 68000 | I29: 60000 | J29: 65000 | K29: =AVERAGE(D29:J29) -> 64714.286
B30: - Ikan Lele Segar (Ukuran Sedang) | C30: Kg | D30: 25000 | E30: - | F30: - | G30: 25000 | H30: 23000 | I30: 21000 | J30: 26000 | K30: =AVERAGE(D30:J30) -> 24000
B31: - Ikan Bandeng Segar (Uk. Sedang) | C31: Kg | D31: 37000 | E31: 36000 | F31: 40000 | G31: 35000 | H31: 28000 | I31: 35000 | J31: 30000 | K31: =AVERAGE(D31:J31) -> 34428.571
B32: - Ikan Teri Asin (Bukan Teri Medan) | C32: Kg | D32: - | E32: 100000 | F32: 80000 | G32: - | H32: 80000 | I32: - | J32: 70000 | K32: =AVERAGE(D32:J32) -> 82500
A33: 7 | B33: TELUR
B34: - Telur Ayam Broiler | C34: Kg | D34: 30000 | E34: 30000 | F34: 31000 | G34: 30000 | H34: 30000 | I34: 29000 | J34: 30000 | K34: =AVERAGE(D34:J34) -> 30000
B35: - Telur Ayam Kampung | C35: Butir | D35: 3000 | E35: 3000 | F35: 2500 | G35: 2500 | H35: 2500 | I35: 3000 | J35: 3000 | K35: =AVERAGE(D35:J35) -> 2785.7143
A36: 8 | B36: TAHU
B37: - Tahu biasa | C37: Kg | D37: 10000 | E37: 10000 | F37: 9000 | G37: 9000 | H37: 16000 | I37: 7000 | J37: 9000 | K37: =AVERAGE(D37:J37) -> 10000
B38: - Tahu susu | C38: Kg | D38: - | E38: 10000 | F38: 12000 | G38: 14000 | H38: - | I38: 15000 | J38: 12000 | K38: =AVERAGE(D38:J38) -> 12600
A39: 9 | B39: TEMPE
B40: - Tempe Kw I (campuran kedelai) | C40: Kg | D40: - | E40: - | F40: - | G40: 16000 | H40: 14000 | I40: 7000 | J40: 15000 | K40: =AVERAGE(D40:J40) -> 13000
B41: - Tempe Kw II (campuran jagung) | C41: Kg | D41: 2500 | E41: - | F41: 6000 | G41: - | H41: - | I41: - | J41: - | K41: =AVERAGE(D41:J41) -> 4250
B42: - Tempe Kw III (campuran kulit) | C42: Kg | D42: - | E42: 2500 | F42: - | G42: - | H42: - | I42: - | J42: - | K42: =AVERAGE(D42:J42) -> 2500
A43: 10 | B43: S U S U
B44: - Susu Kental Manis "INDOMILK" Putih | C44: 390 Gr/kaleng | D44: 12500 | E44: 12000 | F44: 13000 | G44: 12500 | H44: - | I44: 12500 | J44: 12500 | K44: =AVERAGE(D44:J44) -> 12500
B45: - Susu Kental Manis "BENDERA" Putih | C45: 390 Gr/kaleng | D45: 12500 | E45: 13000 | F45: 13000 | G45: 12500 | H45: - | I45: 12500 | J45: 12500 | K45: =AVERAGE(D45:J45) -> 12666.667
A46: 11 | B46: SABUN CUCI
B47: - Sabun Detergen Rinso (Anti Noda) | C47: 900 Gram | D47: - | E47: - | F47: - | G47: - | H47: 17500 | I47: - | J47: - | K47: =AVERAGE(D47:J47) -> 17500
B48: - Sabun Colek "Wing's Biru" | C48: 350 Gram | D48: - | E48: - | F48: - | G48: - | H48: 2000 | I48: - | J48: - | K48: =AVERAGE(D48:J48) -> 2000
A49: 12 | B49: JAGUNG
B50: - Jagung Pipilan Kering (Jenis Kecil) | C50: Kg | D50: 10000 | E50: 8000 | F50: 10000 | G50: 10000 | H50: 9000 | I50: 10000 | J50: 8000 | K50: =AVERAGE(D50:J50) -> 9285.7143
B51: - Jagung Pipilan Kering (Jenis Besar) | C51: Kg | D51: 9000 | E51: 10000 | F51: 9000 | G51: 10000 | H51: 6000 | I51: - | J51: 6000 | K51: =AVERAGE(D51:J51) -> 8333.3333
A52: 13 | B52: GARAM BERYODIUM
B53: - Garam Halus (Cap Kapal) | C53: 250 Gr/Bngks | D53: 3000 | E53: 8000 | F53: 5000 | G53: 5000 | H53: 2500 | I53: 2000 | J53: 2500 | K53: =AVERAGE(D53:J53) -> 4000
A54: 14 | B54: TEPUNG TERIGU
B55: - Tepung Terigu "Segitiga Biru" Curah | C55: Kg | D55: 10000 | E55: 10500 | F55: 10000 | G55: 11000 | H55: 12000 | I55: 10000 | J55: 10000 | K55: =AVERAGE(D55:J55) -> 10500
A56: 15 | B56: KACANG-KACANGAN
B57: - Kacang Kedelai (Kualitas Import) | C57: Kg | D57: 15000 | E57: 16000 | F57: 12000 | G57: 12000 | H57: 13000 | I57: 14000 | J57: - | K57: =AVERAGE(D57:J57) -> 13666.667
B58: - Kacang Kedelai (Kualitas Lokal) | C58: Kg | D58: - | E58: 14000 | F58: 11500 | G58: - | H58: - | I58: - | J58: 13500 | K58: =AVERAGE(D58:J58) -> 13000
B59: - Kacang Hijau | C59: Kg | D59: 25000 | E59: 23000 | F59: 20000 | G59: 22000 | H59: 22000 | I59: 25000 | J59: 22000 | K59: =AVERAGE(D59:J59) -> 22714.286
B60: - Kacang Tanah (Jenis Besar) | C60: Kg | D60: 30000 | E60: 30000 | F60: 30000 | G60: 30000 | H60: 26000 | I60: 29000 | J60: 28000 | K60: =AVERAGE(D60:J60) -> 29000
A61: 16 | B61: MIE INSTAN
B62: - Indomie Goreng | C62: 86 Gr/Bngks | D62: 3000 | E62: 3200 | F62: 3000 | G62: 3000 | H62: - | I62: 3500 | J62: 3500 | K62: =AVERAGE(D62:J62) -> 3200
A63: 17 | B63: C A B E
B64: - Cabe Merah Besar | C64: Kg | D64: 28000 | E64: 25000 | F64: 32000 | G64: 28000 | H64: 25000 | I64: 30000 | J64: 30000 | K64: =AVERAGE(D64:J64) -> 28285.714
B65: - Cabe Merah Kriting | C65: Kg | D65: 28000 | E65: 25000 | F65: 30000 | G65: 30000 | H65: - | I65: 25000 | J65: - | K65: =AVERAGE(D65:J65) -> 27600
B66: - Cabe Merah Kecil-Rawit | C66: Kg | D66: 35000 | E66: 35000 | F66: 40000 | G66: 35000 | H66: 35000 | I66: 35000 | J66: 35000 | K66: =AVERAGE(D66:J66) -> 35714.286
A67: 18 | B67: BAHAN BAKAR GAS LPG
B68: - Gas LPG Tabung (3 Kg.) | C68: Per Tabung | D68: 20000 | E68: 18000 | F68: 18000 | G68: 18000 | H68: - | I68: 18000 | J68: 18000 | K68: =AVERAGE(D68:J68) -> 18333.333
A69: 19 | B69: BAWANG
B70: - Bawang Putih (Jenis Kating) | C70: Kg | D70: 35000 | E70: 36000 | F70: 37000 | G70: 35000 | H70: 35000 | I70: 39000 | J70: 40000 | K70: =AVERAGE(D70:J70) -> 36714.286
B71: - Bawang Putih (Jenis Sinco) | C71: Kg | D71: 34000 | E71: 34000 | F71: 35000 | G71: 34000 | H71: 35000 | I71: 33000 | J71: 40000 | K71: =AVERAGE(D71:J71) -> 35000
B72: - Bawang Merah (Kualitas Lokal) | C72: Kg | D72: 27000 | E72: 25000 | F72: 24000 | G72: 28000 | H72: 20000 | I72: 30000 | J72: 25000 | K72: =AVERAGE(D72:J72) -> 25571.429
B73: - Bawang Bombay | C73: Kg | D73: 26000 | E73: 25000 | F73: 30000 | G73: 30000 | H73: 30000 | I73: 30000 | J73: 30000 | K73: =AVERAGE(D73:J73) -> 28714.286
A74: 20 | B74: UBI-UBIAN
B75: - Ketela Pohon | C75: Kg | D75: 5000 | E75: 7000 | F75: 5000 | G75: 6000 | H75: 4000 | I75: 5000 | J75: 4000 | K75: =AVERAGE(D75:J75) -> 5142.8571
B76: - Ubi Jalar | C76: Kg | D76: 6000 | E76: 6000 | F76: 6000 | G76: 6000 | H76: 5000 | I76: 5000 | J76: 5000 | K76: =AVERAGE(D76:J76) -> 5571.4286
A77: 21 | B77: SAYUR-SAYURAN
B78: - Kubis | C78: Kg | D78: 7000 | E78: 7000 | F78: 6000 | G78: 8000 | H78: 9000 | I78: 8000 | J78: 7000 | K78: =AVERAGE(D78:J78) -> 7428.5714
B79: - Buncis | C79: Kg | D79: 12000 | E79: 7000 | F79: 12000 | G79: 12000 | H79: 10000 | I79: 14000 | J79: 10000 | K79: =AVERAGE(D79:J79) -> 11000
B80: - Kentang | C80: Kg | D80: 16000 | E80: 16000 | F80: 18000 | G80: 15000 | H80: 15000 | I80: 15000 | J80: 15000 | K80: =AVERAGE(D80:J80) -> 15714.286
B81: - Tomat | C81: Kg | D81: 8000 | E81: 10000 | F81: 10000 | G81: 12000 | H81: 7000 | I81: 8000 | J81: 8000 | K81: =AVERAGE(D81:J81) -> 9000
B82: - Wortel (Kualitas Lokal) | C82: Kg | D82: 12000 | E82: 13000 | F82: 14000 | G82: 12000 | H82: 10000 | I82: 15000 | J82: 7000 | K82: =AVERAGE(D82:J82) -> 11857.143
B83: - Terong Ungu (Jenis Sayur) | C83: Kg | D83: 9000 | E83: 10000 | F83: 9000 | G83: 8000 | H83: 9000 | I83: 10000 | J83: 8000 | K83: =AVERAGE(D83:J83) -> 9000
B84: - Bayam (Jenis Sayur) | C84: Ikat Kecil | D84: 1500 | E84: 1500 | F84: 2000 | G84: 2000 | H84: 1500 | I84: 1000 | J84: 1500 | K84: =AVERAGE(D84:J84) -> 1571.4286
B85: - Kangkung (Jenis Panjang) | C85: Ikat Kecil | D85: 1500 | E85: 1500 | F85: 1500 | G85: 2000 | H85: 1500 | I85: 1500 | J85: 1500 | K85: =AVERAGE(D85:J85) -> 1571.4286
B86: - Sawi (Jenis Hijau) | C86: Ikat Kecil | D86: - | E86: - | F86: - | G86: - | H86: 2000 | I86: - | J86: 2000 | K86: =AVERAGE(D86:J86) -> 2000
A87: 22 | B87: AIR MINERAL
B88: - Air Mineral (Aqua Galon) | C88: 19 Ltr/Galon | D88: - | E88: - | F88: 18000 | G88: 17000 | H88: - | I88: 19000 | J88: 18000 | K88: =AVERAGE(D88:J88) -> 18000

Sheet 06
A1: HARGA BAHAN-BAHAN POKOK
A2: DI PASAR TRADISIONAL KOTA SURABAYA
A3: Hari / Tanggal : Minggu , 06 Agustus 2023
B4: NAMA BAHAN POKOK DAN PENTING LAINNYA | C4: SATUAN | D4: Pasar Tambahrejo | E4: Pasar Pucang Anom | F4: Pasar Wonokromo | G4: Pasar Genteng Baru | H4: Pasar Pabean | I4: Pasar Kembang | J4: Pasar Balongsari | K4: Rata-Rata
A7: 1 | B7: BERAS
B8: - Beras Premium | C8: Kg | D8: 13000 | E8: 13000 | F8: 14000 | G8: 13000 | H8: 13000 | I8: 13000 | J8: 13000 | K8: =AVERAGE(D8:J8) -> 13142.857
B9: - Beras Medium Bulog | C9: Kg | D9: 9000 | E9: - | F9: 9400 | G9: - | H9: - | I9: - | J9: - | K9: =AVERAGE(D9:J9) -> 9200
B10: - Beras Medium | C10: Kg | D10: - | E10: 10900 | F10: 11000 | G10: 10900 | H10: 12000 | I10: 10000 | J10: - | K10: =AVERAGE(D10:J10) -> 10960
B11: - Beras Jagung | C11: Kg | D11: - | E11: 10000 | F11: 12000 | G11: 10000 | H11: - | I11: 11000 | J11: 8000 | K11: =AVERAGE(D11:J11) -> 10200
B12: - Beras Ketan (Jenis Siyem) | C12: Kg | D12: - | E12: 21000 | F12: 18000 | G12: 20000 | H12: - | I12: 18000 | J12: 17000 | K12: =AVERAGE(D12:J12) -> 18800
A13: 2 | B13: GULA
B14: - Gula pasir lokal curah | C14: Kg | D14: 13500 | E14: 13000 | F14: 13500 | G14: 13000 | H14: 13500 | I14: 13500 | J14: 13500 | K14: =AVERAGE(D14:J14) -> 13357.143
B15: - Gula Jawa/Merah (Bahan Kelapa) | C15: Kg | D15: 15000 | E15: 16000 | F15: 18000 | G15: 14000 | H15: 15000 | I15: 16000 | J15: 16000 | K15: =AVERAGE(D15:J15) -> 15714.286
A16: 3 | B16: MINYAK GORENG
B17: - Minyak Goreng Curah (Bening) | C17: Kg | D17: 15000 | E17: 15000 | F17: 17000 | G17: 15000 | H17: 15000 | I17: 15000 | J17: 15000 | K17: =AVERAGE(D17:J17) -> 15285.714
B18: - Minyak Kita | C18: Liter | D18: 14000 | E18: 14000 | F18: 14000 | G18: 14000 | H18: - | I18: 14000 | J18: 14000 | K18: =AVERAGE(D18:J18) -> 14000
A19: 4 | B19: MENTEGA
B20: - Mentega Curah (Amanda) | C20: Kg | D20: 20000 | E20: - | F20: 20000 | G20: 22000 | H20: - | I20: 24000 | J20: - | K20: =AVERAGE(D20:J20) -> 21500
A21: 5 | B21: DAGING
B22: - Daging Sapi Grade Atas | C22: Kg | D22: 120000 | E22: 120000 | F22: 115000 | G22: 120000 | H22: 120000 | I22: 120000 | J22: - | K22: =AVERAGE(D22:J22) -> 119166.67
B23: - Daging Sapi Grade Sedang | C23: Kg | D23: 110000 | E23: 110000 | F23: 110000 | G23: 110000 | H23: 110000 | I23: 115000 | J23: 110000 | K23: =AVERAGE(D23:J23) -> 110714.29
B24: - Daging Sapi Grade Bawah | C24: Kg | D24: 90000 | E24: 95000 | F24: 100000 | G24: 105000 | H24: 100000 | I24: 100000 | J24: 100000 | K24: =AVERAGE(D24:J24) -> 98571.429
B25: - Daging Ayam Broiler | C25: Kg | D25: 31000 | E25: 33000 | F25: 34000 | G25: 33000 | H25: 35000 | I25: 35000 | J25: 35000 | K25: =AVERAGE(D25:J25) -> 33714.286
A26: 6 | B26: I K A N
B27: - Ikan Tongkol Segar (Uk. Sedang) | C27: Kg | D27: 35000 | E27: 36000 | F27: - | G27: 35000 | H27: 35000 | I27: 35000 | J27: 40000 | K27: =AVERAGE(D27:J27) -> 36000
B28: - Ikan Mujair Segar (Uk. Sedang) | C28: Kg | D28: 26000 | E28: 30000 | F28: 30000 | G28: 30000 | H28: 23000 | I28: 25000 | J28: 25000 | K28: =AVERAGE(D28:J28) -> 27000
B29: - Udang Segar (Uk. Sedang) | C29: Kg | D29: 60000 | E29: 60000 | F29: 70000 | G29: 70000 | H29: 68000 | I29: 60000 | J29: 65000 | K29: =AVERAGE(D29:J29) -> 64714.286
B30: - Ikan Lele Segar (Ukuran Sedang) | C30: Kg | D30: 25000 | E30: - | F30: - | G30: 25000 | H30: 23000 | I30: 21000 | J30: 26000 | K30: =AVERAGE(D30:J30) -> 24000
B31: - Ikan Bandeng Segar (Uk. Sedang) | C31: Kg | D31: 37000 | E31: 36000 | F31: 40000 | G31: 35000 | H31: 28000 | I31: 35000 | J31: 30000 | K31: =AVERAGE(D31:J31) -> 34428.571
B32: - Ikan Teri Asin (Bukan Teri Medan) | C32: Kg | D32: - | E32: 100000 | F32: 120000 | G32: - | H32: 80000 | I32: - | J32: 70000 | K32: =AVERAGE(D32:J32) -> 92500
A33: 7 | B33: TELUR
B34: - Telur Ayam Broiler | C34: Kg | D34: 30000 | E34: 30000 | F34: 31000 | G34: 30000 | H34: 30000 | I34: 29000 | J34: 30000 | K34: =AVERAGE(D34:J34) -> 30000
B35: - Telur Ayam Kampung | C35: Butir | D35: 3000 | E35: 3000 | F35: 2500 | G35: 2500 | H35: 2500 | I35: 3000 | J35: 3000 | K35: =AVERAGE(D35:J35) -> 2785.7143
A36: 8 | B36: TAHU
B37: - Tahu biasa | C37: Kg | D37: 10000 | E37: 10000 | F37: 9000 | G37: 9000 | H37: 16000 | I37: 7000 | J37: 9000 | K37: =AVERAGE(D37:J37) -> 10000
B38: - Tahu susu | C38: Kg | D38: - | E38: 10000 | F38: 12000 | G38: 14000 | H38: - | I38: 15000 | J38: 12000 | K38: =AVERAGE(D38:J38) -> 12600
A39: 9 | B39: TEMPE
B40: - Tempe Kw I (campuran kedelai) | C40: Kg | D40: - | E40: - | F40: - | G40: 16000 | H40: 14000 | I40: 7000 | J40: 15000 | K40: =AVERAGE(D40:J40) -> 13000
B41: - Tempe Kw II (campuran jagung) | C41: Kg | D41: 2500 | E41: - | F41: 6000 | G41: - | H41: - | I41: - | J41: - | K41: =AVERAGE(D41:J41) -> 4250
B42: - Tempe Kw III (campuran kulit) | C42: Kg | D42: - | E42: 2500 | F42: - | G42: - | H42: - | I42: - | J42: - | K42: =AVERAGE(D42:J42) -> 2500
A43: 10 | B43: S U S U
B44: - Susu Kental Manis "INDOMILK" Putih | C44: 390 Gr/kaleng | D44: 12500 | E44: 12000 | F44: 13000 | G44: 12500 | H44: - | I44: 12500 | J44: 12500 | K44: =AVERAGE(D44:J44) -> 12500
B45: - Susu Kental Manis "BENDERA" Putih | C45: 390 Gr/kaleng | D45: 12500 | E45: 13000 | F45: 13000 | G45: 12500 | H45: - | I45: 12500 | J45: 12500 | K45: =AVERAGE(D45:J45) -> 12666.667
A46: 11 | B46: SABUN CUCI
B47: - Sabun Detergen Rinso (Anti Noda) | C47: 900 Gram | D47: - | E47: - | F47: - | G47: - | H47: 17500 | I47: - | J47: - | K47: =AVERAGE(D47:J47) -> 17500
B48: - Sabun Colek "Wing's Biru" | C48: 350 Gram | D48: - | E48: - | F48: - | G48: - | H48: 2000 | I48: - | J48: - | K48: =AVERAGE(D48:J48) -> 2000
A49: 12 | B49: JAGUNG
B50: - Jagung Pipilan Kering (Jenis Kecil) | C50: Kg | D50: 10000 | E50: 8000 | F50: 10000 | G50: 10000 | H50: 9000 | I50: 10000 | J50: 8000 | K50: =AVERAGE(D50:J50) -> 9285.7143
B51: - Jagung Pipilan Kering (Jenis Besar) | C51: Kg | D51: 9000 | E51: 10000 | F51: 9000 | G51: 10000 | H51: 6000 | I51: - | J51: 6000 | K51: =AVERAGE(D51:J51) -> 8333.3333
A52: 13 | B52: GARAM BERYODIUM
B53: - Garam Halus (Cap Kapal) | C53: 250 Gr/Bngks | D53: 3000 | E53: 8000 | F53: 5000 | G53: 5000 | H53: 2500 | I53: 2000 | J53: 2500 | K53: =AVERAGE(D53:J53) -> 4000
A54: 14 | B54: TEPUNG TERIGU
B55: - Tepung Terigu "Segitiga Biru" Curah | C55: Kg | D55: 10000 | E55: 10500 | F55: 10000 | G55: 11000 | H55: 12000 | I55: 10000 | J55: 10000 | K55: =AVERAGE(D55:J55) -> 10500
A56: 15 | B56: KACANG-KACANGAN
B57: - Kacang Kedelai (Kualitas Import) | C57: Kg | D57: 15000 | E57: 16000 | F57: 12000 | G57: 12000 | H57: 13000 | I57: 14000 | J57: - | K57: =AVERAGE(D57:J57) -> 13666.667
B58: - Kacang Kedelai (Kualitas Lokal) | C58: Kg | D58: - | E58: 14000 | F58: 11500 | G58: - | H58: - | I58: - | J58: 13500 | K58: =AVERAGE(D58:J58) -> 13000
B59: - Kacang Hijau | C59: Kg | D59: 25000 | E59: 23000 | F59: 20000 | G59: 22000 | H59: 22000 | I59: 25000 | J59: 22000 | K59: =AVERAGE(D59:J59) -> 22714.286
B60: - Kacang Tanah (Jenis Besar) | C60: Kg | D60: 30000 | E60: 30000 | F60: 30000 | G60: 30000 | H60: 26000 | I60: 29000 | J60: 28000 | K60: =AVERAGE(D60:J60) -> 29000
A61: 16 | B61: MIE INSTAN
B62: - Indomie Goreng | C62: 86 Gr/Bngks | D62: 3000 | E62: 3200 | F62: 3000 | G62: 3000 | H62: - | I62: 3500 | J62: 3500 | K62: =AVERAGE(D62:J62) -> 3200
A63: 17 | B63: C A B E
B64: - Cabe Merah Besar | C64: Kg | D64: 28000 | E64: 25000 | F64: 32000 | G64: 30000 | H64: 25000 | I64: 30000 | J64: 30000 | K64: =AVERAGE(D64:J64) -> 28571.429
B65: - Cabe Merah Kriting | C65: Kg | D65: 28000 | E65: 25000 | F65: 30000 | G65: 30000 | H65: - | I65: 25000 | J65: - | K65: =AVERAGE(D65:J65) -> 27600
B66: - Cabe Merah Kecil-Rawit | C66: Kg | D66: 35000 | E66: 35000 | F66: 40000 | G66: 35000 | H66: 35000 | I66: 35000 | J66: 35000 | K66: =AVERAGE(D66:J66) -> 35714.286
A67: 18 | B67: BAHAN BAKAR GAS LPG
B68: - Gas LPG Tabung (3 Kg.) | C68: Per Tabung | D68: 20000 | E68: 18000 | F68: 18000 | G68: 18000 | H68: - | I68: 18000 | J68: 18000 | K68: =AVERAGE(D68:J68) -> 18333.333
A69: 19 | B69: BAWANG
B70: - Bawang Putih (Jenis Kating) | C70: Kg | D70: 35000 | E70: 36000 | F70: 37000 | G70: 37000 | H70: 35000 | I70: 39000 | J70: 40000 | K70: =AVERAGE(D70:J70) -> 37000
B71: - Bawang Putih (Jenis Sinco) | C71: Kg | D71: 34000 | E71: 34000 | F71: 35000 | G71: 35000 | H71: 35000 | I71: 33000 | J71: 40000 | K71: =AVERAGE(D71:J71) -> 35142.857
B72: - Bawang Merah (Kualitas Lokal) | C72: Kg | D72: 27000 | E72: 25000 | F72: 24000 | G72: 26000 | H72: 20000 | I72: 30000 | J72: 25000 | K72: =AVERAGE(D72:J72) -> 25285.714
B73: - Bawang Bombay | C73: Kg | D73: 26000 | E73: 25000 | F73: 30000 | G73: 30000 | H73: 30000 | I73: 30000 | J73: 30000 | K73: =AVERAGE(D73:J73) -> 28714.286
A74: 20 | B74: UBI-UBIAN
B75: - Ketela Pohon | C75: Kg | D75: 5000 | E75: 7000 | F75: 5000 | G75: 6000 | H75: 4000 | I75: 5000 | J75: 4000 | K75: =AVERAGE(D75:J75) -> 5142.8571
B76: - Ubi Jalar | C76: Kg | D76: 6000 | E76: 6000 | F76: 6000 | G76: 6000 | H76: 5000 | I76: 5000 | J76: 5000 | K76: =AVERAGE(D76:J76) -> 5571.4286
A77: 21 | B77: SAYUR-SAYURAN
B78: - Kubis | C78: Kg | D78: 7000 | E78: 7000 | F78: 6000 | G78: 8000 | H78: 9000 | I78: 8000 | J78: 7000 | K78: =AVERAGE(D78:J78) -> 7428.5714
B79: - Buncis | C79: Kg | D79: 12000 | E79: 7000 | F79: 12000 | G79: 12000 | H79: 10000 | I79: 14000 | J79: 10000 | K79: =AVERAGE(D79:J79) -> 11000
B80: - Kentang | C80: Kg | D80: 16000 | E80: 16000 | F80: 18000 | G80: 15000 | H80: 15000 | I80: 15000 | J80: 15000 | K80: =AVERAGE(D80:J80) -> 15714.286
B81: - Tomat | C81: Kg | D81: 8000 | E81: 10000 | F81: 10000 | G81: 12000 | H81: 6000 | I81: 8000 | J81: 8000 | K81: =AVERAGE(D81:J81) -> 8857.1429
B82: - Wortel (Kualitas Lokal) | C82: Kg | D82: 12000 | E82: 13000 | F82: 14000 | G82: 12000 | H82: 10000 | I82: 15000 | J82: 7000 | K82: =AVERAGE(D82:J82) -> 11857.143
B83: - Terong Ungu (Jenis Sayur) | C83: Kg | D83: 9000 | E83: 10000 | F83: 9000 | G83: 8000 | H83: 9000 | I83: 10000 | J83: 8000 | K83: =AVERAGE(D83:J83) -> 9000
B84: - Bayam (Jenis Sayur) | C84: Ikat Kecil | D84: 1500 | E84: 1500 | F84: 2000 | G84: 2000 | H84: 1500 | I84: 1000 | J84: 1500 | K84: =AVERAGE(D84:J84) -> 1571.4286
B85: - Kangkung (Jenis Panjang) | C85: Ikat Kecil | D85: 1500 | E85: 1500 | F85: 1500 | G85: 2000 | H85: 1500 | I85: 1500 | J85: 1500 | K85: =AVERAGE(D85:J85) -> 1571.4286
B86: - Sawi (Jenis Hijau) | C86: Ikat Kecil | D86: - | E86: - | F86: - | G86: - | H86: 2000 | I86: - | J86: 2000 | K86: =AVERAGE(D86:J86) -> 2000
A87: 22 | B87: AIR MINERAL
B88: - Air Mineral (Aqua Galon) | C88: 19 Ltr/Galon | D88: - | E88: - | F88: 18000 | G88: 17000 | H88: - | I88: 19000 | J88: 18000 | K88: =AVERAGE(D88:J88) -> 18000

Sheet 07
A1: HARGA BAHAN-BAHAN POKOK
A2: DI PASAR TRADISIONAL KOTA SURABAYA
A3: Hari / Tanggal : Senin , 07 Agustus 2023
B4: NAMA BAHAN POKOK DAN PENTING LAINNYA | C4: SATUAN | D4: Pasar Tambahrejo | E4: Pasar Pucang Anom | F4: Pasar Wonokromo | G4: Pasar Genteng Baru | H4: Pasar Pabean | I4: Pasar Kembang | J4: Pasar Balongsari | K4: Rata-Rata
A7: 1 | B7: BERAS
B8: - Beras Premium | C8: Kg | D8: 13000 | E8: 13000 | F8: 14000 | G8: 13000 | H8: 13000 | I8: 13000 | J8: 13000 | K8: 13142.857
B9: - Beras Medium Bulog | C9: Kg | D9: 9000 | E9: - | F9: 9400 | G9: - | H9: - | I9: - | J9: - | K9: 9200
B10: - Beras Medium | C10: Kg | D10: - | E10: 10900 | F10: 12000 | G10: 10900 | H10: 12000 | I10: 10000 | J10: - | K10: 11160
B11: - Beras Jagung | C11: Kg | D11: - | E11: 10000 | F11: 12000 | G11: 10000 | H11: - | I11: 11000 | J11: 8000 | K11: 10200
B12: - Beras Ketan (Jenis Siyem) | C12: Kg | D12: - | E12: 21000 | F12: 17000 | G12: 20000 | H12: - | I12: 18000 | J12: 17000 | K12: 18600
A13: 2 | B13: GULA
B14: - Gula pasir lokal curah | C14: Kg | D14: 13500 | E14: 13000 | F14: 13500 | G14: 13000 | H14: 13500 | I14: 13500 | J14: 13500 | K14: 13357.143
B15: - Gula Jawa/Merah (Bahan Kelapa) | C15: Kg | D15: 15000 | E15: 16000 | F15: 15000 | G15: 14000 | H15: 15000 | I15: 16000 | J15: 16000 | K15: 15285.714
A16: 3 | B16: MINYAK GORENG
B17: - Minyak Goreng Curah (Bening) | C17: Kg | D17: 15000 | E17: 15000 | F17: 15000 | G17: 15000 | H17: 15000 | I17: 15000 | J17: 15000 | K17: 15000
B18: - Minyak Kita | C18: Liter | D18: 14000 | E18: 14000 | F18: 14000 | G18: 14000 | H18: - | I18: 14000 | J18: 14000 | K18: 14000
A19: 4 | B19: MENTEGA
B20: - Mentega Curah (Amanda) | C20: Kg | D20: 20000 | E20: - | F20: 20000 | G20: 22000 | H20: - | I20: 24000 | J20: - | K20: 21500
A21: 5 | B21: DAGING
B22: - Daging Sapi Grade Atas | C22: Kg | D22: 120000 | E22: 120000 | F22: 120000 | G22: 120000 | H22: 120000 | I22: 120000 | J22: - | K22: 120000
B23: - Daging Sapi Grade Sedang | C23: Kg | D23: 110000 | E23: 110000 | F23: 110000 | G23: 110000 | H23: 110000 | I23: 115000 | J23: 110000 | K23: 110714.29
B24: - Daging Sapi Grade Bawah | C24: Kg | D24: 90000 | E24: 95000 | F24: 105000 | G24: 105000 | H24: 100000 | I24: 100000 | J24: 100000 | K24: 99285.714
B25: - Daging Ayam Broiler | C25: Kg | D25: 32000 | E25: 34000 | F25: 34000 | G25: 33000 | H25: 35000 | I25: 35000 | J25: 35000 | K25: 34000
A26: 6 | B26: I K A N
B27: - Ikan Tongkol Segar (Uk. Sedang) | C27: Kg | D27: 35000 | E27: 36000 | F27: - | G27: 35000 | H27: 35000 | I27: 35000 | J27: 40000 | K27: 36000
B28: - Ikan Mujair Segar (Uk. Sedang) | C28: Kg | D28: 26000 | E28: 30000 | F28: 30000 | G28: 30000 | H28: 23000 | I28: 25000 | J28: 25000 | K28: 27000
B29: - Udang Segar (Uk. Sedang) | C29: Kg | D29: 60000 | E29: 60000 | F29: 70000 | G29: 70000 | H29: 68000 | I29: 60000 | J29: 65000 | K29: 64714.286
B30: - Ikan Lele Segar (Ukuran Sedang) | C30: Kg | D30: 25000 | E30: - | F30: - | G30: 25000 | H30: 23000 | I30: 21000 | J30: 26000 | K30: 24000
B31: - Ikan Bandeng Segar (Uk. Sedang) | C31: Kg | D31: 37000 | E31: 36000 | F31: 40000 | G31: 35000 | H31: 28000 | I31: 35000 | J31: 30000 | K31: 34428.571
B32: - Ikan Teri Asin (Bukan Teri Medan) | C32: Kg | D32: - | E32: 100000 | F32: 100000 | G32: - | H32: 80000 | I32: - | J32: 70000 | K32: 87500
A33: 7 | B33: TELUR
B34: - Telur Ayam Broiler | C34: Kg | D34: 30000 | E34: 30000 | F34: 29000 | G34: 30000 | H34: 29000 | I34: 29000 | J34: 30000 | K34: 29571.429
B35: - Telur Ayam Kampung | C35: Butir | D35: 3000 | E35: 2500 | F35: 2500 | G35: 2500 | H35: 2500 | I35: 3000 | J35: 3000 | K35: 2714.2857
A36: 8 | B36: TAHU
B37: - Tahu biasa | C37: Kg | D37: 10000 | E37: 10000 | F37: 9000 | G37: 9000 | H37: 16000 | I37: 7000 | J37: 9000 | K37: 10000
B38: - Tahu susu | C38: Kg | D38: - | E38: 10000 | F38: 12000 | G38: 14000 | H38: - | I38: 15000 | J38: 12000 | K38: 12600
A39: 9 | B39: TEMPE
B40: - Tempe Kw I (campuran kedelai) | C40: Kg | D40: - | E40: - | F40: - | G40: 16000 | H40: 14000 | I40: 7000 | J40: 15000 | K40: 13000
B41: - Tempe Kw II (campuran jagung) | C41: Kg | D41: 2500 | E41: - | F41: 6000 | G41: - | H41: - | I41: - | J41: - | K41: 4250
B42: - Tempe Kw III (campuran kulit) | C42: Kg | D42: - | E42: 2500 | F42: - | G42: - | H42: - | I42: - | J42: - | K42: 2500
A43: 10 | B43: S U S U
B44: - Susu Kental Manis "INDOMILK" Putih | C44: 390 Gr/kaleng | D44: 12500 | E44: 12000 | F44: 12500 | G44: 12500 | H44: - | I44: 12500 | J44: 12500 | K44: 12416.667
B45: - Susu Kental Manis "BENDERA" Putih | C45: 390 Gr/kaleng | D45: 12500 | E45: 13000 | F45: 12500 | G45: 12500 | H45: - | I45: 12500 | J45: 12500 | K45: 12583.333
A46: 11 | B46: SABUN CUCI
B47: - Sabun Detergen Rinso (Anti Noda) | C47: 900 Gram | D47: - | E47: - | F47: - | G47: - | H47: 17500 | I47: - | J47: - | K47: 17500
B48: - Sabun Colek "Wing's Biru" | C48: 350 Gram | D48: - | E48: - | F48: - | G48: - | H48: 2000 | I48: - | J48: - | K48: 2000
A49: 12 | B49: JAGUNG
B50: - Jagung Pipilan Kering (Jenis Kecil) | C50: Kg | D50: 10000 | E50: 8000 | F50: 10000 | G50: 10000 | H50: 9000 | I50: 10000 | J50: 8000 | K50: 9285.7143
B51: - Jagung Pipilan Kering (Jenis Besar) | C51: Kg | D51: 9000 | E51: 10000 | F51: 9000 | G51: 10000 | H51: 6000 | I51: - | J51: 6000 | K51: 8333.3333
A52: 13 | B52: GARAM BERYODIUM
B53: - Garam Halus (Cap Kapal) | C53: 250 Gr/Bngks | D53: 3000 | E53: 8000 | F53: 5000 | G53: 5000 | H53: 2500 | I53: 2000 | J53: 2500 | K53: 4000
A54: 14 | B54: TEPUNG TERIGU
B55: - Tepung Terigu "Segitiga Biru" Curah | C55: Kg | D55: 10000 | E55: 10500 | F55: 10000 | G55: 11000 | H55: 12000 | I55: 10000 | J55: 10000 | K55: 10500
A56: 15 | B56: KACANG-KACANGAN
B57: - Kacang Kedelai (Kualitas Import) | C57: Kg | D57: 15000 | E57: 16000 | F57: 12000 | G57: 12000 | H57: 13000 | I57: 14000 | J57: - | K57: 13666.667
B58: - Kacang Kedelai (Kualitas Lokal) | C58: Kg | D58: - | E58: 14000 | F58: 11500 | G58: - | H58: - | I58: - | J58: 13500 | K58: 13000
B59: - Kacang Hijau | C59: Kg | D59: 25000 | E59: 23000 | F59: 23000 | G59: 22000 | H59: 22000 | I59: 25000 | J59: 22000 | K59: 23142.857
B60: - Kacang Tanah (Jenis Besar) | C60: Kg | D60: 30000 | E60: 30000 | F60: 28000 | G60: 30000 | H60: 26000 | I60: 29000 | J60: 28000 | K60: 28714.286
A61: 16 | B61: MIE INSTAN
B62: - Indomie Goreng | C62: 86 Gr/Bngks | D62: 3000 | E62: 3200 | F62: 3000 | G62: 3000 | H62: - | I62: 3500 | J62: 3500 | K62: 3200
A63: 17 | B63: C A B E
B64: - Cabe Merah Besar | C64: Kg | D64: 28000 | E64: 30000 | F64: 25000 | G64: 30000 | H64: 25000 | I64: 30000 | J64: 30000 | K64: 28285.714
B65: - Cabe Merah Kriting | C65: Kg | D65: 28000 | E65: 25000 | F65: 22000 | G65: 30000 | H65: - | I65: 25000 | J65: - | K65: 26000
B66: - Cabe Merah Kecil-Rawit | C66: Kg | D66: 40000 | E66: 35000 | F66: 38000 | G66: 35000 | H66: 40000 | I66: 35000 | J66: 40000 | K66: 37571.429
A67: 18 | B67: BAHAN BAKAR GAS LPG
B68: - Gas LPG Tabung (3 Kg.) | C68: Per Tabung | D68: 20000 | E68: 18000 | F68: 18000 | G68: 18000 | H68: - | I68: 18000 | J68: 18000 | K68: 18333.333
A69: 19 | B69: BAWANG
B70: - Bawang Putih (Jenis Kating) | C70: Kg | D70: 35000 | E70: 37000 | F70: 38000 | G70: 37000 | H70: 35000 | I70: 39000 | J70: 40000 | K70: 37285.714
B71: - Bawang Putih (Jenis Sinco) | C71: Kg | D71: 34000 | E71: 35000 | F71: 35000 | G71: 35000 | H71: 35000 | I71: 33000 | J71: 37000 | K71: 34857.143
B72: - Bawang Merah (Kualitas Lokal) | C72: Kg | D72: 22000 | E72: 28000 | F72: 25000 | G72: 26000 | H72: 20000 | I72: 30000 | J72: 28000 | K72: 25571.429
B73: - Bawang Bombay | C73: Kg | D73: 26000 | E73: 30000 | F73: 30000 | G73: 30000 | H73: 30000 | I73: 30000 | J73: 30000 | K73: 29428.571
A74: 20 | B74: UBI-UBIAN
B75: - Ketela Pohon | C75: Kg | D75: 5000 | E75: 7000 | F75: 5000 | G75: 6000 | H75: 4000 | I75: 5000 | J75: 4000 | K75: 5142.8571
B76: - Ubi Jalar | C76: Kg | D76: 6000 | E76: 6000 | F76: 6000 | G76: 6000 | H76: 5000 | I76: 5000 | J76: 5000 | K76: 5571.4286
A77: 21 | B77: SAYUR-SAYURAN
B78: - Kubis | C78: Kg | D78: 7000 | E78: 7000 | F78: 7000 | G78: 8000 | H78: 9000 | I78: 8000 | J78: 7000 | K78: 7571.4286
B79: - Buncis | C79: Kg | D79: 12000 | E79: 7000 | F79: 12000 | G79: 12000 | H79: 10000 | I79: 14000 | J79: 10000 | K79: 11000
B80: - Kentang | C80: Kg | D80: 16000 | E80: 16000 | F80: 16000 | G80: 15000 | H80: 15000 | I80: 15000 | J80: 15000 | K80: 15428.571
B81: - Tomat | C81: Kg | D81: 8000 | E81: 10000 | F81: 7000 | G81: 12000 | H81: 7000 | I81: 8000 | J81: 8000 | K81: 8571.4286
B82: - Wortel (Kualitas Lokal) | C82: Kg | D82: 12000 | E82: 13000 | F82: 12000 | G82: 12000 | H82: 10000 | I82: 15000 | J82: 7000 | K82: 11571.429
B83: - Terong Ungu (Jenis Sayur) | C83: Kg | D83: 9000 | E83: 10000 | F83: 9000 | G83: 8000 | H83: 9000 | I83: 10000 | J83: 8000 | K83: 9000
B84: - Bayam (Jenis Sayur) | C84: Ikat Kecil | D84: 1500 | E84: 1500 | F84: 2000 | G84: 2000 | H84: 1500 | I84: 1000 | J84: 1500 | K84: 1571.4286
B85: - Kangkung (Jenis Panjang) | C85: Ikat Kecil | D85: 1500 | E85: 1500 | F85: 1500 | G85: 2000 | H85: 1500 | I85: 1500 | J85: 1500 | K85: 1571.4286
B86: - Sawi (Jenis Hijau) | C86: Ikat Kecil | D86: - | E86: - | F86: - | G86: - | H86: 2000 | I86: - | J86: 2000 | K86: 2000
A87: 22 | B87: AIR MINERAL
B88: - Air Mineral (Aqua Galon) | C88: 19 Ltr/Galon | D88: - | E88: - | F88: 18000 | G88: 17000 | H88: - | I88: 19000 | J88: 18000 | K88: 18000

Sheet 08
A1: HARGA BAHAN-BAHAN POKOK
A2: DI PASAR TRADISIONAL KOTA SURABAYA
A3: Hari / Tanggal : Selasa , 08 Agustus 2023
B4: NAMA BAHAN POKOK DAN PENTING LAINNYA | C4: SATUAN | D4: Pasar Tambahrejo | E4: Pasar Pucang Anom | F4: Pasar Wonokromo | G4: Pasar Genteng Baru | H4: Pasar Pabean | I4: Pasar Kembang | J4: Pasar Balongsari | K4: Rata-Rata
A7: 1 | B7: BERAS
B8: - Beras Premium | C8: Kg | D8: 13000 | E8: 13000 | F8: 13000 | G8: 13000 | H8: 13000 | I8: 13000 | J8: 13000 | K8: =AVERAGE(D8:J8) -> 13000
B9: - Beras Medium Bulog | C9: Kg | D9: 9000 | E9: - | F9: 9400 | G9: - | H9: - | I9: - | J9: - | K9: =AVERAGE(D9:J9) -> 9200
B10: - Beras Medium | C10: Kg | D10: - | E10: 10900 | F10: 12000 | G10: 10900 | H10: 12000 | I10: 10000 | J10: - | K10: =AVERAGE(D10:J10) -> 11160
B11: - Beras Jagung | C11: Kg | D11: - | E11: 10000 | F11: 12000 | G11: 10000 | H11: - | I11: 11000 | J11: 8000 | K11: =AVERAGE(D11:J11) -> 10200
B12: - Beras Ketan (Jenis Siyem) | C12: Kg | D12: - | E12: 21000 | F12: 17000 | G12: 20000 | H12: - | I12: 18000 | J12: 17000 | K12: =AVERAGE(D12:J12) -> 18600
A13: 2 | B13: GULA
B14: - Gula pasir lokal curah | C14: Kg | D14: 13500 | E14: 13000 | F14: 13500 | G14: 13000 | H14: 13500 | I14: 13000 | J14: 13500 | K14: =AVERAGE(D14:J14) -> 13285.714
B15: - Gula Jawa/Merah (Bahan Kelapa) | C15: Kg | D15: 15000 | E15: 16000 | F15: 15000 | G15: 14000 | H15: 15000 | I15: 16000 | J15: 16000 | K15: =AVERAGE(D15:J15) -> 15285.714
A16: 3 | B16: MINYAK GORENG
B17: - Minyak Goreng Curah (Bening) | C17: Kg | D17: 15000 | E17: 15000 | F17: 15000 | G17: 15000 | H17: 15000 | I17: 15000 | J17: 15000 | K17: =AVERAGE(D17:J17) -> 15000
B18: - Minyak Kita | C18: Liter | D18: 14000 | E18: 14000 | F18: 14000 | G18: 14000 | H18: - | I18: 14000 | J18: 14000 | K18: =AVERAGE(D18:J18) -> 14000
A19: 4 | B19: MENTEGA
B20: - Mentega Curah (Amanda) | C20: Kg | D20: 20000 | E20: - | F20: 20000 | G20: 22000 | H20: - | I20: 24000 | J20: - | K20: =AVERAGE(D20:J20) -> 21500
A21: 5 | B21: DAGING
B22: - Daging Sapi Grade Atas | C22: Kg | D22: 120000 | E22: 120000 | F22: 120000 | G22: 120000 | H22: 120000 | I22: 120000 | J22: - | K22: =AVERAGE(D22:J22) -> 120000
B23: - Daging Sapi Grade Sedang | C23: Kg | D23: 110000 | E23: 110000 | F23: 110000 | G23: 110000 | H23: 110000 | I23: 115000 | J23: 110000 | K23: =AVERAGE(D23:J23) -> 110714.29
B24: - Daging Sapi Grade Bawah | C24: Kg | D24: 90000 | E24: 95000 | F24: 105000 | G24: 105000 | H24: 100000 | I24: 100000 | J24: 100000 | K24: =AVERAGE(D24:J24) -> 99285.714
B25: - Daging Ayam Broiler | C25: Kg | D25: 32000 | E25: 34000 | F25: 32000 | G25: 33000 | H25: 35000 | I25: 35000 | J25: 35000 | K25: =AVERAGE(D25:J25) -> 33714.286
A26: 6 | B26: I K A N
B27: - Ikan Tongkol Segar (Uk. Sedang) | C27: Kg | D27: 35000 | E27: 36000 | F27: - | G27: 35000 | H27: 35000 | I27: 35000 | J27: 40000 | K27: =AVERAGE(D27:J27) -> 36000
B28: - Ikan Mujair Segar (Uk. Sedang) | C28: Kg | D28: 26000 | E28: 30000 | F28: 30000 | G28: 30000 | H28: 23000 | I28: 25000 | J28: 25000 | K28: =AVERAGE(D28:J28) -> 27000
B29: - Udang Segar (Uk. Sedang) | C29: Kg | D29: 60000 | E29: 60000 | F29: 70000 | G29: 70000 | H29: 58000 | I29: 60000 | J29: 65000 | K29: =AVERAGE(D29:J29) -> 63285.714
B30: - Ikan Lele Segar (Ukuran Sedang) | C30: Kg | D30: 25000 | E30: - | F30: - | G30: 25000 | H30: 23000 | I30: 21000 | J30: 26000 | K30: =AVERAGE(D30:J30) -> 24000
B31: - Ikan Bandeng Segar (Uk. Sedang) | C31: Kg | D31: 37000 | E31: 36000 | F31: 40000 | G31: 35000 | H31: 28000 | I31: 35000 | J31: 30000 | K31: =AVERAGE(D31:J31) -> 34428.571
B32: - Ikan Teri Asin (Bukan Teri Medan) | C32: Kg | D32: - | E32: 100000 | F32: 100000 | G32: - | H32: 80000 | I32: - | J32: 70000 | K32: =AVERAGE(D32:J32) -> 87500
A33: 7 | B33: TELUR
B34: - Telur Ayam Broiler | C34: Kg | D34: 30000 | E34: 30000 | F34: 28000 | G34: 30000 | H34: 29000 | I34: 29000 | J34: 30000 | K34: =AVERAGE(D34:J34) -> 29428.571
B35: - Telur Ayam Kampung | C35: Butir | D35: 3000 | E35: 2500 | F35: 2500 | G35: 2500 | H35: 2500 | I35: 3000 | J35: 3000 | K35: =AVERAGE(D35:J35) -> 2714.2857
A36: 8 | B36: TAHU
B37: - Tahu biasa | C37: Kg | D37: 10000 | E37: 10000 | F37: 9000 | G37: 9000 | H37: 16000 | I37: 7000 | J37: 9000 | K37: =AVERAGE(D37:J37) -> 10000
B38: - Tahu susu | C38: Kg | D38: - | E38: 10000 | F38: 12000 | G38: 14000 | H38: - | I38: 15000 | J38: 12000 | K38: =AVERAGE(D38:J38) -> 12600
A39: 9 | B39: TEMPE
B40: - Tempe Kw I (campuran kedelai) | C40: Kg | D40: - | E40: - | F40: - | G40: 16000 | H40: 14000 | I40: 7000 | J40: 15000 | K40: =AVERAGE(D40:J40) -> 13000
B41: - Tempe Kw II (campuran jagung) | C41: Kg | D41: 2500 | E41: - | F41: 6000 | G41: - | H41: - | I41: - | J41: - | K41: =AVERAGE(D41:J41) -> 4250
B42: - Tempe Kw III (campuran kulit) | C42: Kg | D42: - | E42: 2500 | F42: - | G42: - | H42: - | I42: - | J42: - | K42: =AVERAGE(D42:J42) -> 2500
A43: 10 | B43: S U S U
B44: - Susu Kental Manis "INDOMILK" Putih | C44: 390 Gr/kaleng | D44: 12500 | E44: 12000 | F44: 12500 | G44: 12500 | H44: - | I44: 12000 | J44: 12500 | K44: =AVERAGE(D44:J44) -> 12333.333
B45: - Susu Kental Manis "BENDERA" Putih | C45: 390 Gr/kaleng | D45: 12500 | E45: 13000 | F45: 12500 | G45: 12500 | H45: - | I45: 12000 | J45: 12500 | K45: =AVERAGE(D45:J45) -> 12500
A46: 11 | B46: SABUN CUCI
B47: - Sabun Detergen Rinso (Anti Noda) | C47: 900 Gram | D47: - | E47: - | F47: - | G47: - | H47: 17500 | I47: - | J47: - | K47: =AVERAGE(D47:J47) -> 17500
B48: - Sabun Colek "Wing's Biru" | C48: 350 Gram | D48: - | E48: - | F48: - | G48: - | H48: 2000 | I48: - | J48: - | K48: =AVERAGE(D48:J48) -> 2000
A49: 12 | B49: JAGUNG
B50: - Jagung Pipilan Kering (Jenis Kecil) | C50: Kg | D50: 10000 | E50: 8000 | F50: 10000 | G50: 10000 | H50: 9000 | I50: 10000 | J50: 8000 | K50: =AVERAGE(D50:J50) -> 9285.7143
B51: - Jagung Pipilan Kering (Jenis Besar) | C51: Kg | D51: 9000 | E51: 10000 | F51: 9000 | G51: 10000 | H51: 6000 | I51: - | J51: 6000 | K51: =AVERAGE(D51:J51) -> 8333.3333
A52: 13 | B52: GARAM BERYODIUM
B53: - Garam Halus (Cap Kapal) | C53: 250 Gr/Bngks | D53: 3000 | E53: 8000 | F53: 5000 | G53: 5000 | H53: 2500 | I53: 2000 | J53: 2500 | K53: =AVERAGE(D53:J53) -> 4000
A54: 14 | B54: TEPUNG TERIGU
B55: - Tepung Terigu "Segitiga Biru" Curah | C55: Kg | D55: 10000 | E55: 10500 | F55: 10000 | G55: 11000 | H55: 12000 | I55: 10000 | J55: 10000 | K55: =AVERAGE(D55:J55) -> 10500
A56: 15 | B56: KACANG-KACANGAN
B57: - Kacang Kedelai (Kualitas Import) | C57: Kg | D57: 15000 | E57: 16000 | F57: 12000 | G57: 12000 | H57: 13000 | I57: 14000 | J57: - | K57: =AVERAGE(D57:J57) -> 13666.667
B58: - Kacang Kedelai (Kualitas Lokal) | C58: Kg | D58: - | E58: 14000 | F58: 11500 | G58: - | H58: - | I58: - | J58: 13500 | K58: =AVERAGE(D58:J58) -> 13000
B59: - Kacang Hijau | C59: Kg | D59: 25000 | E59: 23000 | F59: 23000 | G59: 22000 | H59: 22000 | I59: 25000 | J59: 22000 | K59: =AVERAGE(D59:J59) -> 23142.857
B60: - Kacang Tanah (Jenis Besar) | C60: Kg | D60: 30000 | E60: 30000 | F60: 28000 | G60: 30000 | H60: 26000 | I60: 29000 | J60: 28000 | K60: =AVERAGE(D60:J60) -> 28714.286
A61: 16 | B61: MIE INSTAN
B62: - Indomie Goreng | C62: 86 Gr/Bngks | D62: 3000 | E62: 3200 | F62: 3000 | G62: 3000 | H62: - | I62: 3500 | J62: 3500 | K62: =AVERAGE(D62:J62) -> 3200
A63: 17 | B63: C A B E
B64: - Cabe Merah Besar | C64: Kg | D64: 28000 | E64: 30000 | F64: 25000 | G64: 25000 | H64: 25000 | I64: 35000 | J64: 28000 | K64: =AVERAGE(D64:J64) -> 28000
B65: - Cabe Merah Kriting | C65: Kg | D65: 28000 | E65: 25000 | F65: 22000 | G65: 28000 | H65: - | I65: 40000 | J65: - | K65: =AVERAGE(D65:J65) -> 28600
B66: - Cabe Merah Kecil-Rawit | C66: Kg | D66: 40000 | E66: 35000 | F66: 38000 | G66: 38000 | H66: 35000 | I66: 50000 | J66: 35000 | K66: =AVERAGE(D66:J66) -> 38714.286
A67: 18 | B67: BAHAN BAKAR GAS LPG
B68: - Gas LPG Tabung (3 Kg.) | C68: Per Tabung | D68: 20000 | E68: 18000 | F68: 18000 | G68: 18000 | H68: - | I68: 18000 | J68: 18000 | K68: =AVERAGE(D68:J68) -> 18333.333
A69: 19 | B69: BAWANG
B70: - Bawang Putih (Jenis Kating) | C70: Kg | D70: 35000 | E70: 37000 | F70: 38000 | G70: 37000 | H70: 34000 | I70: 40000 | J70: 35000 | K70: =AVERAGE(D70:J70) -> 36571.429
B71: - Bawang Putih (Jenis Sinco) | C71: Kg | D71: 34000 | E71: 35000 | F71: 35000 | G71: 35000 | H71: 34000 | I71: 33000 | J71: 30000 | K71: =AVERAGE(D71:J71) -> 33714.286
B72: - Bawang Merah (Kualitas Lokal) | C72: Kg | D72: 22000 | E72: 25000 | F72: 25000 | G72: 26000 | H72: 20000 | I72: 32000 | J72: 25000 | K72: =AVERAGE(D72:J72) -> 25000
B73: - Bawang Bombay | C73: Kg | D73: 26000 | E73: 30000 | F73: 30000 | G73: 30000 | H73: 40000 | I73: 35000 | J73: 30000 | K73: =AVERAGE(D73:J73) -> 31571.429
A74: 20 | B74: UBI-UBIAN
B75: - Ketela Pohon | C75: Kg | D75: 5000 | E75: 7000 | F75: 5000 | G75: 6000 | H75: 4000 | I75: 5000 | J75: 5000 | K75: =AVERAGE(D75:J75) -> 5285.7143
B76: - Ubi Jalar | C76: Kg | D76: 6000 | E76: 6000 | F76: 6000 | G76: 6000 | H76: 5000 | I76: 5000 | J76: 6000 | K76: =AVERAGE(D76:J76) -> 5714.2857
A77: 21 | B77: SAYUR-SAYURAN
B78: - Kubis | C78: Kg | D78: 7000 | E78: 7000 | F78: 7000 | G78: 8000 | H78: 10000 | I78: 7000 | J78: 7000 | K78: =AVERAGE(D78:J78) -> 7571.4286
B79: - Buncis | C79: Kg | D79: 12000 | E79: 7000 | F79: 12000 | G79: 12000 | H79: 10000 | I79: 10000 | J79: 10000 | K79: =AVERAGE(D79:J79) -> 10428.571
B80: - Kentang | C80: Kg | D80: 16000 | E80: 16000 | F80: 16000 | G80: 15000 | H80: 15000 | I80: 17000 | J80: 15000 | K80: =AVERAGE(D80:J80) -> 15714.286
B81: - Tomat | C81: Kg | D81: 8000 | E81: 10000 | F81: 7000 | G81: 10000 | H81: 7000 | I81: 12000 | J81: 8000 | K81: =AVERAGE(D81:J81) -> 8857.1429
B82: - Wortel (Kualitas Lokal) | C82: Kg | D82: 12000 | E82: 13000 | F82: 12000 | G82: 10000 | H82: 10000 | I82: 15000 | J82: 7000 | K82: =AVERAGE(D82:J82) -> 11285.714
B83: - Terong Ungu (Jenis Sayur) | C83: Kg | D83: 9000 | E83: 10000 | F83: 9000 | G83: 8000 | H83: 9000 | I83: 10000 | J83: 8000 | K83: =AVERAGE(D83:J83) -> 9000
B84: - Bayam (Jenis Sayur) | C84: Ikat Kecil | D84: 1500 | E84: 1500 | F84: 2000 | G84: 2000 | H84: 1500 | I84: 1500 | J84: 1500 | K84: =AVERAGE(D84:J84) -> 1642.8571
B85: - Kangkung (Jenis Panjang) | C85: Ikat Kecil | D85: 1500 | E85: 1500 | F85: 1500 | G85: 2000 | H85: 1500 | I85: 1500 | J85: 1500 | K85: =AVERAGE(D85:J85) -> 1571.4286
B86: - Sawi (Jenis Hijau) | C86: Ikat Kecil | D86: - | E86: - | F86: - | G86: - | H86: 2000 | I86: - | J86: 2000 | K86: =AVERAGE(D86:J86) -> 2000
A87: 22 | B87: AIR MINERAL
B88: - Air Mineral (Aqua Galon) | C88: 19 Ltr/Galon | D88: - | E88: - | F88: 18000 | G88: 17000 | H88: - | I88: 19000 | J88: 18000 | K88: =AVERAGE(D88:J88) -> 18000

Sheet 09
A1: HARGA BAHAN-BAHAN POKOK
A2: DI PASAR TRADISIONAL KOTA SURABAYA
A3: Hari / Tanggal : Rabu , 09 Agustus 2023
B4: NAMA BAHAN POKOK DAN PENTING LAINNYA | C4: SATUAN | D4: Pasar Tambahrejo | E4: Pasar Pucang Anom | F4: Pasar Wonokromo | G4: Pasar Genteng Baru | H4: Pasar Pabean | I4: Pasar Kembang | J4: Pasar Balongsari | K4: Rata-Rata
A7: 1 | B7: BERAS
B8: - Beras Premium | C8: Kg | D8: 13000 | E8: 13000 | F8: 13000 | G8: 13000 | H8: 13000 | I8: 13000 | J8: 13000 | K8: =AVERAGE(D8:J8) -> 13000
B9: - Beras Medium Bulog | C9: Kg | D9: 9000 | E9: - | F9: 9400 | G9: - | H9: - | I9: - | J9: - | K9: =AVERAGE(D9:J9) -> 9200
B10: - Beras Medium | C10: Kg | D10: - | E10: 10900 | F10: 12000 | G10: 10900 | H10: 12000 | I10: 10000 | J10: - | K10: =AVERAGE(D10:J10) -> 11160
B11: - Beras Jagung | C11: Kg | D11: - | E11: 10000 | F11: 12000 | G11: 10000 | H11: - | I11: 11000 | J11: 8000 | K11: =AVERAGE(D11:J11) -> 10200
B12: - Beras Ketan (Jenis Siyem) | C12: Kg | D12: - | E12: 21000 | F12: 17000 | G12: 20000 | H12: - | I12: 18000 | J12: 17000 | K12: =AVERAGE(D12:J12) -> 18600
A13: 2 | B13: GULA
B14: - Gula pasir lokal curah | C14: Kg | D14: 13500 | E14: 13000 | F14: 13500 | G14: 13000 | H14: 13500 | I14: 13000 | J14: 13500 | K14: =AVERAGE(D14:J14) -> 13285.714
B15: - Gula Jawa/Merah (Bahan Kelapa) | C15: Kg | D15: 15000 | E15: 16000 | F15: 15000 | G15: 14000 | H15: 15000 | I15: 16000 | J15: 16000 | K15: =AVERAGE(D15:J15) -> 15285.714
A16: 3 | B16: MINYAK GORENG
B17: - Minyak Goreng Curah (Bening) | C17: Kg | D17: 15000 | E17: 15000 | F17: 15000 | G17: 15000 | H17: 15000 | I17: 15000 | J17: 15000 | K17: =AVERAGE(D17:J17) -> 15000
B18: - Minyak Kita | C18: Liter | D18: 14000 | E18: 14000 | F18: 14000 | G18: 14000 | H18: - | I18: 14000 | J18: 14000 | K18: =AVERAGE(D18:J18) -> 14000
A19: 4 | B19: MENTEGA
B20: - Mentega Curah (Amanda) | C20: Kg | D20: 20000 | E20: - | F20: 20000 | G20: 22000 | H20: - | I20: 24000 | J20: - | K20: =AVERAGE(D20:J20) -> 21500
A21: 5 | B21: DAGING
B22: - Daging Sapi Grade Atas | C22: Kg | D22: 120000 | E22: 120000 | F22: 120000 | G22: 120000 | H22: 120000 | I22: 120000 | J22: - | K22: =AVERAGE(D22:J22) -> 120000
B23: - Daging Sapi Grade Sedang | C23: Kg | D23: 110000 | E23: 110000 | F23: 110000 | G23: 110000 | H23: 110000 | I23: 115000 | J23: 110000 | K23: =AVERAGE(D23:J23) -> 110714.29
B24: - Daging Sapi Grade Bawah | C24: Kg | D24: 90000 | E24: 95000 | F24: 105000 | G24: 105000 | H24: 100000 | I24: 100000 | J24: 100000 | K24: =AVERAGE(D24:J24) -> 99285.714
B25: - Daging Ayam Broiler | C25: Kg | D25: 36000 | E25: 35000 | F25: 34000 | G25: 33000 | H25: 36000 | I25: 35000 | J25: 35000 | K25: =AVERAGE(D25:J25) -> 34857.143
A26: 6 | B26: I K A N
B27: - Ikan Tongkol Segar (Uk. Sedang) | C27: Kg | D27: 35000 | E27: 36000 | F27: - | G27: 35000 | H27: 35000 | I27: 35000 | J27: 40000 | K27: =AVERAGE(D27:J27) -> 36000
B28: - Ikan Mujair Segar (Uk. Sedang) | C28: Kg | D28: 26000 | E28: 30000 | F28: 30000 | G28: 30000 | H28: 23000 | I28: 25000 | J28: 25000 | K28: =AVERAGE(D28:J28) -> 27000
B29: - Udang Segar (Uk. Sedang) | C29: Kg | D29: 60000 | E29: 60000 | F29: 70000 | G29: 70000 | H29: 68000 | I29: 60000 | J29: 65000 | K29: =AVERAGE(D29:J29) -> 64714.286
B30: - Ikan Lele Segar (Ukuran Sedang) | C30: Kg | D30: 25000 | E30: - | F30: - | G30: 25000 | H30: 23000 | I30: 21000 | J30: 26000 | K30: =AVERAGE(D30:J30) -> 24000
B31: - Ikan Bandeng Segar (Uk. Sedang) | C31: Kg | D31: 37000 | E31: 36000 | F31: 40000 | G31: 35000 | H31: 28000 | I31: 35000 | J31: 30000 | K31: =AVERAGE(D31:J31) -> 34428.571
B32: - Ikan Teri Asin (Bukan Teri Medan) | C32: Kg | D32: - | E32: 100000 | F32: 100000 | G32: - | H32: 80000 | I32: - | J32: 70000 | K32: =AVERAGE(D32:J32) -> 87500
A33: 7 | B33: TELUR
B34: - Telur Ayam Broiler | C34: Kg | D34: 30000 | E34: 30000 | F34: 29000 | G34: 30000 | H34: 29000 | I34: 29000 | J34: 30000 | K34: =AVERAGE(D34:J34) -> 29571.429
B35: - Telur Ayam Kampung | C35: Butir | D35: 3000 | E35: 2500 | F35: 2500 | G35: 2500 | H35: 2500 | I35: 3000 | J35: 3000 | K35: =AVERAGE(D35:J35) -> 2714.2857
A36: 8 | B36: TAHU
B37: - Tahu biasa | C37: Kg | D37: 10000 | E37: 10000 | F37: 9000 | G37: 9000 | H37: 16000 | I37: 7000 | J37: 9000 | K37: =AVERAGE(D37:J37) -> 10000
B38: - Tahu susu | C38: Kg | D38: - | E38: 10000 | F38: 12000 | G38: 14000 | H38: - | I38: 15000 | J38: 12000 | K38: =AVERAGE(D38:J38) -> 12600
A39: 9 | B39: TEMPE
B40: - Tempe Kw I (campuran kedelai) | C40: Kg | D40: - | E40: - | F40: - | G40: 16000 | H40: 14000 | I40: 7000 | J40: 15000 | K40: =AVERAGE(D40:J40) -> 13000
B41: - Tempe Kw II (campuran jagung) | C41: Kg | D41: 2500 | E41: - | F41: 6000 | G41: - | H41: - | I41: - | J41: - | K41: =AVERAGE(D41:J41) -> 4250
B42: - Tempe Kw III (campuran kulit) | C42: Kg | D42: - | E42: 2500 | F42: - | G42: - | H42: - | I42: - | J42: - | K42: =AVERAGE(D42:J42) -> 2500
A43: 10 | B43: S U S U
B44: - Susu Kental Manis "INDOMILK" Putih | C44: 390 Gr/kaleng | D44: 12500 | E44: 12000 | F44: 12500 | G44: 12500 | H44: - | I44: 12000 | J44: 12500 | K44: =AVERAGE(D44:J44) -> 12333.333
B45: - Susu Kental Manis "BENDERA" Putih | C45: 390 Gr/kaleng | D45: 12500 | E45: 13000 | F45: 12500 | G45: 12500 | H45: - | I45: 12000 | J45: 12500 | K45: =AVERAGE(D45:J45) -> 12500
A46: 11 | B46: SABUN CUCI
B47: - Sabun Detergen Rinso (Anti Noda) | C47: 900 Gram | D47: - | E47: - | F47: - | G47: - | H47: 17500 | I47: - | J47: - | K47: =AVERAGE(D47:J47) -> 17500
B48: - Sabun Colek "Wing's Biru" | C48: 350 Gram | D48: - | E48: - | F48: - | G48: - | H48: 2000 | I48: - | J48: - | K48: =AVERAGE(D48:J48) -> 2000
A49: 12 | B49: JAGUNG
B50: - Jagung Pipilan Kering (Jenis Kecil) | C50: Kg | D50: 10000 | E50: 8000 | F50: 10000 | G50: 10000 | H50: 9000 | I50: 10000 | J50: 8000 | K50: =AVERAGE(D50:J50) -> 9285.7143
B51: - Jagung Pipilan Kering (Jenis Besar) | C51: Kg | D51: 9000 | E51: 10000 | F51: 9000 | G51: 10000 | H51: 6000 | I51: - | J51: 6000 | K51: =AVERAGE(D51:J51) -> 8333.3333
A52: 13 | B52: GARAM BERYODIUM
B53: - Garam Halus (Cap Kapal) | C53: 250 Gr/Bngks | D53: 3000 | E53: 8000 | F53: 5000 | G53: 5000 | H53: 2500 | I53: 2000 | J53: 2500 | K53: =AVERAGE(D53:J53) -> 4000
A54: 14 | B54: TEPUNG TERIGU
B55: - Tepung Terigu "Segitiga Biru" Curah | C55: Kg | D55: 10000 | E55: 10500 | F55: 10000 | G55: 11000 | H55: 12000 | I55: 10000 | J55: 10000 | K55: =AVERAGE(D55:J55) -> 10500
A56: 15 | B56: KACANG-KACANGAN
B57: - Kacang Kedelai (Kualitas Import) | C57: Kg | D57: 15000 | E57: 16000 | F57: 12000 | G57: 12000 | H57: 13000 | I57: 14000 | J57: - | K57: =AVERAGE(D57:J57) -> 13666.667
B58: - Kacang Kedelai (Kualitas Lokal) | C58: Kg | D58: - | E58: 14000 | F58: 11500 | G58: - | H58: - | I58: - | J58: 13500 | K58: =AVERAGE(D58:J58) -> 13000
B59: - Kacang Hijau | C59: Kg | D59: 25000 | E59: 23000 | F59: 23000 | G59: 22000 | H59: 22000 | I59: 25000 | J59: 22000 | K59: =AVERAGE(D59:J59) -> 23142.857
B60: - Kacang Tanah (Jenis Besar) | C60: Kg | D60: 30000 | E60: 30000 | F60: 28000 | G60: 30000 | H60: 26000 | I60: 29000 | J60: 28000 | K60: =AVERAGE(D60:J60) -> 28714.286
A61: 16 | B61: MIE INSTAN
B62: - Indomie Goreng | C62: 86 Gr/Bngks | D62: 3000 | E62: 3200 | F62: 3000 | G62: 3000 | H62: - | I62: 3500 | J62: 3500 | K62: =AVERAGE(D62:J62) -> 3200
A63: 17 | B63: C A B E
B64: - Cabe Merah Besar | C64: Kg | D64: 28000 | E64: 30000 | F64: 30000 | G64: 25000 | H64: 25000 | I64: 35000 | J64: 28000 | K64: =AVERAGE(D64:J64) -> 28714.286
B65: - Cabe Merah Kriting | C65: Kg | D65: 38000 | E65: 25000 | F65: 25000 | G65: 28000 | H65: - | I65: 30000 | J65: - | K65: =AVERAGE(D65:J65) -> 29200
B66: - Cabe Merah Kecil-Rawit | C66: Kg | D66: 40000 | E66: 35000 | F66: 35000 | G66: 38000 | H66: 35000 | I66: 35000 | J66: 35000 | K66: =AVERAGE(D66:J66) -> 36142.857
A67: 18 | B67: BAHAN BAKAR GAS LPG
B68: - Gas LPG Tabung (3 Kg.) | C68: Per Tabung | D68: 20000 | E68: 18000 | F68: 18000 | G68: 18000 | H68: - | I68: 18000 | J68: 18000 | K68: =AVERAGE(D68:J68) -> 18333.333
A69: 19 | B69: BAWANG
B70: - Bawang Putih (Jenis Kating) | C70: Kg | D70: 35000 | E70: 37000 | F70: 35000 | G70: 37000 | H70: 34000 | I70: 39000 | J70: 35000 | K70: =AVERAGE(D70:J70) -> 36000
B71: - Bawang Putih (Jenis Sinco) | C71: Kg | D71: 34000 | E71: 35000 | F71: 34000 | G71: 35000 | H71: 34000 | I71: 33000 | J71: 30000 | K71: =AVERAGE(D71:J71) -> 33571.429
B72: - Bawang Merah (Kualitas Lokal) | C72: Kg | D72: 22000 | E72: 25000 | F72: 20000 | G72: 26000 | H72: 18000 | I72: 30000 | J72: 25000 | K72: =AVERAGE(D72:J72) -> 23714.286
B73: - Bawang Bombay | C73: Kg | D73: 26000 | E73: 30000 | F73: 30000 | G73: 30000 | H73: 40000 | I73: 35000 | J73: 30000 | K73: =AVERAGE(D73:J73) -> 31571.429
A74: 20 | B74: UBI-UBIAN
B75: - Ketela Pohon | C75: Kg | D75: 5000 | E75: 7000 | F75: 5000 | G75: 6000 | H75: 4000 | I75: 5000 | J75: 5000 | K75: =AVERAGE(D75:J75) -> 5285.7143
B76: - Ubi Jalar | C76: Kg | D76: 6000 | E76: 6000 | F76: 6000 | G76: 6000 | H76: 5000 | I76: 5000 | J76: 6000 | K76: =AVERAGE(D76:J76) -> 5714.2857
A77: 21 | B77: SAYUR-SAYURAN
B78: - Kubis | C78: Kg | D78: 6000 | E78: 7000 | F78: 7000 | G78: 8000 | H78: 10000 | I78: 7000 | J78: 7000 | K78: =AVERAGE(D78:J78) -> 7428.5714
B79: - Buncis | C79: Kg | D79: 8000 | E79: 7000 | F79: 12000 | G79: 12000 | H79: 10000 | I79: 10000 | J79: 10000 | K79: =AVERAGE(D79:J79) -> 9857.1429
B80: - Kentang | C80: Kg | D80: 16000 | E80: 16000 | F80: 16000 | G80: 15000 | H80: 15000 | I80: 17000 | J80: 15000 | K80: =AVERAGE(D80:J80) -> 15714.286
B81: - Tomat | C81: Kg | D81: 8000 | E81: 10000 | F81: 7000 | G81: 10000 | H81: 7000 | I81: 12000 | J81: 8000 | K81: =AVERAGE(D81:J81) -> 8857.1429
B82: - Wortel (Kualitas Lokal) | C82: Kg | D82: 12000 | E82: 13000 | F82: 12000 | G82: 10000 | H82: 10000 | I82: 15000 | J82: 7000 | K82: =AVERAGE(D82:J82) -> 11285.714
B83: - Terong Ungu (Jenis Sayur) | C83: Kg | D83: 9000 | E83: 10000 | F83: 9000 | G83: 8000 | H83: 9000 | I83: 10000 | J83: 8000 | K83: =AVERAGE(D83:J83) -> 9000
B84: - Bayam (Jenis Sayur) | C84: Ikat Kecil | D84: 1500 | E84: 1500 | F84: 2000 | G84: 2000 | H84: 1500 | I84: 1500 | J84: 1500 | K84: =AVERAGE(D84:J84) -> 1642.8571
B85: - Kangkung (Jenis Panjang) | C85: Ikat Kecil | D85: 1500 | E85: 1500 | F85: 1500 | G85: 2000 | H85: 1500 | I85: 1500 | J85: 1500 | K85: =AVERAGE(D85:J85) -> 1571.4286
B86: - Sawi (Jenis Hijau) | C86: Ikat Kecil | D86: - | E86: - | F86: - | G86: - | H86: 2000 | I86: - | J86: 2000 | K86: =AVERAGE(D86:J86) -> 2000
A87: 22 | B87: AIR MINERAL
B88: - Air Mineral (Aqua Galon) | C88: 19 Ltr/Galon | D88: - | E88: - | F88: 18000 | G88: 17000 | H88: - | I88: 19000 | J88: 18000 | K88: =AVERAGE(D88:J88) -> 18000

Sheet 10
A1: HARGA BAHAN-BAHAN POKOK
A2: DI PASAR TRADISIONAL KOTA SURABAYA
A3: Hari / Tanggal : Kamis , 10 Agustus 2023
B4: NAMA BAHAN POKOK DAN PENTING LAINNYA | C4: SATUAN | D4: Pasar Tambahrejo | E4: Pasar Pucang Anom | F4: Pasar Wonokromo | G4: Pasar Genteng Baru | H4: Pasar Pabean | I4: Pasar Kembang | J4: Pasar Balongsari | K4: Rata-Rata
A7: 1 | B7: BERAS
B8: - Beras Premium | C8: Kg | D8: 13000 | E8: 13000 | F8: 13000 | G8: 13000 | H8: 13000 | I8: 13000 | J8: 13000 | K8: =AVERAGE(D8:J8) -> 13000
B9: - Beras Medium Bulog | C9: Kg | D9: 9000 | E9: - | F9: 9400 | G9: - | H9: - | I9: - | J9: - | K9: =AVERAGE(D9:J9) -> 9200
B10: - Beras Medium | C10: Kg | D10: - | E10: 10900 | F10: 12000 | G10: 10900 | H10: 12000 | I10: 10000 | J10: - | K10: =AVERAGE(D10:J10) -> 11160
B11: - Beras Jagung | C11: Kg | D11: - | E11: 10000 | F11: 12000 | G11: 10000 | H11: - | I11: 11000 | J11: 8000 | K11: =AVERAGE(D11:J11) -> 10200
B12: - Beras Ketan (Jenis Siyem) | C12: Kg | D12: - | E12: 21000 | F12: 17000 | G12: 20000 | H12: - | I12: 18000 | J12: 17000 | K12: =AVERAGE(D12:J12) -> 18600
A13: 2 | B13: GULA
B14: - Gula pasir lokal curah | C14: Kg | D14: 13500 | E14: 13000 | F14: 13500 | G14: 13500 | H14: 13500 | I14: 13000 | J14: 13500 | K14: =AVERAGE(D14:J14) -> 13357.143
B15: - Gula Jawa/Merah (Bahan Kelapa) | C15: Kg | D15: 15000 | E15: 16000 | F15: 15000 | G15: 14000 | H15: 15000 | I15: 16000 | J15: 16000 | K15: =AVERAGE(D15:J15) -> 15285.714
A16: 3 | B16: MINYAK GORENG
B17: - Minyak Goreng Curah (Bening) | C17: Kg | D17: 15000 | E17: 15000 | F17: 15000 | G17: 15000 | H17: 15000 | I17: 15000 | J17: 15000 | K17: =AVERAGE(D17:J17) -> 15000
B18: - Minyak Kita | C18: Liter | D18: 14000 | E18: 14000 | F18: 14000 | G18: 14000 | H18: - | I18: 14000 | J18: 14000 | K18: =AVERAGE(D18:J18) -> 14000
A19: 4 | B19: MENTEGA
B20: - Mentega Curah (Amanda) | C20: Kg | D20: 20000 | E20: - | F20: 20000 | G20: 22000 | H20: - | I20: 24000 | J20: - | K20: =AVERAGE(D20:J20) -> 21500
A21: 5 | B21: DAGING
B22: - Daging Sapi Grade Atas | C22: Kg | D22: 120000 | E22: 120000 | F22: 120000 | G22: 120000 | H22: 120000 | I22: 120000 | J22: - | K22: =AVERAGE(D22:J22) -> 120000
B23: - Daging Sapi Grade Sedang | C23: Kg | D23: 110000 | E23: 110000 | F23: 110000 | G23: 110000 | H23: 110000 | I23: 115000 | J23: 110000 | K23: =AVERAGE(D23:J23) -> 110714.29
B24: - Daging Sapi Grade Bawah | C24: Kg | D24: 90000 | E24: 95000 | F24: 105000 | G24: 105000 | H24: 100000 | I24: 100000 | J24: 100000 | K24: =AVERAGE(D24:J24) -> 99285.714
B25: - Daging Ayam Broiler | C25: Kg | D25: 36000 | E25: 35000 | F25: 33000 | G25: 35000 | H25: 36000 | I25: 35000 | J25: 36000 | K25: =AVERAGE(D25:J25) -> 35142.857
A26: 6 | B26: I K A N
B27: - Ikan Tongkol Segar (Uk. Sedang) | C27: Kg | D27: 35000 | E27: 36000 | F27: - | G27: 35000 | H27: 35000 | I27: 35000 | J27: 40000 | K27: =AVERAGE(D27:J27) -> 36000
B28: - Ikan Mujair Segar (Uk. Sedang) | C28: Kg | D28: 26000 | E28: 28000 | F28: 30000 | G28: 30000 | H28: 23000 | I28: 25000 | J28: 25000 | K28: =AVERAGE(D28:J28) -> 26714.286
B29: - Udang Segar (Uk. Sedang) | C29: Kg | D29: 60000 | E29: 60000 | F29: 70000 | G29: 70000 | H29: 68000 | I29: 60000 | J29: 65000 | K29: =AVERAGE(D29:J29) -> 64714.286
B30: - Ikan Lele Segar (Ukuran Sedang) | C30: Kg | D30: 25000 | E30: - | F30: - | G30: 25000 | H30: 23000 | I30: 21000 | J30: 26000 | K30: =AVERAGE(D30:J30) -> 24000
B31: - Ikan Bandeng Segar (Uk. Sedang) | C31: Kg | D31: 37000 | E31: 36000 | F31: 40000 | G31: 35000 | H31: 28000 | I31: 35000 | J31: 30000 | K31: =AVERAGE(D31:J31) -> 34428.571
B32: - Ikan Teri Asin (Bukan Teri Medan) | C32: Kg | D32: - | E32: 100000 | F32: 100000 | G32: - | H32: 80000 | I32: - | J32: 70000 | K32: =AVERAGE(D32:J32) -> 87500
A33: 7 | B33: TELUR
B34: - Telur Ayam Broiler | C34: Kg | D34: 30000 | E34: 30000 | F34: 29000 | G34: 30000 | H34: 29000 | I34: 29000 | J34: 30000 | K34: =AVERAGE(D34:J34) -> 29571.429
B35: - Telur Ayam Kampung | C35: Butir | D35: 3000 | E35: 2500 | F35: 2500 | G35: 2500 | H35: 2500 | I35: 3000 | J35: 3000 | K35: =AVERAGE(D35:J35) -> 2714.2857
A36: 8 | B36: TAHU
B37: - Tahu biasa | C37: Kg | D37: 10000 | E37: 10000 | F37: 9000 | G37: 9000 | H37: 16000 | I37: 7000 | J37: 9000 | K37: =AVERAGE(D37:J37) -> 10000
B38: - Tahu susu | C38: Kg | D38: - | E38: 10000 | F38: 12000 | G38: 14000 | H38: - | I38: 15000 | J38: 12000 | K38: =AVERAGE(D38:J38) -> 12600
A39: 9 | B39: TEMPE
B40: - Tempe Kw I (campuran kedelai) | C40: Kg | D40: - | E40: - | F40: - | G40: 16000 | H40: 14000 | I40: 7000 | J40: 15000 | K40: =AVERAGE(D40:J40) -> 13000
B41: - Tempe Kw II (campuran jagung) | C41: Kg | D41: 2500 | E41: - | F41: 6000 | G41: - | H41: - | I41: - | J41: - | K41: =AVERAGE(D41:J41) -> 4250
B42: - Tempe Kw III (campuran kulit) | C42: Kg | D42: - | E42: 2500 | F42: - | G42: - | H42: - | I42: - | J42: - | K42: =AVERAGE(D42:J42) -> 2500
A43: 10 | B43: S U S U
B44: - Susu Kental Manis "INDOMILK" Putih | C44: 390 Gr/kaleng | D44: 12500 | E44: 12000 | F44: 12500 | G44: 12500 | H44: - | I44: 12000 | J44: 12500 | K44: =AVERAGE(D44:J44) -> 12333.333
B45: - Susu Kental Manis "BENDERA" Putih | C45: 390 Gr/kaleng | D45: 12500 | E45: 13000 | F45: 12500 | G45: 12500 | H45: - | I45: 12000 | J45: 12500 | K45: =AVERAGE(D45:J45) -> 12500
A46: 11 | B46: SABUN CUCI
B47: - Sabun Detergen Rinso (Anti Noda) | C47: 900 Gram | D47: - | E47: - | F47: - | G47: - | H47: 17500 | I47: - | J47: - | K47: =AVERAGE(D47:J47) -> 17500
B48: - Sabun Colek "Wing's Biru" | C48: 350 Gram | D48: - | E48: - | F48: - | G48: - | H48: 2000 | I48: - | J48: - | K48: =AVERAGE(D48:J48) -> 2000
A49: 12 | B49: JAGUNG
B50: - Jagung Pipilan Kering (Jenis Kecil) | C50: Kg | D50: 10000 | E50: 8000 | F50: 10000 | G50: 10000 | H50: 9000 | I50: 10000 | J50: 8000 | K50: =AVERAGE(D50:J50) -> 9285.7143
B51: - Jagung Pipilan Kering (Jenis Besar) | C51: Kg | D51: 9000 | E51: 10000 | F51: 9000 | G51: 10000 | H51: 6000 | I51: - | J51: 6000 | K51: =AVERAGE(D51:J51) -> 8333.3333
A52: 13 | B52: GARAM BERYODIUM
B53: - Garam Halus (Cap Kapal) | C53: 250 Gr/Bngks | D53: 3000 | E53: 8000 | F53: 5000 | G53: 5000 | H53: 2500 | I53: 2000 | J53: 2500 | K53: =AVERAGE(D53:J53) -> 4000
A54: 14 | B54: TEPUNG TERIGU
B55: - Tepung Terigu "Segitiga Biru" Curah | C55: Kg | D55: 10000 | E55: 10500 | F55: 10000 | G55: 11000 | H55: 12000 | I55: 10000 | J55: 10000 | K55: =AVERAGE(D55:J55) -> 10500
A56: 15 | B56: KACANG-KACANGAN
B57: - Kacang Kedelai (Kualitas Import) | C57: Kg | D57: 15000 | E57: 16000 | F57: 12000 | G57: 12000 | H57: 13000 | I57: 14000 | J57: - | K57: =AVERAGE(D57:J57) -> 13666.667
B58: - Kacang Kedelai (Kualitas Lokal) | C58: Kg | D58: - | E58: 14000 | F58: 11500 | G58: - | H58: - | I58: - | J58: 13500 | K58: =AVERAGE(D58:J58) -> 13000
B59: - Kacang Hijau | C59: Kg | D59: 25000 | E59: 23000 | F59: 23000 | G59: 22000 | H59: 22000 | I59: 25000 | J59: 22000 | K59: =AVERAGE(D59:J59) -> 23142.857
B60: - Kacang Tanah (Jenis Besar) | C60: Kg | D60: 30000 | E60: 30000 | F60: 28000 | G60: 30000 | H60: 26000 | I60: 29000 | J60: 28000 | K60: =AVERAGE(D60:J60) -> 28714.286
A61: 16 | B61: MIE INSTAN
B62: - Indomie Goreng | C62: 86 Gr/Bngks | D62: 3000 | E62: 3200 | F62: 3000 | G62: 3000 | H62: - | I62: 3500 | J62: 3500 | K62: =AVERAGE(D62:J62) -> 3200
A63: 17 | B63: C A B E
B64: - Cabe Merah Besar | C64: Kg | D64: 28000 | E64: 30000 | F64: 30000 | G64: 25000 | H64: 25000 | I64: 35000 | J64: 28000 | K64: =AVERAGE(D64:J64) -> 28714.286
B65: - Cabe Merah Kriting | C65: Kg | D65: 38000 | E65: 25000 | F65: 25000 | G65: 28000 | H65: - | I65: 30000 | J65: - | K65: =AVERAGE(D65:J65) -> 29200
B66: - Cabe Merah Kecil-Rawit | C66: Kg | D66: 40000 | E66: 35000 | F66: 35000 | G66: 37000 | H66: 35000 | I66: 35000 | J66: 35000 | K66: =AVERAGE(D66:J66) -> 36000
A67: 18 | B67: BAHAN BAKAR GAS LPG
B68: - Gas LPG Tabung (3 Kg.) | C68: Per Tabung | D68: 20000 | E68: 18000 | F68: 18000 | G68: 18000 | H68: - | I68: 18000 | J68: 18000 | K68: =AVERAGE(D68:J68) -> 18333.333
A69: 19 | B69: BAWANG
B70: - Bawang Putih (Jenis Kating) | C70: Kg | D70: 35000 | E70: 36000 | F70: 35000 | G70: 36000 | H70: 34000 | I70: 39000 | J70: 35000 | K70: =AVERAGE(D70:J70) -> 35714.286
B71: - Bawang Putih (Jenis Sinco) | C71: Kg | D71: 34000 | E71: 35000 | F71: 34000 | G71: 35000 | H71: 34000 | I71: 33000 | J71: 30000 | K71: =AVERAGE(D71:J71) -> 33571.429
B72: - Bawang Merah (Kualitas Lokal) | C72: Kg | D72: 24000 | E72: 25000 | F72: 20000 | G72: 26000 | H72: 18000 | I72: 30000 | J72: 25000 | K72: =AVERAGE(D72:J72) -> 24000
B73: - Bawang Bombay | C73: Kg | D73: 26000 | E73: 27000 | F73: 30000 | G73: 30000 | H73: 40000 | I73: 35000 | J73: 30000 | K73: =AVERAGE(D73:J73) -> 31142.857
A74: 20 | B74: UBI-UBIAN
B75: - Ketela Pohon | C75: Kg | D75: 5000 | E75: 7000 | F75: 5000 | G75: 6000 | H75: 5000 | I75: 5000 | J75: 5000 | K75: =AVERAGE(D75:J75) -> 5428.5714
B76: - Ubi Jalar | C76: Kg | D76: 6000 | E76: 6000 | F76: 6000 | G76: 6000 | H76: 5000 | I76: 5000 | J76: 6000 | K76: =AVERAGE(D76:J76) -> 5714.2857
A77: 21 | B77: SAYUR-SAYURAN
B78: - Kubis | C78: Kg | D78: 6000 | E78: 7000 | F78: 7000 | G78: 8000 | H78: 10000 | I78: 7000 | J78: 7000 | K78: =AVERAGE(D78:J78) -> 7428.5714
B79: - Buncis | C79: Kg | D79: 8000 | E79: 7000 | F79: 12000 | G79: 12000 | H79: 10000 | I79: 10000 | J79: 10000 | K79: =AVERAGE(D79:J79) -> 9857.1429
B80: - Kentang | C80: Kg | D80: 16000 | E80: 17000 | F80: 16000 | G80: 15000 | H80: 15000 | I80: 17000 | J80: 15000 | K80: =AVERAGE(D80:J80) -> 15857.143
B81: - Tomat | C81: Kg | D81: 8000 | E81: 10000 | F81: 7000 | G81: 10000 | H81: 7000 | I81: 12000 | J81: 8000 | K81: =AVERAGE(D81:J81) -> 8857.1429
B82: - Wortel (Kualitas Lokal) | C82: Kg | D82: 12000 | E82: 13000 | F82: 12000 | G82: 10000 | H82: 10000 | I82: 15000 | J82: 7000 | K82: =AVERAGE(D82:J82) -> 11285.714
B83: - Terong Ungu (Jenis Sayur) | C83: Kg | D83: 9000 | E83: 12000 | F83: 9000 | G83: 8000 | H83: 9000 | I83: 10000 | J83: 8000 | K83: =AVERAGE(D83:J83) -> 9285.7143
B84: - Bayam (Jenis Sayur) | C84: Ikat Kecil | D84: 1500 | E84: 1500 | F84: 2000 | G84: 2000 | H84: 1500 | I84: 1500 | J84: 1500 | K84: =AVERAGE(D84:J84) -> 1642.8571
B85: - Kangkung (Jenis Panjang) | C85: Ikat Kecil | D85: 1500 | E85: 1500 | F85: 1500 | G85: 2000 | H85: 1500 | I85: 1500 | J85: 1500 | K85: =AVERAGE(D85:J85) -> 1571.4286
B86: - Sawi (Jenis Hijau) | C86: Ikat Kecil | D86: - | E86: - | F86: - | G86: - | H86: 2000 | I86: - | J86: 2000 | K86: =AVERAGE(D86:J86) -> 2000
A87: 22 | B87: AIR MINERAL
B88: - Air Mineral (Aqua Galon) | C88: 19 Ltr/Galon | D88: - | E88: - | F88: 18000 | G88: 17000 | H88: - | I88: 19000 | J88: 18000 | K88: =AVERAGE(D88:J88) -> 18000

Sheet 11
A1: HARGA BAHAN-BAHAN POKOK
A2: DI PASAR TRADISIONAL KOTA SURABAYA
A3: Hari / Tanggal : Jumat , 11 Agustus 2023
B4: NAMA BAHAN POKOK DAN PENTING LAINNYA | C4: SATUAN | D4: Pasar Tambahrejo | E4: Pasar Pucang Anom | F4: Pasar Wonokromo | G4: Pasar Genteng Baru | H4: Pasar Pabean | I4: Pasar Kembang | J4: Pasar Balongsari | K4: Rata-Rata
A7: 1 | B7: BERAS
B8: - Beras Premium | C8: Kg | D8: 13000 | E8: 13000 | F8: 13000 | G8: 13000 | H8: 13000 | I8: 13000 | J8: 13000 | K8: 13000
B9: - Beras Medium Bulog | C9: Kg | D9: 9000 | E9: - | F9: 9400 | G9: - | H9: - | I9: - | J9: - | K9: 9200
B10: - Beras Medium | C10: Kg | D10: - | E10: 10900 | F10: 12000 | G10: 10900 | H10: 12000 | I10: 10000 | J10: - | K10: 11160
B11: - Beras Jagung | C11: Kg | D11: - | E11: 10000 | F11: 12000 | G11: 10000 | H11: - | I11: 11000 | J11: 8000 | K11: 10200
B12: - Beras Ketan (Jenis Siyem) | C12: Kg | D12: - | E12: 21000 | F12: 17000 | G12: 20000 | H12: - | I12: 18000 | J12: 17000 | K12: 18600
A13: 2 | B13: GULA
B14: - Gula pasir lokal curah | C14: Kg | D14: 13500 | E14: 13000 | F14: 13500 | G14: 13500 | H14: 13500 | I14: 13000 | J14: 13500 | K14: 13357.143
B15: - Gula Jawa/Merah (Bahan Kelapa) | C15: Kg | D15: 15000 | E15: 16000 | F15: 15000 | G15: 14000 | H15: 15000 | I15: 16000 | J15: 16000 | K15: 15285.714
A16: 3 | B16: MINYAK GORENG
B17: - Minyak Goreng Curah (Bening) | C17: Kg | D17: 15000 | E17: 15000 | F17: 15000 | G17: 15000 | H17: 15000 | I17: 15000 | J17: 15000 | K17: 15000
B18: - Minyak Kita | C18: Liter | D18: 14000 | E18: 14000 | F18: 14000 | G18: 14000 | H18: - | I18: 14000 | J18: 14000 | K18: 14000
A19: 4 | B19: MENTEGA
B20: - Mentega Curah (Amanda) | C20: Kg | D20: 20000 | E20: - | F20: 20000 | G20: 22000 | H20: - | I20: 24000 | J20: - | K20: 21500
A21: 5 | B21: DAGING
B22: - Daging Sapi Grade Atas | C22: Kg | D22: 120000 | E22: 120000 | F22: 120000 | G22: 120000 | H22: 120000 | I22: 120000 | J22: - | K22: 120000
B23: - Daging Sapi Grade Sedang | C23: Kg | D23: 110000 | E23: 110000 | F23: 110000 | G23: 110000 | H23: 110000 | I23: 115000 | J23: 110000 | K23: 110714.29
B24: - Daging Sapi Grade Bawah | C24: Kg | D24: 90000 | E24: 95000 | F24: 105000 | G24: 105000 | H24: 100000 | I24: 100000 | J24: 100000 | K24: 99285.714
B25: - Daging Ayam Broiler | C25: Kg | D25: 36000 | E25: 35000 | F25: 33000 | G25: 35000 | H25: 36000 | I25: 35000 | J25: 38000 | K25: 35428.571
A26: 6 | B26: I K A N
B27: - Ikan Tongkol Segar (Uk. Sedang) | C27: Kg | D27: 35000 | E27: 36000 | F27: - | G27: 35000 | H27: 35000 | I27: 35000 | J27: 40000 | K27: 36000
B28: - Ikan Mujair Segar (Uk. Sedang) | C28: Kg | D28: 26000 | E28: 28000 | F28: 30000 | G28: 30000 | H28: 23000 | I28: 25000 | J28: 25000 | K28: 26714.286
B29: - Udang Segar (Uk. Sedang) | C29: Kg | D29: 60000 | E29: 60000 | F29: 70000 | G29: 70000 | H29: 68000 | I29: 60000 | J29: 65000 | K29: 64714.286
B30: - Ikan Lele Segar (Ukuran Sedang) | C30: Kg | D30: 25000 | E30: - | F30: - | G30: 25000 | H30: 23000 | I30: 21000 | J30: 26000 | K30: 24000
B31: - Ikan Bandeng Segar (Uk. Sedang) | C31: Kg | D31: 37000 | E31: 36000 | F31: 40000 | G31: 35000 | H31: 28000 | I31: 35000 | J31: 30000 | K31: 34428.571
B32: - Ikan Teri Asin (Bukan Teri Medan) | C32: Kg | D32: - | E32: 100000 | F32: 100000 | G32: - | H32: 80000 | I32: - | J32: 70000 | K32: 87500
A33: 7 | B33: TELUR
B34: - Telur Ayam Broiler | C34: Kg | D34: 30000 | E34: 30000 | F34: 28000 | G34: 29000 | H34: 29000 | I34: 29000 | J34: 30000 | K34: 29285.714
B35: - Telur Ayam Kampung | C35: Butir | D35: 3000 | E35: 2500 | F35: 2500 | G35: 2500 | H35: 2500 | I35: 3000 | J35: 3000 | K35: 2714.2857
A36: 8 | B36: TAHU
B37: - Tahu biasa | C37: Kg | D37: 10000 | E37: 9000 | F37: 9000 | G37: 9000 | H37: 16000 | I37: 7000 | J37: 9000 | K37: 9857.1429
B38: - Tahu susu | C38: Kg | D38: - | E38: 12000 | F38: 12000 | G38: 14000 | H38: - | I38: 15000 | J38: 12000 | K38: 13000
A39: 9 | B39: TEMPE
B40: - Tempe Kw I (campuran kedelai) | C40: Kg | D40: - | E40: - | F40: - | G40: 16000 | H40: 14000 | I40: 7000 | J40: 15000 | K40: 13000
B41: - Tempe Kw II (campuran jagung) | C41: Kg | D41: 2500 | E41: - | F41: 6000 | G41: - | H41: - | I41: - | J41: - | K41: 4250
B42: - Tempe Kw III (campuran kulit) | C42: Kg | D42: - | E42: 6000 | F42: - | G42: - | H42: - | I42: - | J42: - | K42: 6000
A43: 10 | B43: S U S U
B44: - Susu Kental Manis "INDOMILK" Putih | C44: 390 Gr/kaleng | D44: 12500 | E44: 12000 | F44: 12500 | G44: 12500 | H44: - | I44: 12000 | J44: 12500 | K44: 12333.333
B45: - Susu Kental Manis "BENDERA" Putih | C45: 390 Gr/kaleng | D45: 12500 | E45: 13000 | F45: 12500 | G45: 12500 | H45: - | I45: 12000 | J45: 12500 | K45: 12500
A46: 11 | B46: SABUN CUCI
B47: - Sabun Detergen Rinso (Anti Noda) | C47: 900 Gram | D47: - | E47: - | F47: - | G47: - | H47: 17500 | I47: - | J47: - | K47: 17500
B48: - Sabun Colek "Wing's Biru" | C48: 350 Gram | D48: - | E48: - | F48: - | G48: - | H48: 2000 | I48: - | J48: - | K48: 2000
A49: 12 | B49: JAGUNG
B50: - Jagung Pipilan Kering (Jenis Kecil) | C50: Kg | D50: 10000 | E50: 8000 | F50: 10000 | G50: 10000 | H50: 9000 | I50: 10000 | J50: 8000 | K50: 9285.7143
B51: - Jagung Pipilan Kering (Jenis Besar) | C51: Kg | D51: 9000 | E51: 10000 | F51: 9000 | G51: 10000 | H51: 6000 | I51: - | J51: 6000 | K51: 8333.3333
A52: 13 | B52: GARAM BERYODIUM
B53: - Garam Halus (Cap Kapal) | C53: 250 Gr/Bngks | D53: 3000 | E53: 8000 | F53: 5000 | G53: 5000 | H53: 2500 | I53: 2000 | J53: 2500 | K53: 4000
A54: 14 | B54: TEPUNG TERIGU
B55: - Tepung Terigu "Segitiga Biru" Curah | C55: Kg | D55: 10000 | E55: 10500 | F55: 10000 | G55: 11000 | H55: 12000 | I55: 10000 | J55: 10000 | K55: 10500
A56: 15 | B56: KACANG-KACANGAN
B57: - Kacang Kedelai (Kualitas Import) | C57: Kg | D57: 15000 | E57: 16000 | F57: 12000 | G57: 12000 | H57: 13000 | I57: 14000 | J57: - | K57: 13666.667
B58: - Kacang Kedelai (Kualitas Lokal) | C58: Kg | D58: - | E58: 14000 | F58: 11500 | G58: - | H58: - | I58: - | J58: 13500 | K58: 13000
B59: - Kacang Hijau | C59: Kg | D59: 25000 | E59: 23000 | F59: 23000 | G59: 22000 | H59: 22000 | I59: 25000 | J59: 22000 | K59: 23142.857
B60: - Kacang Tanah (Jenis Besar) | C60: Kg | D60: 30000 | E60: 30000 | F60: 28000 | G60: 30000 | H60: 26000 | I60: 29000 | J60: 28000 | K60: 28714.286
A61: 16 | B61: MIE INSTAN
B62: - Indomie Goreng | C62: 86 Gr/Bngks | D62: 3000 | E62: 3000 | F62: 3000 | G62: 3000 | H62: - | I62: 3500 | J62: 3500 | K62: 3166.6667
A63: 17 | B63: C A B E
B64: - Cabe Merah Besar | C64: Kg | D64: 28000 | E64: 30000 | F64: 30000 | G64: 28000 | H64: 25000 | I64: 35000 | J64: 28000 | K64: 29142.857
B65: - Cabe Merah Kriting | C65: Kg | D65: 38000 | E65: 25000 | F65: 25000 | G65: 28000 | H65: - | I65: 30000 | J65: - | K65: 29200
B66: - Cabe Merah Kecil-Rawit | C66: Kg | D66: 40000 | E66: 35000 | F66: 35000 | G66: 37000 | H66: 35000 | I66: 35000 | J66: 35000 | K66: 36000
A67: 18 | B67: BAHAN BAKAR GAS LPG
B68: - Gas LPG Tabung (3 Kg.) | C68: Per Tabung | D68: 20000 | E68: 18000 | F68: 18000 | G68: 18000 | H68: - | I68: 18000 | J68: 18000 | K68: 18333.333
A69: 19 | B69: BAWANG
B70: - Bawang Putih (Jenis Kating) | C70: Kg | D70: 35000 | E70: 36000 | F70: 35000 | G70: 36000 | H70: 34000 | I70: 39000 | J70: 35000 | K70: 35714.286
B71: - Bawang Putih (Jenis Sinco) | C71: Kg | D71: 34000 | E71: 35000 | F71: 34000 | G71: 35000 | H71: 34000 | I71: 33000 | J71: 30000 | K71: 33571.429
B72: - Bawang Merah (Kualitas Lokal) | C72: Kg | D72: 24000 | E72: 25000 | F72: 20000 | G72: 26000 | H72: 16000 | I72: 30000 | J72: 25000 | K72: 23714.286
B73: - Bawang Bombay | C73: Kg | D73: 26000 | E73: 27000 | F73: 30000 | G73: 30000 | H73: 25000 | I73: 35000 | J73: 30000 | K73: 29000
A74: 20 | B74: UBI-UBIAN
B75: - Ketela Pohon | C75: Kg | D75: 5000 | E75: 7000 | F75: 5000 | G75: 6000 | H75: 5000 | I75: 5000 | J75: 5000 | K75: 5428.5714
B76: - Ubi Jalar | C76: Kg | D76: 6000 | E76: 6000 | F76: 6000 | G76: 6000 | H76: 5000 | I76: 5000 | J76: 6000 | K76: 5714.2857
A77: 21 | B77: SAYUR-SAYURAN
B78: - Kubis | C78: Kg | D78: 6000 | E78: 7000 | F78: 7000 | G78: 8000 | H78: 10000 | I78: 7000 | J78: 7000 | K78: 7428.5714
B79: - Buncis | C79: Kg | D79: 8000 | E79: 7000 | F79: 12000 | G79: 12000 | H79: 10000 | I79: 10000 | J79: 10000 | K79: 9857.1429
B80: - Kentang | C80: Kg | D80: 16000 | E80: 17000 | F80: 16000 | G80: 15000 | H80: 15000 | I80: 17000 | J80: 15000 | K80: 15857.143
B81: - Tomat | C81: Kg | D81: 8000 | E81: 10000 | F81: 7000 | G81: 10000 | H81: 7000 | I81: 12000 | J81: 8000 | K81: 8857.1429
B82: - Wortel (Kualitas Lokal) | C82: Kg | D82: 12000 | E82: 13000 | F82: 12000 | G82: 10000 | H82: 10000 | I82: 15000 | J82: 7000 | K82: 11285.714
B83: - Terong Ungu (Jenis Sayur) | C83: Kg | D83: 9000 | E83: 12000 | F83: 9000 | G83: 8000 | H83: 9000 | I83: 10000 | J83: 8000 | K83: 9285.7143
B84: - Bayam (Jenis Sayur) | C84: Ikat Kecil | D84: 1500 | E84: 1500 | F84: 2000 | G84: 2000 | H84: 1500 | I84: 1500 | J84: 1500 | K84: 1642.8571
B85: - Kangkung (Jenis Panjang) | C85: Ikat Kecil | D85: 1500 | E85: 1500 | F85: 1500 | G85: 2000 | H85: 1500 | I85: 1500 | J85: 1000 | K85: 1500
B86: - Sawi (Jenis Hijau) | C86: Ikat Kecil | D86: - | E86: - | F86: - | G86: - | H86: 2000 | I86: - | J86: 1500 | K86: 1750
A87: 22 | B87: AIR MINERAL
B88: - Air Mineral (Aqua Galon) | C88: 19 Ltr/Galon | D88: - | E88: - | F88: 18000 | G88: 17000 | H88: - | I88: 19000 | J88: 18000 | K88: 18000

Sheet 12
A1: HARGA BAHAN-BAHAN POKOK
A2: DI PASAR TRADISIONAL KOTA SURABAYA
A3: Hari / Tanggal : Sabtu , 12 Agustus 2023
B4: NAMA BAHAN POKOK DAN PENTING LAINNYA | C4: SATUAN | D4: Pasar Tambahrejo | E4: Pasar Pucang Anom | F4: Pasar Wonokromo | G4: Pasar Genteng Baru | H4: Pasar Pabean | I4: Pasar Kembang | J4: Pasar Balongsari | K4: Rata-Rata
A7: 1 | B7: BERAS
B8: - Beras Premium | C8: Kg | D8: 13000 | E8: 13000 | F8: 13000 | G8: 13000 | H8: 13000 | I8: 13000 | J8: 13000 | K8: =AVERAGE(D8:J8) -> 13000
B9: - Beras Medium Bulog | C9: Kg | D9: 9000 | E9: - | F9: 9400 | G9: - | H9: - | I9: - | J9: - | K9: =AVERAGE(D9:J9) -> 9200
B10: - Beras Medium | C10: Kg | D10: - | E10: 10900 | F10: 12000 | G10: 10900 | H10: 12000 | I10: 10000 | J10: - | K10: =AVERAGE(D10:J10) -> 11160
B11: - Beras Jagung | C11: Kg | D11: - | E11: 10000 | F11: 12000 | G11: 10000 | H11: - | I11: 11000 | J11: 8000 | K11: =AVERAGE(D11:J11) -> 10200
B12: - Beras Ketan (Jenis Siyem) | C12: Kg | D12: - | E12: 21000 | F12: 17000 | G12: 20000 | H12: - | I12: 18000 | J12: 17000 | K12: =AVERAGE(D12:J12) -> 18600
A13: 2 | B13: GULA
B14: - Gula pasir lokal curah | C14: Kg | D14: 13500 | E14: 13000 | F14: 14000 | G14: 13500 | H14: 13500 | I14: 13000 | J14: 13500 | K14: =AVERAGE(D14:J14) -> 13428.571
B15: - Gula Jawa/Merah (Bahan Kelapa) | C15: Kg | D15: 15000 | E15: 16000 | F15: 15000 | G15: 14000 | H15: 15000 | I15: 16000 | J15: 16000 | K15: =AVERAGE(D15:J15) -> 15285.714
A16: 3 | B16: MINYAK GORENG
B17: - Minyak Goreng Curah (Bening) | C17: Kg | D17: 15000 | E17: 15000 | F17: 15000 | G17: 15000 | H17: 15000 | I17: 15000 | J17: 15000 | K17: =AVERAGE(D17:J17) -> 15000
B18: - Minyak Kita | C18: Liter | D18: 14000 | E18: 14000 | F18: 14000 | G18: 14000 | H18: - | I18: 14000 | J18: 14000 | K18: =AVERAGE(D18:J18) -> 14000
A19: 4 | B19: MENTEGA
B20: - Mentega Curah (Amanda) | C20: Kg | D20: 20000 | E20: - | F20: 20000 | G20: 22000 | H20: - | I20: 24000 | J20: - | K20: =AVERAGE(D20:J20) -> 21500
A21: 5 | B21: DAGING
B22: - Daging Sapi Grade Atas | C22: Kg | D22: 120000 | E22: 120000 | F22: 120000 | G22: 120000 | H22: 120000 | I22: 120000 | J22: - | K22: =AVERAGE(D22:J22) -> 120000
B23: - Daging Sapi Grade Sedang | C23: Kg | D23: 110000 | E23: 110000 | F23: 110000 | G23: 110000 | H23: 110000 | I23: 115000 | J23: 110000 | K23: =AVERAGE(D23:J23) -> 110714.29
B24: - Daging Sapi Grade Bawah | C24: Kg | D24: 90000 | E24: 95000 | F24: 105000 | G24: 105000 | H24: 100000 | I24: 100000 | J24: 100000 | K24: =AVERAGE(D24:J24) -> 99285.714
B25: - Daging Ayam Broiler | C25: Kg | D25: 36000 | E25: 35000 | F25: 35000 | G25: 35000 | H25: 36000 | I25: 35000 | J25: 38000 | K25: =AVERAGE(D25:J25) -> 35714.286
A26: 6 | B26: I K A N
B27: - Ikan Tongkol Segar (Uk. Sedang) | C27: Kg | D27: 35000 | E27: 36000 | F27: - | G27: 35000 | H27: 35000 | I27: 35000 | J27: 40000 | K27: =AVERAGE(D27:J27) -> 36000
B28: - Ikan Mujair Segar (Uk. Sedang) | C28: Kg | D28: 26000 | E28: 28000 | F28: 30000 | G28: 30000 | H28: 23000 | I28: 25000 | J28: 25000 | K28: =AVERAGE(D28:J28) -> 26714.286
B29: - Udang Segar (Uk. Sedang) | C29: Kg | D29: 60000 | E29: 60000 | F29: 70000 | G29: 70000 | H29: 68000 | I29: 60000 | J29: 65000 | K29: =AVERAGE(D29:J29) -> 64714.286
B30: - Ikan Lele Segar (Ukuran Sedang) | C30: Kg | D30: 25000 | E30: - | F30: - | G30: 25000 | H30: 23000 | I30: 21000 | J30: 26000 | K30: =AVERAGE(D30:J30) -> 24000
B31: - Ikan Bandeng Segar (Uk. Sedang) | C31: Kg | D31: 37000 | E31: 36000 | F31: 40000 | G31: 35000 | H31: 28000 | I31: 35000 | J31: 30000 | K31: =AVERAGE(D31:J31) -> 34428.571
B32: - Ikan Teri Asin (Bukan Teri Medan) | C32: Kg | D32: - | E32: 100000 | F32: 100000 | G32: - | H32: 80000 | I32: - | J32: 70000 | K32: =AVERAGE(D32:J32) -> 87500
A33: 7 | B33: TELUR
B34: - Telur Ayam Broiler | C34: Kg | D34: 30000 | E34: 30000 | F34: 30000 | G34: 29000 | H34: 29000 | I34: 29000 | J34: 30000 | K34: =AVERAGE(D34:J34) -> 29571.429
B35: - Telur Ayam Kampung | C35: Butir | D35: 3000 | E35: 2500 | F35: 2500 | G35: 2500 | H35: 2500 | I35: 3000 | J35: 3000 | K35: =AVERAGE(D35:J35) -> 2714.2857
A36: 8 | B36: TAHU
B37: - Tahu biasa | C37: Kg | D37: 10000 | E37: 9000 | F37: 9000 | G37: 9000 | H37: 16000 | I37: 7000 | J37: 9000 | K37: =AVERAGE(D37:J37) -> 9857.1429
B38: - Tahu susu | C38: Kg | D38: - | E38: 10000 | F38: 12000 | G38: 14000 | H38: - | I38: 15000 | J38: 12000 | K38: =AVERAGE(D38:J38) -> 12600
A39: 9 | B39: TEMPE
B40: - Tempe Kw I (campuran kedelai) | C40: Kg | D40: - | E40: - | F40: - | G40: 16000 | H40: 14000 | I40: 7000 | J40: 15000 | K40: =AVERAGE(D40:J40) -> 13000
B41: - Tempe Kw II (campuran jagung) | C41: Kg | D41: 2500 | E41: - | F41: 6000 | G41: - | H41: - | I41: - | J41: - | K41: =AVERAGE(D41:J41) -> 4250
B42: - Tempe Kw III (campuran kulit) | C42: Kg | D42: - | E42: 2500 | F42: - | G42: - | H42: - | I42: - | J42: - | K42: =AVERAGE(D42:J42) -> 2500
A43: 10 | B43: S U S U
B44: - Susu Kental Manis "INDOMILK" Putih | C44: 390 Gr/kaleng | D44: 12500 | E44: 12000 | F44: 12500 | G44: 12500 | H44: - | I44: 12000 | J44: 12500 | K44: =AVERAGE(D44:J44) -> 12333.333
B45: - Susu Kental Manis "BENDERA" Putih | C45: 390 Gr/kaleng | D45: 12500 | E45: 13000 | F45: 13500 | G45: 12500 | H45: - | I45: 12000 | J45: 12500 | K45: =AVERAGE(D45:J45) -> 12666.667
A46: 11 | B46: SABUN CUCI
B47: - Sabun Detergen Rinso (Anti Noda) | C47: 900 Gram | D47: - | E47: - | F47: - | G47: - | H47: 17500 | I47: - | J47: - | K47: =AVERAGE(D47:J47) -> 17500
B48: - Sabun Colek "Wing's Biru" | C48: 350 Gram | D48: - | E48: - | F48: - | G48: - | H48: 2000 | I48: - | J48: - | K48: =AVERAGE(D48:J48) -> 2000
A49: 12 | B49: JAGUNG
B50: - Jagung Pipilan Kering (Jenis Kecil) | C50: Kg | D50: 10000 | E50: 8000 | F50: 12000 | G50: 10000 | H50: 9000 | I50: 10000 | J50: 8000 | K50: =AVERAGE(D50:J50) -> 9571.4286
B51: - Jagung Pipilan Kering (Jenis Besar) | C51: Kg | D51: 9000 | E51: 10000 | F51: 10000 | G51: 10000 | H51: 6000 | I51: - | J51: 6000 | K51: =AVERAGE(D51:J51) -> 8500
A52: 13 | B52: GARAM BERYODIUM
B53: - Garam Halus (Cap Kapal) | C53: 250 Gr/Bngks | D53: 3000 | E53: 8000 | F53: 5000 | G53: 5000 | H53: 2500 | I53: 2000 | J53: 2500 | K53: =AVERAGE(D53:J53) -> 4000
A54: 14 | B54: TEPUNG TERIGU
B55: - Tepung Terigu "Segitiga Biru" Curah | C55: Kg | D55: 10000 | E55: 10500 | F55: 11500 | G55: 11000 | H55: 12000 | I55: 10000 | J55: 10000 | K55: =AVERAGE(D55:J55) -> 10714.286
A56: 15 | B56: KACANG-KACANGAN
B57: - Kacang Kedelai (Kualitas Import) | C57: Kg | D57: 15000 | E57: 16000 | F57: 12000 | G57: 12000 | H57: 13000 | I57: 14000 | J57: - | K57: =AVERAGE(D57:J57) -> 13666.667
B58: - Kacang Kedelai (Kualitas Lokal) | C58: Kg | D58: - | E58: 14000 | F58: 11500 | G58: - | H58: - | I58: - | J58: 13500 | K58: =AVERAGE(D58:J58) -> 13000
B59: - Kacang Hijau | C59: Kg | D59: 25000 | E59: 23000 | F59: 26000 | G59: 22000 | H59: 22000 | I59: 25000 | J59: 22000 | K59: =AVERAGE(D59:J59) -> 23571.429
B60: - Kacang Tanah (Jenis Besar) | C60: Kg | D60: 30000 | E60: 30000 | F60: 28000 | G60: 30000 | H60: 26000 | I60: 29000 | J60: 28000 | K60: =AVERAGE(D60:J60) -> 28714.286
A61: 16 | B61: MIE INSTAN
B62: - Indomie Goreng | C62: 86 Gr/Bngks | D62: 3000 | E62: 3200 | F62: 3000 | G62: 3000 | H62: - | I62: 3500 | J62: 3500 | K62: =AVERAGE(D62:J62) -> 3200
A63: 17 | B63: C A B E
B64: - Cabe Merah Besar | C64: Kg | D64: 28000 | E64: 30000 | F64: 30000 | G64: 30000 | H64: 23000 | I64: 35000 | J64: 28000 | K64: =AVERAGE(D64:J64) -> 29142.857
B65: - Cabe Merah Kriting | C65: Kg | D65: 38000 | E65: 25000 | F65: 25000 | G65: 28000 | H65: - | I65: 30000 | J65: - | K65: =AVERAGE(D65:J65) -> 29200
B66: - Cabe Merah Kecil-Rawit | C66: Kg | D66: 40000 | E66: 35000 | F66: 40000 | G66: 38000 | H66: 35000 | I66: 35000 | J66: 35000 | K66: =AVERAGE(D66:J66) -> 36857.143
A67: 18 | B67: BAHAN BAKAR GAS LPG
B68: - Gas LPG Tabung (3 Kg.) | C68: Per Tabung | D68: 20000 | E68: 18000 | F68: 18000 | G68: 18000 | H68: - | I68: 18000 | J68: 18000 | K68: =AVERAGE(D68:J68) -> 18333.333
A69: 19 | B69: BAWANG
B70: - Bawang Putih (Jenis Kating) | C70: Kg | D70: 35000 | E70: 36000 | F70: 38000 | G70: 37000 | H70: 34000 | I70: 39000 | J70: 35000 | K70: =AVERAGE(D70:J70) -> 36285.714
B71: - Bawang Putih (Jenis Sinco) | C71: Kg | D71: 34000 | E71: 35000 | F71: 36000 | G71: 35000 | H71: 34000 | I71: 33000 | J71: 30000 | K71: =AVERAGE(D71:J71) -> 33857.143
B72: - Bawang Merah (Kualitas Lokal) | C72: Kg | D72: 24000 | E72: 25000 | F72: 25000 | G72: 26000 | H72: 16000 | I72: 30000 | J72: 25000 | K72: =AVERAGE(D72:J72) -> 24428.571
B73: - Bawang Bombay | C73: Kg | D73: 26000 | E73: 27000 | F73: 25000 | G73: 30000 | H73: 25000 | I73: 35000 | J73: 30000 | K73: =AVERAGE(D73:J73) -> 28285.714
A74: 20 | B74: UBI-UBIAN
B75: - Ketela Pohon | C75: Kg | D75: 5000 | E75: 7000 | F75: 5000 | G75: 6000 | H75: 5000 | I75: 5000 | J75: 5000 | K75: =AVERAGE(D75:J75) -> 5428.5714
B76: - Ubi Jalar | C76: Kg | D76: 6000 | E76: 6000 | F76: 6000 | G76: 6000 | H76: 5000 | I76: 5000 | J76: 6000 | K76: =AVERAGE(D76:J76) -> 5714.2857
A77: 21 | B77: SAYUR-SAYURAN
B78: - Kubis | C78: Kg | D78: 6000 | E78: 7000 | F78: 7000 | G78: 8000 | H78: 10000 | I78: 7000 | J78: 7000 | K78: =AVERAGE(D78:J78) -> 7428.5714
B79: - Buncis | C79: Kg | D79: 8000 | E79: 7000 | F79: 12000 | G79: 12000 | H79: 10000 | I79: 10000 | J79: 10000 | K79: =AVERAGE(D79:J79) -> 9857.1429
B80: - Kentang | C80: Kg | D80: 16000 | E80: 17000 | F80: 18000 | G80: 15000 | H80: 15000 | I80: 17000 | J80: 15000 | K80: =AVERAGE(D80:J80) -> 16142.857
B81: - Tomat | C81: Kg | D81: 8000 | E81: 10000 | F81: 10000 | G81: 10000 | H81: 7000 | I81: 12000 | J81: 8000 | K81: =AVERAGE(D81:J81) -> 9285.7143
B82: - Wortel (Kualitas Lokal) | C82: Kg | D82: 12000 | E82: 13000 | F82: 14000 | G82: 10000 | H82: 10000 | I82: 15000 | J82: 7000 | K82: =AVERAGE(D82:J82) -> 11571.429
B83: - Terong Ungu (Jenis Sayur) | C83: Kg | D83: 9000 | E83: 12000 | F83: 10000 | G83: 8000 | H83: 9000 | I83: 10000 | J83: 8000 | K83: =AVERAGE(D83:J83) -> 9428.5714
B84: - Bayam (Jenis Sayur) | C84: Ikat Kecil | D84: 1500 | E84: 1500 | F84: 1500 | G84: 2000 | H84: 1500 | I84: 1500 | J84: 1500 | K84: =AVERAGE(D84:J84) -> 1571.4286
B85: - Kangkung (Jenis Panjang) | C85: Ikat Kecil | D85: 1500 | E85: 1500 | F85: 1500 | G85: 2000 | H85: 1500 | I85: 1500 | J85: 1000 | K85: =AVERAGE(D85:J85) -> 1500
B86: - Sawi (Jenis Hijau) | C86: Ikat Kecil | D86: - | E86: - | F86: - | G86: - | H86: 2500 | I86: - | J86: 1500 | K86: =AVERAGE(D86:J86) -> 2000
