Workbook

Sheet REKAPITULASI
A1: BAGIAN PEREKONOMIAN DAN SUMBER DAYA ALAM
A2: LAPORAN HARGA BAHAN POKOK DI KOTA SURABAYA
A3: PERIODE NOVEMBER 2023
B4: NAMA BAHAN POKOK DAN PENTING LAINNYA | C4: SAT | AH4: HET/HAPK (Harga Eceran Tertinggi) | AI4: FLUKTUASI
D5: 1 | E5: 2 | F5: 3 | G5: 4 | H5: 5 | I5: 6 | J5: 7 | K5: 8 | L5: 9 | M5: 10 | N5: 11 | O5: 12 | P5: 13 | Q5: 14 | R5: 15 | S5: 16 | T5: 17 | U5: 18 | V5: 19 | W5: 20 | X5: 21 | Y5: 22 | Z5: 23 | AA5: 24 | AB5: 25 | AC5: 26 | AD5: 27 | AE5: 28 | AF5: 29 | AG5: 30
A7: 1 | B7: BERAS
B8: - Beras Premium | C8: Kg | D8: ='1'!K8 -> 13714.286 | E8: ='2'!K8 -> 13714.286 | F8: ='3'!K8 -> 14142.857 | G8: ='4'!K8 -> 14142.857 | H8: ='5'!K8 -> 14142.857 | I8: ='6'!K8 -> 14142.857 | J8: ='7'!K8 -> 14142.857 | K8: ='8'!K8 -> 14142.857 | L8: ='9'!K8 -> 14100 | M8: ='10'!K8 -> 14114.286 | N8: ='11'!K8 -> 13971.429 | O8: ='12'!K8 -> 13971.429 | P8: ='13'!K8 -> 13971.429 | Q8: ='14'!K8 -> 13971.429 | R8: ='15'!K8 -> 13985.714 | S8: ='14'!K8 -> 13971.429 | T8: ='17'!K8 -> 13985.714 | U8: ='18'!K8 -> 13985.714 | V8: ='19'!K8 -> 13985.714 | W8: ='20'!K8 -> 13985.714 | X8: ='21'!K8 -> 13985.714 | Y8: ='22'!K8 -> 13985.714 | Z8: ='23'!K8 -> 13985.714 | AA8: ='24'!K8 -> 13985.714 | AB8: ='25'!K8 -> 13985.714 | AC8: ='26'!K8 -> 13985.714 | AD8: ='27'!K8 -> 13985.714 | AE8: ='28'!K8 -> 13985.714 | AF8: ='29'!K8 -> 14128.571 | AG8: ='30'!K8 -> 14128.571 | AH8: 12800 | AI8: =AG8-D8 -> 414.28571 | AJ8: =AVERAGE(D8:AG8) -> 14014.286
B9: - Beras IR.64 Medium Bulog | C9: KG | D9: ='1'!K9 -> 10916.667 | E9: ='2'!K9 -> 10916.667 | F9: ='3'!K9 -> 10916.667 | G9: ='4'!K9 -> 10916.667 | H9: ='5'!K9 -> 10916.667 | I9: ='6'!K9 -> 10916.667 | J9: ='7'!K9 -> 10916.667 | K9: ='8'!K9 -> 10916.667 | L9: ='9'!K9 -> 10916.667 | M9: ='10'!K9 -> 10900 | N9: ='11'!K9 -> 10900 | O9: ='12'!K9 -> 10900 | P9: ='13'!K9 -> 10900 | Q9: ='14'!K9 -> 10900 | R9: ='15'!K9 -> 10900 | S9: ='14'!K9 -> 10900 | T9: ='17'!K9 -> 10900 | U9: ='18'!K9 -> 10900 | V9: ='19'!K9 -> 10900 | W9: ='20'!K9 -> 10900 | X9: ='21'!K9 -> 10900 | Y9: ='22'!K9 -> 10900 | Z9: ='23'!K9 -> 10900 | AA9: ='24'!K9 -> 10900 | AB9: ='25'!K9 -> 10900 | AC9: ='26'!K9 -> 10900 | AD9: ='27'!K9 -> 10900 | AE9: ='28'!K9 -> 10900 | AF9: ='29'!K9 -> 10900 | AG9: ='30'!K9 -> 10900 | AI9: =AG9-D9 -> -16.666667 | AJ9: =AVERAGE(D9:AG9) -> 10905
B10: - Beras IR.64 Medium | C10: Kg | D10: ='1'!K10 -> 0 | E10: ='2'!K10 -> 0 | F10: ='3'!K10 -> 0 | G10: ='4'!K10 -> 0 | H10: ='5'!K10 -> 0 | I10: ='6'!K10 -> 0 | J10: ='7'!K10 -> 0 | K10: ='8'!K10 -> 0 | L10: ='9'!K10 -> 0 | M10: ='10'!K10 -> 0 | N10: ='11'!K10 -> 0 | O10: ='12'!K10 -> 0 | P10: ='13'!K10 -> 0 | Q10: ='14'!K10 -> 0 | R10: ='15'!K10 -> 0 | S10: ='14'!K10 -> 0 | T10: ='17'!K10 -> 0 | U10: ='18'!K10 -> 0 | V10: ='19'!K10 -> 0 | W10: ='20'!K10 -> 0 | X10: ='21'!K10 -> 0 | Y10: ='22'!K10 -> 0 | Z10: ='23'!K10 -> 0 | AA10: ='24'!K10 -> 0 | AB10: ='25'!K10 -> 0 | AC10: ='26'!K10 -> 0 | AD10: ='27'!K10 -> 0 | AE10: ='28'!K10 -> 0 | AF10: ='29'!K10 -> 0 | AG10: ='30'!K10 -> 0 | AH10: 9450 | AI10: =AG10-D10 -> 0 | AJ10: =AVERAGE(D10:AG10) -> 0
B11: - Beras Jagung | C11: Kg | D11: ='1'!K11 -> 10400 | E11: ='2'!K11 -> 10400 | F11: ='3'!K11 -> 10400 | G11: ='4'!K11 -> 10400 | H11: ='5'!K11 -> 10400 | I11: ='6'!K11 -> 10400 | J11: ='7'!K11 -> 10400 | K11: ='8'!K11 -> 10400 | L11: ='9'!K11 -> 10400 | M11: ='10'!K11 -> 10400 | N11: ='11'!K11 -> 10400 | O11: ='12'!K11 -> 10400 | P11: ='13'!K11 -> 10400 | Q11: ='14'!K11 -> 10000 | R11: ='15'!K11 -> 10000 | S11: ='14'!K11 -> 10000 | T11: ='17'!K11 -> 10000 | U11: ='18'!K11 -> 10000 | V11: ='19'!K11 -> 10400 | W11: ='20'!K11 -> 10400 | X11: ='21'!K11 -> 10400 | Y11: ='22'!K11 -> 10400 | Z11: ='23'!K11 -> 10400 | AA11: ='24'!K11 -> 10400 | AB11: ='25'!K11 -> 10400 | AC11: ='26'!K11 -> 10400 | AD11: ='27'!K11 -> 10400 | AE11: ='28'!K11 -> 10400 | AF11: ='29'!K11 -> 10400 | AG11: ='30'!K11 -> 10400 | AI11: =AG11-D11 -> 0 | AJ11: =AVERAGE(D11:AG11) -> 10333.333
B12: - Beras Ketan (Jenis Siyem) | C12: Kg | D12: ='1'!K12 -> 18400 | E12: ='2'!K12 -> 18400 | F12: ='3'!K12 -> 18400 | G12: ='4'!K12 -> 18400 | H12: ='5'!K12 -> 18400 | I12: ='6'!K12 -> 18400 | J12: ='7'!K12 -> 17400 | K12: ='8'!K12 -> 17750 | L12: ='9'!K12 -> 17750 | M12: ='10'!K12 -> 17750 | N12: ='11'!K12 -> 17750 | O12: ='12'!K12 -> 17750 | P12: ='13'!K12 -> 17750 | Q12: ='14'!K12 -> 18000 | R12: ='15'!K12 -> 18750 | S12: ='14'!K12 -> 18000 | T12: ='17'!K12 -> 19000 | U12: ='18'!K12 -> 19000 | V12: ='19'!K12 -> 18400 | W12: ='20'!K12 -> 18400 | X12: ='21'!K12 -> 18400 | Y12: ='22'!K12 -> 18400 | Z12: ='23'!K12 -> 18400 | AA12: ='24'!K12 -> 18400 | AB12: ='25'!K12 -> 18400 | AC12: ='26'!K12 -> 18400 | AD12: ='27'!K12 -> 18400 | AE12: ='28'!K12 -> 18400 | AF12: ='29'!K12 -> 18400 | AG12: ='30'!K12 -> 18400 | AI12: =AG12-D12 -> 0 | AJ12: =AVERAGE(D12:AG12) -> 18261.667
A13: 2 | B13: GULA | D13: ='1'!K13 -> 0 | E13: ='2'!K13 -> 0 | F13: ='3'!K13 -> 0 | G13: ='4'!K13 -> 0 | H13: ='5'!K13 -> 0 | I13: ='6'!K13 -> 0 | J13: ='7'!K13 -> 0 | K13: ='8'!K13 -> 0 | L13: ='9'!K13 -> 0 | M13: ='10'!K13 -> 0 | N13: ='11'!K13 -> 0 | O13: ='12'!K13 -> 0 | P13: ='13'!K13 -> 0 | Q13: ='14'!K13 -> 0 | R13: ='15'!K13 -> 0 | S13: ='14'!K13 -> 0 | T13: ='17'!K13 -> 0 | U13: ='18'!K13 -> 0 | V13: ='19'!K13 -> 0 | W13: ='20'!K13 -> 0 | X13: ='21'!K13 -> 0 | Y13: ='22'!K13 -> 0 | Z13: ='23'!K13 -> 0 | AA13: ='24'!K13 -> 0 | AB13: ='25'!K13 -> 0 | AC13: ='26'!K13 -> 0 | AD13: ='27'!K13 -> 0 | AE13: ='28'!K13 -> 0 | AF13: ='29'!K13 -> 0 | AG13: ='30'!K13 -> 0 | AI13: =AG13-D13 -> 0 | AJ13: =AVERAGE(D13:AG13) -> 0
B14: Gula Pasir Lokal Curah | C14: Kg | D14: ='1'!K14 -> 14642.857 | E14: ='2'!K14 -> 14642.857 | F14: ='3'!K14 -> 15071.429 | G14: ='4'!K14 -> 15285.714 | H14: ='5'!K14 -> 15142.857 | I14: ='6'!K14 -> 15285.714 | J14: ='7'!K14 -> 15214.286 | K14: ='8'!K14 -> 15214.286 | L14: ='9'!K14 -> 15214.286 | M14: ='10'!K14 -> 15142.857 | N14: ='11'!K14 -> 15214.286 | O14: ='12'!K14 -> 15214.286 | P14: ='13'!K14 -> 15428.571 | Q14: ='14'!K14 -> 15285.714 | R14: ='15'!K14 -> 15428.571 | S14: ='14'!K14 -> 15285.714 | T14: ='17'!K14 -> 15500 | U14: ='18'!K14 -> 15500 | V14: ='19'!K14 -> 15357.143 | W14: ='20'!K14 -> 15500 | X14: ='21'!K14 -> 15642.857 | Y14: ='22'!K14 -> 15642.857 | Z14: ='23'!K14 -> 15714.286 | AA14: ='24'!K14 -> 15857.143 | AB14: ='25'!K14 -> 15857.143 | AC14: ='26'!K14 -> 15857.143 | AD14: ='27'!K14 -> 16000 | AE14: ='28'!K14 -> 16000 | AF14: ='29'!K14 -> 16214.286 | AG14: ='30'!K14 -> 16285.714 | AH14: 13500 | AI14: =AG14-D14 -> 1642.8571 | AJ14: =AVERAGE(D14:AG14) -> 15454.762
B15: - Gula Jawa/Merah (Bahan Kelapa) | C15: Kg | D15: ='1'!K15 -> 15142.857 | E15: ='2'!K15 -> 15142.857 | F15: ='3'!K15 -> 15285.714 | G15: ='4'!K15 -> 15285.714 | H15: ='5'!K15 -> 15285.714 | I15: ='6'!K15 -> 15285.714 | J15: ='7'!K15 -> 15285.714 | K15: ='8'!K15 -> 15285.714 | L15: ='9'!K15 -> 15285.714 | M15: ='10'!K15 -> 15285.714 | N15: ='11'!K15 -> 15285.714 | O15: ='12'!K15 -> 15285.714 | P15: ='13'!K15 -> 15285.714 | Q15: ='14'!K15 -> 15285.714 | R15: ='15'!K15 -> 15285.714 | S15: ='14'!K15 -> 15285.714 | T15: ='17'!K15 -> 15500 | U15: ='18'!K15 -> 15500 | V15: ='19'!K15 -> 15500 | W15: ='20'!K15 -> 15500 | X15: ='21'!K15 -> 15500 | Y15: ='22'!K15 -> 15500 | Z15: ='23'!K15 -> 15642.857 | AA15: ='24'!K15 -> 15642.857 | AB15: ='25'!K15 -> 15642.857 | AC15: ='26'!K15 -> 15642.857 | AD15: ='27'!K15 -> 15785.714 | AE15: ='28'!K15 -> 15785.714 | AF15: ='29'!K15 -> 15785.714 | AG15: ='30'!K15 -> 15785.714 | AI15: =AG15-D15 -> 642.85714 | AJ15: =AVERAGE(D15:AG15) -> 15433.333
B16: MINYAK GORENG | D16: ='1'!K16 -> 0 | E16: ='2'!K16 -> 0 | F16: ='3'!K16 -> 0 | G16: ='4'!K16 -> 0 | H16: ='5'!K16 -> 0 | I16: ='6'!K16 -> 0 | J16: ='7'!K16 -> 0 | K16: ='8'!K16 -> 0 | L16: ='9'!K16 -> 0 | M16: ='10'!K16 -> 0 | N16: ='11'!K16 -> 0 | O16: ='12'!K16 -> 0 | P16: ='13'!K16 -> 0 | Q16: ='14'!K16 -> 0 | R16: ='15'!K16 -> 0 | S16: ='14'!K16 -> 0 | T16: ='17'!K16 -> 0 | U16: ='18'!K16 -> 0 | V16: ='19'!K16 -> 0 | W16: ='20'!K16 -> 0 | X16: ='21'!K16 -> 0 | Y16: ='22'!K16 -> 0 | Z16: ='23'!K16 -> 0 | AA16: ='24'!K16 -> 0 | AB16: ='25'!K16 -> 0 | AC16: ='26'!K16 -> 0 | AD16: ='27'!K16 -> 0 | AE16: ='28'!K16 -> 0 | AF16: ='29'!K16 -> 0 | AG16: ='30'!K16 -> 0 | AI16: =AG16-D16 -> 0 | AJ16: =AVERAGE(D16:AG16) -> 0
B17: - Minyak Goreng Curah (Bening) | C17: Kg | D17: ='1'!K17 -> 15142.857 | E17: ='2'!K17 -> 15142.857 | F17: ='3'!K17 -> 15142.857 | G17: ='4'!K17 -> 15142.857 | H17: ='5'!K17 -> 15142.857 | I17: ='6'!K17 -> 15142.857 | J17: ='7'!K17 -> 15142.857 | K17: ='8'!K17 -> 15142.857 | L17: ='9'!K17 -> 15000 | M17: ='10'!K17 -> 15142.857 | N17: ='11'!K17 -> 15142.857 | O17: ='12'!K17 -> 15142.857 | P17: ='13'!K17 -> 15142.857 | Q17: ='14'!K17 -> 15142.857 | R17: ='15'!K17 -> 15142.857 | S17: ='14'!K17 -> 15142.857 | T17: ='17'!K17 -> 15142.857 | U17: ='18'!K17 -> 15142.857 | V17: ='19'!K17 -> 15142.857 | W17: ='20'!K17 -> 15142.857 | X17: ='21'!K17 -> 15142.857 | Y17: ='22'!K17 -> 15142.857 | Z17: ='23'!K17 -> 15142.857 | AA17: ='24'!K17 -> 15142.857 | AB17: ='25'!K17 -> 15142.857 | AC17: ='26'!K17 -> 15142.857 | AD17: ='27'!K17 -> 15142.857 | AE17: ='28'!K17 -> 15142.857 | AF17: ='29'!K17 -> 15285.714 | AG17: ='30'!K17 -> 15142.857 | AH17: 15500 | AI17: =AG17-D17 -> 0 | AJ17: =AVERAGE(D17:AG17) -> 15142.857
B18: - Minyak KITA | C18: Kg | D18: ='1'!K18 -> 14000 | E18: ='2'!K18 -> 14000 | F18: ='3'!K18 -> 14000 | G18: ='4'!K18 -> 14000 | H18: ='5'!K18 -> 14000 | I18: ='6'!K18 -> 14000 | J18: ='7'!K18 -> 14000 | K18: ='8'!K18 -> 14000 | L18: ='9'!K18 -> 14000 | M18: ='10'!K18 -> 14000 | N18: ='11'!K18 -> 14000 | O18: ='12'!K18 -> 14000 | P18: ='13'!K18 -> 14000 | Q18: ='14'!K18 -> 14000 | R18: ='15'!K18 -> 14000 | S18: ='14'!K18 -> 14000 | T18: ='17'!K18 -> 14000 | U18: ='18'!K18 -> 14000 | V18: ='19'!K18 -> 14000 | W18: ='20'!K18 -> 14000 | X18: ='21'!K18 -> 14000 | Y18: ='22'!K18 -> 14000 | Z18: ='23'!K18 -> 14000 | AA18: ='24'!K18 -> 14000 | AB18: ='25'!K18 -> 14000 | AC18: ='26'!K18 -> 14000 | AD18: ='27'!K18 -> 14000 | AE18: ='28'!K18 -> 14000 | AF18: ='29'!K18 -> 14000 | AG18: ='30'!K18 -> 14000 | AH18: 14000 | AI18: =AG18-D18 -> 0 | AJ18: =AVERAGE(D18:AG18) -> 14000
A19: 4 | B19: MENTEGA | D19: ='1'!K19 -> 0 | E19: ='2'!K19 -> 0 | F19: ='3'!K19 -> 0 | G19: ='4'!K19 -> 0 | H19: ='5'!K19 -> 0 | I19: ='6'!K19 -> 0 | J19: ='7'!K19 -> 0 | K19: ='8'!K19 -> 0 | L19: ='9'!K19 -> 0 | M19: ='10'!K19 -> 0 | N19: ='11'!K19 -> 0 | O19: ='12'!K19 -> 0 | P19: ='13'!K19 -> 0 | Q19: ='14'!K19 -> 0 | R19: ='15'!K19 -> 0 | S19: ='14'!K19 -> 0 | T19: ='17'!K19 -> 0 | U19: ='18'!K19 -> 0 | V19: ='19'!K19 -> 0 | W19: ='20'!K19 -> 0 | X19: ='21'!K19 -> 0 | Y19: ='22'!K19 -> 0 | Z19: ='23'!K19 -> 0 | AA19: ='24'!K19 -> 0 | AB19: ='25'!K19 -> 0 | AC19: ='26'!K19 -> 0 | AD19: ='27'!K19 -> 0 | AE19: ='28'!K19 -> 0 | AF19: ='29'!K19 -> 0 | AG19: ='30'!K19 -> 0 | AI19: =AG19-D19 -> 0 | AJ19: =AVERAGE(D19:AG19) -> 0
B20: - Mentega Curah (Amanda) | C20: Kg | D20: ='1'!K20 -> 20400 | E20: ='2'!K20 -> 20400 | F20: ='3'!K20 -> 20400 | G20: ='4'!K20 -> 20400 | H20: ='5'!K20 -> 20400 | I20: ='6'!K20 -> 20400 | J20: ='7'!K20 -> 20400 | K20: ='8'!K20 -> 20400 | L20: ='9'!K20 -> 20400 | M20: ='10'!K20 -> 20400 | N20: ='11'!K20 -> 20400 | O20: ='12'!K20 -> 20400 | P20: ='13'!K20 -> 20400 | Q20: ='14'!K20 -> 20400 | R20: ='15'!K20 -> 20400 | S20: ='14'!K20 -> 20400 | T20: ='17'!K20 -> 20400 | U20: ='18'!K20 -> 20400 | V20: ='19'!K20 -> 20400 | W20: ='20'!K20 -> 20400 | X20: ='21'!K20 -> 20400 | Y20: ='22'!K20 -> 20400 | Z20: ='23'!K20 -> 20400 | AA20: ='24'!K20 -> 20400 | AB20: ='25'!K20 -> 20400 | AC20: ='26'!K20 -> 20400 | AD20: ='27'!K20 -> 20400 | AE20: ='28'!K20 -> 20400 | AF20: ='29'!K20 -> 20400 | AG20: ='30'!K20 -> 20400 | AI20: =AG20-D20 -> 0 | AJ20: =AVERAGE(D20:AG20) -> 20400
A21: 5 | B21: DAGING | D21: ='1'!K21 -> 0 | E21: ='2'!K21 -> 0 | F21: ='3'!K21 -> 0 | G21: ='4'!K21 -> 0 | H21: ='5'!K21 -> 0 | I21: ='6'!K21 -> 0 | J21: ='7'!K21 -> 0 | K21: ='8'!K21 -> 0 | L21: ='9'!K21 -> 0 | M21: ='10'!K21 -> 0 | N21: ='11'!K21 -> 0 | O21: ='12'!K21 -> 0 | P21: ='13'!K21 -> 0 | Q21: ='14'!K21 -> 0 | R21: ='15'!K21 -> 0 | S21: ='14'!K21 -> 0 | T21: ='17'!K21 -> 0 | U21: ='18'!K21 -> 0 | V21: ='19'!K21 -> 0 | W21: ='20'!K21 -> 0 | X21: ='21'!K21 -> 0 | Y21: ='22'!K21 -> 0 | Z21: ='23'!K21 -> 0 | AA21: ='24'!K21 -> 0 | AB21: ='25'!K21 -> 0 | AC21: ='26'!K21 -> 0 | AD21: ='27'!K21 -> 0 | AE21: ='28'!K21 -> 0 | AF21: ='29'!K21 -> 0 | AG21: ='30'!K21 -> 0 | AI21: =AG21-D21 -> 0 | AJ21: =AVERAGE(D21:AG21) -> 0
B22: - Daging Sapi Grade Atas | C22: Kg | D22: ='1'!K22 -> 120000 | E22: ='2'!K22 -> 120000 | F22: ='3'!K22 -> 120000 | G22: ='4'!K22 -> 120000 | H22: ='5'!K22 -> 120000 | I22: ='6'!K22 -> 120000 | J22: ='7'!K22 -> 120000 | K22: ='8'!K22 -> 120000 | L22: ='9'!K22 -> 120000 | M22: ='10'!K22 -> 120000 | N22: ='11'!K22 -> 120000 | O22: ='12'!K22 -> 120000 | P22: ='13'!K22 -> 120000 | Q22: ='14'!K22 -> 120000 | R22: ='15'!K22 -> 120000 | S22: ='14'!K22 -> 120000 | T22: ='17'!K22 -> 120000 | U22: ='18'!K22 -> 120000 | V22: ='19'!K22 -> 120000 | W22: ='20'!K22 -> 120000 | X22: ='21'!K22 -> 120000 | Y22: ='22'!K22 -> 120000 | Z22: ='23'!K22 -> 120000 | AA22: ='24'!K22 -> 120000 | AB22: ='25'!K22 -> 120000 | AC22: ='26'!K22 -> 120000 | AD22: ='27'!K22 -> 120000 | AE22: ='28'!K22 -> 120000 | AF22: ='29'!K22 -> 120000 | AG22: ='30'!K22 -> 120000 | AH22: 105000 | AI22: =AG22-D22 -> 0 | AJ22: =AVERAGE(D22:AG22) -> 120000
B23: - Daging Sapi Grade Sedang | C23: Kg | D23: ='1'!K23 -> 111428.57 | E23: ='2'!K23 -> 111428.57 | F23: ='3'!K23 -> 111428.57 | G23: ='4'!K23 -> 111428.57 | H23: ='5'!K23 -> 111428.57 | I23: ='6'!K23 -> 111428.57 | J23: ='7'!K23 -> 111428.57 | K23: ='8'!K23 -> 111428.57 | L23: ='9'!K23 -> 111428.57 | M23: ='10'!K23 -> 110714.29 | N23: ='11'!K23 -> 110714.29 | O23: ='12'!K23 -> 110714.29 | P23: ='13'!K23 -> 110714.29 | Q23: ='14'!K23 -> 110714.29 | R23: ='15'!K23 -> 110714.29 | S23: ='14'!K23 -> 110714.29 | T23: ='17'!K23 -> 110714.29 | U23: ='18'!K23 -> 110714.29 | V23: ='19'!K23 -> 110714.29 | W23: ='20'!K23 -> 110714.29 | X23: ='21'!K23 -> 110714.29 | Y23: ='22'!K23 -> 110714.29 | Z23: ='23'!K23 -> 110714.29 | AA23: ='24'!K23 -> 110714.29 | AB23: ='25'!K23 -> 110714.29 | AC23: ='26'!K23 -> 110714.29 | AD23: ='27'!K23 -> 110714.29 | AE23: ='28'!K23 -> 110714.29 | AF23: ='29'!K23 -> 110714.29 | AG23: ='30'!K23 -> 110714.29 | AH23: 80000 | AI23: =AG23-D23 -> -714.28571 | AJ23: =AVERAGE(D23:AG23) -> 110928.57
B24: - Daging Sapi Grade Bawah | C24: Kg | D24: ='1'!K24 -> 100714.29 | E24: ='2'!K24 -> 100714.29 | F24: ='3'!K24 -> 100714.29 | G24: ='4'!K24 -> 100714.29 | H24: ='5'!K24 -> 100714.29 | I24: ='6'!K24 -> 100714.29 | J24: ='7'!K24 -> 100714.29 | K24: ='8'!K24 -> 100714.29 | L24: ='9'!K24 -> 100714.29 | M24: ='10'!K24 -> 100714.29 | N24: ='11'!K24 -> 100714.29 | O24: ='12'!K24 -> 100714.29 | P24: ='13'!K24 -> 100714.29 | Q24: ='14'!K24 -> 99285.714 | R24: ='15'!K24 -> 99285.714 | S24: ='14'!K24 -> 99285.714 | T24: ='17'!K24 -> 99285.714 | U24: ='18'!K24 -> 100714.29 | V24: ='19'!K24 -> 100714.29 | W24: ='20'!K24 -> 100714.29 | X24: ='21'!K24 -> 100714.29 | Y24: ='22'!K24 -> 100714.29 | Z24: ='23'!K24 -> 100714.29 | AA24: ='24'!K24 -> 100714.29 | AB24: ='25'!K24 -> 100714.29 | AC24: ='26'!K24 -> 100714.29 | AD24: ='27'!K24 -> 100714.29 | AE24: ='28'!K24 -> 100714.29 | AF24: ='29'!K24 -> 100714.29 | AG24: ='30'!K24 -> 100714.29 | AH24: 80000 | AI24: =AG24-D24 -> 0 | AJ24: =AVERAGE(D24:AG24) -> 100523.81
B25: - Daging Ayam Broiler | C25: Kg | D25: ='1'!K25 -> 33714.286 | E25: ='2'!K25 -> 33571.429 | F25: ='3'!K25 -> 33642.857 | G25: ='4'!K25 -> 33642.857 | H25: ='5'!K25 -> 33642.857 | I25: ='6'!K25 -> 33500 | J25: ='7'!K25 -> 33857.143 | K25: ='8'!K25 -> 34000 | L25: ='9'!K25 -> 34000 | M25: ='10'!K25 -> 34142.857 | N25: ='11'!K25 -> 34142.857 | O25: ='12'!K25 -> 34142.857 | P25: ='13'!K25 -> 34142.857 | Q25: ='14'!K25 -> 34142.857 | R25: ='15'!K25 -> 33857.143 | S25: ='14'!K25 -> 34142.857 | T25: ='17'!K25 -> 33285.714 | U25: ='18'!K25 -> 33571.429 | V25: ='19'!K25 -> 33714.286 | W25: ='20'!K25 -> 33428.571 | X25: ='21'!K25 -> 33142.857 | Y25: ='22'!K25 -> 33142.857 | Z25: ='23'!K25 -> 32428.571 | AA25: ='24'!K25 -> 31714.286 | AB25: ='25'!K25 -> 31571.429 | AC25: ='26'!K25 -> 31714.286 | AD25: ='27'!K25 -> 31714.286 | AE25: ='28'!K25 -> 31142.857 | AF25: ='29'!K25 -> 31000 | AG25: ='30'!K25 -> 31142.857 | AH25: 36750 | AI25: =AG25-D25 -> -2571.4286 | AJ25: =AVERAGE(D25:AG25) -> 33166.667
A26: 6 | B26: I K A N | D26: ='1'!K26 -> 0 | E26: ='2'!K26 -> 0 | F26: ='3'!K26 -> 0 | G26: ='4'!K26 -> 0 | H26: ='5'!K26 -> 0 | I26: ='6'!K26 -> 0 | J26: ='7'!K26 -> 0 | K26: ='8'!K26 -> 0 | L26: ='9'!K26 -> 0 | M26: ='10'!K26 -> 0 | N26: ='11'!K26 -> 0 | O26: ='12'!K26 -> 0 | P26: ='13'!K26 -> 0 | Q26: ='14'!K26 -> 0 | R26: ='15'!K26 -> 0 | S26: ='14'!K26 -> 0 | T26: ='17'!K26 -> 0 | U26: ='18'!K26 -> 0 | V26: ='19'!K26 -> 0 | W26: ='20'!K26 -> 0 | X26: ='21'!K26 -> 0 | Y26: ='22'!K26 -> 0 | Z26: ='23'!K26 -> 0 | AA26: ='24'!K26 -> 0 | AB26: ='25'!K26 -> 0 | AC26: ='26'!K26 -> 0 | AD26: ='27'!K26 -> 0 | AE26: ='28'!K26 -> 0 | AF26: ='29'!K26 -> 0 | AG26: ='30'!K26 -> 0 | AI26: =AG26-D26 -> 0 | AJ26: =AVERAGE(D26:AG26) -> 0
B27: - Ikan Tongkol Segar (Uk. Sedang) | C27: Kg | D27: ='1'!K27 -> 35166.667 | E27: ='2'!K27 -> 35166.667 | F27: ='3'!K27 -> 35166.667 | G27: ='4'!K27 -> 35166.667 | H27: ='5'!K27 -> 35166.667 | I27: ='6'!K27 -> 35666.667 | J27: ='7'!K27 -> 35666.667 | K27: ='8'!K27 -> 35666.667 | L27: ='9'!K27 -> 35666.667 | M27: ='10'!K27 -> 35800 | N27: ='11'!K27 -> 35800 | O27: ='12'!K27 -> 35800 | P27: ='13'!K27 -> 35800 | Q27: ='14'!K27 -> 35666.667 | R27: ='15'!K27 -> 35666.667 | S27: ='14'!K27 -> 35666.667 | T27: ='17'!K27 -> 35666.667 | U27: ='18'!K27 -> 35666.667 | V27: ='19'!K27 -> 35800 | W27: ='20'!K27 -> 35800 | X27: ='21'!K27 -> 35800 | Y27: ='22'!K27 -> 35800 | Z27: ='23'!K27 -> 35800 | AA27: ='24'!K27 -> 35800 | AB27: ='25'!K27 -> 35800 | AC27: ='26'!K27 -> 35800 | AD27: ='27'!K27 -> 35800 | AE27: ='28'!K27 -> 35600 | AF27: ='29'!K27 -> 35600 | AG27: ='30'!K27 -> 35600 | AI27: =AG27-D27 -> 433.33333 | AJ27: =AVERAGE(D27:AG27) -> 35634.444
B28: - Ikan Mujair Segar (Uk. Sedang) | C28: Kg | D28: ='1'!K28 -> 27285.714 | E28: ='2'!K28 -> 27285.714 | F28: ='3'!K28 -> 27285.714 | G28: ='4'!K28 -> 27285.714 | H28: ='5'!K28 -> 27285.714 | I28: ='6'!K28 -> 28000 | J28: ='7'!K28 -> 28285.714 | K28: ='8'!K28 -> 28285.714 | L28: ='9'!K28 -> 28285.714 | M28: ='10'!K28 -> 28571.429 | N28: ='11'!K28 -> 28571.429 | O28: ='12'!K28 -> 28571.429 | P28: ='13'!K28 -> 28571.429 | Q28: ='14'!K28 -> 28285.714 | R28: ='15'!K28 -> 28285.714 | S28: ='14'!K28 -> 28285.714 | T28: ='17'!K28 -> 28285.714 | U28: ='18'!K28 -> 28571.429 | V28: ='19'!K28 -> 28571.429 | W28: ='20'!K28 -> 28571.429 | X28: ='21'!K28 -> 28571.429 | Y28: ='22'!K28 -> 28571.429 | Z28: ='23'!K28 -> 28571.429 | AA28: ='24'!K28 -> 28571.429 | AB28: ='25'!K28 -> 28571.429 | AC28: ='26'!K28 -> 28571.429 | AD28: ='27'!K28 -> 27857.143 | AE28: ='28'!K28 -> 27857.143 | AF28: ='29'!K28 -> 27857.143 | AG28: ='30'!K28 -> 27857.143 | AI28: =AG28-D28 -> 571.42857 | AJ28: =AVERAGE(D28:AG28) -> 28176.19
B29: - Udang Segar (Uk. Sedang) | C29: Kg | D29: ='1'!K29 -> 66571.429 | E29: ='2'!K29 -> 66571.429 | F29: ='3'!K29 -> 66571.429 | G29: ='4'!K29 -> 66571.429 | H29: ='5'!K29 -> 66571.429 | I29: ='6'!K29 -> 67285.714 | J29: ='7'!K29 -> 65857.143 | K29: ='8'!K29 -> 65857.143 | L29: ='9'!K29 -> 65857.143 | M29: ='10'!K29 -> 65428.571 | N29: ='11'!K29 -> 65428.571 | O29: ='12'!K29 -> 65428.571 | P29: ='13'!K29 -> 65428.571 | Q29: ='14'!K29 -> 64714.286 | R29: ='15'!K29 -> 64714.286 | S29: ='14'!K29 -> 64714.286 | T29: ='17'!K29 -> 64714.286 | U29: ='18'!K29 -> 65428.571 | V29: ='19'!K29 -> 65428.571 | W29: ='20'!K29 -> 65428.571 | X29: ='21'!K29 -> 65428.571 | Y29: ='22'!K29 -> 65428.571 | Z29: ='23'!K29 -> 64714.286 | AA29: ='24'!K29 -> 64714.286 | AB29: ='25'!K29 -> 63285.714 | AC29: ='26'!K29 -> 63285.714 | AD29: ='27'!K29 -> 63285.714 | AE29: ='28'!K29 -> 63285.714 | AF29: ='29'!K29 -> 63285.714 | AG29: ='30'!K29 -> 63285.714 | AI29: =AG29-D29 -> -3285.7143 | AJ29: =AVERAGE(D29:AG29) -> 65152.381
B30: - Ikan Lele Segar (Ukuran Sedang) | C30: Kg | D30: ='1'!K30 -> 24600 | E30: ='2'!K30 -> 24600 | F30: ='3'!K30 -> 24600 | G30: ='4'!K30 -> 24600 | H30: ='5'!K30 -> 24600 | I30: ='6'!K30 -> 24600 | J30: ='7'!K30 -> 24600 | K30: ='8'!K30 -> 24600 | L30: ='9'!K30 -> 24600 | M30: ='10'!K30 -> 24750 | N30: ='11'!K30 -> 24750 | O30: ='12'!K30 -> 24750 | P30: ='13'!K30 -> 24750 | Q30: ='14'!K30 -> 24750 | R30: ='15'!K30 -> 24750 | S30: ='14'!K30 -> 24750 | T30: ='17'!K30 -> 24750 | U30: ='18'!K30 -> 24750 | V30: ='19'!K30 -> 24750 | W30: ='20'!K30 -> 24750 | X30: ='21'!K30 -> 24750 | Y30: ='22'!K30 -> 24750 | Z30: ='23'!K30 -> 24750 | AA30: ='24'!K30 -> 24750 | AB30: ='25'!K30 -> 24750 | AC30: ='26'!K30 -> 24750 | AD30: ='27'!K30 -> 24750 | AE30: ='28'!K30 -> 24750 | AF30: ='29'!K30 -> 24750 | AG30: ='30'!K30 -> 24750 | AI30: =AG30-D30 -> 150 | AJ30: =AVERAGE(D30:AG30) -> 24705
B31: - Ikan Bandeng Segar (Uk. Sedang) | C31: Kg | D31: ='1'!K31 -> 36000 | E31: ='2'!K31 -> 36000 | F31: ='3'!K31 -> 36000 | G31: ='4'!K31 -> 36000 | H31: ='5'!K31 -> 36000 | I31: ='6'!K31 -> 36714.286 | J31: ='7'!K31 -> 37000 | K31: ='8'!K31 -> 37000 | L31: ='9'!K31 -> 37000 | M31: ='10'!K31 -> 37571.429 | N31: ='11'!K31 -> 37857.143 | O31: ='12'!K31 -> 37571.429 | P31: ='13'!K31 -> 37571.429 | Q31: ='14'!K31 -> 37285.714 | R31: ='15'!K31 -> 37285.714 | S31: ='14'!K31 -> 37285.714 | T31: ='17'!K31 -> 37857.143 | U31: ='18'!K31 -> 38142.857 | V31: ='19'!K31 -> 38142.857 | W31: ='20'!K31 -> 37571.429 | X31: ='21'!K31 -> 37571.429 | Y31: ='22'!K31 -> 37571.429 | Z31: ='23'!K31 -> 37285.714 | AA31: ='24'!K31 -> 37714.286 | AB31: ='25'!K31 -> 37714.286 | AC31: ='26'!K31 -> 37714.286 | AD31: ='27'!K31 -> 37000 | AE31: ='28'!K31 -> 37000 | AF31: ='29'!K31 -> 37000 | AG31: ='30'!K31 -> 37000 | AI31: =AG31-D31 -> 1000 | AJ31: =AVERAGE(D31:AG31) -> 37180.952
B32: - Ikan Teri Asin (Bukan Teri Medan) | C32: Kg | D32: ='1'!K32 -> 87500 | E32: ='2'!K32 -> 87500 | F32: ='3'!K32 -> 87500 | G32: ='4'!K32 -> 87500 | H32: ='5'!K32 -> 87500 | I32: ='6'!K32 -> 87500 | J32: ='7'!K32 -> 87500 | K32: ='8'!K32 -> 87500 | L32: ='9'!K32 -> 87500 | M32: ='10'!K32 -> 87500 | N32: ='11'!K32 -> 87500 | O32: ='12'!K32 -> 87500 | P32: ='13'!K32 -> 87500 | Q32: ='14'!K32 -> 83333.333 | R32: ='15'!K32 -> 83333.333 | S32: ='14'!K32 -> 83333.333 | T32: ='17'!K32 -> 83333.333 | U32: ='18'!K32 -> 87500 | V32: ='19'!K32 -> 87500 | W32: ='20'!K32 -> 87500 | X32: ='21'!K32 -> 87500 | Y32: ='22'!K32 -> 87500 | Z32: ='23'!K32 -> 87500 | AA32: ='24'!K32 -> 87500 | AB32: ='25'!K32 -> 87500 | AC32: ='26'!K32 -> 87500 | AD32: ='27'!K32 -> 87500 | AE32: ='28'!K32 -> 87500 | AF32: ='29'!K32 -> 87500 | AG32: ='30'!K32 -> 87500 | AI32: =AG32-D32 -> 0 | AJ32: =AVERAGE(D32:AG32) -> 86944.444
A33: 7 | B33: TELUR | D33: ='1'!K33 -> 0 | E33: ='2'!K33 -> 0 | F33: ='3'!K33 -> 0 | G33: ='4'!K33 -> 0 | H33: ='5'!K33 -> 0 | I33: ='6'!K33 -> 0 | J33: ='7'!K33 -> 0 | K33: ='8'!K33 -> 0 | L33: ='9'!K33 -> 0 | M33: ='10'!K33 -> 0 | N33: ='11'!K33 -> 0 | O33: ='12'!K33 -> 0 | P33: ='13'!K33 -> 0 | Q33: ='14'!K33 -> 0 | R33: ='15'!K33 -> 0 | S33: ='14'!K33 -> 0 | T33: ='17'!K33 -> 0 | U33: ='18'!K33 -> 0 | V33: ='19'!K33 -> 0 | W33: ='20'!K33 -> 0 | X33: ='21'!K33 -> 0 | Y33: ='22'!K33 -> 0 | Z33: ='23'!K33 -> 0 | AA33: ='24'!K33 -> 0 | AB33: ='25'!K33 -> 0 | AC33: ='26'!K33 -> 0 | AD33: ='27'!K33 -> 0 | AE33: ='28'!K33 -> 0 | AF33: ='29'!K33 -> 0 | AG33: ='30'!K33 -> 0 | AI33: =AG33-D33 -> 0 | AJ33: =AVERAGE(D33:AG33) -> 0
B34: - Telur Ayam Horn | C34: Kg | D34: ='1'!K34 -> 24428.571 | E34: ='2'!K34 -> 24428.571 | F34: ='3'!K34 -> 24571.429 | G34: ='4'!K34 -> 24571.429 | H34: ='5'!K34 -> 24571.429 | I34: ='6'!K34 -> 25571.429 | J34: ='7'!K34 -> 25428.571 | K34: ='8'!K34 -> 25571.429 | L34: ='9'!K34 -> 25571.429 | M34: ='10'!K34 -> 26000 | N34: ='11'!K34 -> 25857.143 | O34: ='12'!K34 -> 26142.857 | P34: ='13'!K34 -> 26071.429 | Q34: ='14'!K34 -> 25857.143 | R34: ='15'!K34 -> 26000 | S34: ='14'!K34 -> 25857.143 | T34: ='17'!K34 -> 26428.571 | U34: ='18'!K34 -> 26142.857 | V34: ='19'!K34 -> 26285.714 | W34: ='20'!K34 -> 26214.286 | X34: ='21'!K34 -> 26214.286 | Y34: ='22'!K34 -> 26428.571 | Z34: ='23'!K34 -> 26142.857 | AA34: ='24'!K34 -> 26285.714 | AB34: ='25'!K34 -> 26142.857 | AC34: ='26'!K34 -> 26142.857 | AD34: ='27'!K34 -> 26357.143 | AE34: ='28'!K34 -> 26500 | AF34: ='29'!K34 -> 26642.857 | AG34: ='30'!K34 -> 26642.857 | AH34: 27000 | AI34: =AG34-D34 -> 2214.2857 | AJ34: =AVERAGE(D34:AG34) -> 25835.714
B35: - Telur Ayam Kampung | C35: Butir | D35: ='1'!K35 -> 2728.5714 | E35: ='2'!K35 -> 2728.5714 | F35: ='3'!K35 -> 2728.5714 | G35: ='4'!K35 -> 2728.5714 | H35: ='5'!K35 -> 2728.5714 | I35: ='6'!K35 -> 2728.5714 | J35: ='7'!K35 -> 2728.5714 | K35: ='8'!K35 -> 2728.5714 | L35: ='9'!K35 -> 2728.5714 | M35: ='10'!K35 -> 2657.1429 | N35: ='11'!K35 -> 2657.1429 | O35: ='12'!K35 -> 2657.1429 | P35: ='13'!K35 -> 2657.1429 | Q35: ='14'!K35 -> 2728.5714 | R35: ='15'!K35 -> 2728.5714 | S35: ='14'!K35 -> 2728.5714 | T35: ='17'!K35 -> 2728.5714 | U35: ='18'!K35 -> 2657.1429 | V35: ='19'!K35 -> 2657.1429 | W35: ='20'!K35 -> 2657.1429 | X35: ='21'!K35 -> 2657.1429 | Y35: ='22'!K35 -> 2728.5714 | Z35: ='23'!K35 -> 2800 | AA35: ='24'!K35 -> 2800 | AB35: ='25'!K35 -> 2800 | AC35: ='26'!K35 -> 2800 | AD35: ='27'!K35 -> 2800 | AE35: ='28'!K35 -> 2800 | AF35: ='29'!K35 -> 2800 | AG35: ='30'!K35 -> 2800 | AI35: =AG35-D35 -> 71.428571 | AJ35: =AVERAGE(D35:AG35) -> 2728.5714
A36: 8 | B36: TAHU | D36: ='1'!K36 -> 0 | E36: ='2'!K36 -> 0 | F36: ='3'!K36 -> 0 | G36: ='4'!K36 -> 0 | H36: ='5'!K36 -> 0 | I36: ='6'!K36 -> 0 | J36: ='7'!K36 -> 0 | K36: ='8'!K36 -> 0 | L36: ='9'!K36 -> 0 | M36: ='10'!K36 -> 0 | N36: ='11'!K36 -> 0 | O36: ='12'!K36 -> 0 | P36: ='13'!K36 -> 0 | Q36: ='14'!K36 -> 0 | R36: ='15'!K36 -> 0 | S36: ='14'!K36 -> 0 | T36: ='17'!K36 -> 0 | U36: ='18'!K36 -> 0 | V36: ='19'!K36 -> 0 | W36: ='20'!K36 -> 0 | X36: ='21'!K36 -> 0 | Y36: ='22'!K36 -> 0 | Z36: ='23'!K36 -> 0 | AA36: ='24'!K36 -> 0 | AB36: ='25'!K36 -> 0 | AC36: ='26'!K36 -> 0 | AD36: ='27'!K36 -> 0 | AE36: ='28'!K36 -> 0 | AF36: ='29'!K36 -> 0 | AG36: ='30'!K36 -> 0 | AI36: =AG36-D36 -> 0 | AJ36: =AVERAGE(D36:AG36) -> 0
B37: - Tahu biasa | C37: Kg | D37: ='1'!K37 -> 8750 | E37: ='2'!K37 -> 8750 | F37: ='3'!K37 -> 8750 | G37: ='4'!K37 -> 8750 | H37: ='5'!K37 -> 8750 | I37: ='6'!K37 -> 8750 | J37: ='7'!K37 -> 8750 | K37: ='8'!K37 -> 8750 | L37: ='9'!K37 -> 8750 | M37: ='10'!K37 -> 9035.7143 | N37: ='11'!K37 -> 9035.7143 | O37: ='12'!K37 -> 9035.7143 | P37: ='13'!K37 -> 9035.7143 | Q37: ='14'!K37 -> 9035.7143 | R37: ='15'!K37 -> 7892.8571 | S37: ='14'!K37 -> 9035.7143 | T37: ='17'!K37 -> 7892.8571 | U37: ='18'!K37 -> 9035.7143 | V37: ='19'!K37 -> 9035.7143 | W37: ='20'!K37 -> 9035.7143 | X37: ='21'!K37 -> 9035.7143 | Y37: ='22'!K37 -> 9035.7143 | Z37: ='23'!K37 -> 9035.7143 | AA37: ='24'!K37 -> 9035.7143 | AB37: ='25'!K37 -> 9035.7143 | AC37: ='26'!K37 -> 9035.7143 | AD37: ='27'!K37 -> 9035.7143 | AE37: ='28'!K37 -> 9035.7143 | AF37: ='29'!K37 -> 9035.7143 | AG37: ='30'!K37 -> 9035.7143 | AI37: =AG37-D37 -> 285.71429 | AJ37: =AVERAGE(D37:AG37) -> 8873.8095
B38: - Tahu susu | C38: Kg | D38: ='1'!K38 -> 12600 | E38: ='2'!K38 -> 12600 | F38: ='3'!K38 -> 12600 | G38: ='4'!K38 -> 12600 | H38: ='5'!K38 -> 12600 | I38: ='6'!K38 -> 12600 | J38: ='7'!K38 -> 12600 | K38: ='8'!K38 -> 12600 | L38: ='9'!K38 -> 12600 | M38: ='10'!K38 -> 12000 | N38: ='11'!K38 -> 12000 | O38: ='12'!K38 -> 12000 | P38: ='13'!K38 -> 12000 | Q38: ='14'!K38 -> 12000 | R38: ='15'!K38 -> 12000 | S38: ='14'!K38 -> 12000 | T38: ='17'!K38 -> 12000 | U38: ='18'!K38 -> 12000 | V38: ='19'!K38 -> 12000 | W38: ='20'!K38 -> 12000 | X38: ='21'!K38 -> 12000 | Y38: ='22'!K38 -> 12000 | Z38: ='23'!K38 -> 12000 | AA38: ='24'!K38 -> 12000 | AB38: ='25'!K38 -> 12000 | AC38: ='26'!K38 -> 12000 | AD38: ='27'!K38 -> 12000 | AE38: ='28'!K38 -> 12000 | AF38: ='29'!K38 -> 12000 | AG38: ='30'!K38 -> 12000 | AI38: =AG38-D38 -> -600 | AJ38: =AVERAGE(D38:AG38) -> 12180
A39: 9 | B39: TEMPE | D39: ='1'!K39 -> 0 | E39: ='2'!K39 -> 0 | F39: ='3'!K39 -> 0 | G39: ='4'!K39 -> 0 | H39: ='5'!K39 -> 0 | I39: ='6'!K39 -> 0 | J39: ='7'!K39 -> 0 | K39: ='8'!K39 -> 0 | L39: ='9'!K39 -> 0 | M39: ='10'!K39 -> 0 | N39: ='11'!K39 -> 0 | O39: ='12'!K39 -> 0 | P39: ='13'!K39 -> 0 | Q39: ='14'!K39 -> 0 | R39: ='15'!K39 -> 0 | S39: ='14'!K39 -> 0 | T39: ='17'!K39 -> 0 | U39: ='18'!K39 -> 0 | V39: ='19'!K39 -> 0 | W39: ='20'!K39 -> 0 | X39: ='21'!K39 -> 0 | Y39: ='22'!K39 -> 0 | Z39: ='23'!K39 -> 0 | AA39: ='24'!K39 -> 0 | AB39: ='25'!K39 -> 0 | AC39: ='26'!K39 -> 0 | AD39: ='27'!K39 -> 0 | AE39: ='28'!K39 -> 0 | AF39: ='29'!K39 -> 0 | AG39: ='30'!K39 -> 0 | AI39: =AG39-D39 -> 0 | AJ39: =AVERAGE(D39:AG39) -> 0
B40: - Tempe Kw I (campuran kedelai) | C40: Kg | D40: ='1'!K40 -> 13000 | E40: ='2'!K40 -> 13000 | F40: ='3'!K40 -> 13000 | G40: ='4'!K40 -> 13000 | H40: ='5'!K40 -> 13000 | I40: ='6'!K40 -> 13000 | J40: ='7'!K40 -> 13000 | K40: ='8'!K40 -> 13000 | L40: ='9'!K40 -> 13000 | M40: ='10'!K40 -> 12750 | N40: ='11'!K40 -> 15000 | O40: ='12'!K40 -> 15000 | P40: ='13'!K40 -> 15000 | Q40: ='14'!K40 -> 15000 | R40: ='15'!K40 -> 15000 | S40: ='14'!K40 -> 15000 | T40: ='17'!K40 -> 15000 | U40: ='18'!K40 -> 15000 | V40: ='19'!K40 -> 15000 | W40: ='20'!K40 -> 15000 | X40: ='21'!K40 -> 15000 | Y40: ='22'!K40 -> 15000 | Z40: ='23'!K40 -> 15000 | AA40: ='24'!K40 -> 15000 | AB40: ='25'!K40 -> 15000 | AC40: ='26'!K40 -> 15000 | AD40: ='27'!K40 -> 15000 | AE40: ='28'!K40 -> 15000 | AF40: ='29'!K40 -> 15000 | AG40: ='30'!K40 -> 15000 | AI40: =AG40-D40 -> 2000 | AJ40: =AVERAGE(D40:AG40) -> 14325
B41: - Tempe Kw II (campuran jagung) | C41: Kg | D41: ='1'!K41 -> 6000 | E41: ='2'!K41 -> 6000 | F41: ='3'!K41 -> 6000 | G41: ='4'!K41 -> 6000 | H41: ='5'!K41 -> 6000 | I41: ='6'!K41 -> 6000 | J41: ='7'!K41 -> 6000 | K41: ='8'!K41 -> 6000 | L41: ='9'!K41 -> 6000 | M41: ='10'!K41 -> 6000 | N41: ='11'!K41 -> 6000 | O41: ='12'!K41 -> 6000 | P41: ='13'!K41 -> 6000 | Q41: ='14'!K41 -> 6000 | R41: ='15'!K41 -> 6000 | S41: ='14'!K41 -> 6000 | T41: ='17'!K41 -> 6000 | U41: ='18'!K41 -> 6000 | V41: ='19'!K41 -> 6000 | W41: ='20'!K41 -> 6000 | X41: ='21'!K41 -> 6000 | Y41: ='22'!K41 -> 6000 | Z41: ='23'!K41 -> 6000 | AA41: ='24'!K41 -> 6000 | AB41: ='25'!K41 -> 6000 | AC41: ='26'!K41 -> 6000 | AD41: ='27'!K41 -> 6000 | AE41: ='28'!K41 -> 6000 | AF41: ='29'!K41 -> 6000 | AG41: ='30'!K41 -> 6000 | AI41: =AG41-D41 -> 0 | AJ41: =AVERAGE(D41:AG41) -> 6000
B42: - Tempe Kw III (campuran kulit) | C42: Kg | D42: ='1'!K42 -> 2500 | E42: ='2'!K42 -> 2500 | F42: ='3'!K42 -> 2500 | G42: ='4'!K42 -> 2500 | H42: ='5'!K42 -> 2500 | I42: ='6'!K42 -> 2500 | J42: ='7'!K42 -> 2500 | K42: ='8'!K42 -> 2500 | L42: ='9'!K42 -> 2500 | M42: ='10'!K42 -> 2500 | N42: ='11'!K42 -> 2500 | O42: ='12'!K42 -> 2500 | P42: ='13'!K42 -> 2500 | Q42: ='14'!K42 -> 2500 | R42: ='15'!K42 -> 2500 | S42: ='14'!K42 -> 2500 | T42: ='17'!K42 -> 2500 | U42: ='18'!K42 -> 2500 | V42: ='19'!K42 -> 2500 | W42: ='20'!K42 -> 2500 | X42: ='21'!K42 -> 2500 | Y42: ='22'!K42 -> 2500 | Z42: ='23'!K42 -> 2500 | AA42: ='24'!K42 -> 2500 | AB42: ='25'!K42 -> 2500 | AC42: ='26'!K42 -> 2500 | AD42: ='27'!K42 -> 2500 | AE42: ='28'!K42 -> 2500 | AF42: ='29'!K42 -> 2500 | AG42: ='30'!K42 -> 2500 | AI42: =AG42-D42 -> 0 | AJ42: =AVERAGE(D42:AG42) -> 2500
A43: 10 | B43: S U S U | D43: ='1'!K43 -> 0 | E43: ='2'!K43 -> 0 | F43: ='3'!K43 -> 0 | G43: ='4'!K43 -> 0 | H43: ='5'!K43 -> 0 | I43: ='6'!K43 -> 0 | J43: ='7'!K43 -> 0 | K43: ='8'!K43 -> 0 | L43: ='9'!K43 -> 0 | M43: ='10'!K43 -> 0 | N43: ='11'!K43 -> 0 | O43: ='12'!K43 -> 0 | P43: ='13'!K43 -> 0 | Q43: ='14'!K43 -> 0 | R43: ='15'!K43 -> 0 | S43: ='14'!K43 -> 0 | T43: ='17'!K43 -> 0 | U43: ='18'!K43 -> 0 | V43: ='19'!K43 -> 0 | W43: ='20'!K43 -> 0 | X43: ='21'!K43 -> 0 | Y43: ='22'!K43 -> 0 | Z43: ='23'!K43 -> 0 | AA43: ='24'!K43 -> 0 | AB43: ='25'!K43 -> 0 | AC43: ='26'!K43 -> 0 | AD43: ='27'!K43 -> 0 | AE43: ='28'!K43 -> 0 | AF43: ='29'!K43 -> 0 | AG43: ='30'!K43 -> 0 | AI43: =AG43-D43 -> 0 | AJ43: =AVERAGE(D43:AG43) -> 0
B44: - Susu Kental Manis "INDOMILK" Putih | C44: 390 Gr/kaleng | D44: ='1'!K44 -> 12416.667 | E44: ='2'!K44 -> 12416.667 | F44: ='3'!K44 -> 12416.667 | G44: ='4'!K44 -> 12416.667 | H44: ='5'!K44 -> 12416.667 | I44: ='6'!K44 -> 12416.667 | J44: ='7'!K44 -> 12416.667 | K44: ='8'!K44 -> 12416.667 | L44: ='9'!K44 -> 12416.667 | M44: ='10'!K44 -> 12416.667 | N44: ='11'!K44 -> 12416.667 | O44: ='12'!K44 -> 12416.667 | P44: ='13'!K44 -> 12416.667 | Q44: ='14'!K44 -> 12416.667 | R44: ='15'!K44 -> 12416.667 | S44: ='14'!K44 -> 12416.667 | T44: ='17'!K44 -> 12416.667 | U44: ='18'!K44 -> 12416.667 | V44: ='19'!K44 -> 12416.667 | W44: ='20'!K44 -> 12416.667 | X44: ='21'!K44 -> 12416.667 | Y44: ='22'!K44 -> 12416.667 | Z44: ='23'!K44 -> 12416.667 | AA44: ='24'!K44 -> 12416.667 | AB44: ='25'!K44 -> 12416.667 | AC44: ='26'!K44 -> 12416.667 | AD44: ='27'!K44 -> 12416.667 | AE44: ='28'!K44 -> 12416.667 | AF44: ='29'!K44 -> 12416.667 | AG44: ='30'!K44 -> 12416.667 | AI44: =AG44-D44 -> 0 | AJ44: =AVERAGE(D44:AG44) -> 12416.667
B45: - Susu Bubuk "DANCOW" Full Cream | C45: 400 Gr/Dos | D45: ='1'!K45 -> 12583.333 | E45: ='2'!K45 -> 12583.333 | F45: ='3'!K45 -> 12583.333 | G45: ='4'!K45 -> 12583.333 | H45: ='5'!K45 -> 12583.333 | I45: ='6'!K45 -> 12583.333 | J45: ='7'!K45 -> 12583.333 | K45: ='8'!K45 -> 12583.333 | L45: ='9'!K45 -> 12583.333 | M45: ='10'!K45 -> 12583.333 | N45: ='11'!K45 -> 12583.333 | O45: ='12'!K45 -> 12583.333 | P45: ='13'!K45 -> 12583.333 | Q45: ='14'!K45 -> 12583.333 | R45: ='15'!K45 -> 12583.333 | S45: ='14'!K45 -> 12583.333 | T45: ='17'!K45 -> 12583.333 | U45: ='18'!K45 -> 12583.333 | V45: ='19'!K45 -> 12583.333 | W45: ='20'!K45 -> 12583.333 | X45: ='21'!K45 -> 12583.333 | Y45: ='22'!K45 -> 12583.333 | Z45: ='23'!K45 -> 12583.333 | AA45: ='24'!K45 -> 12583.333 | AB45: ='25'!K45 -> 12583.333 | AC45: ='26'!K45 -> 12583.333 | AD45: ='27'!K45 -> 12583.333 | AE45: ='28'!K45 -> 12583.333 | AF45: ='29'!K45 -> 12583.333 | AG45: ='30'!K45 -> 12583.333 | AI45: =AG45-D45 -> 0 | AJ45: =AVERAGE(D45:AG45) -> 12583.333
A46: 11 | B46: SABUN CUCI | D46: ='1'!K46 -> 0 | E46: ='2'!K46 -> 0 | F46: ='3'!K46 -> 0 | G46: ='4'!K46 -> 0 | H46: ='5'!K46 -> 0 | I46: ='6'!K46 -> 0 | J46: ='7'!K46 -> 0 | K46: ='8'!K46 -> 0 | L46: ='9'!K46 -> 0 | M46: ='10'!K46 -> 0 | N46: ='11'!K46 -> 0 | O46: ='12'!K46 -> 0 | P46: ='13'!K46 -> 0 | Q46: ='14'!K46 -> 0 | R46: ='15'!K46 -> 0 | S46: ='14'!K46 -> 0 | T46: ='17'!K46 -> 0 | U46: ='18'!K46 -> 0 | V46: ='19'!K46 -> 0 | W46: ='20'!K46 -> 0 | X46: ='21'!K46 -> 0 | Y46: ='22'!K46 -> 0 | Z46: ='23'!K46 -> 0 | AA46: ='24'!K46 -> 0 | AB46: ='25'!K46 -> 0 | AC46: ='26'!K46 -> 0 | AD46: ='27'!K46 -> 0 | AE46: ='28'!K46 -> 0 | AF46: ='29'!K46 -> 0 | AG46: ='30'!K46 -> 0 | AI46: =AG46-D46 -> 0 | AJ46: =AVERAGE(D46:AG46) -> 0
B47: - Sabun Detergen Rinso (Anti Noda) | C47: 900 Gram | D47: ='1'!K47 -> 17500 | E47: ='2'!K47 -> 17500 | F47: ='3'!K47 -> 17500 | G47: ='4'!K47 -> 17500 | H47: ='5'!K47 -> 17500 | I47: ='6'!K47 -> 17500 | J47: ='7'!K47 -> 17500 | K47: ='8'!K47 -> 17500 | L47: ='9'!K47 -> 17500 | M47: ='10'!K47 -> 17500 | N47: ='11'!K47 -> 17500 | O47: ='12'!K47 -> 17500 | P47: ='13'!K47 -> 17500 | Q47: ='14'!K47 -> 17500 | R47: ='15'!K47 -> 17500 | S47: ='14'!K47 -> 17500 | T47: ='17'!K47 -> 17500 | U47: ='18'!K47 -> 17500 | V47: ='19'!K47 -> 17500 | W47: ='20'!K47 -> 17500 | X47: ='21'!K47 -> 17500 | Y47: ='22'!K47 -> 17500 | Z47: ='23'!K47 -> 17500 | AA47: ='24'!K47 -> 17500 | AB47: ='25'!K47 -> 17500 | AC47: ='26'!K47 -> 17500 | AD47: ='27'!K47 -> 17500 | AE47: ='28'!K47 -> 17500 | AF47: ='29'!K47 -> 17500 | AG47: ='30'!K47 -> 17500 | AI47: =AG47-D47 -> 0 | AJ47: =AVERAGE(D47:AG47) -> 17500
B48: - Sabun Colek "Wing's Biru" | C48: 350 Gram | D48: ='1'!K48 -> 2000 | E48: ='2'!K48 -> 2000 | F48: ='3'!K48 -> 2000 | G48: ='4'!K48 -> 2000 | H48: ='5'!K48 -> 2000 | I48: ='6'!K48 -> 2000 | J48: ='7'!K48 -> 2000 | K48: ='8'!K48 -> 2000 | L48: ='9'!K48 -> 2000 | M48: ='10'!K48 -> 2000 | N48: ='11'!K48 -> 2000 | O48: ='12'!K48 -> 2000 | P48: ='13'!K48 -> 2000 | Q48: ='14'!K48 -> 2000 | R48: ='15'!K48 -> 2000 | S48: ='14'!K48 -> 2000 | T48: ='17'!K48 -> 2000 | U48: ='18'!K48 -> 2000 | V48: ='19'!K48 -> 2000 | W48: ='20'!K48 -> 2000 | X48: ='21'!K48 -> 2000 | Y48: ='22'!K48 -> 2000 | Z48: ='23'!K48 -> 2000 | AA48: ='24'!K48 -> 2000 | AB48: ='25'!K48 -> 2000 | AC48: ='26'!K48 -> 2000 | AD48: ='27'!K48 -> 2000 | AE48: ='28'!K48 -> 2000 | AF48: ='29'!K48 -> 2000 | AG48: ='30'!K48 -> 2000 | AI48: =AG48-D48 -> 0 | AJ48: =AVERAGE(D48:AG48) -> 2000
A49: 12 | B49: JAGUNG | D49: ='1'!K49 -> 0 | E49: ='2'!K49 -> 0 | F49: ='3'!K49 -> 0 | G49: ='4'!K49 -> 0 | H49: ='5'!K49 -> 0 | I49: ='6'!K49 -> 0 | J49: ='7'!K49 -> 0 | K49: ='8'!K49 -> 0 | L49: ='9'!K49 -> 0 | M49: ='10'!K49 -> 0 | N49: ='11'!K49 -> 0 | O49: ='12'!K49 -> 0 | P49: ='13'!K49 -> 0 | Q49: ='14'!K49 -> 0 | R49: ='15'!K49 -> 0 | S49: ='14'!K49 -> 0 | T49: ='17'!K49 -> 0 | U49: ='18'!K49 -> 0 | V49: ='19'!K49 -> 0 | W49: ='20'!K49 -> 0 | X49: ='21'!K49 -> 0 | Y49: ='22'!K49 -> 0 | Z49: ='23'!K49 -> 0 | AA49: ='24'!K49 -> 0 | AB49: ='25'!K49 -> 0 | AC49: ='26'!K49 -> 0 | AD49: ='27'!K49 -> 0 | AE49: ='28'!K49 -> 0 | AF49: ='29'!K49 -> 0 | AG49: ='30'!K49 -> 0 | AI49: =AG49-D49 -> 0 | AJ49: =AVERAGE(D49:AG49) -> 0
B50: - Jagung Pipilan Kering (Jenis Kecil) | C50: Kg | D50: ='1'!K50 -> 9500 | E50: ='2'!K50 -> 9500 | F50: ='3'!K50 -> 9500 | G50: ='4'!K50 -> 9500 | H50: ='5'!K50 -> 9500 | I50: ='6'!K50 -> 9500 | J50: ='7'!K50 -> 9500 | K50: ='8'!K50 -> 9500 | L50: ='9'!K50 -> 9500 | M50: ='10'!K50 -> 9500 | N50: ='11'!K50 -> 9500 | O50: ='12'!K50 -> 9500 | P50: ='13'!K50 -> 9500 | Q50: ='14'!K50 -> 9400 | R50: ='15'!K50 -> 9400 | S50: ='14'!K50 -> 9400 | T50: ='17'!K50 -> 9400 | U50: ='18'!K50 -> 9500 | V50: ='19'!K50 -> 9500 | W50: ='20'!K50 -> 9500 | X50: ='21'!K50 -> 9500 | Y50: ='22'!K50 -> 9500 | Z50: ='23'!K50 -> 9500 | AA50: ='24'!K50 -> 9500 | AB50: ='25'!K50 -> 9500 | AC50: ='26'!K50 -> 9500 | AD50: ='27'!K50 -> 9500 | AE50: ='28'!K50 -> 9500 | AF50: ='29'!K50 -> 9500 | AG50: ='30'!K50 -> 9500 | AI50: =AG50-D50 -> 0 | AJ50: =AVERAGE(D50:AG50) -> 9486.6667
B51: - Jagung Pipilan Kering (Jenis Besar) | C51: Kg | D51: ='1'!K51 -> 8857.1429 | E51: ='2'!K51 -> 8857.1429 | F51: ='3'!K51 -> 8857.1429 | G51: ='4'!K51 -> 8857.1429 | H51: ='5'!K51 -> 8857.1429 | I51: ='6'!K51 -> 8857.1429 | J51: ='7'!K51 -> 8857.1429 | K51: ='8'!K51 -> 8857.1429 | L51: ='9'!K51 -> 8857.1429 | M51: ='10'!K51 -> 8857.1429 | N51: ='11'!K51 -> 8857.1429 | O51: ='12'!K51 -> 8857.1429 | P51: ='13'!K51 -> 8857.1429 | Q51: ='14'!K51 -> 9000 | R51: ='15'!K51 -> 9000 | S51: ='14'!K51 -> 9000 | T51: ='17'!K51 -> 9000 | U51: ='18'!K51 -> 8857.1429 | V51: ='19'!K51 -> 8857.1429 | W51: ='20'!K51 -> 8857.1429 | X51: ='21'!K51 -> 8857.1429 | Y51: ='22'!K51 -> 8857.1429 | Z51: ='23'!K51 -> 8857.1429 | AA51: ='24'!K51 -> 8857.1429 | AB51: ='25'!K51 -> 8857.1429 | AC51: ='26'!K51 -> 8857.1429 | AD51: ='27'!K51 -> 8857.1429 | AE51: ='28'!K51 -> 8857.1429 | AF51: ='29'!K51 -> 8857.1429 | AG51: ='30'!K51 -> 8857.1429 | AI51: =AG51-D51 -> 0 | AJ51: =AVERAGE(D51:AG51) -> 8876.1905
A52: 13 | B52: GARAM BERYODIUM | D52: ='1'!K52 -> 0 | E52: ='2'!K52 -> 0 | F52: ='3'!K52 -> 0 | G52: ='4'!K52 -> 0 | H52: ='5'!K52 -> 0 | I52: ='6'!K52 -> 0 | J52: ='7'!K52 -> 0 | K52: ='8'!K52 -> 0 | L52: ='9'!K52 -> 0 | M52: ='10'!K52 -> 0 | N52: ='11'!K52 -> 0 | O52: ='12'!K52 -> 0 | P52: ='13'!K52 -> 0 | Q52: ='14'!K52 -> 0 | R52: ='15'!K52 -> 0 | S52: ='14'!K52 -> 0 | T52: ='17'!K52 -> 0 | U52: ='18'!K52 -> 0 | V52: ='19'!K52 -> 0 | W52: ='20'!K52 -> 0 | X52: ='21'!K52 -> 0 | Y52: ='22'!K52 -> 0 | Z52: ='23'!K52 -> 0 | AA52: ='24'!K52 -> 0 | AB52: ='25'!K52 -> 0 | AC52: ='26'!K52 -> 0 | AD52: ='27'!K52 -> 0 | AE52: ='28'!K52 -> 0 | AF52: ='29'!K52 -> 0 | AG52: ='30'!K52 -> 0 | AI52: =AG52-D52 -> 0 | AJ52: =AVERAGE(D52:AG52) -> 0
B53: - Garam Halus (Cap Kapal) | C53: 250 Gr/Bngks | D53: ='1'!K53 -> 4071.4286 | E53: ='2'!K53 -> 4071.4286 | F53: ='3'!K53 -> 4071.4286 | G53: ='4'!K53 -> 4071.4286 | H53: ='5'!K53 -> 4071.4286 | I53: ='6'!K53 -> 4071.4286 | J53: ='7'!K53 -> 4071.4286 | K53: ='8'!K53 -> 4071.4286 | L53: ='9'!K53 -> 4071.4286 | M53: ='10'!K53 -> 4071.4286 | N53: ='11'!K53 -> 4428.5714 | O53: ='12'!K53 -> 4428.5714 | P53: ='13'!K53 -> 4428.5714 | Q53: ='14'!K53 -> 4142.8571 | R53: ='15'!K53 -> 4142.8571 | S53: ='14'!K53 -> 4142.8571 | T53: ='17'!K53 -> 4142.8571 | U53: ='18'!K53 -> 4428.5714 | V53: ='19'!K53 -> 4428.5714 | W53: ='20'!K53 -> 4428.5714 | X53: ='21'!K53 -> 4428.5714 | Y53: ='22'!K53 -> 4428.5714 | Z53: ='23'!K53 -> 4428.5714 | AA53: ='24'!K53 -> 4428.5714 | AB53: ='25'!K53 -> 4428.5714 | AC53: ='26'!K53 -> 4428.5714 | AD53: ='27'!K53 -> 4428.5714 | AE53: ='28'!K53 -> 4428.5714 | AF53: ='29'!K53 -> 4428.5714 | AG53: ='30'!K53 -> 4428.5714 | AI53: =AG53-D53 -> 357.14286 | AJ53: =AVERAGE(D53:AG53) -> 4271.4286
A54: 14 | B54: TEPUNG TERIGU | D54: ='1'!K54 -> 0 | E54: ='2'!K54 -> 0 | F54: ='3'!K54 -> 0 | G54: ='4'!K54 -> 0 | H54: ='5'!K54 -> 0 | I54: ='6'!K54 -> 0 | J54: ='7'!K54 -> 0 | K54: ='8'!K54 -> 0 | L54: ='9'!K54 -> 0 | M54: ='10'!K54 -> 0 | N54: ='11'!K54 -> 0 | O54: ='12'!K54 -> 0 | P54: ='13'!K54 -> 0 | Q54: ='14'!K54 -> 0 | R54: ='15'!K54 -> 0 | S54: ='14'!K54 -> 0 | T54: ='17'!K54 -> 0 | U54: ='18'!K54 -> 0 | V54: ='19'!K54 -> 0 | W54: ='20'!K54 -> 0 | X54: ='21'!K54 -> 0 | Y54: ='22'!K54 -> 0 | Z54: ='23'!K54 -> 0 | AA54: ='24'!K54 -> 0 | AB54: ='25'!K54 -> 0 | AC54: ='26'!K54 -> 0 | AD54: ='27'!K54 -> 0 | AE54: ='28'!K54 -> 0 | AF54: ='29'!K54 -> 0 | AG54: ='30'!K54 -> 0 | AI54: =AG54-D54 -> 0 | AJ54: =AVERAGE(D54:AG54) -> 0
B55: - Tepung Terigu "Segitiga Biru" Curah | C55: Kg | D55: ='1'!K55 -> 10500 | E55: ='2'!K55 -> 10500 | F55: ='3'!K55 -> 10357.143 | G55: ='4'!K55 -> 10357.143 | H55: ='5'!K55 -> 10357.143 | I55: ='6'!K55 -> 10357.143 | J55: ='7'!K55 -> 10500 | K55: ='8'!K55 -> 10500 | L55: ='9'!K55 -> 10500 | M55: ='10'!K55 -> 10500 | N55: ='11'!K55 -> 10500 | O55: ='12'!K55 -> 10500 | P55: ='13'!K55 -> 10500 | Q55: ='14'!K55 -> 10500 | R55: ='15'!K55 -> 10500 | S55: ='14'!K55 -> 10500 | T55: ='17'!K55 -> 10500 | U55: ='18'!K55 -> 10500 | V55: ='19'!K55 -> 10500 | W55: ='20'!K55 -> 10500 | X55: ='21'!K55 -> 10500 | Y55: ='22'!K55 -> 10500 | Z55: ='23'!K55 -> 10500 | AA55: ='24'!K55 -> 10500 | AB55: ='25'!K55 -> 10500 | AC55: ='26'!K55 -> 10500 | AD55: ='27'!K55 -> 10500 | AE55: ='28'!K55 -> 10500 | AF55: ='29'!K55 -> 10500 | AG55: ='30'!K55 -> 10500 | AI55: =AG55-D55 -> 0 | AJ55: =AVERAGE(D55:AG55) -> 10480.952
A56: 15 | B56: KACANG-KACANGAN | D56: ='1'!K56 -> 0 | E56: ='2'!K56 -> 0 | F56: ='3'!K56 -> 0 | G56: ='4'!K56 -> 0 | H56: ='5'!K56 -> 0 | I56: ='6'!K56 -> 0 | J56: ='7'!K56 -> 0 | K56: ='8'!K56 -> 0 | L56: ='9'!K56 -> 0 | M56: ='10'!K56 -> 0 | N56: ='11'!K56 -> 0 | O56: ='12'!K56 -> 0 | P56: ='13'!K56 -> 0 | Q56: ='14'!K56 -> 0 | R56: ='15'!K56 -> 0 | S56: ='14'!K56 -> 0 | T56: ='17'!K56 -> 0 | U56: ='18'!K56 -> 0 | V56: ='19'!K56 -> 0 | W56: ='20'!K56 -> 0 | X56: ='21'!K56 -> 0 | Y56: ='22'!K56 -> 0 | Z56: ='23'!K56 -> 0 | AA56: ='24'!K56 -> 0 | AB56: ='25'!K56 -> 0 | AC56: ='26'!K56 -> 0 | AD56: ='27'!K56 -> 0 | AE56: ='28'!K56 -> 0 | AF56: ='29'!K56 -> 0 | AG56: ='30'!K56 -> 0 | AI56: =AG56-D56 -> 0 | AJ56: =AVERAGE(D56:AG56) -> 0
B57: - Kacang Kedelai (Kualitas Import) | C57: Kg | D57: ='1'!K57 -> 13666.667 | E57: ='2'!K57 -> 13666.667 | F57: ='3'!K57 -> 13833.333 | G57: ='4'!K57 -> 13833.333 | H57: ='5'!K57 -> 13833.333 | I57: ='6'!K57 -> 13833.333 | J57: ='7'!K57 -> 13833.333 | K57: ='8'!K57 -> 13833.333 | L57: ='9'!K57 -> 13833.333 | M57: ='10'!K57 -> 14000 | N57: ='11'!K57 -> 14000 | O57: ='12'!K57 -> 14000 | P57: ='13'!K57 -> 14000 | Q57: ='14'!K57 -> 14000 | R57: ='15'!K57 -> 14000 | S57: ='14'!K57 -> 14000 | T57: ='17'!K57 -> 14000 | U57: ='18'!K57 -> 14000 | V57: ='19'!K57 -> 14000 | W57: ='20'!K57 -> 14000 | X57: ='21'!K57 -> 14000 | Y57: ='22'!K57 -> 14000 | Z57: ='23'!K57 -> 14000 | AA57: ='24'!K57 -> 14000 | AB57: ='25'!K57 -> 14000 | AC57: ='26'!K57 -> 14000 | AD57: ='27'!K57 -> 14000 | AE57: ='28'!K57 -> 14000 | AF57: ='29'!K57 -> 14000 | AG57: ='30'!K57 -> 14000 | AH57: 6800 | AI57: =AG57-D57 -> 333.33333 | AJ57: =AVERAGE(D57:AG57) -> 13938.889
B58: - Kacang Kedelai (Kualitas Lokal) | C58: Kg | D58: ='1'!K58 -> 14000 | E58: ='2'!K58 -> 14000 | F58: ='3'!K58 -> 14000 | G58: ='4'!K58 -> 14000 | H58: ='5'!K58 -> 14000 | I58: ='6'!K58 -> 14000 | J58: ='7'!K58 -> 14000 | K58: ='8'!K58 -> 14000 | L58: ='9'!K58 -> 14000 | M58: ='10'!K58 -> 14000 | N58: ='11'!K58 -> 14000 | O58: ='12'!K58 -> 14000 | P58: ='13'!K58 -> 14000 | Q58: ='14'!K58 -> 14000 | R58: ='15'!K58 -> 14000 | S58: ='14'!K58 -> 14000 | T58: ='17'!K58 -> 14000 | U58: ='18'!K58 -> 14000 | V58: ='19'!K58 -> 14000 | W58: ='20'!K58 -> 14000 | X58: ='21'!K58 -> 14000 | Y58: ='22'!K58 -> 14000 | Z58: ='23'!K58 -> 14000 | AA58: ='24'!K58 -> 14000 | AB58: ='25'!K58 -> 14000 | AC58: ='26'!K58 -> 14000 | AD58: ='27'!K58 -> 14000 | AE58: ='28'!K58 -> 14000 | AF58: ='29'!K58 -> 14000 | AG58: ='30'!K58 -> 14000 | AH58: 9200 | AI58: =AG58-D58 -> 0 | AJ58: =AVERAGE(D58:AG58) -> 14000
B59: - Kacang Hijau | C59: Kg | D59: ='1'!K59 -> 22142.857 | E59: ='2'!K59 -> 22142.857 | F59: ='3'!K59 -> 22428.571 | G59: ='4'!K59 -> 22428.571 | H59: ='5'!K59 -> 22428.571 | I59: ='6'!K59 -> 22428.571 | J59: ='7'!K59 -> 22428.571 | K59: ='8'!K59 -> 22428.571 | L59: ='9'!K59 -> 22428.571 | M59: ='10'!K59 -> 22428.571 | N59: ='11'!K59 -> 22428.571 | O59: ='12'!K59 -> 22428.571 | P59: ='13'!K59 -> 22428.571 | Q59: ='14'!K59 -> 22285.714 | R59: ='15'!K59 -> 22285.714 | S59: ='14'!K59 -> 22285.714 | T59: ='17'!K59 -> 22285.714 | U59: ='18'!K59 -> 22428.571 | V59: ='19'!K59 -> 22428.571 | W59: ='20'!K59 -> 22428.571 | X59: ='21'!K59 -> 22428.571 | Y59: ='22'!K59 -> 22428.571 | Z59: ='23'!K59 -> 22428.571 | AA59: ='24'!K59 -> 22428.571 | AB59: ='25'!K59 -> 22428.571 | AC59: ='26'!K59 -> 22428.571 | AD59: ='27'!K59 -> 22428.571 | AE59: ='28'!K59 -> 22428.571 | AF59: ='29'!K59 -> 22428.571 | AG59: ='30'!K59 -> 22428.571 | AI59: =AG59-D59 -> 285.71429 | AJ59: =AVERAGE(D59:AG59) -> 22390.476
B60: - Kacang Tanah (Jenis Besar) | C60: Kg | D60: ='1'!K60 -> 28285.714 | E60: ='2'!K60 -> 28285.714 | F60: ='3'!K60 -> 28428.571 | G60: ='4'!K60 -> 28428.571 | H60: ='5'!K60 -> 28428.571 | I60: ='6'!K60 -> 28428.571 | J60: ='7'!K60 -> 28428.571 | K60: ='8'!K60 -> 28428.571 | L60: ='9'!K60 -> 28428.571 | M60: ='10'!K60 -> 28428.571 | N60: ='11'!K60 -> 28428.571 | O60: ='12'!K60 -> 28428.571 | P60: ='13'!K60 -> 28428.571 | Q60: ='14'!K60 -> 28714.286 | R60: ='15'!K60 -> 28714.286 | S60: ='14'!K60 -> 28714.286 | T60: ='17'!K60 -> 28714.286 | U60: ='18'!K60 -> 28428.571 | V60: ='19'!K60 -> 28428.571 | W60: ='20'!K60 -> 28428.571 | X60: ='21'!K60 -> 28428.571 | Y60: ='22'!K60 -> 28428.571 | Z60: ='23'!K60 -> 28428.571 | AA60: ='24'!K60 -> 28428.571 | AB60: ='25'!K60 -> 28428.571 | AC60: ='26'!K60 -> 28428.571 | AD60: ='27'!K60 -> 28428.571 | AE60: ='28'!K60 -> 28428.571 | AF60: ='29'!K60 -> 28428.571 | AG60: ='30'!K60 -> 28428.571 | AI60: =AG60-D60 -> 142.85714 | AJ60: =AVERAGE(D60:AG60) -> 28457.143
A61: 16 | B61: MIE INSTAN | D61: ='1'!K61 -> 0 | E61: ='2'!K61 -> 0 | F61: ='3'!K61 -> 0 | G61: ='4'!K61 -> 0 | H61: ='5'!K61 -> 0 | I61: ='6'!K61 -> 0 | J61: ='7'!K61 -> 0 | K61: ='8'!K61 -> 0 | L61: ='9'!K61 -> 0 | M61: ='10'!K61 -> 0 | N61: ='11'!K61 -> 0 | O61: ='12'!K61 -> 0 | P61: ='13'!K61 -> 0 | Q61: ='14'!K61 -> 0 | R61: ='15'!K61 -> 0 | S61: ='14'!K61 -> 0 | T61: ='17'!K61 -> 0 | U61: ='18'!K61 -> 0 | V61: ='19'!K61 -> 0 | W61: ='20'!K61 -> 0 | X61: ='21'!K61 -> 0 | Y61: ='22'!K61 -> 0 | Z61: ='23'!K61 -> 0 | AA61: ='24'!K61 -> 0 | AB61: ='25'!K61 -> 0 | AC61: ='26'!K61 -> 0 | AD61: ='27'!K61 -> 0 | AE61: ='28'!K61 -> 0 | AF61: ='29'!K61 -> 0 | AG61: ='30'!K61 -> 0 | AI61: =AG61-D61 -> 0 | AJ61: =AVERAGE(D61:AG61) -> 0
B62: - Indomie Goreng | C62: 86 Gr/Bngks | D62: ='1'!K62 -> 3200 | E62: ='2'!K62 -> 3200 | F62: ='3'!K62 -> 3200 | G62: ='4'!K62 -> 3200 | H62: ='5'!K62 -> 3200 | I62: ='6'!K62 -> 3200 | J62: ='7'!K62 -> 3200 | K62: ='8'!K62 -> 3200 | L62: ='9'!K62 -> 3200 | M62: ='10'!K62 -> 3116.6667 | N62: ='11'!K62 -> 3116.6667 | O62: ='12'!K62 -> 3116.6667 | P62: ='13'!K62 -> 3116.6667 | Q62: ='14'!K62 -> 3116.6667 | R62: ='15'!K62 -> 3116.6667 | S62: ='14'!K62 -> 3116.6667 | T62: ='17'!K62 -> 3116.6667 | U62: ='18'!K62 -> 3116.6667 | V62: ='19'!K62 -> 3116.6667 | W62: ='20'!K62 -> 3116.6667 | X62: ='21'!K62 -> 3116.6667 | Y62: ='22'!K62 -> 3116.6667 | Z62: ='23'!K62 -> 3116.6667 | AA62: ='24'!K62 -> 3116.6667 | AB62: ='25'!K62 -> 3116.6667 | AC62: ='26'!K62 -> 3116.6667 | AD62: ='27'!K62 -> 3116.6667 | AE62: ='28'!K62 -> 3116.6667 | AF62: ='29'!K62 -> 3116.6667 | AG62: ='30'!K62 -> 3116.6667 | AI62: =AG62-D62 -> -83.333333 | AJ62: =AVERAGE(D62:AG62) -> 3141.6667
A63: 17 | B63: C A B E | D63: ='1'!K63 -> 0 | E63: ='2'!K63 -> 0 | F63: ='3'!K63 -> 0 | G63: ='4'!K63 -> 0 | H63: ='5'!K63 -> 0 | I63: ='6'!K63 -> 0 | J63: ='7'!K63 -> 0 | K63: ='8'!K63 -> 0 | L63: ='9'!K63 -> 0 | M63: ='10'!K63 -> 0 | N63: ='11'!K63 -> 0 | O63: ='12'!K63 -> 0 | P63: ='13'!K63 -> 0 | Q63: ='14'!K63 -> 0 | R63: ='15'!K63 -> 0 | S63: ='14'!K63 -> 0 | T63: ='17'!K63 -> 0 | U63: ='18'!K63 -> 0 | V63: ='19'!K63 -> 0 | W63: ='20'!K63 -> 0 | X63: ='21'!K63 -> 0 | Y63: ='22'!K63 -> 0 | Z63: ='23'!K63 -> 0 | AA63: ='24'!K63 -> 0 | AB63: ='25'!K63 -> 0 | AC63: ='26'!K63 -> 0 | AD63: ='27'!K63 -> 0 | AE63: ='28'!K63 -> 0 | AF63: ='29'!K63 -> 0 | AG63: ='30'!K63 -> 0 | AI63: =AG63-D63 -> 0 | AJ63: =AVERAGE(D63:AG63) -> 0
B64: - Cabe Merah Besar | C64: Kg | D64: ='1'!K64 -> 30285.714 | E64: ='2'!K64 -> 30571.429 | F64: ='3'!K64 -> 35714.286 | G64: ='4'!K64 -> 36142.857 | H64: ='5'!K64 -> 35285.714 | I64: ='6'!K64 -> 44285.714 | J64: ='7'!K64 -> 44714.286 | K64: ='8'!K64 -> 45000 | L64: ='9'!K64 -> 45285.714 | M64: ='10'!K64 -> 48714.286 | N64: ='11'!K64 -> 49428.571 | O64: ='12'!K64 -> 48714.286 | P64: ='13'!K64 -> 49571.429 | Q64: ='14'!K64 -> 49857.143 | R64: ='15'!K64 -> 49142.857 | S64: ='14'!K64 -> 49857.143 | T64: ='17'!K64 -> 47428.571 | U64: ='18'!K64 -> 47142.857 | V64: ='19'!K64 -> 47857.143 | W64: ='20'!K64 -> 54428.571 | X64: ='21'!K64 -> 54428.571 | Y64: ='22'!K64 -> 54714.286 | Z64: ='23'!K64 -> 56571.429 | AA64: ='24'!K64 -> 54428.571 | AB64: ='25'!K64 -> 54285.714 | AC64: ='26'!K64 -> 55000 | AD64: ='27'!K64 -> 61428.571 | AE64: ='28'!K64 -> 63571.429 | AF64: ='29'!K64 -> 68571.429 | AG64: ='30'!K64 -> 68571.429 | AI64: =AG64-D64 -> 38285.714 | AJ64: =AVERAGE(D64:AG64) -> 49366.667
B65: - Cabe Merah Kriting | C65: Kg | D65: ='1'!K65 -> 35000 | E65: ='2'!K65 -> 37833.333 | F65: ='3'!K65 -> 42833.333 | G65: ='4'!K65 -> 43666.667 | H65: ='5'!K65 -> 43333.333 | I65: ='6'!K65 -> 50000 | J65: ='7'!K65 -> 52000 | K65: ='8'!K65 -> 51166.667 | L65: ='9'!K65 -> 50000 | M65: ='10'!K65 -> 55000 | N65: ='11'!K65 -> 56666.667 | O65: ='12'!K65 -> 57500 | P65: ='13'!K65 -> 54500 | Q65: ='14'!K65 -> 55166.667 | R65: ='15'!K65 -> 54333.333 | S65: ='14'!K65 -> 55166.667 | T65: ='17'!K65 -> 53333.333 | U65: ='18'!K65 -> 53666.667 | V65: ='19'!K65 -> 54166.667 | W65: ='20'!K65 -> 61166.667 | X65: ='21'!K65 -> 61166.667 | Y65: ='22'!K65 -> 62000 | Z65: ='23'!K65 -> 64166.667 | AA65: ='24'!K65 -> 60333.333 | AB65: ='25'!K65 -> 58666.667 | AC65: ='26'!K65 -> 58333.333 | AD65: ='27'!K65 -> 62500 | AE65: ='28'!K65 -> 63333.333 | AF65: ='29'!K65 -> 66666.667 | AG65: ='30'!K65 -> 66666.667 | AI65: =AG65-D65 -> 31666.667 | AJ65: =AVERAGE(D65:AG65) -> 54677.778
B66: - Cabe Merah Kecil-Rawit | C66: Kg | D66: ='1'!K66 -> 61857.143 | E66: ='2'!K66 -> 63428.571 | F66: ='3'!K66 -> 69285.714 | G66: ='4'!K66 -> 71428.571 | H66: ='5'!K66 -> 67857.143 | I66: ='6'!K66 -> 62142.857 | J66: ='7'!K66 -> 63571.429 | K66: ='8'!K66 -> 67285.714 | L66: ='9'!K66 -> 67000 | M66: ='10'!K66 -> 69285.714 | N66: ='11'!K66 -> 67142.857 | O66: ='12'!K66 -> 67142.857 | P66: ='13'!K66 -> 71000 | Q66: ='14'!K66 -> 69714.286 | R66: ='15'!K66 -> 70285.714 | S66: ='14'!K66 -> 69714.286 | T66: ='17'!K66 -> 69857.143 | U66: ='18'!K66 -> 69142.857 | V66: ='19'!K66 -> 69857.143 | W66: ='20'!K66 -> 81285.714 | X66: ='21'!K66 -> 80571.429 | Y66: ='22'!K66 -> 83857.143 | Z66: ='23'!K66 -> 80142.857 | AA66: ='24'!K66 -> 78000 | AB66: ='25'!K66 -> 79285.714 | AC66: ='26'!K66 -> 79285.714 | AD66: ='27'!K66 -> 78571.429 | AE66: ='28'!K66 -> 77857.143 | AF66: ='29'!K66 -> 76428.571 | AG66: ='30'!K66 -> 76428.571 | AI66: =AG66-D66 -> 14571.429 | AJ66: =AVERAGE(D66:AG66) -> 71957.143
A67: 18 | B67: BAHAN BAKAR GAS LPG | D67: ='1'!K67 -> 0 | E67: ='2'!K67 -> 0 | F67: ='3'!K67 -> 0 | G67: ='4'!K67 -> 0 | H67: ='5'!K67 -> 0 | I67: ='6'!K67 -> 0 | J67: ='7'!K67 -> 0 | K67: ='8'!K67 -> 0 | L67: ='9'!K67 -> 0 | M67: ='10'!K67 -> 0 | N67: ='11'!K67 -> 0 | O67: ='12'!K67 -> 0 | P67: ='13'!K67 -> 0 | Q67: ='14'!K67 -> 0 | R67: ='15'!K67 -> 0 | S67: ='14'!K67 -> 0 | T67: ='17'!K67 -> 0 | U67: ='18'!K67 -> 0 | V67: ='19'!K67 -> 0 | W67: ='20'!K67 -> 0 | X67: ='21'!K67 -> 0 | Y67: ='22'!K67 -> 0 | Z67: ='23'!K67 -> 0 | AA67: ='24'!K67 -> 0 | AB67: ='25'!K67 -> 0 | AC67: ='26'!K67 -> 0 | AD67: ='27'!K67 -> 0 | AE67: ='28'!K67 -> 0 | AF67: ='29'!K67 -> 0 | AG67: ='30'!K67 -> 0 | AI67: =AG67-D67 -> 0 | AJ67: =AVERAGE(D67:AG67) -> 0
B68: - Gas LPG Tabung (3 Kg.) | C68: Per Tabung | D68: ='1'!K68 -> 18666.667 | E68: ='2'!K68 -> 18666.667 | F68: ='3'!K68 -> 18666.667 | G68: ='4'!K68 -> 18666.667 | H68: ='5'!K68 -> 18666.667 | I68: ='6'!K68 -> 18666.667 | J68: ='7'!K68 -> 18666.667 | K68: ='8'!K68 -> 18666.667 | L68: ='9'!K68 -> 18666.667 | M68: ='10'!K68 -> 18666.667 | N68: ='11'!K68 -> 18666.667 | O68: ='12'!K68 -> 18666.667 | P68: ='13'!K68 -> 18666.667 | Q68: ='14'!K68 -> 18666.667 | R68: ='15'!K68 -> 18666.667 | S68: ='14'!K68 -> 18666.667 | T68: ='17'!K68 -> 18666.667 | U68: ='18'!K68 -> 18666.667 | V68: ='19'!K68 -> 18666.667 | W68: ='20'!K68 -> 18666.667 | X68: ='21'!K68 -> 18666.667 | Y68: ='22'!K68 -> 18666.667 | Z68: ='23'!K68 -> 18666.667 | AA68: ='24'!K68 -> 18333.333 | AB68: ='25'!K68 -> 18333.333 | AC68: ='26'!K68 -> 18333.333 | AD68: ='27'!K68 -> 18333.333 | AE68: ='28'!K68 -> 18333.333 | AF68: ='29'!K68 -> 18333.333 | AG68: ='30'!K68 -> 18333.333 | AI68: =AG68-D68 -> -333.33333 | AJ68: =AVERAGE(D68:AG68) -> 18588.889
A69: 19 | B69: BAWANG | D69: ='1'!K69 -> 0 | E69: ='2'!K69 -> 0 | F69: ='3'!K69 -> 0 | G69: ='4'!K69 -> 0 | H69: ='5'!K69 -> 0 | I69: ='6'!K69 -> 0 | J69: ='7'!K69 -> 0 | K69: ='8'!K69 -> 0 | L69: ='9'!K69 -> 0 | M69: ='10'!K69 -> 0 | N69: ='11'!K69 -> 0 | O69: ='12'!K69 -> 0 | P69: ='13'!K69 -> 0 | Q69: ='14'!K69 -> 0 | R69: ='15'!K69 -> 0 | S69: ='14'!K69 -> 0 | T69: ='17'!K69 -> 0 | U69: ='18'!K69 -> 0 | V69: ='19'!K69 -> 0 | W69: ='20'!K69 -> 0 | X69: ='21'!K69 -> 0 | Y69: ='22'!K69 -> 0 | Z69: ='23'!K69 -> 0 | AA69: ='24'!K69 -> 0 | AB69: ='25'!K69 -> 0 | AC69: ='26'!K69 -> 0 | AD69: ='27'!K69 -> 0 | AE69: ='28'!K69 -> 0 | AF69: ='29'!K69 -> 0 | AG69: ='30'!K69 -> 0 | AI69: =AG69-D69 -> 0 | AJ69: =AVERAGE(D69:AG69) -> 0
B70: - Bawang Putih (Jenis Kating) | C70: Kg | D70: ='1'!K70 -> 34571.429 | E70: ='2'!K70 -> 34571.429 | F70: ='3'!K70 -> 34571.429 | G70: ='4'!K70 -> 34571.429 | H70: ='5'!K70 -> 34571.429 | I70: ='6'!K70 -> 34714.286 | J70: ='7'!K70 -> 34714.286 | K70: ='8'!K70 -> 34428.571 | L70: ='9'!K70 -> 34142.857 | M70: ='10'!K70 -> 34000 | N70: ='11'!K70 -> 34000 | O70: ='12'!K70 -> 34000 | P70: ='13'!K70 -> 34142.857 | Q70: ='14'!K70 -> 34142.857 | R70: ='15'!K70 -> 34142.857 | S70: ='14'!K70 -> 34142.857 | T70: ='17'!K70 -> 34285.714 | U70: ='18'!K70 -> 34285.714 | V70: ='19'!K70 -> 34285.714 | W70: ='20'!K70 -> 34285.714 | X70: ='21'!K70 -> 34285.714 | Y70: ='22'!K70 -> 34285.714 | Z70: ='23'!K70 -> 34000 | AA70: ='24'!K70 -> 34000 | AB70: ='25'!K70 -> 34000 | AC70: ='26'!K70 -> 34000 | AD70: ='27'!K70 -> 34000 | AE70: ='28'!K70 -> 34000 | AF70: ='29'!K70 -> 34000 | AG70: ='30'!K70 -> 34000 | AI70: =AG70-D70 -> -571.42857 | AJ70: =AVERAGE(D70:AG70) -> 34238.095
B71: - Bawang Putih (Jenis Sinco) | C71: Kg | D71: ='1'!K71 -> 32285.714 | E71: ='2'!K71 -> 32285.714 | F71: ='3'!K71 -> 32285.714 | G71: ='4'!K71 -> 32285.714 | H71: ='5'!K71 -> 32285.714 | I71: ='6'!K71 -> 32142.857 | J71: ='7'!K71 -> 32000 | K71: ='8'!K71 -> 32000 | L71: ='9'!K71 -> 31571.429 | M71: ='10'!K71 -> 31142.857 | N71: ='11'!K71 -> 31142.857 | O71: ='12'!K71 -> 31142.857 | P71: ='13'!K71 -> 31428.571 | Q71: ='14'!K71 -> 31428.571 | R71: ='15'!K71 -> 31428.571 | S71: ='14'!K71 -> 31428.571 | T71: ='17'!K71 -> 31428.571 | U71: ='18'!K71 -> 31428.571 | V71: ='19'!K71 -> 31428.571 | W71: ='20'!K71 -> 31428.571 | X71: ='21'!K71 -> 31428.571 | Y71: ='22'!K71 -> 31428.571 | Z71: ='23'!K71 -> 31857.143 | AA71: ='24'!K71 -> 31857.143 | AB71: ='25'!K71 -> 31857.143 | AC71: ='26'!K71 -> 31857.143 | AD71: ='27'!K71 -> 31857.143 | AE71: ='28'!K71 -> 31857.143 | AF71: ='29'!K71 -> 31571.429 | AG71: ='30'!K71 -> 31571.429 | AI71: =AG71-D71 -> -714.28571 | AJ71: =AVERAGE(D71:AG71) -> 31704.762
B72: - Bawang Merah (Kualitas Lokal) | C72: Kg | D72: ='1'!K72 -> 20000 | E72: ='2'!K72 -> 20000 | F72: ='3'!K72 -> 20714.286 | G72: ='4'!K72 -> 20714.286 | H72: ='5'!K72 -> 20714.286 | I72: ='6'!K72 -> 22714.286 | J72: ='7'!K72 -> 23285.714 | K72: ='8'!K72 -> 23714.286 | L72: ='9'!K72 -> 23142.857 | M72: ='10'!K72 -> 23142.857 | N72: ='11'!K72 -> 23142.857 | O72: ='12'!K72 -> 23142.857 | P72: ='13'!K72 -> 23142.857 | Q72: ='14'!K72 -> 23428.571 | R72: ='15'!K72 -> 24000 | S72: ='14'!K72 -> 23428.571 | T72: ='17'!K72 -> 23857.143 | U72: ='18'!K72 -> 23571.429 | V72: ='19'!K72 -> 23571.429 | W72: ='20'!K72 -> 23714.286 | X72: ='21'!K72 -> 23714.286 | Y72: ='22'!K72 -> 24142.857 | Z72: ='23'!K72 -> 24142.857 | AA72: ='24'!K72 -> 24142.857 | AB72: ='25'!K72 -> 24142.857 | AC72: ='26'!K72 -> 24142.857 | AD72: ='27'!K72 -> 24428.571 | AE72: ='28'!K72 -> 25428.571 | AF72: ='29'!K72 -> 25714.286 | AG72: ='30'!K72 -> 25714.286 | AI72: =AG72-D72 -> 5714.2857 | AJ72: =AVERAGE(D72:AG72) -> 23295.238
B73: - Bawang Bombay | C73: Kg | D73: ='1'!K73 -> 27000 | E73: ='2'!K73 -> 27000 | F73: ='3'!K73 -> 27333.333 | G73: ='4'!K73 -> 27333.333 | H73: ='5'!K73 -> 27333.333 | I73: ='6'!K73 -> 27333.333 | J73: ='7'!K73 -> 27333.333 | K73: ='8'!K73 -> 27333.333 | L73: ='9'!K73 -> 27000 | M73: ='10'!K73 -> 26666.667 | N73: ='11'!K73 -> 26666.667 | O73: ='12'!K73 -> 26666.667 | P73: ='13'!K73 -> 26666.667 | Q73: ='14'!K73 -> 27500 | R73: ='15'!K73 -> 27500 | S73: ='14'!K73 -> 27500 | T73: ='17'!K73 -> 27500 | U73: ='18'!K73 -> 26666.667 | V73: ='19'!K73 -> 26666.667 | W73: ='20'!K73 -> 26500 | X73: ='21'!K73 -> 26500 | Y73: ='22'!K73 -> 26500 | Z73: ='23'!K73 -> 26500 | AA73: ='24'!K73 -> 26500 | AB73: ='25'!K73 -> 26500 | AC73: ='26'!K73 -> 26500 | AD73: ='27'!K73 -> 26166.667 | AE73: ='28'!K73 -> 26166.667 | AF73: ='29'!K73 -> 26166.667 | AG73: ='30'!K73 -> 26166.667 | AI73: =AG73-D73 -> -833.33333 | AJ73: =AVERAGE(D73:AG73) -> 26838.889
A74: 20 | B74: UBI-UBIAN | D74: ='1'!K74 -> 0 | E74: ='2'!K74 -> 0 | F74: ='3'!K74 -> 0 | G74: ='4'!K74 -> 0 | H74: ='5'!K74 -> 0 | I74: ='6'!K74 -> 0 | J74: ='7'!K74 -> 0 | K74: ='8'!K74 -> 0 | L74: ='9'!K74 -> 0 | M74: ='10'!K74 -> 0 | N74: ='11'!K74 -> 0 | O74: ='12'!K74 -> 0 | P74: ='13'!K74 -> 0 | Q74: ='14'!K74 -> 0 | R74: ='15'!K74 -> 0 | S74: ='14'!K74 -> 0 | T74: ='17'!K74 -> 0 | U74: ='18'!K74 -> 0 | V74: ='19'!K74 -> 0 | W74: ='20'!K74 -> 0 | X74: ='21'!K74 -> 0 | Y74: ='22'!K74 -> 0 | Z74: ='23'!K74 -> 0 | AA74: ='24'!K74 -> 0 | AB74: ='25'!K74 -> 0 | AC74: ='26'!K74 -> 0 | AD74: ='27'!K74 -> 0 | AE74: ='28'!K74 -> 0 | AF74: ='29'!K74 -> 0 | AG74: ='30'!K74 -> 0 | AI74: =AG74-D74 -> 0 | AJ74: =AVERAGE(D74:AG74) -> 0
B75: - Ketela Pohon | C75: Kg | D75: ='1'!K75 -> 5571.4286 | E75: ='2'!K75 -> 5571.4286 | F75: ='3'!K75 -> 5571.4286 | G75: ='4'!K75 -> 5571.4286 | H75: ='5'!K75 -> 5571.4286 | I75: ='6'!K75 -> 5571.4286 | J75: ='7'!K75 -> 5571.4286 | K75: ='8'!K75 -> 5571.4286 | L75: ='9'!K75 -> 5571.4286 | M75: ='10'!K75 -> 5571.4286 | N75: ='11'!K75 -> 5571.4286 | O75: ='12'!K75 -> 5571.4286 | P75: ='13'!K75 -> 5571.4286 | Q75: ='14'!K75 -> 5714.2857 | R75: ='15'!K75 -> 5714.2857 | S75: ='14'!K75 -> 5714.2857 | T75: ='17'!K75 -> 5714.2857 | U75: ='18'!K75 -> 5571.4286 | V75: ='19'!K75 -> 5571.4286 | W75: ='20'!K75 -> 5571.4286 | X75: ='21'!K75 -> 5571.4286 | Y75: ='22'!K75 -> 5571.4286 | Z75: ='23'!K75 -> 5571.4286 | AA75: ='24'!K75 -> 5571.4286 | AB75: ='25'!K75 -> 5571.4286 | AC75: ='26'!K75 -> 5571.4286 | AD75: ='27'!K75 -> 5571.4286 | AE75: ='28'!K75 -> 5571.4286 | AF75: ='29'!K75 -> 5571.4286 | AG75: ='30'!K75 -> 5571.4286 | AI75: =AG75-D75 -> 0 | AJ75: =AVERAGE(D75:AG75) -> 5590.4762
B76: - Ubi Jalar | C76: Kg | D76: ='1'!K76 -> 5857.1429 | E76: ='2'!K76 -> 5857.1429 | F76: ='3'!K76 -> 5857.1429 | G76: ='4'!K76 -> 5857.1429 | H76: ='5'!K76 -> 5857.1429 | I76: ='6'!K76 -> 5857.1429 | J76: ='7'!K76 -> 5857.1429 | K76: ='8'!K76 -> 5857.1429 | L76: ='9'!K76 -> 5857.1429 | M76: ='10'!K76 -> 5857.1429 | N76: ='11'!K76 -> 5857.1429 | O76: ='12'!K76 -> 5857.1429 | P76: ='13'!K76 -> 5857.1429 | Q76: ='14'!K76 -> 5857.1429 | R76: ='15'!K76 -> 5857.1429 | S76: ='14'!K76 -> 5857.1429 | T76: ='17'!K76 -> 5857.1429 | U76: ='18'!K76 -> 5857.1429 | V76: ='19'!K76 -> 5857.1429 | W76: ='20'!K76 -> 5857.1429 | X76: ='21'!K76 -> 5857.1429 | Y76: ='22'!K76 -> 5857.1429 | Z76: ='23'!K76 -> 5857.1429 | AA76: ='24'!K76 -> 5857.1429 | AB76: ='25'!K76 -> 5857.1429 | AC76: ='26'!K76 -> 5857.1429 | AD76: ='27'!K76 -> 5857.1429 | AE76: ='28'!K76 -> 5857.1429 | AF76: ='29'!K76 -> 5857.1429 | AG76: ='30'!K76 -> 5857.1429 | AI76: =AG76-D76 -> 0 | AJ76: =AVERAGE(D76:AG76) -> 5857.1429
A77: 21 | B77: SAYUR-SAYURAN | D77: ='1'!K77 -> 0 | E77: ='2'!K77 -> 0 | F77: ='3'!K77 -> 0 | G77: ='4'!K77 -> 0 | H77: ='5'!K77 -> 0 | I77: ='6'!K77 -> 0 | J77: ='7'!K77 -> 0 | K77: ='8'!K77 -> 0 | L77: ='9'!K77 -> 0 | M77: ='10'!K77 -> 0 | N77: ='11'!K77 -> 0 | O77: ='12'!K77 -> 0 | P77: ='13'!K77 -> 0 | Q77: ='14'!K77 -> 0 | R77: ='15'!K77 -> 0 | S77: ='14'!K77 -> 0 | T77: ='17'!K77 -> 0 | U77: ='18'!K77 -> 0 | V77: ='19'!K77 -> 0 | W77: ='20'!K77 -> 0 | X77: ='21'!K77 -> 0 | Y77: ='22'!K77 -> 0 | Z77: ='23'!K77 -> 0 | AA77: ='24'!K77 -> 0 | AB77: ='25'!K77 -> 0 | AC77: ='26'!K77 -> 0 | AD77: ='27'!K77 -> 0 | AE77: ='28'!K77 -> 0 | AF77: ='29'!K77 -> 0 | AG77: ='30'!K77 -> 0 | AI77: =AG77-D77 -> 0 | AJ77: =AVERAGE(D77:AG77) -> 0
B78: - Kubis | C78: Kg | D78: ='1'!K78 -> 7666.6667 | E78: ='2'!K78 -> 7666.6667 | F78: ='3'!K78 -> 7666.6667 | G78: ='4'!K78 -> 7666.6667 | H78: ='5'!K78 -> 7666.6667 | I78: ='6'!K78 -> 7666.6667 | J78: ='7'!K78 -> 7666.6667 | K78: ='8'!K78 -> 7666.6667 | L78: ='9'!K78 -> 7666.6667 | M78: ='10'!K78 -> 8000 | N78: ='11'!K78 -> 8000 | O78: ='12'!K78 -> 8000 | P78: ='13'!K78 -> 8000 | Q78: ='14'!K78 -> 7833.3333 | R78: ='15'!K78 -> 7833.3333 | S78: ='14'!K78 -> 7833.3333 | T78: ='17'!K78 -> 7833.3333 | U78: ='18'!K78 -> 8000 | V78: ='19'!K78 -> 8000 | W78: ='20'!K78 -> 8500 | X78: ='21'!K78 -> 8500 | Y78: ='22'!K78 -> 8500 | Z78: ='23'!K78 -> 8500 | AA78: ='24'!K78 -> 8500 | AB78: ='25'!K78 -> 8500 | AC78: ='26'!K78 -> 8500 | AD78: ='27'!K78 -> 8500 | AE78: ='28'!K78 -> 8500 | AF78: ='29'!K78 -> 8500 | AG78: ='30'!K78 -> 8500 | AI78: =AG78-D78 -> 833.33333 | AJ78: =AVERAGE(D78:AG78) -> 8061.1111
B79: - Buncis | C79: Kg | D79: ='1'!K79 -> 12857.143 | E79: ='2'!K79 -> 13000 | F79: ='3'!K79 -> 14571.429 | G79: ='4'!K79 -> 14571.429 | H79: ='5'!K79 -> 14571.429 | I79: ='6'!K79 -> 14571.429 | J79: ='7'!K79 -> 14571.429 | K79: ='8'!K79 -> 14571.429 | L79: ='9'!K79 -> 14571.429 | M79: ='10'!K79 -> 14571.429 | N79: ='11'!K79 -> 14571.429 | O79: ='12'!K79 -> 14571.429 | P79: ='13'!K79 -> 14571.429 | Q79: ='14'!K79 -> 16142.857 | R79: ='15'!K79 -> 16142.857 | S79: ='14'!K79 -> 16142.857 | T79: ='17'!K79 -> 16142.857 | U79: ='18'!K79 -> 15000 | V79: ='19'!K79 -> 15000 | W79: ='20'!K79 -> 15285.714 | X79: ='21'!K79 -> 15285.714 | Y79: ='22'!K79 -> 15428.571 | Z79: ='23'!K79 -> 16142.857 | AA79: ='24'!K79 -> 16142.857 | AB79: ='25'!K79 -> 16142.857 | AC79: ='26'!K79 -> 16142.857 | AD79: ='27'!K79 -> 16142.857 | AE79: ='28'!K79 -> 16142.857 | AF79: ='29'!K79 -> 16142.857 | AG79: ='30'!K79 -> 16142.857 | AI79: =AG79-D79 -> 3285.7143 | AJ79: =AVERAGE(D79:AG79) -> 15195.238
B80: - Kentang | C80: Kg | D80: ='1'!K80 -> 15142.857 | E80: ='2'!K80 -> 15142.857 | F80: ='3'!K80 -> 15142.857 | G80: ='4'!K80 -> 15142.857 | H80: ='5'!K80 -> 15142.857 | I80: ='6'!K80 -> 15142.857 | J80: ='7'!K80 -> 15000 | K80: ='8'!K80 -> 15000 | L80: ='9'!K80 -> 15000 | M80: ='10'!K80 -> 14857.143 | N80: ='11'!K80 -> 14857.143 | O80: ='12'!K80 -> 14857.143 | P80: ='13'!K80 -> 14857.143 | Q80: ='14'!K80 -> 14714.286 | R80: ='15'!K80 -> 14714.286 | S80: ='14'!K80 -> 14714.286 | T80: ='17'!K80 -> 14714.286 | U80: ='18'!K80 -> 14857.143 | V80: ='19'!K80 -> 14857.143 | W80: ='20'!K80 -> 14857.143 | X80: ='21'!K80 -> 14857.143 | Y80: ='22'!K80 -> 15142.857 | Z80: ='23'!K80 -> 15285.714 | AA80: ='24'!K80 -> 15285.714 | AB80: ='25'!K80 -> 15285.714 | AC80: ='26'!K80 -> 15285.714 | AD80: ='27'!K80 -> 15285.714 | AE80: ='28'!K80 -> 15285.714 | AF80: ='29'!K80 -> 15285.714 | AG80: ='30'!K80 -> 15285.714 | AI80: =AG80-D80 -> 142.85714 | AJ80: =AVERAGE(D80:AG80) -> 15033.333
B81: - Tomat | C81: Kg | D81: ='1'!K81 -> 7142.8571 | E81: ='2'!K81 -> 7142.8571 | F81: ='3'!K81 -> 7142.8571 | G81: ='4'!K81 -> 7142.8571 | H81: ='5'!K81 -> 7142.8571 | I81: ='6'!K81 -> 7142.8571 | J81: ='7'!K81 -> 7142.8571 | K81: ='8'!K81 -> 7142.8571 | L81: ='9'!K81 -> 7142.8571 | M81: ='10'!K81 -> 6571.4286 | N81: ='11'!K81 -> 6571.4286 | O81: ='12'!K81 -> 6571.4286 | P81: ='13'!K81 -> 6571.4286 | Q81: ='14'!K81 -> 7000 | R81: ='15'!K81 -> 7000 | S81: ='14'!K81 -> 7000 | T81: ='17'!K81 -> 7000 | U81: ='18'!K81 -> 6571.4286 | V81: ='19'!K81 -> 6571.4286 | W81: ='20'!K81 -> 6571.4286 | X81: ='21'!K81 -> 6571.4286 | Y81: ='22'!K81 -> 6571.4286 | Z81: ='23'!K81 -> 6857.1429 | AA81: ='24'!K81 -> 6857.1429 | AB81: ='25'!K81 -> 6857.1429 | AC81: ='26'!K81 -> 6857.1429 | AD81: ='27'!K81 -> 6857.1429 | AE81: ='28'!K81 -> 6857.1429 | AF81: ='29'!K81 -> 6857.1429 | AG81: ='30'!K81 -> 6857.1429 | AI81: =AG81-D81 -> -285.71429 | AJ81: =AVERAGE(D81:AG81) -> 6876.1905
B82: - Wortel (Kualitas Lokal) | C82: Kg | D82: ='1'!K82 -> 12285.714 | E82: ='2'!K82 -> 12285.714 | F82: ='3'!K82 -> 12142.857 | G82: ='4'!K82 -> 12142.857 | H82: ='5'!K82 -> 12142.857 | I82: ='6'!K82 -> 12142.857 | J82: ='7'!K82 -> 12142.857 | K82: ='8'!K82 -> 12142.857 | L82: ='9'!K82 -> 12142.857 | M82: ='10'!K82 -> 12142.857 | N82: ='11'!K82 -> 12142.857 | O82: ='12'!K82 -> 12142.857 | P82: ='13'!K82 -> 12142.857 | Q82: ='14'!K82 -> 12000 | R82: ='15'!K82 -> 12000 | S82: ='14'!K82 -> 12000 | T82: ='17'!K82 -> 12000 | U82: ='18'!K82 -> 12142.857 | V82: ='19'!K82 -> 12142.857 | W82: ='20'!K82 -> 12142.857 | X82: ='21'!K82 -> 12142.857 | Y82: ='22'!K82 -> 12142.857 | Z82: ='23'!K82 -> 12285.714 | AA82: ='24'!K82 -> 12285.714 | AB82: ='25'!K82 -> 12285.714 | AC82: ='26'!K82 -> 12285.714 | AD82: ='27'!K82 -> 12000 | AE82: ='28'!K82 -> 12000 | AF82: ='29'!K82 -> 12000 | AG82: ='30'!K82 -> 12000 | AI82: =AG82-D82 -> -285.71429 | AJ82: =AVERAGE(D82:AG82) -> 12133.333
B83: - Terong Ungu (Jenis Sayur) | C83: Kg | D83: ='1'!K83 -> 8428.5714 | E83: ='2'!K83 -> 8428.5714 | F83: ='3'!K83 -> 8428.5714 | G83: ='4'!K83 -> 8428.5714 | H83: ='5'!K83 -> 8428.5714 | I83: ='6'!K83 -> 8428.5714 | J83: ='7'!K83 -> 8428.5714 | K83: ='8'!K83 -> 8428.5714 | L83: ='9'!K83 -> 8428.5714 | M83: ='10'!K83 -> 8428.5714 | N83: ='11'!K83 -> 8428.5714 | O83: ='12'!K83 -> 8428.5714 | P83: ='13'!K83 -> 8428.5714 | Q83: ='14'!K83 -> 8285.7143 | R83: ='15'!K83 -> 8285.7143 | S83: ='14'!K83 -> 8285.7143 | T83: ='17'!K83 -> 8285.7143 | U83: ='18'!K83 -> 8428.5714 | V83: ='19'!K83 -> 8428.5714 | W83: ='20'!K83 -> 8285.7143 | X83: ='21'!K83 -> 8285.7143 | Y83: ='22'!K83 -> 8285.7143 | Z83: ='23'!K83 -> 8285.7143 | AA83: ='24'!K83 -> 8285.7143 | AB83: ='25'!K83 -> 8285.7143 | AC83: ='26'!K83 -> 8285.7143 | AD83: ='27'!K83 -> 8285.7143 | AE83: ='28'!K83 -> 8285.7143 | AF83: ='29'!K83 -> 8285.7143 | AG83: ='30'!K83 -> 8285.7143 | AI83: =AG83-D83 -> -142.85714 | AJ83: =AVERAGE(D83:AG83) -> 8357.1429
B84: - Bayam (Jenis Sayur) | C84: Ikat Kecil | D84: ='1'!K84 -> 1714.2857 | E84: ='2'!K84 -> 1714.2857 | F84: ='3'!K84 -> 1714.2857 | G84: ='4'!K84 -> 1714.2857 | H84: ='5'!K84 -> 1714.2857 | I84: ='6'!K84 -> 1714.2857 | J84: ='7'!K84 -> 1714.2857 | K84: ='8'!K84 -> 1714.2857 | L84: ='9'!K84 -> 1714.2857 | M84: ='10'!K84 -> 1714.2857 | N84: ='11'!K84 -> 1714.2857 | O84: ='12'!K84 -> 1714.2857 | P84: ='13'!K84 -> 1714.2857 | Q84: ='14'!K84 -> 1642.8571 | R84: ='15'!K84 -> 1642.8571 | S84: ='14'!K84 -> 1642.8571 | T84: ='17'!K84 -> 1642.8571 | U84: ='18'!K84 -> 1714.2857 | V84: ='19'!K84 -> 1714.2857 | W84: ='20'!K84 -> 1714.2857 | X84: ='21'!K84 -> 1714.2857 | Y84: ='22'!K84 -> 1714.2857 | Z84: ='23'!K84 -> 1714.2857 | AA84: ='24'!K84 -> 1714.2857 | AB84: ='25'!K84 -> 1714.2857 | AC84: ='26'!K84 -> 1714.2857 | AD84: ='27'!K84 -> 1714.2857 | AE84: ='28'!K84 -> 1714.2857 | AF84: ='29'!K84 -> 1714.2857 | AG84: ='30'!K84 -> 1714.2857 | AI84: =AG84-D84 -> 0 | AJ84: =AVERAGE(D84:AG84) -> 1704.7619
B85: - Kangkung (Jenis Panjang) | C85: Ikat Kecil | D85: ='1'!K85 -> 1500 | E85: ='2'!K85 -> 1500 | F85: ='3'!K85 -> 1428.5714 | G85: ='4'!K85 -> 1428.5714 | H85: ='5'!K85 -> 1428.5714 | I85: ='6'!K85 -> 1428.5714 | J85: ='7'!K85 -> 1428.5714 | K85: ='8'!K85 -> 1428.5714 | L85: ='9'!K85 -> 1428.5714 | M85: ='10'!K85 -> 1428.5714 | N85: ='11'!K85 -> 1428.5714 | O85: ='12'!K85 -> 1428.5714 | P85: ='13'!K85 -> 1428.5714 | Q85: ='14'!K85 -> 1357.1429 | R85: ='15'!K85 -> 1357.1429 | S85: ='14'!K85 -> 1357.1429 | T85: ='17'!K85 -> 1357.1429 | U85: ='18'!K85 -> 1428.5714 | V85: ='19'!K85 -> 1428.5714 | W85: ='20'!K85 -> 1428.5714 | X85: ='21'!K85 -> 1428.5714 | Y85: ='22'!K85 -> 1428.5714 | Z85: ='23'!K85 -> 1428.5714 | AA85: ='24'!K85 -> 1428.5714 | AB85: ='25'!K85 -> 1428.5714 | AC85: ='26'!K85 -> 1428.5714 | AD85: ='27'!K85 -> 1428.5714 | AE85: ='28'!K85 -> 1428.5714 | AF85: ='29'!K85 -> 1428.5714 | AG85: ='30'!K85 -> 1428.5714 | AI85: =AG85-D85 -> -71.428571 | AJ85: =AVERAGE(D85:AG85) -> 1423.8095
B86: - Sawi (Jenis Hijau) | C86: Ikat Kecil | D86: ='1'!K86 -> 2166.6667 | E86: ='2'!K86 -> 2166.6667 | F86: ='3'!K86 -> 2166.6667 | G86: ='4'!K86 -> 2166.6667 | H86: ='5'!K86 -> 2166.6667 | I86: ='6'!K86 -> 2166.6667 | J86: ='7'!K86 -> 2166.6667 | K86: ='8'!K86 -> 2166.6667 | L86: ='9'!K86 -> 2166.6667 | M86: ='10'!K86 -> 2166.6667 | N86: ='11'!K86 -> 2166.6667 | O86: ='12'!K86 -> 2166.6667 | P86: ='13'!K86 -> 2166.6667 | Q86: ='14'!K86 -> 2166.6667 | R86: ='15'!K86 -> 2166.6667 | S86: ='14'!K86 -> 2166.6667 | T86: ='17'!K86 -> 2166.6667 | U86: ='18'!K86 -> 2166.6667 | V86: ='19'!K86 -> 2166.6667 | W86: ='20'!K86 -> 2166.6667 | X86: ='21'!K86 -> 2166.6667 | Y86: ='22'!K86 -> 2166.6667 | Z86: ='23'!K86 -> 2166.6667 | AA86: ='24'!K86 -> 2166.6667 | AB86: ='25'!K86 -> 2166.6667 | AC86: ='26'!K86 -> 2166.6667 | AD86: ='27'!K86 -> 2166.6667 | AE86: ='28'!K86 -> 2166.6667 | AF86: ='29'!K86 -> 2166.6667 | AG86: ='30'!K86 -> 2166.6667 | AI86: =AG86-D86 -> 0 | AJ86: =AVERAGE(D86:AG86) -> 2166.6667
A87: 22 | B87: AIR MINERAL | D87: ='1'!K87 -> 0 | E87: ='2'!K87 -> 0 | F87: ='3'!K87 -> 0 | G87: ='4'!K87 -> 0 | H87: ='5'!K87 -> 0 | I87: ='6'!K87 -> 0 | J87: ='7'!K87 -> 0 | K87: ='8'!K87 -> 0 | L87: ='9'!K87 -> 0 | M87: ='10'!K87 -> 0 | N87: ='11'!K87 -> 0 | O87: ='12'!K87 -> 0 | P87: ='13'!K87 -> 0 | Q87: ='14'!K87 -> 0 | R87: ='15'!K87 -> 0 | S87: ='14'!K87 -> 0 | T87: ='17'!K87 -> 0 | U87: ='18'!K87 -> 0 | V87: ='19'!K87 -> 0 | W87: ='20'!K87 -> 0 | X87: ='21'!K87 -> 0 | Y87: ='22'!K87 -> 0 | Z87: ='23'!K87 -> 0 | AA87: ='24'!K87 -> 0 | AB87: ='25'!K87 -> 0 | AC87: ='26'!K87 -> 0 | AD87: ='27'!K87 -> 0 | AE87: ='28'!K87 -> 0 | AF87: ='29'!K87 -> 0 | AG87: ='30'!K87 -> 0 | AI87: =AG87-D87 -> 0 | AJ87: =AVERAGE(D87:AG87) -> 0
B88: - Air Mineral (Aqua Galon) | C88: 19 Ltr/Galon | D88: ='1'!K88 -> 18000 | E88: ='2'!K88 -> 18000 | F88: ='3'!K88 -> 18000 | G88: ='4'!K88 -> 18000 | H88: ='5'!K88 -> 18000 | I88: ='6'!K88 -> 18000 | J88: ='7'!K88 -> 18000 | K88: ='8'!K88 -> 18000 | L88: ='9'!K88 -> 18000 | M88: ='10'!K88 -> 18000 | N88: ='11'!K88 -> 18000 | O88: ='12'!K88 -> 18000 | P88: ='13'!K88 -> 18000 | Q88: ='14'!K88 -> 18000 | R88: ='15'!K88 -> 18000 | S88: ='14'!K88 -> 18000 | T88: ='17'!K88 -> 18000 | U88: ='18'!K88 -> 18000 | V88: ='19'!K88 -> 18000 | W88: ='20'!K88 -> 18000 | X88: ='21'!K88 -> 18000 | Y88: ='22'!K88 -> 18000 | Z88: ='23'!K88 -> 18000 | AA88: ='24'!K88 -> 17750 | AB88: ='25'!K88 -> 17750 | AC88: ='26'!K88 -> 17750 | AD88: ='27'!K88 -> 17750 | AE88: ='28'!K88 -> 17750 | AF88: ='29'!K88 -> 17750 | AG88: ='30'!K88 -> 17750 | AI88: =AG88-D88 -> -250 | AJ88: =AVERAGE(D88:AG88) -> 17941.667
B93: keterangan :
B94: Sumber dari PD Pasar Surya Surabaya
B95: Fluktuasi dalam 1 Bulan

Sheet 1
A1: HARGA BAHAN-BAHAN POKOK
A2: DI PASAR TRADISIONAL KOTA SURABAYA
A3: Hari / Tanggal : Rabu , 01 November 2023
B4: NAMA BAHAN POKOK DAN PENTING LAINNYA | C4: SATUAN | D4: Pasar Tambahrejo | E4: Pasar Pucang Anom | F4: Pasar Wonokromo | G4: Pasar Genteng Baru | H4: Pasar Pabean | I4: Pasar Kembang | J4: Pasar Balongsari | K4: Rata-Rata
A7: 1 | B7: BERAS
B8: - Beras Premium | C8: Kg | D8: 13000 | E8: 13500 | F8: 14000 | G8: 13500 | H8: 14000 | I8: 14000 | J8: 14000 | K8: =AVERAGE(D8:J8) -> 13714.286
B9: - Beras Medium Bulog | C9: Kg | D9: 10900 | E9: 10900 | F9: 10900 | G9: 10900 | H9: 10900 | I9: 11000 | J9: - | K9: =AVERAGE(D9:J9) -> 10916.667
B10: - Beras Medium | C10: Kg | D10: - | E10: - | F10: - | G10: - | H10: - | I10: - | J10: - | K10: 0
B11: - Beras Jagung | C11: Kg | D11: - | E11: 10000 | F11: 12000 | G11: 10000 | H11: - | I11: 12000 | J11: 8000 | K11: =AVERAGE(D11:J11) -> 10400
B12: - Beras Ketan (Jenis Siyem) | C12: Kg | D12: - | E12: 21000 | F12: 17000 | G12: 20000 | H12: - | I12: 17000 | J12: 17000 | K12: =AVERAGE(D12:J12) -> 18400
A13: 2 | B13: GULA
B14: - Gula pasir lokal curah | C14: Kg | D14: 16000 | E14: 14000 | F14: 14500 | G14: 13500 | H14: 15000 | I14: 13500 | J14: 16000 | K14: =AVERAGE(D14:J14) -> 14642.857
B15: - Gula Jawa/Merah (Bahan Kelapa) | C15: Kg | D15: 15000 | E15: 16000 | F15: 15000 | G15: 14000 | H15: 15000 | I15: 15000 | J15: 16000 | K15: =AVERAGE(D15:J15) -> 15142.857
A16: 3 | B16: MINYAK GORENG
B17: - Minyak Goreng Curah (Bening) | C17: Kg | D17: 15000 | E17: 15000 | F17: 16000 | G17: 15000 | H17: 15000 | I17: 15000 | J17: 15000 | K17: =AVERAGE(D17:J17) -> 15142.857
B18: - Minyak Kita | C18: Liter | D18: 14000 | E18: 14000 | F18: 14000 | G18: 14000 | H18: - | I18: 14000 | J18: 14000 | K18: =AVERAGE(D18:J18) -> 14000
A19: 4 | B19: MENTEGA
B20: - Mentega Curah (Amanda) | C20: Kg | D20: 20000 | E20: 20000 | F20: 20000 | G20: 22000 | H20: - | I20: 20000 | J20: - | K20: =AVERAGE(D20:J20) -> 20400
A21: 5 | B21: DAGING
B22: - Daging Sapi Grade Atas | C22: Kg | D22: 120000 | E22: 120000 | F22: 120000 | G22: 120000 | H22: 120000 | I22: 120000 | J22: - | K22: =AVERAGE(D22:J22) -> 120000
B23: - Daging Sapi Grade Sedang | C23: Kg | D23: 110000 | E23: 110000 | F23: 110000 | G23: 110000 | H23: 115000 | I23: 115000 | J23: 110000 | K23: =AVERAGE(D23:J23) -> 111428.57
B24: - Daging Sapi Grade Bawah | C24: Kg | D24: 90000 | E24: 95000 | F24: 100000 | G24: 105000 | H24: 110000 | I24: 100000 | J24: 105000 | K24: =AVERAGE(D24:J24) -> 100714.29
B25: - Daging Ayam Broiler | C25: Kg | D25: 34000 | E25: 33000 | F25: 33000 | G25: 33000 | H25: 35000 | I25: 34000 | J25: 34000 | K25: =AVERAGE(D25:J25) -> 33714.286
A26: 6 | B26: I K A N
B27: - Ikan Tongkol Segar (Uk. Sedang) | C27: Kg | D27: 35000 | E27: 36000 | F27: - | G27: 35000 | H27: 35000 | I27: 35000 | J27: 35000 | K27: =AVERAGE(D27:J27) -> 35166.667
B28: - Ikan Mujair Segar (Uk. Sedang) | C28: Kg | D28: 25000 | E28: 28000 | F28: 30000 | G28: 30000 | H28: 23000 | I28: 30000 | J28: 25000 | K28: =AVERAGE(D28:J28) -> 27285.714
B29: - Udang Segar (Uk. Sedang) | C29: Kg | D29: 60000 | E29: 60000 | F29: 75000 | G29: 70000 | H29: 68000 | I29: 68000 | J29: 65000 | K29: =AVERAGE(D29:J29) -> 66571.429
B30: - Ikan Lele Segar (Ukuran Sedang) | C30: Kg | D30: 25000 | E30: - | F30: - | G30: 25000 | H30: 23000 | I30: 24000 | J30: 26000 | K30: =AVERAGE(D30:J30) -> 24600
B31: - Ikan Bandeng Segar (Uk. Sedang) | C31: Kg | D31: 35000 | E31: 36000 | F31: 40000 | G31: 35000 | H31: 28000 | I31: 38000 | J31: 40000 | K31: =AVERAGE(D31:J31) -> 36000
B32: - Ikan Teri Asin (Bukan Teri Medan) | C32: Kg | D32: - | E32: 100000 | F32: 100000 | G32: - | H32: 80000 | I32: - | J32: 70000 | K32: =AVERAGE(D32:J32) -> 87500
A33: 7 | B33: TELUR
B34: - Telur Ayam Broiler | C34: Kg | D34: 24000 | E34: 24000 | F34: 25000 | G34: 24000 | H34: 24000 | I34: 25000 | J34: 25000 | K34: =AVERAGE(D34:J34) -> 24428.571
B35: - Telur Ayam Kampung | C35: Butir | D35: 3000 | E35: 2500 | F35: 2500 | G35: 2600 | H35: 2500 | I35: 3000 | J35: 3000 | K35: =AVERAGE(D35:J35) -> 2728.5714
A36: 8 | B36: TAHU
B37: - Tahu biasa | C37: Kg | D37: 10000 | E37: 1250 | F37: 9000 | G37: 9000 | H37: 16000 | I37: 7000 | J37: 9000 | K37: =AVERAGE(D37:J37) -> 8750
B38: - Tahu susu | C38: Kg | D38: - | E38: 10000 | F38: 12000 | G38: 14000 | H38: - | I38: 15000 | J38: 12000 | K38: =AVERAGE(D38:J38) -> 12600
A39: 9 | B39: TEMPE
B40: - Tempe Kw I (campuran kedelai) | C40: Kg | D40: - | E40: - | F40: - | G40: 16000 | H40: 14000 | I40: 7000 | J40: 15000 | K40: =AVERAGE(D40:J40) -> 13000
B41: - Tempe Kw II (campuran jagung) | C41: Kg | D41: - | E41: - | F41: 6000 | G41: - | H41: - | I41: - | J41: - | K41: =AVERAGE(D41:J41) -> 6000
B42: - Tempe Kw III (campuran kulit) | C42: Kg | D42: - | E42: 2500 | F42: - | G42: - | H42: - | I42: - | J42: - | K42: =AVERAGE(D42:J42) -> 2500
A43: 10 | B43: S U S U
B44: - Susu Kental Manis "INDOMILK" Putih | C44: 390 Gr/kaleng | D44: 12500 | E44: 12000 | F44: 12500 | G44: 12500 | H44: - | I44: 12500 | J44: 12500 | K44: =AVERAGE(D44:J44) -> 12416.667
B45: - Susu Kental Manis "BENDERA" Putih | C45: 390 Gr/kaleng | D45: 12500 | E45: 13000 | F45: 12500 | G45: 12500 | H45: - | I45: 12500 | J45: 12500 | K45: =AVERAGE(D45:J45) -> 12583.333
A46: 11 | B46: SABUN CUCI
B47: - Sabun Detergen Rinso (Anti Noda) | C47: 900 Gram | D47: - | E47: - | F47: - | G47: - | H47: 17500 | I47: - | J47: - | K47: =AVERAGE(D47:J47) -> 17500
B48: - Sabun Colek "Wing's Biru" | C48: 350 Gram | D48: - | E48: - | F48: - | G48: - | H48: 2000 | I48: - | J48: - | K48: =AVERAGE(D48:J48) -> 2000
A49: 12 | B49: JAGUNG
B50: - Jagung Pipilan Kering (Jenis Kecil) | C50: Kg | D50: - | E50: 8000 | F50: 10000 | G50: 10000 | H50: 9000 | I50: 10000 | J50: 10000 | K50: =AVERAGE(D50:J50) -> 9500
B51: - Jagung Pipilan Kering (Jenis Besar) | C51: Kg | D51: 10000 | E51: 10000 | F51: 9000 | G51: 10000 | H51: 6000 | I51: 9000 | J51: 8000 | K51: =AVERAGE(D51:J51) -> 8857.1429
A52: 13 | B52: GARAM BERYODIUM
B53: - Garam Halus (Cap Kapal) | C53: 250 Gr/Bngks | D53: 3000 | E53: 8000 | F53: 5000 | G53: 5000 | H53: 2500 | I53: 2500 | J53: 2500 | K53: =AVERAGE(D53:J53) -> 4071.4286
A54: 14 | B54: TEPUNG TERIGU
B55: - Tepung Terigu "Segitiga Biru" Curah | C55: Kg | D55: 10000 | E55: 10500 | F55: 10000 | G55: 11000 | H55: 12000 | I55: 10000 | J55: 10000 | K55: =AVERAGE(D55:J55) -> 10500
A56: 15 | B56: KACANG-KACANGAN
B57: - Kacang Kedelai (Kualitas Import) | C57: Kg | D57: 15000 | E57: 13000 | F57: 15000 | G57: 12000 | H57: 13000 | I57: 14000 | J57: - | K57: =AVERAGE(D57:J57) -> 13666.667
B58: - Kacang Kedelai (Kualitas Lokal) | C58: Kg | D58: - | E58: - | F58: 14000 | G58: - | H58: - | I58: - | J58: 14000 | K58: =AVERAGE(D58:J58) -> 14000
B59: - Kacang Hijau | C59: Kg | D59: 20000 | E59: 23000 | F59: 23000 | G59: 22000 | H59: 22000 | I59: 23000 | J59: 22000 | K59: =AVERAGE(D59:J59) -> 22142.857
B60: - Kacang Tanah (Jenis Besar) | C60: Kg | D60: 28000 | E60: 30000 | F60: 28000 | G60: 30000 | H60: 26000 | I60: 28000 | J60: 28000 | K60: =AVERAGE(D60:J60) -> 28285.714
A61: 16 | B61: MIE INSTAN
B62: - Indomie Goreng | C62: 86 Gr/Bngks | D62: 3000 | E62: 3200 | F62: 3000 | G62: 3000 | H62: - | I62: 3500 | J62: 3500 | K62: =AVERAGE(D62:J62) -> 3200
A63: 17 | B63: C A B E
B64: - Cabe Merah Besar | C64: Kg | D64: 30000 | E64: 30000 | F64: 32000 | G64: 35000 | H64: 30000 | I64: 25000 | J64: 30000 | K64: =AVERAGE(D64:J64) -> 30285.714
B65: - Cabe Merah Kriting | C65: Kg | D65: 50000 | E65: 35000 | F65: 34000 | G65: 36000 | H65: 30000 | I65: 25000 | J65: - | K65: =AVERAGE(D65:J65) -> 35000
B66: - Cabe Merah Kecil-Rawit | C66: Kg | D66: 66000 | E66: 60000 | F66: 61000 | G66: 61000 | H66: 60000 | I66: 55000 | J66: 70000 | K66: =AVERAGE(D66:J66) -> 61857.143
A67: 18 | B67: BAHAN BAKAR GAS LPG
B68: - Gas LPG Tabung (3 Kg.) | C68: Per Tabung | D68: 20000 | E68: 18000 | F68: 20000 | G68: 18000 | H68: - | I68: 18000 | J68: 18000 | K68: =AVERAGE(D68:J68) -> 18666.667
A69: 19 | B69: BAWANG
B70: - Bawang Putih (Jenis Kating) | C70: Kg | D70: 34000 | E70: 34000 | F70: 34000 | G70: 34000 | H70: 33000 | I70: 35000 | J70: 38000 | K70: =AVERAGE(D70:J70) -> 34571.429
B71: - Bawang Putih (Jenis Sinco) | C71: Kg | D71: 32000 | E71: 32000 | F71: 32000 | G71: 32000 | H71: 30000 | I71: 33000 | J71: 35000 | K71: =AVERAGE(D71:J71) -> 32285.714
B72: - Bawang Merah (Kualitas Lokal) | C72: Kg | D72: 18000 | E72: 20000 | F72: 20000 | G72: 20000 | H72: 20000 | I72: 22000 | J72: 20000 | K72: =AVERAGE(D72:J72) -> 20000
B73: - Bawang Bombay | C73: Kg | D73: 30000 | E73: 25000 | F73: 25000 | G73: 30000 | H73: 25000 | I73: 27000 | J73: - | K73: =AVERAGE(D73:J73) -> 27000
A74: 20 | B74: UBI-UBIAN
B75: - Ketela Pohon | C75: Kg | D75: 6000 | E75: 7000 | F75: 5000 | G75: 6000 | H75: 5000 | I75: 5000 | J75: 5000 | K75: =AVERAGE(D75:J75) -> 5571.4286
B76: - Ubi Jalar | C76: Kg | D76: 6000 | E76: 6000 | F76: 6000 | G76: 6000 | H76: 5000 | I76: 6000 | J76: 6000 | K76: =AVERAGE(D76:J76) -> 5857.1429
A77: 21 | B77: SAYUR-SAYURAN
B78: - Kubis | C78: Kg | D78: 7000 | E78: 7000 | F78: 8000 | G78: 8000 | H78: 10000 | I78: 6000 | J78: - | K78: =AVERAGE(D78:J78) -> 7666.6667
B79: - Buncis | C79: Kg | D79: 14000 | E79: 12000 | F79: 12000 | G79: 15000 | H79: 10000 | I79: 12000 | J79: 15000 | K79: =AVERAGE(D79:J79) -> 12857.143
B80: - Kentang | C80: Kg | D80: 14000 | E80: 15000 | F80: 16000 | G80: 15000 | H80: 15000 | I80: 16000 | J80: 15000 | K80: =AVERAGE(D80:J80) -> 15142.857
B81: - Tomat | C81: Kg | D81: 8000 | E81: 8000 | F81: 5000 | G81: 10000 | H81: 5000 | I81: 9000 | J81: 5000 | K81: =AVERAGE(D81:J81) -> 7142.8571
B82: - Wortel (Kualitas Lokal) | C82: Kg | D82: 13000 | E82: 12000 | F82: 13000 | G82: 12000 | H82: 10000 | I82: 13000 | J82: 13000 | K82: =AVERAGE(D82:J82) -> 12285.714
B83: - Terong Ungu (Jenis Sayur) | C83: Kg | D83: 8000 | E83: 8000 | F83: 9000 | G83: 8000 | H83: 9000 | I83: 9000 | J83: 8000 | K83: =AVERAGE(D83:J83) -> 8428.5714
B84: - Bayam (Jenis Sayur) | C84: Ikat Kecil | D84: 1500 | E84: 1500 | F84: 2000 | G84: 2000 | H84: 1500 | I84: 2000 | J84: 1500 | K84: =AVERAGE(D84:J84) -> 1714.2857
B85: - Kangkung (Jenis Panjang) | C85: Ikat Kecil | D85: 1500 | E85: 1500 | F85: 1500 | G85: 2000 | H85: 1500 | I85: 1500 | J85: 1000 | K85: =AVERAGE(D85:J85) -> 1500
B86: - Sawi (Jenis Hijau) | C86: Ikat Kecil | D86: - | E86: 2000 | F86: - | H86: 2500 | J86: 2000 | K86: =AVERAGE(D86:J86) -> 2166.6667
A87: 22 | B87: AIR MINERAL
B88: - Air Mineral (Aqua Galon) | C88: 19 Ltr/Galon | D88: - | E88: - | F88: 18000 | G88: 17000 | H88: - | I88: 19000 | J88: 18000 | K88: =AVERAGE(D88:J88) -> 18000

Sheet 2
A1: HARGA BAHAN-BAHAN POKOK
A2: DI PASAR TRADISIONAL KOTA SURABAYA
A3: Hari / Tanggal : Kamis , 02 November 2023
B4: NAMA BAHAN POKOK DAN PENTING LAINNYA | C4: SATUAN | D4: Pasar Tambahrejo | E4: Pasar Pucang Anom | F4: Pasar Wonokromo | G4: Pasar Genteng Baru | H4: Pasar Pabean | I4: Pasar Kembang | J4: Pasar Balongsari | K4: Rata-Rata
A7: 1 | B7: BERAS
B8: - Beras Premium | C8: Kg | D8: 13000 | E8: 13500 | F8: 14000 | G8: 13500 | H8: 14000 | I8: 14000 | J8: 14000 | K8: =AVERAGE(D8:J8) -> 13714.286
B9: - Beras Medium Bulog | C9: Kg | D9: 10900 | E9: 10900 | F9: 10900 | G9: 10900 | H9: 10900 | I9: 11000 | J9: - | K9: =AVERAGE(D9:J9) -> 10916.667
B10: - Beras Medium | C10: Kg | D10: - | E10: - | F10: - | G10: - | H10: - | I10: - | J10: - | K10: 0
B11: - Beras Jagung | C11: Kg | D11: - | E11: 10000 | F11: 12000 | G11: 10000 | H11: - | I11: 12000 | J11: 8000 | K11: =AVERAGE(D11:J11) -> 10400
B12: - Beras Ketan (Jenis Siyem) | C12: Kg | D12: - | E12: 21000 | F12: 17000 | G12: 20000 | H12: - | I12: 17000 | J12: 17000 | K12: =AVERAGE(D12:J12) -> 18400
A13: 2 | B13: GULA
B14: - Gula pasir lokal curah | C14: Kg | D14: 16000 | E14: 14000 | F14: 14500 | G14: 13500 | H14: 15000 | I14: 13500 | J14: 16000 | K14: =AVERAGE(D14:J14) -> 14642.857
B15: - Gula Jawa/Merah (Bahan Kelapa) | C15: Kg | D15: 15000 | E15: 16000 | F15: 15000 | G15: 14000 | H15: 15000 | I15: 15000 | J15: 16000 | K15: =AVERAGE(D15:J15) -> 15142.857
A16: 3 | B16: MINYAK GORENG
B17: - Minyak Goreng Curah (Bening) | C17: Kg | D17: 15000 | E17: 15000 | F17: 16000 | G17: 15000 | H17: 15000 | I17: 15000 | J17: 15000 | K17: =AVERAGE(D17:J17) -> 15142.857
B18: - Minyak Kita | C18: Liter | D18: 14000 | E18: 14000 | F18: 14000 | G18: 14000 | H18: - | I18: 14000 | J18: 14000 | K18: =AVERAGE(D18:J18) -> 14000
A19: 4 | B19: MENTEGA
B20: - Mentega Curah (Amanda) | C20: Kg | D20: 20000 | E20: 20000 | F20: 20000 | G20: 22000 | H20: - | I20: 20000 | J20: - | K20: =AVERAGE(D20:J20) -> 20400
A21: 5 | B21: DAGING
B22: - Daging Sapi Grade Atas | C22: Kg | D22: 120000 | E22: 120000 | F22: 120000 | G22: 120000 | H22: 120000 | I22: 120000 | J22: - | K22: =AVERAGE(D22:J22) -> 120000
B23: - Daging Sapi Grade Sedang | C23: Kg | D23: 110000 | E23: 110000 | F23: 110000 | G23: 110000 | H23: 115000 | I23: 115000 | J23: 110000 | K23: =AVERAGE(D23:J23) -> 111428.57
B24: - Daging Sapi Grade Bawah | C24: Kg | D24: 90000 | E24: 95000 | F24: 100000 | G24: 105000 | H24: 110000 | I24: 100000 | J24: 105000 | K24: =AVERAGE(D24:J24) -> 100714.29
B25: - Daging Ayam Broiler | C25: Kg | D25: 34000 | E25: 33000 | F25: 33000 | G25: 33000 | H25: 34000 | I25: 34000 | J25: 34000 | K25: =AVERAGE(D25:J25) -> 33571.429
A26: 6 | B26: I K A N
B27: - Ikan Tongkol Segar (Uk. Sedang) | C27: Kg | D27: 35000 | E27: 36000 | F27: - | G27: 35000 | H27: 35000 | I27: 35000 | J27: 35000 | K27: =AVERAGE(D27:J27) -> 35166.667
B28: - Ikan Mujair Segar (Uk. Sedang) | C28: Kg | D28: 25000 | E28: 28000 | F28: 30000 | G28: 30000 | H28: 23000 | I28: 30000 | J28: 25000 | K28: =AVERAGE(D28:J28) -> 27285.714
B29: - Udang Segar (Uk. Sedang) | C29: Kg | D29: 60000 | E29: 60000 | F29: 75000 | G29: 70000 | H29: 68000 | I29: 68000 | J29: 65000 | K29: =AVERAGE(D29:J29) -> 66571.429
B30: - Ikan Lele Segar (Ukuran Sedang) | C30: Kg | D30: 25000 | E30: - | F30: - | G30: 25000 | H30: 23000 | I30: 24000 | J30: 26000 | K30: =AVERAGE(D30:J30) -> 24600
B31: - Ikan Bandeng Segar (Uk. Sedang) | C31: Kg | D31: 35000 | E31: 36000 | F31: 40000 | G31: 35000 | H31: 28000 | I31: 38000 | J31: 40000 | K31: =AVERAGE(D31:J31) -> 36000
B32: - Ikan Teri Asin (Bukan Teri Medan) | C32: Kg | D32: - | E32: 100000 | F32: 100000 | G32: - | H32: 80000 | I32: - | J32: 70000 | K32: =AVERAGE(D32:J32) -> 87500
A33: 7 | B33: TELUR
B34: - Telur Ayam Broiler | C34: Kg | D34: 24000 | E34: 24000 | F34: 25000 | G34: 24000 | H34: 24000 | I34: 25000 | J34: 25000 | K34: =AVERAGE(D34:J34) -> 24428.571
B35: - Telur Ayam Kampung | C35: Butir | D35: 3000 | E35: 2500 | F35: 2500 | G35: 2600 | H35: 2500 | I35: 3000 | J35: 3000 | K35: =AVERAGE(D35:J35) -> 2728.5714
A36: 8 | B36: TAHU
B37: - Tahu biasa | C37: Kg | D37: 10000 | E37: 1250 | F37: 9000 | G37: 9000 | H37: 16000 | I37: 7000 | J37: 9000 | K37: =AVERAGE(D37:J37) -> 8750
B38: - Tahu susu | C38: Kg | D38: - | E38: 10000 | F38: 12000 | G38: 14000 | H38: - | I38: 15000 | J38: 12000 | K38: =AVERAGE(D38:J38) -> 12600
A39: 9 | B39: TEMPE
B40: - Tempe Kw I (campuran kedelai) | C40: Kg | D40: - | E40: - | F40: - | G40: 16000 | H40: 14000 | I40: 7000 | J40: 15000 | K40: =AVERAGE(D40:J40) -> 13000
B41: - Tempe Kw II (campuran jagung) | C41: Kg | D41: - | E41: - | F41: 6000 | G41: - | H41: - | I41: - | J41: - | K41: =AVERAGE(D41:J41) -> 6000
B42: - Tempe Kw III (campuran kulit) | C42: Kg | D42: - | E42: 2500 | F42: - | G42: - | H42: - | I42: - | J42: - | K42: =AVERAGE(D42:J42) -> 2500
A43: 10 | B43: S U S U
B44: - Susu Kental Manis "INDOMILK" Putih | C44: 390 Gr/kaleng | D44: 12500 | E44: 12000 | F44: 12500 | G44: 12500 | H44: - | I44: 12500 | J44: 12500 | K44: =AVERAGE(D44:J44) -> 12416.667
B45: - Susu Kental Manis "BENDERA" Putih | C45: 390 Gr/kaleng | D45: 12500 | E45: 13000 | F45: 12500 | G45: 12500 | H45: - | I45: 12500 | J45: 12500 | K45: =AVERAGE(D45:J45) -> 12583.333
A46: 11 | B46: SABUN CUCI
B47: - Sabun Detergen Rinso (Anti Noda) | C47: 900 Gram | D47: - | E47: - | F47: - | G47: - | H47: 17500 | I47: - | J47: - | K47: =AVERAGE(D47:J47) -> 17500
B48: - Sabun Colek "Wing's Biru" | C48: 350 Gram | D48: - | E48: - | F48: - | G48: - | H48: 2000 | I48: - | J48: - | K48: =AVERAGE(D48:J48) -> 2000
A49: 12 | B49: JAGUNG
B50: - Jagung Pipilan Kering (Jenis Kecil) | C50: Kg | D50: - | E50: 8000 | F50: 10000 | G50: 10000 | H50: 9000 | I50: 10000 | J50: 10000 | K50: =AVERAGE(D50:J50) -> 9500
B51: - Jagung Pipilan Kering (Jenis Besar) | C51: Kg | D51: 10000 | E51: 10000 | F51: 9000 | G51: 10000 | H51: 6000 | I51: 9000 | J51: 8000 | K51: =AVERAGE(D51:J51) -> 8857.1429
A52: 13 | B52: GARAM BERYODIUM
B53: - Garam Halus (Cap Kapal) | C53: 250 Gr/Bngks | D53: 3000 | E53: 8000 | F53: 5000 | G53: 5000 | H53: 2500 | I53: 2500 | J53: 2500 | K53: =AVERAGE(D53:J53) -> 4071.4286
A54: 14 | B54: TEPUNG TERIGU
B55: - Tepung Terigu "Segitiga Biru" Curah | C55: Kg | D55: 10000 | E55: 10500 | F55: 10000 | G55: 11000 | H55: 12000 | I55: 10000 | J55: 10000 | K55: =AVERAGE(D55:J55) -> 10500
A56: 15 | B56: KACANG-KACANGAN
B57: - Kacang Kedelai (Kualitas Import) | C57: Kg | D57: 15000 | E57: 13000 | F57: 15000 | G57: 12000 | H57: 13000 | I57: 14000 | J57: - | K57: =AVERAGE(D57:J57) -> 13666.667
B58: - Kacang Kedelai (Kualitas Lokal) | C58: Kg | D58: - | E58: - | F58: 14000 | G58: - | H58: - | I58: - | J58: 14000 | K58: =AVERAGE(D58:J58) -> 14000
B59: - Kacang Hijau | C59: Kg | D59: 20000 | E59: 23000 | F59: 23000 | G59: 22000 | H59: 22000 | I59: 23000 | J59: 22000 | K59: =AVERAGE(D59:J59) -> 22142.857
B60: - Kacang Tanah (Jenis Besar) | C60: Kg | D60: 28000 | E60: 30000 | F60: 28000 | G60: 30000 | H60: 26000 | I60: 28000 | J60: 28000 | K60: =AVERAGE(D60:J60) -> 28285.714
A61: 16 | B61: MIE INSTAN
B62: - Indomie Goreng | C62: 86 Gr/Bngks | D62: 3000 | E62: 3200 | F62: 3000 | G62: 3000 | H62: - | I62: 3500 | J62: 3500 | K62: =AVERAGE(D62:J62) -> 3200
A63: 17 | B63: C A B E
B64: - Cabe Merah Besar | C64: Kg | D64: 30000 | E64: 30000 | F64: 32000 | G64: 35000 | H64: 32000 | I64: 25000 | J64: 30000 | K64: =AVERAGE(D64:J64) -> 30571.429
B65: - Cabe Merah Kriting | C65: Kg | D65: 50000 | E65: 35000 | F65: 49000 | G65: 36000 | H65: 32000 | I65: 25000 | J65: - | K65: =AVERAGE(D65:J65) -> 37833.333
B66: - Cabe Merah Kecil-Rawit | C66: Kg | D66: 66000 | E66: 60000 | F66: 63000 | G66: 65000 | H66: 65000 | I66: 55000 | J66: 70000 | K66: =AVERAGE(D66:J66) -> 63428.571
A67: 18 | B67: BAHAN BAKAR GAS LPG
B68: - Gas LPG Tabung (3 Kg.) | C68: Per Tabung | D68: 20000 | E68: 18000 | F68: 20000 | G68: 18000 | H68: - | I68: 18000 | J68: 18000 | K68: =AVERAGE(D68:J68) -> 18666.667
A69: 19 | B69: BAWANG
B70: - Bawang Putih (Jenis Kating) | C70: Kg | D70: 34000 | E70: 34000 | F70: 34000 | G70: 34000 | H70: 33000 | I70: 35000 | J70: 38000 | K70: =AVERAGE(D70:J70) -> 34571.429
B71: - Bawang Putih (Jenis Sinco) | C71: Kg | D71: 32000 | E71: 32000 | F71: 32000 | G71: 32000 | H71: 30000 | I71: 33000 | J71: 35000 | K71: =AVERAGE(D71:J71) -> 32285.714
B72: - Bawang Merah (Kualitas Lokal) | C72: Kg | D72: 18000 | E72: 20000 | F72: 20000 | G72: 20000 | H72: 20000 | I72: 22000 | J72: 20000 | K72: =AVERAGE(D72:J72) -> 20000
B73: - Bawang Bombay | C73: Kg | D73: 30000 | E73: 25000 | F73: 25000 | G73: 30000 | H73: 25000 | I73: 27000 | J73: - | K73: =AVERAGE(D73:J73) -> 27000
A74: 20 | B74: UBI-UBIAN
B75: - Ketela Pohon | C75: Kg | D75: 6000 | E75: 7000 | F75: 5000 | G75: 6000 | H75: 5000 | I75: 5000 | J75: 5000 | K75: =AVERAGE(D75:J75) -> 5571.4286
B76: - Ubi Jalar | C76: Kg | D76: 6000 | E76: 6000 | F76: 6000 | G76: 6000 | H76: 5000 | I76: 6000 | J76: 6000 | K76: =AVERAGE(D76:J76) -> 5857.1429
A77: 21 | B77: SAYUR-SAYURAN
B78: - Kubis | C78: Kg | D78: 7000 | E78: 7000 | F78: 8000 | G78: 8000 | H78: 10000 | I78: 6000 | J78: - | K78: =AVERAGE(D78:J78) -> 7666.6667
B79: - Buncis | C79: Kg | D79: 14000 | E79: 12000 | F79: 12000 | G79: 16000 | H79: 10000 | I79: 12000 | J79: 15000 | K79: =AVERAGE(D79:J79) -> 13000
B80: - Kentang | C80: Kg | D80: 14000 | E80: 15000 | F80: 16000 | G80: 15000 | H80: 15000 | I80: 16000 | J80: 15000 | K80: =AVERAGE(D80:J80) -> 15142.857
B81: - Tomat | C81: Kg | D81: 8000 | E81: 8000 | F81: 5000 | G81: 10000 | H81: 5000 | I81: 9000 | J81: 5000 | K81: =AVERAGE(D81:J81) -> 7142.8571
B82: - Wortel (Kualitas Lokal) | C82: Kg | D82: 13000 | E82: 12000 | F82: 13000 | G82: 12000 | H82: 10000 | I82: 13000 | J82: 13000 | K82: =AVERAGE(D82:J82) -> 12285.714
B83: - Terong Ungu (Jenis Sayur) | C83: Kg | D83: 8000 | E83: 8000 | F83: 9000 | G83: 8000 | H83: 9000 | I83: 9000 | J83: 8000 | K83: =AVERAGE(D83:J83) -> 8428.5714
B84: - Bayam (Jenis Sayur) | C84: Ikat Kecil | D84: 1500 | E84: 1500 | F84: 2000 | G84: 2000 | H84: 1500 | I84: 2000 | J84: 1500 | K84: =AVERAGE(D84:J84) -> 1714.2857
B85: - Kangkung (Jenis Panjang) | C85: Ikat Kecil | D85: 1500 | E85: 1500 | F85: 1500 | G85: 2000 | H85: 1500 | I85: 1500 | J85: 1000 | K85: =AVERAGE(D85:J85) -> 1500
B86: - Sawi (Jenis Hijau) | C86: Ikat Kecil | D86: - | E86: 2000 | F86: - | H86: 2500 | J86: 2000 | K86: =AVERAGE(D86:J86) -> 2166.6667
A87: 22 | B87: AIR MINERAL
B88: - Air Mineral (Aqua Galon) | C88: 19 Ltr/Galon | D88: - | E88: - | F88: 18000 | G88: 17000 | H88: - | I88: 19000 | J88: 18000 | K88: =AVERAGE(D88:J88) -> 18000

Sheet 3
A1: HARGA BAHAN-BAHAN POKOK
A2: DI PASAR TRADISIONAL KOTA SURABAYA
A3: Hari / Tanggal : Jumat , 03 November 2023
B4: NAMA BAHAN POKOK DAN PENTING LAINNYA | C4: SATUAN | D4: Pasar Tambahrejo | E4: Pasar Pucang Anom | F4: Pasar Wonokromo | G4: Pasar Genteng Baru | H4: Pasar Pabean | I4: Pasar Kembang | J4: Pasar Balongsari | K4: Rata-Rata
A7: 1 | B7: BERAS
B8: - Beras Premium | C8: Kg | D8: 15000 | E8: 14000 | F8: 14000 | G8: 14000 | H8: 14000 | I8: 14000 | J8: 14000 | K8: =AVERAGE(D8:J8) -> 14142.857
B9: - Beras Medium Bulog | C9: Kg | D9: 10900 | E9: 10900 | F9: 10900 | G9: 10900 | H9: 10900 | I9: 11000 | J9: - | K9: =AVERAGE(D9:J9) -> 10916.667
B10: - Beras Medium | C10: Kg | D10: - | E10: - | F10: - | G10: - | H10: - | I10: - | J10: - | K10: 0
B11: - Beras Jagung | C11: Kg | D11: - | E11: 10000 | F11: 12000 | G11: 10000 | H11: - | I11: 12000 | J11: 8000 | K11: =AVERAGE(D11:J11) -> 10400
B12: - Beras Ketan (Jenis Siyem) | C12: Kg | D12: - | E12: 21000 | F12: 17000 | G12: 20000 | H12: - | I12: 17000 | J12: 17000 | K12: =AVERAGE(D12:J12) -> 18400
A13: 2 | B13: GULA
B14: - Gula pasir lokal curah | C14: Kg | D14: 16000 | E14: 14500 | F14: 14500 | G14: 16000 | H14: 15000 | I14: 13500 | J14: 16000 | K14: =AVERAGE(D14:J14) -> 15071.429
B15: - Gula Jawa/Merah (Bahan Kelapa) | C15: Kg | D15: 15000 | E15: 16000 | F15: 15000 | G15: 15000 | H15: 15000 | I15: 15000 | J15: 16000 | K15: =AVERAGE(D15:J15) -> 15285.714
A16: 3 | B16: MINYAK GORENG
B17: - Minyak Goreng Curah (Bening) | C17: Kg | D17: 15000 | E17: 15000 | F17: 16000 | G17: 15000 | H17: 15000 | I17: 15000 | J17: 15000 | K17: =AVERAGE(D17:J17) -> 15142.857
B18: - Minyak Kita | C18: Liter | D18: 14000 | E18: 14000 | F18: 14000 | G18: 14000 | H18: - | I18: 14000 | J18: 14000 | K18: =AVERAGE(D18:J18) -> 14000
A19: 4 | B19: MENTEGA
B20: - Mentega Curah (Amanda) | C20: Kg | D20: 20000 | E20: 20000 | F20: 20000 | G20: 22000 | H20: - | I20: 20000 | J20: - | K20: =AVERAGE(D20:J20) -> 20400
A21: 5 | B21: DAGING
B22: - Daging Sapi Grade Atas | C22: Kg | D22: 120000 | E22: 120000 | F22: 120000 | G22: 120000 | H22: 120000 | I22: 120000 | J22: - | K22: =AVERAGE(D22:J22) -> 120000
B23: - Daging Sapi Grade Sedang | C23: Kg | D23: 110000 | E23: 110000 | F23: 110000 | G23: 110000 | H23: 115000 | I23: 115000 | J23: 110000 | K23: =AVERAGE(D23:J23) -> 111428.57
B24: - Daging Sapi Grade Bawah | C24: Kg | D24: 90000 | E24: 95000 | F24: 100000 | G24: 105000 | H24: 110000 | I24: 100000 | J24: 105000 | K24: =AVERAGE(D24:J24) -> 100714.29
B25: - Daging Ayam Broiler | C25: Kg | D25: 34000 | E25: 33000 | F25: 33000 | G25: 33000 | H25: 34500 | I25: 34000 | J25: 34000 | K25: =AVERAGE(D25:J25) -> 33642.857
A26: 6 | B26: I K A N
B27: - Ikan Tongkol Segar (Uk. Sedang) | C27: Kg | D27: 35000 | E27: 36000 | F27: - | G27: 35000 | H27: 35000 | I27: 35000 | J27: 35000 | K27: =AVERAGE(D27:J27) -> 35166.667
B28: - Ikan Mujair Segar (Uk. Sedang) | C28: Kg | D28: 25000 | E28: 28000 | F28: 30000 | G28: 30000 | H28: 23000 | I28: 30000 | J28: 25000 | K28: =AVERAGE(D28:J28) -> 27285.714
B29: - Udang Segar (Uk. Sedang) | C29: Kg | D29: 60000 | E29: 60000 | F29: 75000 | G29: 70000 | H29: 68000 | I29: 68000 | J29: 65000 | K29: =AVERAGE(D29:J29) -> 66571.429
B30: - Ikan Lele Segar (Ukuran Sedang) | C30: Kg | D30: 25000 | E30: - | F30: - | G30: 25000 | H30: 23000 | I30: 24000 | J30: 26000 | K30: =AVERAGE(D30:J30) -> 24600
B31: - Ikan Bandeng Segar (Uk. Sedang) | C31: Kg | D31: 35000 | E31: 36000 | F31: 40000 | G31: 35000 | H31: 28000 | I31: 38000 | J31: 40000 | K31: =AVERAGE(D31:J31) -> 36000
B32: - Ikan Teri Asin (Bukan Teri Medan) | C32: Kg | D32: - | E32: 100000 | F32: 100000 | G32: - | H32: 80000 | I32: - | J32: 70000 | K32: =AVERAGE(D32:J32) -> 87500
A33: 7 | B33: TELUR
B34: - Telur Ayam Broiler | C34: Kg | D34: 25000 | E34: 24000 | F34: 25000 | G34: 24000 | H34: 24000 | I34: 25000 | J34: 25000 | K34: =AVERAGE(D34:J34) -> 24571.429
B35: - Telur Ayam Kampung | C35: Butir | D35: 3000 | E35: 2500 | F35: 2500 | G35: 2600 | H35: 2500 | I35: 3000 | J35: 3000 | K35: =AVERAGE(D35:J35) -> 2728.5714
A36: 8 | B36: TAHU
B37: - Tahu biasa | C37: Kg | D37: 10000 | E37: 1250 | F37: 9000 | G37: 9000 | H37: 16000 | I37: 7000 | J37: 9000 | K37: =AVERAGE(D37:J37) -> 8750
B38: - Tahu susu | C38: Kg | D38: - | E38: 10000 | F38: 12000 | G38: 14000 | H38: - | I38: 15000 | J38: 12000 | K38: =AVERAGE(D38:J38) -> 12600
A39: 9 | B39: TEMPE
B40: - Tempe Kw I (campuran kedelai) | C40: Kg | D40: - | E40: - | F40: - | G40: 16000 | H40: 14000 | I40: 7000 | J40: 15000 | K40: =AVERAGE(D40:J40) -> 13000
B41: - Tempe Kw II (campuran jagung) | C41: Kg | D41: - | E41: - | F41: 6000 | G41: - | H41: - | I41: - | J41: - | K41: =AVERAGE(D41:J41) -> 6000
B42: - Tempe Kw III (campuran kulit) | C42: Kg | D42: - | E42: 2500 | F42: - | G42: - | H42: - | I42: - | J42: - | K42: =AVERAGE(D42:J42) -> 2500
A43: 10 | B43: S U S U
B44: - Susu Kental Manis "INDOMILK" Putih | C44: 390 Gr/kaleng | D44: 12500 | E44: 12000 | F44: 12500 | G44: 12500 | H44: - | I44: 12500 | J44: 12500 | K44: =AVERAGE(D44:J44) -> 12416.667
B45: - Susu Kental Manis "BENDERA" Putih | C45: 390 Gr/kaleng | D45: 12500 | E45: 13000 | F45: 12500 | G45: 12500 | H45: - | I45: 12500 | J45: 12500 | K45: =AVERAGE(D45:J45) -> 12583.333
A46: 11 | B46: SABUN CUCI
B47: - Sabun Detergen Rinso (Anti Noda) | C47: 900 Gram | D47: - | E47: - | F47: - | G47: - | H47: 17500 | I47: - | J47: - | K47: =AVERAGE(D47:J47) -> 17500
B48: - Sabun Colek "Wing's Biru" | C48: 350 Gram | D48: - | E48: - | F48: - | G48: - | H48: 2000 | I48: - | J48: - | K48: =AVERAGE(D48:J48) -> 2000
A49: 12 | B49: JAGUNG
B50: - Jagung Pipilan Kering (Jenis Kecil) | C50: Kg | D50: - | E50: 8000 | F50: 10000 | G50: 10000 | H50: 9000 | I50: 10000 | J50: 10000 | K50: =AVERAGE(D50:J50) -> 9500
B51: - Jagung Pipilan Kering (Jenis Besar) | C51: Kg | D51: 10000 | E51: 10000 | F51: 9000 | G51: 10000 | H51: 6000 | I51: 9000 | J51: 8000 | K51: =AVERAGE(D51:J51) -> 8857.1429
A52: 13 | B52: GARAM BERYODIUM
B53: - Garam Halus (Cap Kapal) | C53: 250 Gr/Bngks | D53: 3000 | E53: 8000 | F53: 5000 | G53: 5000 | H53: 2500 | I53: 2500 | J53: 2500 | K53: =AVERAGE(D53:J53) -> 4071.4286
A54: 14 | B54: TEPUNG TERIGU
B55: - Tepung Terigu "Segitiga Biru" Curah | C55: Kg | D55: 10000 | E55: 10500 | F55: 9000 | G55: 11000 | H55: 12000 | I55: 10000 | J55: 10000 | K55: =AVERAGE(D55:J55) -> 10357.143
A56: 15 | B56: KACANG-KACANGAN
B57: - Kacang Kedelai (Kualitas Import) | C57: Kg | D57: 15000 | E57: 13000 | F57: 15000 | G57: 13000 | H57: 13000 | I57: 14000 | J57: - | K57: =AVERAGE(D57:J57) -> 13833.333
B58: - Kacang Kedelai (Kualitas Lokal) | C58: Kg | D58: - | E58: - | F58: 14000 | G58: - | H58: - | I58: - | J58: 14000 | K58: =AVERAGE(D58:J58) -> 14000
B59: - Kacang Hijau | C59: Kg | D59: 22000 | E59: 23000 | F59: 23000 | G59: 22000 | H59: 22000 | I59: 23000 | J59: 22000 | K59: =AVERAGE(D59:J59) -> 22428.571
B60: - Kacang Tanah (Jenis Besar) | C60: Kg | D60: 30000 | E60: 30000 | F60: 28000 | G60: 29000 | H60: 26000 | I60: 28000 | J60: 28000 | K60: =AVERAGE(D60:J60) -> 28428.571
A61: 16 | B61: MIE INSTAN
B62: - Indomie Goreng | C62: 86 Gr/Bngks | D62: 3000 | E62: 3200 | F62: 3000 | G62: 3000 | H62: - | I62: 3500 | J62: 3500 | K62: =AVERAGE(D62:J62) -> 3200
A63: 17 | B63: C A B E
B64: - Cabe Merah Besar | C64: Kg | D64: 38000 | E64: 35000 | F64: 32000 | G64: 40000 | H64: 35000 | I64: 25000 | J64: 45000 | K64: =AVERAGE(D64:J64) -> 35714.286
B65: - Cabe Merah Kriting | C65: Kg | D65: 60000 | E65: 40000 | F65: 52000 | G65: 45000 | H65: 35000 | I65: 25000 | J65: - | K65: =AVERAGE(D65:J65) -> 42833.333
B66: - Cabe Merah Kecil-Rawit | C66: Kg | D66: 70000 | E66: 65000 | F66: 70000 | G66: 70000 | H66: 75000 | I66: 55000 | J66: 80000 | K66: =AVERAGE(D66:J66) -> 69285.714
A67: 18 | B67: BAHAN BAKAR GAS LPG
B68: - Gas LPG Tabung (3 Kg.) | C68: Per Tabung | D68: 20000 | E68: 18000 | F68: 20000 | G68: 18000 | H68: - | I68: 18000 | J68: 18000 | K68: =AVERAGE(D68:J68) -> 18666.667
A69: 19 | B69: BAWANG
B70: - Bawang Putih (Jenis Kating) | C70: Kg | D70: 34000 | E70: 34000 | F70: 34000 | G70: 34000 | H70: 33000 | I70: 35000 | J70: 38000 | K70: =AVERAGE(D70:J70) -> 34571.429
B71: - Bawang Putih (Jenis Sinco) | C71: Kg | D71: 32000 | E71: 32000 | F71: 32000 | G71: 32000 | H71: 30000 | I71: 33000 | J71: 35000 | K71: =AVERAGE(D71:J71) -> 32285.714
B72: - Bawang Merah (Kualitas Lokal) | C72: Kg | D72: 20000 | E72: 20000 | F72: 20000 | G72: 20000 | H72: 23000 | I72: 22000 | J72: 20000 | K72: =AVERAGE(D72:J72) -> 20714.286
B73: - Bawang Bombay | C73: Kg | D73: 30000 | E73: 27000 | F73: 25000 | G73: 30000 | H73: 25000 | I73: 27000 | J73: - | K73: =AVERAGE(D73:J73) -> 27333.333
A74: 20 | B74: UBI-UBIAN
B75: - Ketela Pohon | C75: Kg | D75: 6000 | E75: 7000 | F75: 5000 | G75: 6000 | H75: 5000 | I75: 5000 | J75: 5000 | K75: =AVERAGE(D75:J75) -> 5571.4286
B76: - Ubi Jalar | C76: Kg | D76: 6000 | E76: 6000 | F76: 6000 | G76: 6000 | H76: 5000 | I76: 6000 | J76: 6000 | K76: =AVERAGE(D76:J76) -> 5857.1429
A77: 21 | B77: SAYUR-SAYURAN
B78: - Kubis | C78: Kg | D78: 7000 | E78: 7000 | F78: 8000 | G78: 8000 | H78: 10000 | I78: 6000 | J78: - | K78: =AVERAGE(D78:J78) -> 7666.6667
B79: - Buncis | C79: Kg | D79: 20000 | E79: 12000 | F79: 12000 | G79: 16000 | H79: 10000 | I79: 12000 | J79: 20000 | K79: =AVERAGE(D79:J79) -> 14571.429
B80: - Kentang | C80: Kg | D80: 14000 | E80: 15000 | F80: 16000 | G80: 15000 | H80: 15000 | I80: 16000 | J80: 15000 | K80: =AVERAGE(D80:J80) -> 15142.857
B81: - Tomat | C81: Kg | D81: 8000 | E81: 8000 | F81: 5000 | G81: 10000 | H81: 5000 | I81: 9000 | J81: 5000 | K81: =AVERAGE(D81:J81) -> 7142.8571
B82: - Wortel (Kualitas Lokal) | C82: Kg | D82: 12000 | E82: 12000 | F82: 13000 | G82: 12000 | H82: 10000 | I82: 13000 | J82: 13000 | K82: =AVERAGE(D82:J82) -> 12142.857
B83: - Terong Ungu (Jenis Sayur) | C83: Kg | D83: 8000 | E83: 8000 | F83: 9000 | G83: 8000 | H83: 9000 | I83: 9000 | J83: 8000 | K83: =AVERAGE(D83:J83) -> 8428.5714
B84: - Bayam (Jenis Sayur) | C84: Ikat Kecil | D84: 1500 | E84: 1500 | F84: 2000 | G84: 2000 | H84: 1500 | I84: 2000 | J84: 1500 | K84: =AVERAGE(D84:J84) -> 1714.2857
B85: - Kangkung (Jenis Panjang) | C85: Ikat Kecil | D85: 1000 | E85: 1500 | F85: 1500 | G85: 2000 | H85: 1500 | I85: 1500 | J85: 1000 | K85: =AVERAGE(D85:J85) -> 1428.5714
B86: - Sawi (Jenis Hijau) | C86: Ikat Kecil | D86: - | E86: 2000 | F86: - | H86: 2500 | J86: 2000 | K86: =AVERAGE(D86:J86) -> 2166.6667
A87: 22 | B87: AIR MINERAL
B88: - Air Mineral (Aqua Galon) | C88: 19 Ltr/Galon | D88: - | E88: - | F88: 18000 | G88: 17000 | H88: - | I88: 19000 | J88: 18000 | K88: =AVERAGE(D88:J88) -> 18000

Sheet 4
A1: HARGA BAHAN-BAHAN POKOK
A2: DI PASAR TRADISIONAL KOTA SURABAYA
A3: Hari / Tanggal : Sabtu , 04 November 2023
B4: NAMA BAHAN POKOK DAN PENTING LAINNYA | C4: SATUAN | D4: Pasar Tambahrejo | E4: Pasar Pucang Anom | F4: Pasar Wonokromo | G4: Pasar Genteng Baru | H4: Pasar Pabean | I4: Pasar Kembang | J4: Pasar Balongsari | K4: Rata-Rata
A7: 1 | B7: BERAS
B8: - Beras Premium | C8: Kg | D8: 15000 | E8: 14000 | F8: 14000 | G8: 14000 | H8: 14000 | I8: 14000 | J8: 14000 | K8: =AVERAGE(D8:J8) -> 14142.857
B9: - Beras Medium Bulog | C9: Kg | D9: 10900 | E9: 10900 | F9: 10900 | G9: 10900 | H9: 10900 | I9: 11000 | J9: - | K9: =AVERAGE(D9:J9) -> 10916.667
B10: - Beras Medium | C10: Kg | D10: - | E10: - | F10: - | G10: - | H10: - | I10: - | J10: - | K10: 0
B11: - Beras Jagung | C11: Kg | D11: - | E11: 10000 | F11: 12000 | G11: 10000 | H11: - | I11: 12000 | J11: 8000 | K11: =AVERAGE(D11:J11) -> 10400
B12: - Beras Ketan (Jenis Siyem) | C12: Kg | D12: - | E12: 21000 | F12: 17000 | G12: 20000 | H12: - | I12: 17000 | J12: 17000 | K12: =AVERAGE(D12:J12) -> 18400
A13: 2 | B13: GULA
B14: - Gula pasir lokal curah | C14: Kg | D14: 16000 | E14: 14500 | F14: 14500 | G14: 16000 | H14: 15000 | I14: 15000 | J14: 16000 | K14: =AVERAGE(D14:J14) -> 15285.714
B15: - Gula Jawa/Merah (Bahan Kelapa) | C15: Kg | D15: 15000 | E15: 16000 | F15: 15000 | G15: 15000 | H15: 15000 | I15: 15000 | J15: 16000 | K15: =AVERAGE(D15:J15) -> 15285.714
A16: 3 | B16: MINYAK GORENG
B17: - Minyak Goreng Curah (Bening) | C17: Kg | D17: 15000 | E17: 15000 | F17: 16000 | G17: 15000 | H17: 15000 | I17: 15000 | J17: 15000 | K17: =AVERAGE(D17:J17) -> 15142.857
B18: - Minyak Kita | C18: Liter | D18: 14000 | E18: 14000 | F18: 14000 | G18: 14000 | H18: - | I18: 14000 | J18: 14000 | K18: =AVERAGE(D18:J18) -> 14000
A19: 4 | B19: MENTEGA
B20: - Mentega Curah (Amanda) | C20: Kg | D20: 20000 | E20: 20000 | F20: 20000 | G20: 22000 | H20: - | I20: 20000 | J20: - | K20: =AVERAGE(D20:J20) -> 20400
A21: 5 | B21: DAGING
B22: - Daging Sapi Grade Atas | C22: Kg | D22: 120000 | E22: 120000 | F22: 120000 | G22: 120000 | H22: 120000 | I22: 120000 | J22: - | K22: =AVERAGE(D22:J22) -> 120000
B23: - Daging Sapi Grade Sedang | C23: Kg | D23: 110000 | E23: 110000 | F23: 110000 | G23: 110000 | H23: 115000 | I23: 115000 | J23: 110000 | K23: =AVERAGE(D23:J23) -> 111428.57
B24: - Daging Sapi Grade Bawah | C24: Kg | D24: 90000 | E24: 95000 | F24: 100000 | G24: 105000 | H24: 110000 | I24: 100000 | J24: 105000 | K24: =AVERAGE(D24:J24) -> 100714.29
B25: - Daging Ayam Broiler | C25: Kg | D25: 34000 | E25: 33000 | F25: 33000 | G25: 33000 | H25: 34500 | I25: 34000 | J25: 34000 | K25: =AVERAGE(D25:J25) -> 33642.857
A26: 6 | B26: I K A N
B27: - Ikan Tongkol Segar (Uk. Sedang) | C27: Kg | D27: 35000 | E27: 36000 | F27: - | G27: 35000 | H27: 35000 | I27: 35000 | J27: 35000 | K27: =AVERAGE(D27:J27) -> 35166.667
B28: - Ikan Mujair Segar (Uk. Sedang) | C28: Kg | D28: 25000 | E28: 28000 | F28: 30000 | G28: 30000 | H28: 23000 | I28: 30000 | J28: 25000 | K28: =AVERAGE(D28:J28) -> 27285.714
B29: - Udang Segar (Uk. Sedang) | C29: Kg | D29: 60000 | E29: 60000 | F29: 75000 | G29: 70000 | H29: 68000 | I29: 68000 | J29: 65000 | K29: =AVERAGE(D29:J29) -> 66571.429
B30: - Ikan Lele Segar (Ukuran Sedang) | C30: Kg | D30: 25000 | E30: - | F30: - | G30: 25000 | H30: 23000 | I30: 24000 | J30: 26000 | K30: =AVERAGE(D30:J30) -> 24600
B31: - Ikan Bandeng Segar (Uk. Sedang) | C31: Kg | D31: 35000 | E31: 36000 | F31: 40000 | G31: 35000 | H31: 28000 | I31: 38000 | J31: 40000 | K31: =AVERAGE(D31:J31) -> 36000
B32: - Ikan Teri Asin (Bukan Teri Medan) | C32: Kg | D32: - | E32: 100000 | F32: 100000 | G32: - | H32: 80000 | I32: - | J32: 70000 | K32: =AVERAGE(D32:J32) -> 87500
A33: 7 | B33: TELUR
B34: - Telur Ayam Broiler | C34: Kg | D34: 25000 | E34: 24000 | F34: 25000 | G34: 24000 | H34: 24000 | I34: 25000 | J34: 25000 | K34: =AVERAGE(D34:J34) -> 24571.429
B35: - Telur Ayam Kampung | C35: Butir | D35: 3000 | E35: 2500 | F35: 2500 | G35: 2600 | H35: 2500 | I35: 3000 | J35: 3000 | K35: =AVERAGE(D35:J35) -> 2728.5714
A36: 8 | B36: TAHU
B37: - Tahu biasa | C37: Kg | D37: 10000 | E37: 1250 | F37: 9000 | G37: 9000 | H37: 16000 | I37: 7000 | J37: 9000 | K37: =AVERAGE(D37:J37) -> 8750
B38: - Tahu susu | C38: Kg | D38: - | E38: 10000 | F38: 12000 | G38: 14000 | H38: - | I38: 15000 | J38: 12000 | K38: =AVERAGE(D38:J38) -> 12600
A39: 9 | B39: TEMPE
B40: - Tempe Kw I (campuran kedelai) | C40: Kg | D40: - | E40: - | F40: - | G40: 16000 | H40: 14000 | I40: 7000 | J40: 15000 | K40: =AVERAGE(D40:J40) -> 13000
B41: - Tempe Kw II (campuran jagung) | C41: Kg | D41: - | E41: - | F41: 6000 | G41: - | H41: - | I41: - | J41: - | K41: =AVERAGE(D41:J41) -> 6000
B42: - Tempe Kw III (campuran kulit) | C42: Kg | D42: - | E42: 2500 | F42: - | G42: - | H42: - | I42: - | J42: - | K42: =AVERAGE(D42:J42) -> 2500
A43: 10 | B43: S U S U
B44: - Susu Kental Manis "INDOMILK" Putih | C44: 390 Gr/kaleng | D44: 12500 | E44: 12000 | F44: 12500 | G44: 12500 | H44: - | I44: 12500 | J44: 12500 | K44: =AVERAGE(D44:J44) -> 12416.667
B45: - Susu Kental Manis "BENDERA" Putih | C45: 390 Gr/kaleng | D45: 12500 | E45: 13000 | F45: 12500 | G45: 12500 | H45: - | I45: 12500 | J45: 12500 | K45: =AVERAGE(D45:J45) -> 12583.333
A46: 11 | B46: SABUN CUCI
B47: - Sabun Detergen Rinso (Anti Noda) | C47: 900 Gram | D47: - | E47: - | F47: - | G47: - | H47: 17500 | I47: - | J47: - | K47: =AVERAGE(D47:J47) -> 17500
B48: - Sabun Colek "Wing's Biru" | C48: 350 Gram | D48: - | E48: - | F48: - | G48: - | H48: 2000 | I48: - | J48: - | K48: =AVERAGE(D48:J48) -> 2000
A49: 12 | B49: JAGUNG
B50: - Jagung Pipilan Kering (Jenis Kecil) | C50: Kg | D50: - | E50: 8000 | F50: 10000 | G50: 10000 | H50: 9000 | I50: 10000 | J50: 10000 | K50: =AVERAGE(D50:J50) -> 9500
B51: - Jagung Pipilan Kering (Jenis Besar) | C51: Kg | D51: 10000 | E51: 10000 | F51: 9000 | G51: 10000 | H51: 6000 | I51: 9000 | J51: 8000 | K51: =AVERAGE(D51:J51) -> 8857.1429
A52: 13 | B52: GARAM BERYODIUM
B53: - Garam Halus (Cap Kapal) | C53: 250 Gr/Bngks | D53: 3000 | E53: 8000 | F53: 5000 | G53: 5000 | H53: 2500 | I53: 2500 | J53: 2500 | K53: =AVERAGE(D53:J53) -> 4071.4286
A54: 14 | B54: TEPUNG TERIGU
B55: - Tepung Terigu "Segitiga Biru" Curah | C55: Kg | D55: 10000 | E55: 10500 | F55: 9000 | G55: 11000 | H55: 12000 | I55: 10000 | J55: 10000 | K55: =AVERAGE(D55:J55) -> 10357.143
A56: 15 | B56: KACANG-KACANGAN
B57: - Kacang Kedelai (Kualitas Import) | C57: Kg | D57: 15000 | E57: 13000 | F57: 15000 | G57: 13000 | H57: 13000 | I57: 14000 | J57: - | K57: =AVERAGE(D57:J57) -> 13833.333
B58: - Kacang Kedelai (Kualitas Lokal) | C58: Kg | D58: - | E58: - | F58: 14000 | G58: - | H58: - | I58: - | J58: 14000 | K58: =AVERAGE(D58:J58) -> 14000
B59: - Kacang Hijau | C59: Kg | D59: 22000 | E59: 23000 | F59: 23000 | G59: 22000 | H59: 22000 | I59: 23000 | J59: 22000 | K59: =AVERAGE(D59:J59) -> 22428.571
B60: - Kacang Tanah (Jenis Besar) | C60: Kg | D60: 30000 | E60: 30000 | F60: 28000 | G60: 29000 | H60: 26000 | I60: 28000 | J60: 28000 | K60: =AVERAGE(D60:J60) -> 28428.571
A61: 16 | B61: MIE INSTAN
B62: - Indomie Goreng | C62: 86 Gr/Bngks | D62: 3000 | E62: 3200 | F62: 3000 | G62: 3000 | H62: - | I62: 3500 | J62: 3500 | K62: =AVERAGE(D62:J62) -> 3200
A63: 17 | B63: C A B E
B64: - Cabe Merah Besar | C64: Kg | D64: 38000 | E64: 35000 | F64: 35000 | G64: 40000 | H64: 35000 | I64: 25000 | J64: 45000 | K64: =AVERAGE(D64:J64) -> 36142.857
B65: - Cabe Merah Kriting | C65: Kg | D65: 60000 | E65: 45000 | F65: 52000 | G65: 45000 | H65: 35000 | I65: 25000 | J65: - | K65: =AVERAGE(D65:J65) -> 43666.667
B66: - Cabe Merah Kecil-Rawit | C66: Kg | D66: 70000 | E66: 65000 | F66: 70000 | G66: 70000 | H66: 75000 | I66: 70000 | J66: 80000 | K66: =AVERAGE(D66:J66) -> 71428.571
A67: 18 | B67: BAHAN BAKAR GAS LPG
B68: - Gas LPG Tabung (3 Kg.) | C68: Per Tabung | D68: 20000 | E68: 18000 | F68: 20000 | G68: 18000 | H68: - | I68: 18000 | J68: 18000 | K68: =AVERAGE(D68:J68) -> 18666.667
A69: 19 | B69: BAWANG
B70: - Bawang Putih (Jenis Kating) | C70: Kg | D70: 34000 | E70: 34000 | F70: 34000 | G70: 34000 | H70: 33000 | I70: 35000 | J70: 38000 | K70: =AVERAGE(D70:J70) -> 34571.429
B71: - Bawang Putih (Jenis Sinco) | C71: Kg | D71: 32000 | E71: 32000 | F71: 32000 | G71: 32000 | H71: 30000 | I71: 33000 | J71: 35000 | K71: =AVERAGE(D71:J71) -> 32285.714
B72: - Bawang Merah (Kualitas Lokal) | C72: Kg | D72: 20000 | E72: 20000 | F72: 20000 | G72: 20000 | H72: 23000 | I72: 22000 | J72: 20000 | K72: =AVERAGE(D72:J72) -> 20714.286
B73: - Bawang Bombay | C73: Kg | D73: 30000 | E73: 27000 | F73: 25000 | G73: 30000 | H73: 25000 | I73: 27000 | J73: - | K73: =AVERAGE(D73:J73) -> 27333.333
A74: 20 | B74: UBI-UBIAN
B75: - Ketela Pohon | C75: Kg | D75: 6000 | E75: 7000 | F75: 5000 | G75: 6000 | H75: 5000 | I75: 5000 | J75: 5000 | K75: =AVERAGE(D75:J75) -> 5571.4286
B76: - Ubi Jalar | C76: Kg | D76: 6000 | E76: 6000 | F76: 6000 | G76: 6000 | H76: 5000 | I76: 6000 | J76: 6000 | K76: =AVERAGE(D76:J76) -> 5857.1429
A77: 21 | B77: SAYUR-SAYURAN
B78: - Kubis | C78: Kg | D78: 7000 | E78: 7000 | F78: 8000 | G78: 8000 | H78: 10000 | I78: 6000 | J78: - | K78: =AVERAGE(D78:J78) -> 7666.6667
B79: - Buncis | C79: Kg | D79: 20000 | E79: 12000 | F79: 12000 | G79: 16000 | H79: 10000 | I79: 12000 | J79: 20000 | K79: =AVERAGE(D79:J79) -> 14571.429
B80: - Kentang | C80: Kg | D80: 14000 | E80: 15000 | F80: 16000 | G80: 15000 | H80: 15000 | I80: 16000 | J80: 15000 | K80: =AVERAGE(D80:J80) -> 15142.857
B81: - Tomat | C81: Kg | D81: 8000 | E81: 8000 | F81: 5000 | G81: 10000 | H81: 5000 | I81: 9000 | J81: 5000 | K81: =AVERAGE(D81:J81) -> 7142.8571
B82: - Wortel (Kualitas Lokal) | C82: Kg | D82: 12000 | E82: 12000 | F82: 13000 | G82: 12000 | H82: 10000 | I82: 13000 | J82: 13000 | K82: =AVERAGE(D82:J82) -> 12142.857
B83: - Terong Ungu (Jenis Sayur) | C83: Kg | D83: 8000 | E83: 8000 | F83: 9000 | G83: 8000 | H83: 9000 | I83: 9000 | J83: 8000 | K83: =AVERAGE(D83:J83) -> 8428.5714
B84: - Bayam (Jenis Sayur) | C84: Ikat Kecil | D84: 1500 | E84: 1500 | F84: 2000 | G84: 2000 | H84: 1500 | I84: 2000 | J84: 1500 | K84: =AVERAGE(D84:J84) -> 1714.2857
B85: - Kangkung (Jenis Panjang) | C85: Ikat Kecil | D85: 1000 | E85: 1500 | F85: 1500 | G85: 2000 | H85: 1500 | I85: 1500 | J85: 1000 | K85: =AVERAGE(D85:J85) -> 1428.5714
B86: - Sawi (Jenis Hijau) | C86: Ikat Kecil | D86: - | E86: 2000 | F86: - | H86: 2500 | J86: 2000 | K86: =AVERAGE(D86:J86) -> 2166.6667
A87: 22 | B87: AIR MINERAL
B88: - Air Mineral (Aqua Galon) | C88: 19 Ltr/Galon | D88: - | E88: - | F88: 18000 | G88: 17000 | H88: - | I88: 19000 | J88: 18000 | K88: =AVERAGE(D88:J88) -> 18000

Sheet 5
A1: HARGA BAHAN-BAHAN POKOK
A2: DI PASAR TRADISIONAL KOTA SURABAYA
A3: Hari / Tanggal : Minggu , 05 November 2023
B4: NAMA BAHAN POKOK DAN PENTING LAINNYA | C4: SATUAN | D4: Pasar Tambahrejo | E4: Pasar Pucang Anom | F4: Pasar Wonokromo | G4: Pasar Genteng Baru | H4: Pasar Pabean | I4: Pasar Kembang | J4: Pasar Balongsari | K4: Rata-Rata
A7: 1 | B7: BERAS
B8: - Beras Premium | C8: Kg | D8: 15000 | E8: 14000 | F8: 14000 | G8: 14000 | H8: 14000 | I8: 14000 | J8: 14000 | K8: =AVERAGE(D8:J8) -> 14142.857
B9: - Beras Medium Bulog | C9: Kg | D9: 10900 | E9: 10900 | F9: 10900 | G9: 10900 | H9: 10900 | I9: 11000 | J9: - | K9: =AVERAGE(D9:J9) -> 10916.667
B10: - Beras Medium | C10: Kg | D10: - | E10: - | F10: - | G10: - | H10: - | I10: - | J10: - | K10: 0
B11: - Beras Jagung | C11: Kg | D11: - | E11: 10000 | F11: 12000 | G11: 10000 | H11: - | I11: 12000 | J11: 8000 | K11: =AVERAGE(D11:J11) -> 10400
B12: - Beras Ketan (Jenis Siyem) | C12: Kg | D12: - | E12: 21000 | F12: 17000 | G12: 20000 | H12: - | I12: 17000 | J12: 17000 | K12: =AVERAGE(D12:J12) -> 18400
A13: 2 | B13: GULA
B14: - Gula pasir lokal curah | C14: Kg | D14: 16000 | E14: 14500 | F14: 14500 | G14: 15000 | H14: 15000 | I14: 15000 | J14: 16000 | K14: =AVERAGE(D14:J14) -> 15142.857
B15: - Gula Jawa/Merah (Bahan Kelapa) | C15: Kg | D15: 15000 | E15: 16000 | F15: 15000 | G15: 15000 | H15: 15000 | I15: 15000 | J15: 16000 | K15: =AVERAGE(D15:J15) -> 15285.714
A16: 3 | B16: MINYAK GORENG
B17: - Minyak Goreng Curah (Bening) | C17: Kg | D17: 15000 | E17: 15000 | F17: 16000 | G17: 15000 | H17: 15000 | I17: 15000 | J17: 15000 | K17: =AVERAGE(D17:J17) -> 15142.857
B18: - Minyak Kita | C18: Liter | D18: 14000 | E18: 14000 | F18: 14000 | G18: 14000 | H18: - | I18: 14000 | J18: 14000 | K18: =AVERAGE(D18:J18) -> 14000
A19: 4 | B19: MENTEGA
B20: - Mentega Curah (Amanda) | C20: Kg | D20: 20000 | E20: 20000 | F20: 20000 | G20: 22000 | H20: - | I20: 20000 | J20: - | K20: =AVERAGE(D20:J20) -> 20400
A21: 5 | B21: DAGING
B22: - Daging Sapi Grade Atas | C22: Kg | D22: 120000 | E22: 120000 | F22: 120000 | G22: 120000 | H22: 120000 | I22: 120000 | J22: - | K22: =AVERAGE(D22:J22) -> 120000
B23: - Daging Sapi Grade Sedang | C23: Kg | D23: 110000 | E23: 110000 | F23: 110000 | G23: 110000 | H23: 115000 | I23: 115000 | J23: 110000 | K23: =AVERAGE(D23:J23) -> 111428.57
B24: - Daging Sapi Grade Bawah | C24: Kg | D24: 90000 | E24: 95000 | F24: 100000 | G24: 105000 | H24: 110000 | I24: 100000 | J24: 105000 | K24: =AVERAGE(D24:J24) -> 100714.29
B25: - Daging Ayam Broiler | C25: Kg | D25: 34000 | E25: 33000 | F25: 33000 | G25: 33000 | H25: 34500 | I25: 34000 | J25: 34000 | K25: =AVERAGE(D25:J25) -> 33642.857
A26: 6 | B26: I K A N
B27: - Ikan Tongkol Segar (Uk. Sedang) | C27: Kg | D27: 35000 | E27: 36000 | F27: - | G27: 35000 | H27: 35000 | I27: 35000 | J27: 35000 | K27: =AVERAGE(D27:J27) -> 35166.667
B28: - Ikan Mujair Segar (Uk. Sedang) | C28: Kg | D28: 25000 | E28: 28000 | F28: 30000 | G28: 30000 | H28: 23000 | I28: 30000 | J28: 25000 | K28: =AVERAGE(D28:J28) -> 27285.714
B29: - Udang Segar (Uk. Sedang) | C29: Kg | D29: 60000 | E29: 60000 | F29: 75000 | G29: 70000 | H29: 68000 | I29: 68000 | J29: 65000 | K29: =AVERAGE(D29:J29) -> 66571.429
B30: - Ikan Lele Segar (Ukuran Sedang) | C30: Kg | D30: 25000 | E30: - | F30: - | G30: 25000 | H30: 23000 | I30: 24000 | J30: 26000 | K30: =AVERAGE(D30:J30) -> 24600
B31: - Ikan Bandeng Segar (Uk. Sedang) | C31: Kg | D31: 35000 | E31: 36000 | F31: 40000 | G31: 35000 | H31: 28000 | I31: 38000 | J31: 40000 | K31: =AVERAGE(D31:J31) -> 36000
B32: - Ikan Teri Asin (Bukan Teri Medan) | C32: Kg | D32: - | E32: 100000 | F32: 100000 | G32: - | H32: 80000 | I32: - | J32: 70000 | K32: =AVERAGE(D32:J32) -> 87500
A33: 7 | B33: TELUR
B34: - Telur Ayam Broiler | C34: Kg | D34: 25000 | E34: 24000 | F34: 25000 | G34: 24000 | H34: 24000 | I34: 25000 | J34: 25000 | K34: =AVERAGE(D34:J34) -> 24571.429
B35: - Telur Ayam Kampung | C35: Butir | D35: 3000 | E35: 2500 | F35: 2500 | G35: 2600 | H35: 2500 | I35: 3000 | J35: 3000 | K35: =AVERAGE(D35:J35) -> 2728.5714
A36: 8 | B36: TAHU
B37: - Tahu biasa | C37: Kg | D37: 10000 | E37: 1250 | F37: 9000 | G37: 9000 | H37: 16000 | I37: 7000 | J37: 9000 | K37: =AVERAGE(D37:J37) -> 8750
B38: - Tahu susu | C38: Kg | D38: - | E38: 10000 | F38: 12000 | G38: 14000 | H38: - | I38: 15000 | J38: 12000 | K38: =AVERAGE(D38:J38) -> 12600
A39: 9 | B39: TEMPE
B40: - Tempe Kw I (campuran kedelai) | C40: Kg | D40: - | E40: - | F40: - | G40: 16000 | H40: 14000 | I40: 7000 | J40: 15000 | K40: =AVERAGE(D40:J40) -> 13000
B41: - Tempe Kw II (campuran jagung) | C41: Kg | D41: - | E41: - | F41: 6000 | G41: - | H41: - | I41: - | J41: - | K41: =AVERAGE(D41:J41) -> 6000
B42: - Tempe Kw III (campuran kulit) | C42: Kg | D42: - | E42: 2500 | F42: - | G42: - | H42: - | I42: - | J42: - | K42: =AVERAGE(D42:J42) -> 2500
A43: 10 | B43: S U S U
B44: - Susu Kental Manis "INDOMILK" Putih | C44: 390 Gr/kaleng | D44: 12500 | E44: 12000 | F44: 12500 | G44: 12500 | H44: - | I44: 12500 | J44: 12500 | K44: =AVERAGE(D44:J44) -> 12416.667
B45: - Susu Kental Manis "BENDERA" Putih | C45: 390 Gr/kaleng | D45: 12500 | E45: 13000 | F45: 12500 | G45: 12500 | H45: - | I45: 12500 | J45: 12500 | K45: =AVERAGE(D45:J45) -> 12583.333
A46: 11 | B46: SABUN CUCI
B47: - Sabun Detergen Rinso (Anti Noda) | C47: 900 Gram | D47: - | E47: - | F47: - | G47: - | H47: 17500 | I47: - | J47: - | K47: =AVERAGE(D47:J47) -> 17500
B48: - Sabun Colek "Wing's Biru" | C48: 350 Gram | D48: - | E48: - | F48: - | G48: - | H48: 2000 | I48: - | J48: - | K48: =AVERAGE(D48:J48) -> 2000
A49: 12 | B49: JAGUNG
B50: - Jagung Pipilan Kering (Jenis Kecil) | C50: Kg | D50: - | E50: 8000 | F50: 10000 | G50: 10000 | H50: 9000 | I50: 10000 | J50: 10000 | K50: =AVERAGE(D50:J50) -> 9500
B51: - Jagung Pipilan Kering (Jenis Besar) | C51: Kg | D51: 10000 | E51: 10000 | F51: 9000 | G51: 10000 | H51: 6000 | I51: 9000 | J51: 8000 | K51: =AVERAGE(D51:J51) -> 8857.1429
A52: 13 | B52: GARAM BERYODIUM
B53: - Garam Halus (Cap Kapal) | C53: 250 Gr/Bngks | D53: 3000 | E53: 8000 | F53: 5000 | G53: 5000 | H53: 2500 | I53: 2500 | J53: 2500 | K53: =AVERAGE(D53:J53) -> 4071.4286
A54: 14 | B54: TEPUNG TERIGU
B55: - Tepung Terigu "Segitiga Biru" Curah | C55: Kg | D55: 10000 | E55: 10500 | F55: 9000 | G55: 11000 | H55: 12000 | I55: 10000 | J55: 10000 | K55: =AVERAGE(D55:J55) -> 10357.143
A56: 15 | B56: KACANG-KACANGAN
B57: - Kacang Kedelai (Kualitas Import) | C57: Kg | D57: 15000 | E57: 13000 | F57: 15000 | G57: 13000 | H57: 13000 | I57: 14000 | J57: - | K57: =AVERAGE(D57:J57) -> 13833.333
B58: - Kacang Kedelai (Kualitas Lokal) | C58: Kg | D58: - | E58: - | F58: 14000 | G58: - | H58: - | I58: - | J58: 14000 | K58: =AVERAGE(D58:J58) -> 14000
B59: - Kacang Hijau | C59: Kg | D59: 22000 | E59: 23000 | F59: 23000 | G59: 22000 | H59: 22000 | I59: 23000 | J59: 22000 | K59: =AVERAGE(D59:J59) -> 22428.571
B60: - Kacang Tanah (Jenis Besar) | C60: Kg | D60: 30000 | E60: 30000 | F60: 28000 | G60: 29000 | H60: 26000 | I60: 28000 | J60: 28000 | K60: =AVERAGE(D60:J60) -> 28428.571
A61: 16 | B61: MIE INSTAN
B62: - Indomie Goreng | C62: 86 Gr/Bngks | D62: 3000 | E62: 3200 | F62: 3000 | G62: 3000 | H62: - | I62: 3500 | J62: 3500 | K62: =AVERAGE(D62:J62) -> 3200
A63: 17 | B63: C A B E
B64: - Cabe Merah Besar | C64: Kg | D64: 38000 | E64: 35000 | F64: 34000 | G64: 35000 | H64: 35000 | I64: 25000 | J64: 45000 | K64: =AVERAGE(D64:J64) -> 35285.714
B65: - Cabe Merah Kriting | C65: Kg | D65: 60000 | E65: 45000 | F65: 50000 | G65: 45000 | H65: 35000 | I65: 25000 | J65: - | K65: =AVERAGE(D65:J65) -> 43333.333
B66: - Cabe Merah Kecil-Rawit | C66: Kg | D66: 70000 | E66: 60000 | F66: 60000 | G66: 60000 | H66: 75000 | I66: 70000 | J66: 80000 | K66: =AVERAGE(D66:J66) -> 67857.143
A67: 18 | B67: BAHAN BAKAR GAS LPG
B68: - Gas LPG Tabung (3 Kg.) | C68: Per Tabung | D68: 20000 | E68: 18000 | F68: 20000 | G68: 18000 | H68: - | I68: 18000 | J68: 18000 | K68: =AVERAGE(D68:J68) -> 18666.667
A69: 19 | B69: BAWANG
B70: - Bawang Putih (Jenis Kating) | C70: Kg | D70: 34000 | E70: 34000 | F70: 34000 | G70: 34000 | H70: 33000 | I70: 35000 | J70: 38000 | K70: =AVERAGE(D70:J70) -> 34571.429
B71: - Bawang Putih (Jenis Sinco) | C71: Kg | D71: 32000 | E71: 32000 | F71: 32000 | G71: 32000 | H71: 30000 | I71: 33000 | J71: 35000 | K71: =AVERAGE(D71:J71) -> 32285.714
B72: - Bawang Merah (Kualitas Lokal) | C72: Kg | D72: 20000 | E72: 20000 | F72: 20000 | G72: 20000 | H72: 23000 | I72: 22000 | J72: 20000 | K72: =AVERAGE(D72:J72) -> 20714.286
B73: - Bawang Bombay | C73: Kg | D73: 30000 | E73: 27000 | F73: 25000 | G73: 30000 | H73: 25000 | I73: 27000 | J73: - | K73: =AVERAGE(D73:J73) -> 27333.333
A74: 20 | B74: UBI-UBIAN
B75: - Ketela Pohon | C75: Kg | D75: 6000 | E75: 7000 | F75: 5000 | G75: 6000 | H75: 5000 | I75: 5000 | J75: 5000 | K75: =AVERAGE(D75:J75) -> 5571.4286
B76: - Ubi Jalar | C76: Kg | D76: 6000 | E76: 6000 | F76: 6000 | G76: 6000 | H76: 5000 | I76: 6000 | J76: 6000 | K76: =AVERAGE(D76:J76) -> 5857.1429
A77: 21 | B77: SAYUR-SAYURAN
B78: - Kubis | C78: Kg | D78: 7000 | E78: 7000 | F78: 8000 | G78: 8000 | H78: 10000 | I78: 6000 | J78: - | K78: =AVERAGE(D78:J78) -> 7666.6667
B79: - Buncis | C79: Kg | D79: 20000 | E79: 12000 | F79: 12000 | G79: 16000 | H79: 10000 | I79: 12000 | J79: 20000 | K79: =AVERAGE(D79:J79) -> 14571.429
B80: - Kentang | C80: Kg | D80: 14000 | E80: 15000 | F80: 16000 | G80: 15000 | H80: 15000 | I80: 16000 | J80: 15000 | K80: =AVERAGE(D80:J80) -> 15142.857
B81: - Tomat | C81: Kg | D81: 8000 | E81: 8000 | F81: 5000 | G81: 10000 | H81: 5000 | I81: 9000 | J81: 5000 | K81: =AVERAGE(D81:J81) -> 7142.8571
B82: - Wortel (Kualitas Lokal) | C82: Kg | D82: 12000 | E82: 12000 | F82: 13000 | G82: 12000 | H82: 10000 | I82: 13000 | J82: 13000 | K82: =AVERAGE(D82:J82) -> 12142.857
B83: - Terong Ungu (Jenis Sayur) | C83: Kg | D83: 8000 | E83: 8000 | F83: 9000 | G83: 8000 | H83: 9000 | I83: 9000 | J83: 8000 | K83: =AVERAGE(D83:J83) -> 8428.5714
B84: - Bayam (Jenis Sayur) | C84: Ikat Kecil | D84: 1500 | E84: 1500 | F84: 2000 | G84: 2000 | H84: 1500 | I84: 2000 | J84: 1500 | K84: =AVERAGE(D84:J84) -> 1714.2857
B85: - Kangkung (Jenis Panjang) | C85: Ikat Kecil | D85: 1000 | E85: 1500 | F85: 1500 | G85: 2000 | H85: 1500 | I85: 1500 | J85: 1000 | K85: =AVERAGE(D85:J85) -> 1428.5714
B86: - Sawi (Jenis Hijau) | C86: Ikat Kecil | D86: - | E86: 2000 | F86: - | H86: 2500 | J86: 2000 | K86: =AVERAGE(D86:J86) -> 2166.6667
A87: 22 | B87: AIR MINERAL
B88: - Air Mineral (Aqua Galon) | C88: 19 Ltr/Galon | D88: - | E88: - | F88: 18000 | G88: 17000 | H88: - | I88: 19000 | J88: 18000 | K88: =AVERAGE(D88:J88) -> 18000

Sheet 6
A1: HARGA BAHAN-BAHAN POKOK
A2: DI PASAR TRADISIONAL KOTA SURABAYA
A3: Hari / Tanggal : Senin , 06 November 2023
B4: NAMA BAHAN POKOK DAN PENTING LAINNYA | C4: SATUAN | D4: Pasar Tambahrejo | E4: Pasar Pucang Anom | F4: Pasar Wonokromo | G4: Pasar Genteng Baru | H4: Pasar Pabean | I4: Pasar Kembang | J4: Pasar Balongsari | K4: Rata-Rata
A7: 1 | B7: BERAS
B8: - Beras Premium | C8: Kg | D8: 15000 | E8: 14000 | F8: 14000 | G8: 14000 | H8: 14000 | I8: 14000 | J8: 14000 | K8: =AVERAGE(D8:J8) -> 14142.857
B9: - Beras Medium Bulog | C9: Kg | D9: 10900 | E9: 10900 | F9: 10900 | G9: 10900 | H9: 10900 | I9: 11000 | J9: - | K9: =AVERAGE(D9:J9) -> 10916.667
B10: - Beras Medium | C10: Kg | D10: - | E10: - | F10: - | G10: - | H10: - | I10: - | J10: - | K10: 0
B11: - Beras Jagung | C11: Kg | D11: - | E11: 10000 | F11: 12000 | G11: 10000 | H11: - | I11: 12000 | J11: 8000 | K11: =AVERAGE(D11:J11) -> 10400
B12: - Beras Ketan (Jenis Siyem) | C12: Kg | D12: - | E12: 21000 | F12: 17000 | G12: 20000 | H12: - | I12: 17000 | J12: 17000 | K12: =AVERAGE(D12:J12) -> 18400
A13: 2 | B13: GULA
B14: - Gula pasir lokal curah | C14: Kg | D14: 16000 | E14: 15000 | F14: 15000 | G14: 15000 | H14: 15000 | I14: 15000 | J14: 16000 | K14: =AVERAGE(D14:J14) -> 15285.714
B15: - Gula Jawa/Merah (Bahan Kelapa) | C15: Kg | D15: 15000 | E15: 16000 | F15: 15000 | G15: 15000 | H15: 15000 | I15: 15000 | J15: 16000 | K15: =AVERAGE(D15:J15) -> 15285.714
A16: 3 | B16: MINYAK GORENG
B17: - Minyak Goreng Curah (Bening) | C17: Kg | D17: 15000 | E17: 15000 | F17: 16000 | G17: 15000 | H17: 15000 | I17: 15000 | J17: 15000 | K17: =AVERAGE(D17:J17) -> 15142.857
B18: - Minyak Kita | C18: Liter | D18: 14000 | E18: 14000 | F18: 14000 | G18: 14000 | H18: - | I18: 14000 | J18: 14000 | K18: =AVERAGE(D18:J18) -> 14000
A19: 4 | B19: MENTEGA
B20: - Mentega Curah (Amanda) | C20: Kg | D20: 20000 | E20: 20000 | F20: 20000 | G20: 22000 | H20: - | I20: 20000 | J20: - | K20: =AVERAGE(D20:J20) -> 20400
A21: 5 | B21: DAGING
B22: - Daging Sapi Grade Atas | C22: Kg | D22: 120000 | E22: 120000 | F22: 120000 | G22: 120000 | H22: 120000 | I22: 120000 | J22: - | K22: =AVERAGE(D22:J22) -> 120000
B23: - Daging Sapi Grade Sedang | C23: Kg | D23: 110000 | E23: 110000 | F23: 110000 | G23: 110000 | H23: 115000 | I23: 115000 | J23: 110000 | K23: =AVERAGE(D23:J23) -> 111428.57
B24: - Daging Sapi Grade Bawah | C24: Kg | D24: 90000 | E24: 95000 | F24: 100000 | G24: 105000 | H24: 110000 | I24: 100000 | J24: 105000 | K24: =AVERAGE(D24:J24) -> 100714.29
B25: - Daging Ayam Broiler | C25: Kg | D25: 34000 | E25: 32000 | F25: 33000 | G25: 33000 | H25: 34500 | I25: 34000 | J25: 34000 | K25: =AVERAGE(D25:J25) -> 33500
A26: 6 | B26: I K A N
B27: - Ikan Tongkol Segar (Uk. Sedang) | C27: Kg | D27: 35000 | E27: 36000 | F27: - | G27: 35000 | H27: 35000 | I27: 35000 | J27: 38000 | K27: =AVERAGE(D27:J27) -> 35666.667
B28: - Ikan Mujair Segar (Uk. Sedang) | C28: Kg | D28: 30000 | E28: 28000 | F28: 30000 | G28: 30000 | H28: 23000 | I28: 30000 | J28: 25000 | K28: =AVERAGE(D28:J28) -> 28000
B29: - Udang Segar (Uk. Sedang) | C29: Kg | D29: 60000 | E29: 60000 | F29: 75000 | G29: 70000 | H29: 68000 | I29: 68000 | J29: 70000 | K29: =AVERAGE(D29:J29) -> 67285.714
B30: - Ikan Lele Segar (Ukuran Sedang) | C30: Kg | D30: 25000 | E30: - | F30: - | G30: 25000 | H30: 23000 | I30: 24000 | J30: 26000 | K30: =AVERAGE(D30:J30) -> 24600
B31: - Ikan Bandeng Segar (Uk. Sedang) | C31: Kg | D31: 40000 | E31: 36000 | F31: 40000 | G31: 35000 | H31: 28000 | I31: 38000 | J31: 40000 | K31: =AVERAGE(D31:J31) -> 36714.286
B32: - Ikan Teri Asin (Bukan Teri Medan) | C32: Kg | D32: - | E32: 100000 | F32: 100000 | G32: - | H32: 80000 | I32: - | J32: 70000 | K32: =AVERAGE(D32:J32) -> 87500
A33: 7 | B33: TELUR
B34: - Telur Ayam Broiler | C34: Kg | D34: 25000 | E34: 25000 | F34: 26000 | G34: 25000 | H34: 26000 | I34: 25000 | J34: 27000 | K34: =AVERAGE(D34:J34) -> 25571.429
B35: - Telur Ayam Kampung | C35: Butir | D35: 3000 | E35: 2500 | F35: 2500 | G35: 2600 | H35: 2500 | I35: 3000 | J35: 3000 | K35: =AVERAGE(D35:J35) -> 2728.5714
A36: 8 | B36: TAHU
B37: - Tahu biasa | C37: Kg | D37: 10000 | E37: 1250 | F37: 9000 | G37: 9000 | H37: 16000 | I37: 7000 | J37: 9000 | K37: =AVERAGE(D37:J37) -> 8750
B38: - Tahu susu | C38: Kg | D38: - | E38: 10000 | F38: 12000 | G38: 14000 | H38: - | I38: 15000 | J38: 12000 | K38: =AVERAGE(D38:J38) -> 12600
A39: 9 | B39: TEMPE
B40: - Tempe Kw I (campuran kedelai) | C40: Kg | D40: - | E40: - | F40: - | G40: 16000 | H40: 14000 | I40: 7000 | J40: 15000 | K40: =AVERAGE(D40:J40) -> 13000
B41: - Tempe Kw II (campuran jagung) | C41: Kg | D41: - | E41: - | F41: 6000 | G41: - | H41: - | I41: - | J41: - | K41: =AVERAGE(D41:J41) -> 6000
B42: - Tempe Kw III (campuran kulit) | C42: Kg | D42: - | E42: 2500 | F42: - | G42: - | H42: - | I42: - | J42: - | K42: =AVERAGE(D42:J42) -> 2500
A43: 10 | B43: S U S U
B44: - Susu Kental Manis "INDOMILK" Putih | C44: 390 Gr/kaleng | D44: 12500 | E44: 12000 | F44: 12500 | G44: 12500 | H44: - | I44: 12500 | J44: 12500 | K44: =AVERAGE(D44:J44) -> 12416.667
B45: - Susu Kental Manis "BENDERA" Putih | C45: 390 Gr/kaleng | D45: 12500 | E45: 13000 | F45: 12500 | G45: 12500 | H45: - | I45: 12500 | J45: 12500 | K45: =AVERAGE(D45:J45) -> 12583.333
A46: 11 | B46: SABUN CUCI
B47: - Sabun Detergen Rinso (Anti Noda) | C47: 900 Gram | D47: - | E47: - | F47: - | G47: - | H47: 17500 | I47: - | J47: - | K47: =AVERAGE(D47:J47) -> 17500
B48: - Sabun Colek "Wing's Biru" | C48: 350 Gram | D48: - | E48: - | F48: - | G48: - | H48: 2000 | I48: - | J48: - | K48: =AVERAGE(D48:J48) -> 2000
A49: 12 | B49: JAGUNG
B50: - Jagung Pipilan Kering (Jenis Kecil) | C50: Kg | D50: - | E50: 8000 | F50: 10000 | G50: 10000 | H50: 9000 | I50: 10000 | J50: 10000 | K50: =AVERAGE(D50:J50) -> 9500
B51: - Jagung Pipilan Kering (Jenis Besar) | C51: Kg | D51: 10000 | E51: 10000 | F51: 9000 | G51: 10000 | H51: 6000 | I51: 9000 | J51: 8000 | K51: =AVERAGE(D51:J51) -> 8857.1429
A52: 13 | B52: GARAM BERYODIUM
B53: - Garam Halus (Cap Kapal) | C53: 250 Gr/Bngks | D53: 3000 | E53: 8000 | F53: 5000 | G53: 5000 | H53: 2500 | I53: 2500 | J53: 2500 | K53: =AVERAGE(D53:J53) -> 4071.4286
A54: 14 | B54: TEPUNG TERIGU
B55: - Tepung Terigu "Segitiga Biru" Curah | C55: Kg | D55: 10000 | E55: 10500 | F55: 9000 | G55: 11000 | H55: 12000 | I55: 10000 | J55: 10000 | K55: =AVERAGE(D55:J55) -> 10357.143
A56: 15 | B56: KACANG-KACANGAN
B57: - Kacang Kedelai (Kualitas Import) | C57: Kg | D57: 15000 | E57: 13000 | F57: 15000 | G57: 13000 | H57: 13000 | I57: 14000 | J57: - | K57: =AVERAGE(D57:J57) -> 13833.333
B58: - Kacang Kedelai (Kualitas Lokal) | C58: Kg | D58: - | E58: - | F58: 14000 | G58: - | H58: - | I58: - | J58: 14000 | K58: =AVERAGE(D58:J58) -> 14000
B59: - Kacang Hijau | C59: Kg | D59: 22000 | E59: 23000 | F59: 23000 | G59: 22000 | H59: 22000 | I59: 23000 | J59: 22000 | K59: =AVERAGE(D59:J59) -> 22428.571
B60: - Kacang Tanah (Jenis Besar) | C60: Kg | D60: 30000 | E60: 30000 | F60: 28000 | G60: 29000 | H60: 26000 | I60: 28000 | J60: 28000 | K60: =AVERAGE(D60:J60) -> 28428.571
A61: 16 | B61: MIE INSTAN
B62: - Indomie Goreng | C62: 86 Gr/Bngks | D62: 3000 | E62: 3200 | F62: 3000 | G62: 3000 | H62: - | I62: 3500 | J62: 3500 | K62: =AVERAGE(D62:J62) -> 3200
A63: 17 | B63: C A B E
B64: - Cabe Merah Besar | C64: Kg | D64: 50000 | E64: 40000 | F64: 45000 | G64: 50000 | H64: 50000 | I64: 25000 | J64: 50000 | K64: =AVERAGE(D64:J64) -> 44285.714
B65: - Cabe Merah Kriting | C65: Kg | D65: 60000 | E65: 50000 | F65: 55000 | G65: 60000 | H65: 50000 | I65: 25000 | J65: - | K65: =AVERAGE(D65:J65) -> 50000
B66: - Cabe Merah Kecil-Rawit | C66: Kg | D66: 60000 | E66: 50000 | F66: 50000 | G66: 70000 | H66: 60000 | I66: 70000 | J66: 75000 | K66: =AVERAGE(D66:J66) -> 62142.857
A67: 18 | B67: BAHAN BAKAR GAS LPG
B68: - Gas LPG Tabung (3 Kg.) | C68: Per Tabung | D68: 20000 | E68: 18000 | F68: 20000 | G68: 18000 | H68: - | I68: 18000 | J68: 18000 | K68: =AVERAGE(D68:J68) -> 18666.667
A69: 19 | B69: BAWANG
B70: - Bawang Putih (Jenis Kating) | C70: Kg | D70: 34000 | E70: 34000 | F70: 34000 | G70: 35000 | H70: 33000 | I70: 35000 | J70: 38000 | K70: =AVERAGE(D70:J70) -> 34714.286
B71: - Bawang Putih (Jenis Sinco) | C71: Kg | D71: 32000 | E71: 32000 | F71: 32000 | G71: 32000 | H71: 29000 | I71: 33000 | J71: 35000 | K71: =AVERAGE(D71:J71) -> 32142.857
B72: - Bawang Merah (Kualitas Lokal) | C72: Kg | D72: 25000 | E72: 20000 | F72: 20000 | G72: 25000 | H72: 22000 | I72: 22000 | J72: 25000 | K72: =AVERAGE(D72:J72) -> 22714.286
B73: - Bawang Bombay | C73: Kg | D73: 30000 | E73: 27000 | F73: 25000 | G73: 30000 | H73: 25000 | I73: 27000 | J73: - | K73: =AVERAGE(D73:J73) -> 27333.333
A74: 20 | B74: UBI-UBIAN
B75: - Ketela Pohon | C75: Kg | D75: 6000 | E75: 7000 | F75: 5000 | G75: 6000 | H75: 5000 | I75: 5000 | J75: 5000 | K75: =AVERAGE(D75:J75) -> 5571.4286
B76: - Ubi Jalar | C76: Kg | D76: 6000 | E76: 6000 | F76: 6000 | G76: 6000 | H76: 5000 | I76: 6000 | J76: 6000 | K76: =AVERAGE(D76:J76) -> 5857.1429
A77: 21 | B77: SAYUR-SAYURAN
B78: - Kubis | C78: Kg | D78: 7000 | E78: 7000 | F78: 8000 | G78: 8000 | H78: 10000 | I78: 6000 | J78: - | K78: =AVERAGE(D78:J78) -> 7666.6667
B79: - Buncis | C79: Kg | D79: 20000 | E79: 12000 | F79: 12000 | G79: 16000 | H79: 10000 | I79: 12000 | J79: 20000 | K79: =AVERAGE(D79:J79) -> 14571.429
B80: - Kentang | C80: Kg | D80: 14000 | E80: 15000 | F80: 16000 | G80: 15000 | H80: 15000 | I80: 16000 | J80: 15000 | K80: =AVERAGE(D80:J80) -> 15142.857
B81: - Tomat | C81: Kg | D81: 8000 | E81: 8000 | F81: 5000 | G81: 10000 | H81: 5000 | I81: 9000 | J81: 5000 | K81: =AVERAGE(D81:J81) -> 7142.8571
B82: - Wortel (Kualitas Lokal) | C82: Kg | D82: 12000 | E82: 12000 | F82: 13000 | G82: 12000 | H82: 10000 | I82: 13000 | J82: 13000 | K82: =AVERAGE(D82:J82) -> 12142.857
B83: - Terong Ungu (Jenis Sayur) | C83: Kg | D83: 8000 | E83: 8000 | F83: 9000 | G83: 8000 | H83: 9000 | I83: 9000 | J83: 8000 | K83: =AVERAGE(D83:J83) -> 8428.5714
B84: - Bayam (Jenis Sayur) | C84: Ikat Kecil | D84: 1500 | E84: 1500 | F84: 2000 | G84: 2000 | H84: 1500 | I84: 2000 | J84: 1500 | K84: =AVERAGE(D84:J84) -> 1714.2857
B85: - Kangkung (Jenis Panjang) | C85: Ikat Kecil | D85: 1000 | E85: 1500 | F85: 1500 | G85: 2000 | H85: 1500 | I85: 1500 | J85: 1000 | K85: =AVERAGE(D85:J85) -> 1428.5714
B86: - Sawi (Jenis Hijau) | C86: Ikat Kecil | D86: - | E86: 2000 | F86: - | H86: 2500 | J86: 2000 | K86: =AVERAGE(D86:J86) -> 2166.6667
A87: 22 | B87: AIR MINERAL
B88: - Air Mineral (Aqua Galon) | C88: 19 Ltr/Galon | D88: - | E88: - | F88: 18000 | G88: 17000 | H88: - | I88: 19000 | J88: 18000 | K88: =AVERAGE(D88:J88) -> 18000

Sheet 7
A1: HARGA BAHAN-BAHAN POKOK
A2: DI PASAR TRADISIONAL KOTA SURABAYA
A3: Hari / Tanggal : Selasa , 07 November 2023
B4: NAMA BAHAN POKOK DAN PENTING LAINNYA | C4: SATUAN | D4: Pasar Tambahrejo | E4: Pasar Pucang Anom | F4: Pasar Wonokromo | G4: Pasar Genteng Baru | H4: Pasar Pabean | I4: Pasar Kembang | J4: Pasar Balongsari | K4: Rata-Rata
A7: 1 | B7: BERAS
B8: - Beras Premium | C8: Kg | D8: 15000 | E8: 14000 | F8: 14000 | G8: 14000 | H8: 14000 | I8: 14000 | J8: 14000 | K8: =AVERAGE(D8:J8) -> 14142.857
B9: - Beras Medium Bulog | C9: Kg | D9: 10900 | E9: 10900 | F9: 10900 | G9: 10900 | H9: 10900 | I9: 11000 | J9: - | K9: =AVERAGE(D9:J9) -> 10916.667
B10: - Beras Medium | C10: Kg | D10: - | E10: - | F10: - | G10: - | H10: - | I10: - | J10: - | K10: 0
B11: - Beras Jagung | C11: Kg | D11: - | E11: 10000 | F11: 12000 | G11: 10000 | H11: - | I11: 12000 | J11: 8000 | K11: =AVERAGE(D11:J11) -> 10400
B12: - Beras Ketan (Jenis Siyem) | C12: Kg | D12: - | E12: 16000 | F12: 17000 | G12: 20000 | H12: - | I12: 17000 | J12: 17000 | K12: =AVERAGE(D12:J12) -> 17400
A13: 2 | B13: GULA
B14: - Gula pasir lokal curah | C14: Kg | D14: 16000 | E14: 15000 | F14: 14500 | G14: 15000 | H14: 15000 | I14: 15000 | J14: 16000 | K14: =AVERAGE(D14:J14) -> 15214.286
B15: - Gula Jawa/Merah (Bahan Kelapa) | C15: Kg | D15: 15000 | E15: 16000 | F15: 15000 | G15: 15000 | H15: 15000 | I15: 15000 | J15: 16000 | K15: =AVERAGE(D15:J15) -> 15285.714
A16: 3 | B16: MINYAK GORENG
B17: - Minyak Goreng Curah (Bening) | C17: Kg | D17: 15000 | E17: 15000 | F17: 16000 | G17: 15000 | H17: 15000 | I17: 15000 | J17: 15000 | K17: =AVERAGE(D17:J17) -> 15142.857
B18: - Minyak Kita | C18: Liter | D18: 14000 | E18: 14000 | F18: 14000 | G18: 14000 | H18: - | I18: 14000 | J18: 14000 | K18: =AVERAGE(D18:J18) -> 14000
A19: 4 | B19: MENTEGA
B20: - Mentega Curah (Amanda) | C20: Kg | D20: 20000 | E20: 20000 | F20: 20000 | G20: 22000 | H20: - | I20: 20000 | J20: - | K20: =AVERAGE(D20:J20) -> 20400
A21: 5 | B21: DAGING
B22: - Daging Sapi Grade Atas | C22: Kg | D22: 120000 | E22: 120000 | F22: 120000 | G22: 120000 | H22: 120000 | I22: 120000 | J22: - | K22: =AVERAGE(D22:J22) -> 120000
B23: - Daging Sapi Grade Sedang | C23: Kg | D23: 110000 | E23: 110000 | F23: 110000 | G23: 110000 | H23: 115000 | I23: 115000 | J23: 110000 | K23: =AVERAGE(D23:J23) -> 111428.57
B24: - Daging Sapi Grade Bawah | C24: Kg | D24: 90000 | E24: 95000 | F24: 100000 | G24: 105000 | H24: 110000 | I24: 100000 | J24: 105000 | K24: =AVERAGE(D24:J24) -> 100714.29
B25: - Daging Ayam Broiler | C25: Kg | D25: 34000 | E25: 32000 | F25: 34000 | G25: 34000 | H25: 35000 | I25: 34000 | J25: 34000 | K25: =AVERAGE(D25:J25) -> 33857.143
A26: 6 | B26: I K A N
B27: - Ikan Tongkol Segar (Uk. Sedang) | C27: Kg | D27: 35000 | E27: 36000 | F27: - | G27: 35000 | H27: 35000 | I27: 35000 | J27: 38000 | K27: =AVERAGE(D27:J27) -> 35666.667
B28: - Ikan Mujair Segar (Uk. Sedang) | C28: Kg | D28: 30000 | E28: 28000 | F28: 32000 | G28: 30000 | H28: 23000 | I28: 30000 | J28: 25000 | K28: =AVERAGE(D28:J28) -> 28285.714
B29: - Udang Segar (Uk. Sedang) | C29: Kg | D29: 60000 | E29: 60000 | F29: 65000 | G29: 70000 | H29: 68000 | I29: 68000 | J29: 70000 | K29: =AVERAGE(D29:J29) -> 65857.143
B30: - Ikan Lele Segar (Ukuran Sedang) | C30: Kg | D30: 25000 | E30: - | F30: - | G30: 25000 | H30: 23000 | I30: 24000 | J30: 26000 | K30: =AVERAGE(D30:J30) -> 24600
B31: - Ikan Bandeng Segar (Uk. Sedang) | C31: Kg | D31: 40000 | E31: 36000 | F31: 42000 | G31: 35000 | H31: 28000 | I31: 38000 | J31: 40000 | K31: =AVERAGE(D31:J31) -> 37000
B32: - Ikan Teri Asin (Bukan Teri Medan) | C32: Kg | D32: - | E32: 100000 | F32: 100000 | G32: - | H32: 80000 | I32: - | J32: 70000 | K32: =AVERAGE(D32:J32) -> 87500
A33: 7 | B33: TELUR
B34: - Telur Ayam Broiler | C34: Kg | D34: 25000 | E34: 25000 | F34: 25000 | G34: 25000 | H34: 26000 | I34: 25000 | J34: 27000 | K34: =AVERAGE(D34:J34) -> 25428.571
B35: - Telur Ayam Kampung | C35: Butir | D35: 3000 | E35: 2500 | F35: 2500 | G35: 2600 | H35: 2500 | I35: 3000 | J35: 3000 | K35: =AVERAGE(D35:J35) -> 2728.5714
A36: 8 | B36: TAHU
B37: - Tahu biasa | C37: Kg | D37: 10000 | E37: 1250 | F37: 9000 | G37: 9000 | H37: 16000 | I37: 7000 | J37: 9000 | K37: =AVERAGE(D37:J37) -> 8750
B38: - Tahu susu | C38: Kg | D38: - | E38: 10000 | F38: 12000 | G38: 14000 | H38: - | I38: 15000 | J38: 12000 | K38: =AVERAGE(D38:J38) -> 12600
A39: 9 | B39: TEMPE
B40: - Tempe Kw I (campuran kedelai) | C40: Kg | D40: - | E40: - | F40: - | G40: 16000 | H40: 14000 | I40: 7000 | J40: 15000 | K40: =AVERAGE(D40:J40) -> 13000
B41: - Tempe Kw II (campuran jagung) | C41: Kg | D41: - | E41: - | F41: 6000 | G41: - | H41: - | I41: - | J41: - | K41: =AVERAGE(D41:J41) -> 6000
B42: - Tempe Kw III (campuran kulit) | C42: Kg | D42: - | E42: 2500 | F42: - | G42: - | H42: - | I42: - | J42: - | K42: =AVERAGE(D42:J42) -> 2500
A43: 10 | B43: S U S U
B44: - Susu Kental Manis "INDOMILK" Putih | C44: 390 Gr/kaleng | D44: 12500 | E44: 12000 | F44: 12500 | G44: 12500 | H44: - | I44: 12500 | J44: 12500 | K44: =AVERAGE(D44:J44) -> 12416.667
B45: - Susu Kental Manis "BENDERA" Putih | C45: 390 Gr/kaleng | D45: 12500 | E45: 13000 | F45: 12500 | G45: 12500 | H45: - | I45: 12500 | J45: 12500 | K45: =AVERAGE(D45:J45) -> 12583.333
A46: 11 | B46: SABUN CUCI
B47: - Sabun Detergen Rinso (Anti Noda) | C47: 900 Gram | D47: - | E47: - | F47: - | G47: - | H47: 17500 | I47: - | J47: - | K47: =AVERAGE(D47:J47) -> 17500
B48: - Sabun Colek "Wing's Biru" | C48: 350 Gram | D48: - | E48: - | F48: - | G48: - | H48: 2000 | I48: - | J48: - | K48: =AVERAGE(D48:J48) -> 2000
A49: 12 | B49: JAGUNG
B50: - Jagung Pipilan Kering (Jenis Kecil) | C50: Kg | D50: - | E50: 8000 | F50: 10000 | G50: 10000 | H50: 9000 | I50: 10000 | J50: 10000 | K50: =AVERAGE(D50:J50) -> 9500
B51: - Jagung Pipilan Kering (Jenis Besar) | C51: Kg | D51: 10000 | E51: 10000 | F51: 9000 | G51: 10000 | H51: 6000 | I51: 9000 | J51: 8000 | K51: =AVERAGE(D51:J51) -> 8857.1429
A52: 13 | B52: GARAM BERYODIUM
B53: - Garam Halus (Cap Kapal) | C53: 250 Gr/Bngks | D53: 3000 | E53: 8000 | F53: 5000 | G53: 5000 | H53: 2500 | I53: 2500 | J53: 2500 | K53: =AVERAGE(D53:J53) -> 4071.4286
A54: 14 | B54: TEPUNG TERIGU
B55: - Tepung Terigu "Segitiga Biru" Curah | C55: Kg | D55: 10000 | E55: 10500 | F55: 10000 | G55: 11000 | H55: 12000 | I55: 10000 | J55: 10000 | K55: =AVERAGE(D55:J55) -> 10500
A56: 15 | B56: KACANG-KACANGAN
B57: - Kacang Kedelai (Kualitas Import) | C57: Kg | D57: 15000 | E57: 13000 | F57: 15000 | G57: 13000 | H57: 13000 | I57: 14000 | J57: - | K57: =AVERAGE(D57:J57) -> 13833.333
B58: - Kacang Kedelai (Kualitas Lokal) | C58: Kg | D58: - | E58: - | F58: 14000 | G58: - | H58: - | I58: - | J58: 14000 | K58: =AVERAGE(D58:J58) -> 14000
B59: - Kacang Hijau | C59: Kg | D59: 22000 | E59: 23000 | F59: 23000 | G59: 22000 | H59: 22000 | I59: 23000 | J59: 22000 | K59: =AVERAGE(D59:J59) -> 22428.571
B60: - Kacang Tanah (Jenis Besar) | C60: Kg | D60: 30000 | E60: 30000 | F60: 28000 | G60: 29000 | H60: 26000 | I60: 28000 | J60: 28000 | K60: =AVERAGE(D60:J60) -> 28428.571
A61: 16 | B61: MIE INSTAN
B62: - Indomie Goreng | C62: 86 Gr/Bngks | D62: 3000 | E62: 3200 | F62: 3000 | G62: 3000 | H62: - | I62: 3500 | J62: 3500 | K62: =AVERAGE(D62:J62) -> 3200
A63: 17 | B63: C A B E
B64: - Cabe Merah Besar | C64: Kg | D64: 50000 | E64: 40000 | F64: 48000 | G64: 50000 | H64: 60000 | I64: 25000 | J64: 40000 | K64: =AVERAGE(D64:J64) -> 44714.286
B65: - Cabe Merah Kriting | C65: Kg | D65: 60000 | E65: 50000 | F65: 57000 | G65: 60000 | H65: 60000 | I65: 25000 | J65: - | K65: =AVERAGE(D65:J65) -> 52000
B66: - Cabe Merah Kecil-Rawit | C66: Kg | D66: 60000 | E66: 50000 | F66: 65000 | G66: 70000 | H66: 65000 | I66: 70000 | J66: 65000 | K66: =AVERAGE(D66:J66) -> 63571.429
A67: 18 | B67: BAHAN BAKAR GAS LPG
B68: - Gas LPG Tabung (3 Kg.) | C68: Per Tabung | D68: 20000 | E68: 18000 | F68: 20000 | G68: 18000 | H68: - | I68: 18000 | J68: 18000 | K68: =AVERAGE(D68:J68) -> 18666.667
A69: 19 | B69: BAWANG
B70: - Bawang Putih (Jenis Kating) | C70: Kg | D70: 34000 | E70: 34000 | F70: 36000 | G70: 35000 | H70: 32000 | I70: 35000 | J70: 37000 | K70: =AVERAGE(D70:J70) -> 34714.286
B71: - Bawang Putih (Jenis Sinco) | C71: Kg | D71: 32000 | E71: 32000 | F71: 32000 | G71: 32000 | H71: 28000 | I71: 33000 | J71: 35000 | K71: =AVERAGE(D71:J71) -> 32000
B72: - Bawang Merah (Kualitas Lokal) | C72: Kg | D72: 25000 | E72: 20000 | F72: 24000 | G72: 25000 | H72: 22000 | I72: 22000 | J72: 25000 | K72: =AVERAGE(D72:J72) -> 23285.714
B73: - Bawang Bombay | C73: Kg | D73: 30000 | E73: 27000 | F73: 25000 | G73: 30000 | H73: 25000 | I73: 27000 | J73: - | K73: =AVERAGE(D73:J73) -> 27333.333
A74: 20 | B74: UBI-UBIAN
B75: - Ketela Pohon | C75: Kg | D75: 6000 | E75: 7000 | F75: 5000 | G75: 6000 | H75: 5000 | I75: 5000 | J75: 5000 | K75: =AVERAGE(D75:J75) -> 5571.4286
B76: - Ubi Jalar | C76: Kg | D76: 6000 | E76: 6000 | F76: 6000 | G76: 6000 | H76: 5000 | I76: 6000 | J76: 6000 | K76: =AVERAGE(D76:J76) -> 5857.1429
A77: 21 | B77: SAYUR-SAYURAN
B78: - Kubis | C78: Kg | D78: 7000 | E78: 7000 | F78: 8000 | G78: 8000 | H78: 10000 | I78: 6000 | J78: - | K78: =AVERAGE(D78:J78) -> 7666.6667
B79: - Buncis | C79: Kg | D79: 20000 | E79: 12000 | F79: 12000 | G79: 16000 | H79: 10000 | I79: 12000 | J79: 20000 | K79: =AVERAGE(D79:J79) -> 14571.429
B80: - Kentang | C80: Kg | D80: 14000 | E80: 15000 | F80: 15000 | G80: 15000 | H80: 15000 | I80: 16000 | J80: 15000 | K80: =AVERAGE(D80:J80) -> 15000
B81: - Tomat | C81: Kg | D81: 8000 | E81: 8000 | F81: 5000 | G81: 10000 | H81: 5000 | I81: 9000 | J81: 5000 | K81: =AVERAGE(D81:J81) -> 7142.8571
B82: - Wortel (Kualitas Lokal) | C82: Kg | D82: 12000 | E82: 12000 | F82: 13000 | G82: 12000 | H82: 10000 | I82: 13000 | J82: 13000 | K82: =AVERAGE(D82:J82) -> 12142.857
B83: - Terong Ungu (Jenis Sayur) | C83: Kg | D83: 8000 | E83: 8000 | F83: 9000 | G83: 8000 | H83: 9000 | I83: 9000 | J83: 8000 | K83: =AVERAGE(D83:J83) -> 8428.5714
B84: - Bayam (Jenis Sayur) | C84: Ikat Kecil | D84: 1500 | E84: 1500 | F84: 2000 | G84: 2000 | H84: 1500 | I84: 2000 | J84: 1500 | K84: =AVERAGE(D84:J84) -> 1714.2857
B85: - Kangkung (Jenis Panjang) | C85: Ikat Kecil | D85: 1000 | E85: 1500 | F85: 1500 | G85: 2000 | H85: 1500 | I85: 1500 | J85: 1000 | K85: =AVERAGE(D85:J85) -> 1428.5714
B86: - Sawi (Jenis Hijau) | C86: Ikat Kecil | D86: - | E86: 2000 | F86: - | H86: 2500 | J86: 2000 | K86: =AVERAGE(D86:J86) -> 2166.6667
A87: 22 | B87: AIR MINERAL
B88: - Air Mineral (Aqua Galon) | C88: 19 Ltr/Galon | D88: - | E88: - | F88: 18000 | G88: 17000 | H88: - | I88: 19000 | J88: 18000 | K88: =AVERAGE(D88:J88) -> 18000

Sheet 8
A1: HARGA BAHAN-BAHAN POKOK
A2: DI PASAR TRADISIONAL KOTA SURABAYA
A3: Hari / Tanggal : Rabu , 08 November 2023
B4: NAMA BAHAN POKOK DAN PENTING LAINNYA | C4: SATUAN | D4: Pasar Tambahrejo | E4: Pasar Pucang Anom | F4: Pasar Wonokromo | G4: Pasar Genteng Baru | H4: Pasar Pabean | I4: Pasar Kembang | J4: Pasar Balongsari | K4: Rata-Rata
A7: 1 | B7: BERAS
B8: - Beras Premium | C8: Kg | D8: 15000 | E8: 14000 | F8: 14000 | G8: 14000 | H8: 14000 | I8: 14000 | J8: 14000 | K8: =AVERAGE(D8:J8) -> 14142.857
B9: - Beras Medium Bulog | C9: Kg | D9: 10900 | E9: 10900 | F9: 10900 | G9: 10900 | H9: 10900 | I9: 11000 | J9: - | K9: =AVERAGE(D9:J9) -> 10916.667
B10: - Beras Medium | C10: Kg | D10: - | E10: - | F10: - | G10: - | H10: - | I10: - | J10: - | K10: 0
B11: - Beras Jagung | C11: Kg | D11: - | E11: 10000 | F11: 12000 | G11: 10000 | H11: - | I11: 12000 | J11: 8000 | K11: =AVERAGE(D11:J11) -> 10400
B12: - Beras Ketan (Jenis Siyem) | C12: Kg | D12: - | E12: - | F12: 17000 | G12: 20000 | H12: - | I12: 17000 | J12: 17000 | K12: =AVERAGE(D12:J12) -> 17750
A13: 2 | B13: GULA
B14: - Gula pasir lokal curah | C14: Kg | D14: 16000 | E14: 15000 | F14: 14500 | G14: 15000 | H14: 15000 | I14: 15000 | J14: 16000 | K14: =AVERAGE(D14:J14) -> 15214.286
B15: - Gula Jawa/Merah (Bahan Kelapa) | C15: Kg | D15: 15000 | E15: 16000 | F15: 15000 | G15: 15000 | H15: 15000 | I15: 15000 | J15: 16000 | K15: =AVERAGE(D15:J15) -> 15285.714
A16: 3 | B16: MINYAK GORENG
B17: - Minyak Goreng Curah (Bening) | C17: Kg | D17: 15000 | E17: 15000 | F17: 16000 | G17: 15000 | H17: 15000 | I17: 15000 | J17: 15000 | K17: =AVERAGE(D17:J17) -> 15142.857
B18: - Minyak Kita | C18: Liter | D18: 14000 | E18: 14000 | F18: 14000 | G18: 14000 | H18: - | I18: 14000 | J18: 14000 | K18: =AVERAGE(D18:J18) -> 14000
A19: 4 | B19: MENTEGA
B20: - Mentega Curah (Amanda) | C20: Kg | D20: 20000 | E20: 20000 | F20: 20000 | G20: 22000 | H20: - | I20: 20000 | J20: - | K20: =AVERAGE(D20:J20) -> 20400
A21: 5 | B21: DAGING
B22: - Daging Sapi Grade Atas | C22: Kg | D22: 120000 | E22: 120000 | F22: 120000 | G22: 120000 | H22: 120000 | I22: 120000 | J22: - | K22: =AVERAGE(D22:J22) -> 120000
B23: - Daging Sapi Grade Sedang | C23: Kg | D23: 110000 | E23: 110000 | F23: 110000 | G23: 110000 | H23: 115000 | I23: 115000 | J23: 110000 | K23: =AVERAGE(D23:J23) -> 111428.57
B24: - Daging Sapi Grade Bawah | C24: Kg | D24: 90000 | E24: 95000 | F24: 100000 | G24: 105000 | H24: 110000 | I24: 100000 | J24: 105000 | K24: =AVERAGE(D24:J24) -> 100714.29
B25: - Daging Ayam Broiler | C25: Kg | D25: 34000 | E25: 34000 | F25: 33000 | G25: 34000 | H25: 35000 | I25: 34000 | J25: 34000 | K25: =AVERAGE(D25:J25) -> 34000
A26: 6 | B26: I K A N
B27: - Ikan Tongkol Segar (Uk. Sedang) | C27: Kg | D27: 35000 | E27: 36000 | F27: - | G27: 35000 | H27: 35000 | I27: 35000 | J27: 38000 | K27: =AVERAGE(D27:J27) -> 35666.667
B28: - Ikan Mujair Segar (Uk. Sedang) | C28: Kg | D28: 30000 | E28: 28000 | F28: 32000 | G28: 30000 | H28: 23000 | I28: 30000 | J28: 25000 | K28: =AVERAGE(D28:J28) -> 28285.714
B29: - Udang Segar (Uk. Sedang) | C29: Kg | D29: 60000 | E29: 60000 | F29: 65000 | G29: 70000 | H29: 68000 | I29: 68000 | J29: 70000 | K29: =AVERAGE(D29:J29) -> 65857.143
B30: - Ikan Lele Segar (Ukuran Sedang) | C30: Kg | D30: 25000 | E30: - | F30: - | G30: 25000 | H30: 23000 | I30: 24000 | J30: 26000 | K30: =AVERAGE(D30:J30) -> 24600
B31: - Ikan Bandeng Segar (Uk. Sedang) | C31: Kg | D31: 40000 | E31: 36000 | F31: 42000 | G31: 35000 | H31: 28000 | I31: 38000 | J31: 40000 | K31: =AVERAGE(D31:J31) -> 37000
B32: - Ikan Teri Asin (Bukan Teri Medan) | C32: Kg | D32: - | E32: 100000 | F32: 100000 | G32: - | H32: 80000 | I32: - | J32: 70000 | K32: =AVERAGE(D32:J32) -> 87500
A33: 7 | B33: TELUR
B34: - Telur Ayam Broiler | C34: Kg | D34: 25000 | E34: 25000 | F34: 26000 | G34: 25000 | H34: 26000 | I34: 25000 | J34: 27000 | K34: =AVERAGE(D34:J34) -> 25571.429
B35: - Telur Ayam Kampung | C35: Butir | D35: 3000 | E35: 2500 | F35: 2500 | G35: 2600 | H35: 2500 | I35: 3000 | J35: 3000 | K35: =AVERAGE(D35:J35) -> 2728.5714
A36: 8 | B36: TAHU
B37: - Tahu biasa | C37: Kg | D37: 10000 | E37: 1250 | F37: 9000 | G37: 9000 | H37: 16000 | I37: 7000 | J37: 9000 | K37: =AVERAGE(D37:J37) -> 8750
B38: - Tahu susu | C38: Kg | D38: - | E38: 10000 | F38: 12000 | G38: 14000 | H38: - | I38: 15000 | J38: 12000 | K38: =AVERAGE(D38:J38) -> 12600
A39: 9 | B39: TEMPE
B40: - Tempe Kw I (campuran kedelai) | C40: Kg | D40: - | E40: - | F40: - | G40: 16000 | H40: 14000 | I40: 7000 | J40: 15000 | K40: =AVERAGE(D40:J40) -> 13000
B41: - Tempe Kw II (campuran jagung) | C41: Kg | D41: - | E41: - | F41: 6000 | G41: - | H41: - | I41: - | J41: - | K41: =AVERAGE(D41:J41) -> 6000
B42: - Tempe Kw III (campuran kulit) | C42: Kg | D42: - | E42: 2500 | F42: - | G42: - | H42: - | I42: - | J42: - | K42: =AVERAGE(D42:J42) -> 2500
A43: 10 | B43: S U S U
B44: - Susu Kental Manis "INDOMILK" Putih | C44: 390 Gr/kaleng | D44: 12500 | E44: 12000 | F44: 12500 | G44: 12500 | H44: - | I44: 12500 | J44: 12500 | K44: =AVERAGE(D44:J44) -> 12416.667
B45: - Susu Kental Manis "BENDERA" Putih | C45: 390 Gr/kaleng | D45: 12500 | E45: 13000 | F45: 12500 | G45: 12500 | H45: - | I45: 12500 | J45: 12500 | K45: =AVERAGE(D45:J45) -> 12583.333
A46: 11 | B46: SABUN CUCI
B47: - Sabun Detergen Rinso (Anti Noda) | C47: 900 Gram | D47: - | E47: - | F47: - | G47: - | H47: 17500 | I47: - | J47: - | K47: =AVERAGE(D47:J47) -> 17500
B48: - Sabun Colek "Wing's Biru" | C48: 350 Gram | D48: - | E48: - | F48: - | G48: - | H48: 2000 | I48: - | J48: - | K48: =AVERAGE(D48:J48) -> 2000
A49: 12 | B49: JAGUNG
B50: - Jagung Pipilan Kering (Jenis Kecil) | C50: Kg | D50: - | E50: 8000 | F50: 10000 | G50: 10000 | H50: 9000 | I50: 10000 | J50: 10000 | K50: =AVERAGE(D50:J50) -> 9500
B51: - Jagung Pipilan Kering (Jenis Besar) | C51: Kg | D51: 10000 | E51: 10000 | F51: 9000 | G51: 10000 | H51: 6000 | I51: 9000 | J51: 8000 | K51: =AVERAGE(D51:J51) -> 8857.1429
A52: 13 | B52: GARAM BERYODIUM
B53: - Garam Halus (Cap Kapal) | C53: 250 Gr/Bngks | D53: 3000 | E53: 8000 | F53: 5000 | G53: 5000 | H53: 2500 | I53: 2500 | J53: 2500 | K53: =AVERAGE(D53:J53) -> 4071.4286
A54: 14 | B54: TEPUNG TERIGU
B55: - Tepung Terigu "Segitiga Biru" Curah | C55: Kg | D55: 10000 | E55: 10500 | F55: 10000 | G55: 11000 | H55: 12000 | I55: 10000 | J55: 10000 | K55: =AVERAGE(D55:J55) -> 10500
A56: 15 | B56: KACANG-KACANGAN
B57: - Kacang Kedelai (Kualitas Import) | C57: Kg | D57: 15000 | E57: 13000 | F57: 15000 | G57: 13000 | H57: 13000 | I57: 14000 | J57: - | K57: =AVERAGE(D57:J57) -> 13833.333
B58: - Kacang Kedelai (Kualitas Lokal) | C58: Kg | D58: - | E58: - | F58: 14000 | G58: - | H58: - | I58: - | J58: 14000 | K58: =AVERAGE(D58:J58) -> 14000
B59: - Kacang Hijau | C59: Kg | D59: 22000 | E59: 23000 | F59: 23000 | G59: 22000 | H59: 22000 | I59: 23000 | J59: 22000 | K59: =AVERAGE(D59:J59) -> 22428.571
B60: - Kacang Tanah (Jenis Besar) | C60: Kg | D60: 30000 | E60: 30000 | F60: 28000 | G60: 29000 | H60: 26000 | I60: 28000 | J60: 28000 | K60: =AVERAGE(D60:J60) -> 28428.571
A61: 16 | B61: MIE INSTAN
B62: - Indomie Goreng | C62: 86 Gr/Bngks | D62: 3000 | E62: 3200 | F62: 3000 | G62: 3000 | H62: - | I62: 3500 | J62: 3500 | K62: =AVERAGE(D62:J62) -> 3200
A63: 17 | B63: C A B E
B64: - Cabe Merah Besar | C64: Kg | D64: 52000 | E64: 50000 | F64: 48000 | G64: 50000 | H64: 50000 | I64: 25000 | J64: 40000 | K64: =AVERAGE(D64:J64) -> 45000
B65: - Cabe Merah Kriting | C65: Kg | D65: 65000 | E65: 55000 | F65: 57000 | G65: 55000 | H65: 50000 | I65: 25000 | J65: - | K65: =AVERAGE(D65:J65) -> 51166.667
B66: - Cabe Merah Kecil-Rawit | C66: Kg | D66: 62000 | E66: 65000 | F66: 69000 | G66: 65000 | H66: 75000 | I66: 70000 | J66: 65000 | K66: =AVERAGE(D66:J66) -> 67285.714
A67: 18 | B67: BAHAN BAKAR GAS LPG
B68: - Gas LPG Tabung (3 Kg.) | C68: Per Tabung | D68: 20000 | E68: 18000 | F68: 20000 | G68: 18000 | H68: - | I68: 18000 | J68: 18000 | K68: =AVERAGE(D68:J68) -> 18666.667
A69: 19 | B69: BAWANG
B70: - Bawang Putih (Jenis Kating) | C70: Kg | D70: 34000 | E70: 34000 | F70: 34000 | G70: 35000 | H70: 32000 | I70: 35000 | J70: 37000 | K70: =AVERAGE(D70:J70) -> 34428.571
B71: - Bawang Putih (Jenis Sinco) | C71: Kg | D71: 32000 | E71: 32000 | F71: 32000 | G71: 32000 | H71: 28000 | I71: 33000 | J71: 35000 | K71: =AVERAGE(D71:J71) -> 32000
B72: - Bawang Merah (Kualitas Lokal) | C72: Kg | D72: 25000 | E72: 20000 | F72: 24000 | G72: 25000 | H72: 25000 | I72: 22000 | J72: 25000 | K72: =AVERAGE(D72:J72) -> 23714.286
B73: - Bawang Bombay | C73: Kg | D73: 30000 | E73: 27000 | F73: 25000 | G73: 30000 | H73: 25000 | I73: 27000 | J73: - | K73: =AVERAGE(D73:J73) -> 27333.333
A74: 20 | B74: UBI-UBIAN
B75: - Ketela Pohon | C75: Kg | D75: 6000 | E75: 7000 | F75: 5000 | G75: 6000 | H75: 5000 | I75: 5000 | J75: 5000 | K75: =AVERAGE(D75:J75) -> 5571.4286
B76: - Ubi Jalar | C76: Kg | D76: 6000 | E76: 6000 | F76: 6000 | G76: 6000 | H76: 5000 | I76: 6000 | J76: 6000 | K76: =AVERAGE(D76:J76) -> 5857.1429
A77: 21 | B77: SAYUR-SAYURAN
B78: - Kubis | C78: Kg | D78: 7000 | E78: 7000 | F78: 8000 | G78: 8000 | H78: 10000 | I78: 6000 | J78: - | K78: =AVERAGE(D78:J78) -> 7666.6667
B79: - Buncis | C79: Kg | D79: 20000 | E79: 12000 | F79: 12000 | G79: 16000 | H79: 10000 | I79: 12000 | J79: 20000 | K79: =AVERAGE(D79:J79) -> 14571.429
B80: - Kentang | C80: Kg | D80: 14000 | E80: 15000 | F80: 15000 | G80: 15000 | H80: 15000 | I80: 16000 | J80: 15000 | K80: =AVERAGE(D80:J80) -> 15000
B81: - Tomat | C81: Kg | D81: 8000 | E81: 8000 | F81: 5000 | G81: 10000 | H81: 5000 | I81: 9000 | J81: 5000 | K81: =AVERAGE(D81:J81) -> 7142.8571
B82: - Wortel (Kualitas Lokal) | C82: Kg | D82: 12000 | E82: 12000 | F82: 13000 | G82: 12000 | H82: 10000 | I82: 13000 | J82: 13000 | K82: =AVERAGE(D82:J82) -> 12142.857
B83: - Terong Ungu (Jenis Sayur) | C83: Kg | D83: 8000 | E83: 8000 | F83: 9000 | G83: 8000 | H83: 9000 | I83: 9000 | J83: 8000 | K83: =AVERAGE(D83:J83) -> 8428.5714
B84: - Bayam (Jenis Sayur) | C84: Ikat Kecil | D84: 1500 | E84: 1500 | F84: 2000 | G84: 2000 | H84: 1500 | I84: 2000 | J84: 1500 | K84: =AVERAGE(D84:J84) -> 1714.2857
B85: - Kangkung (Jenis Panjang) | C85: Ikat Kecil | D85: 1000 | E85: 1500 | F85: 1500 | G85: 2000 | H85: 1500 | I85: 1500 | J85: 1000 | K85: =AVERAGE(D85:J85) -> 1428.5714
B86: - Sawi (Jenis Hijau) | C86: Ikat Kecil | D86: - | E86: 2000 | F86: - | H86: 2500 | J86: 2000 | K86: =AVERAGE(D86:J86) -> 2166.6667
A87: 22 | B87: AIR MINERAL
B88: - Air Mineral (Aqua Galon) | C88: 19 Ltr/Galon | D88: - | E88: - | F88: 18000 | G88: 17000 | H88: - | I88: 19000 | J88: 18000 | K88: =AVERAGE(D88:J88) -> 18000

Sheet 9
A1: HARGA BAHAN-BAHAN POKOK
A2: DI PASAR TRADISIONAL KOTA SURABAYA
A3: Hari / Tanggal : Kamis , 09 November 2023
B4: NAMA BAHAN POKOK DAN PENTING LAINNYA | C4: SATUAN | D4: Pasar Tambahrejo | E4: Pasar Pucang Anom | F4: Pasar Wonokromo | G4: Pasar Genteng Baru | H4: Pasar Pabean | I4: Pasar Kembang | J4: Pasar Balongsari | K4: Rata-Rata
A7: 1 | B7: BERAS
B8: - Beras Premium | C8: Kg | D8: 15000 | E8: 14000 | F8: 13700 | G8: 14000 | H8: 14000 | I8: 14000 | J8: 14000 | K8: =AVERAGE(D8:J8) -> 14100
B9: - Beras Medium Bulog | C9: Kg | D9: 10900 | E9: 10900 | F9: 10900 | G9: 10900 | H9: 10900 | I9: 11000 | J9: - | K9: =AVERAGE(D9:J9) -> 10916.667
B10: - Beras Medium | C10: Kg | D10: - | E10: - | F10: - | G10: - | H10: - | I10: - | J10: - | K10: 0
B11: - Beras Jagung | C11: Kg | D11: - | E11: 10000 | F11: 12000 | G11: 10000 | H11: - | I11: 12000 | J11: 8000 | K11: =AVERAGE(D11:J11) -> 10400
B12: - Beras Ketan (Jenis Siyem) | C12: Kg | D12: - | E12: - | F12: 17000 | G12: 20000 | H12: - | I12: 17000 | J12: 17000 | K12: =AVERAGE(D12:J12) -> 17750
A13: 2 | B13: GULA
B14: - Gula pasir lokal curah | C14: Kg | D14: 16000 | E14: 15000 | F14: 14500 | G14: 15000 | H14: 15000 | I14: 15000 | J14: 16000 | K14: =AVERAGE(D14:J14) -> 15214.286
B15: - Gula Jawa/Merah (Bahan Kelapa) | C15: Kg | D15: 15000 | E15: 16000 | F15: 15000 | G15: 15000 | H15: 15000 | I15: 15000 | J15: 16000 | K15: =AVERAGE(D15:J15) -> 15285.714
A16: 3 | B16: MINYAK GORENG
B17: - Minyak Goreng Curah (Bening) | C17: Kg | D17: 15000 | E17: 15000 | F17: 15000 | G17: 15000 | H17: 15000 | I17: 15000 | J17: 15000 | K17: =AVERAGE(D17:J17) -> 15000
B18: - Minyak Kita | C18: Liter | D18: 14000 | E18: 14000 | F18: 14000 | G18: 14000 | H18: - | I18: 14000 | J18: 14000 | K18: =AVERAGE(D18:J18) -> 14000
A19: 4 | B19: MENTEGA
B20: - Mentega Curah (Amanda) | C20: Kg | D20: 20000 | E20: 20000 | F20: 20000 | G20: 22000 | H20: - | I20: 20000 | J20: - | K20: =AVERAGE(D20:J20) -> 20400
A21: 5 | B21: DAGING
B22: - Daging Sapi Grade Atas | C22: Kg | D22: 120000 | E22: 120000 | F22: 120000 | G22: 120000 | H22: 120000 | I22: 120000 | J22: - | K22: =AVERAGE(D22:J22) -> 120000
B23: - Daging Sapi Grade Sedang | C23: Kg | D23: 110000 | E23: 110000 | F23: 110000 | G23: 110000 | H23: 115000 | I23: 115000 | J23: 110000 | K23: =AVERAGE(D23:J23) -> 111428.57
B24: - Daging Sapi Grade Bawah | C24: Kg | D24: 90000 | E24: 95000 | F24: 100000 | G24: 105000 | H24: 110000 | I24: 100000 | J24: 105000 | K24: =AVERAGE(D24:J24) -> 100714.29
B25: - Daging Ayam Broiler | C25: Kg | D25: 34000 | E25: 33000 | F25: 33000 | G25: 34000 | H25: 35000 | I25: 34000 | J25: 35000 | K25: =AVERAGE(D25:J25) -> 34000
A26: 6 | B26: I K A N
B27: - Ikan Tongkol Segar (Uk. Sedang) | C27: Kg | D27: 35000 | E27: 36000 | F27: - | G27: 35000 | H27: 35000 | I27: 35000 | J27: 38000 | K27: =AVERAGE(D27:J27) -> 35666.667
B28: - Ikan Mujair Segar (Uk. Sedang) | C28: Kg | D28: 30000 | E28: 28000 | F28: 32000 | G28: 30000 | H28: 23000 | I28: 30000 | J28: 25000 | K28: =AVERAGE(D28:J28) -> 28285.714
B29: - Udang Segar (Uk. Sedang) | C29: Kg | D29: 60000 | E29: 60000 | F29: 65000 | G29: 70000 | H29: 68000 | I29: 68000 | J29: 70000 | K29: =AVERAGE(D29:J29) -> 65857.143
B30: - Ikan Lele Segar (Ukuran Sedang) | C30: Kg | D30: 25000 | E30: - | F30: - | G30: 25000 | H30: 23000 | I30: 24000 | J30: 26000 | K30: =AVERAGE(D30:J30) -> 24600
B31: - Ikan Bandeng Segar (Uk. Sedang) | C31: Kg | D31: 40000 | E31: 36000 | F31: 42000 | G31: 35000 | H31: 28000 | I31: 38000 | J31: 40000 | K31: =AVERAGE(D31:J31) -> 37000
B32: - Ikan Teri Asin (Bukan Teri Medan) | C32: Kg | D32: - | E32: 100000 | F32: 100000 | G32: - | H32: 80000 | I32: - | J32: 70000 | K32: =AVERAGE(D32:J32) -> 87500
A33: 7 | B33: TELUR
B34: - Telur Ayam Broiler | C34: Kg | D34: 25000 | E34: 25000 | F34: 26000 | G34: 25000 | H34: 26000 | I34: 25000 | J34: 27000 | K34: =AVERAGE(D34:J34) -> 25571.429
B35: - Telur Ayam Kampung | C35: Butir | D35: 3000 | E35: 2500 | F35: 2500 | G35: 2600 | H35: 2500 | I35: 3000 | J35: 3000 | K35: =AVERAGE(D35:J35) -> 2728.5714
A36: 8 | B36: TAHU
B37: - Tahu biasa | C37: Kg | D37: 10000 | E37: 1250 | F37: 9000 | G37: 9000 | H37: 16000 | I37: 7000 | J37: 9000 | K37: =AVERAGE(D37:J37) -> 8750
B38: - Tahu susu | C38: Kg | D38: - | E38: 10000 | F38: 12000 | G38: 14000 | H38: - | I38: 15000 | J38: 12000 | K38: =AVERAGE(D38:J38) -> 12600
A39: 9 | B39: TEMPE
B40: - Tempe Kw I (campuran kedelai) | C40: Kg | D40: - | E40: - | F40: - | G40: 16000 | H40: 14000 | I40: 7000 | J40: 15000 | K40: =AVERAGE(D40:J40) -> 13000
B41: - Tempe Kw II (campuran jagung) | C41: Kg | D41: - | E41: - | F41: 6000 | G41: - | H41: - | I41: - | J41: - | K41: =AVERAGE(D41:J41) -> 6000
B42: - Tempe Kw III (campuran kulit) | C42: Kg | D42: - | E42: 2500 | F42: - | G42: - | H42: - | I42: - | J42: - | K42: =AVERAGE(D42:J42) -> 2500
A43: 10 | B43: S U S U
B44: - Susu Kental Manis "INDOMILK" Putih | C44: 390 Gr/kaleng | D44: 12500 | E44: 12000 | F44: 12500 | G44: 12500 | H44: - | I44: 12500 | J44: 12500 | K44: =AVERAGE(D44:J44) -> 12416.667
B45: - Susu Kental Manis "BENDERA" Putih | C45: 390 Gr/kaleng | D45: 12500 | E45: 13000 | F45: 12500 | G45: 12500 | H45: - | I45: 12500 | J45: 12500 | K45: =AVERAGE(D45:J45) -> 12583.333
A46: 11 | B46: SABUN CUCI
B47: - Sabun Detergen Rinso (Anti Noda) | C47: 900 Gram | D47: - | E47: - | F47: - | G47: - | H47: 17500 | I47: - | J47: - | K47: =AVERAGE(D47:J47) -> 17500
B48: - Sabun Colek "Wing's Biru" | C48: 350 Gram | D48: - | E48: - | F48: - | G48: - | H48: 2000 | I48: - | J48: - | K48: =AVERAGE(D48:J48) -> 2000
A49: 12 | B49: JAGUNG
B50: - Jagung Pipilan Kering (Jenis Kecil) | C50: Kg | D50: - | E50: 8000 | F50: 10000 | G50: 10000 | H50: 9000 | I50: 10000 | J50: 10000 | K50: =AVERAGE(D50:J50) -> 9500
B51: - Jagung Pipilan Kering (Jenis Besar) | C51: Kg | D51: 10000 | E51: 10000 | F51: 9000 | G51: 10000 | H51: 6000 | I51: 9000 | J51: 8000 | K51: =AVERAGE(D51:J51) -> 8857.1429
A52: 13 | B52: GARAM BERYODIUM
B53: - Garam Halus (Cap Kapal) | C53: 250 Gr/Bngks | D53: 3000 | E53: 8000 | F53: 5000 | G53: 5000 | H53: 2500 | I53: 2500 | J53: 2500 | K53: =AVERAGE(D53:J53) -> 4071.4286
A54: 14 | B54: TEPUNG TERIGU
B55: - Tepung Terigu "Segitiga Biru" Curah | C55: Kg | D55: 10000 | E55: 10500 | F55: 10000 | G55: 11000 | H55: 12000 | I55: 10000 | J55: 10000 | K55: =AVERAGE(D55:J55) -> 10500
A56: 15 | B56: KACANG-KACANGAN
B57: - Kacang Kedelai (Kualitas Import) | C57: Kg | D57: 15000 | E57: 13000 | F57: 15000 | G57: 13000 | H57: 13000 | I57: 14000 | J57: - | K57: =AVERAGE(D57:J57) -> 13833.333
B58: - Kacang Kedelai (Kualitas Lokal) | C58: Kg | D58: - | E58: - | F58: 14000 | G58: - | H58: - | I58: - | J58: 14000 | K58: =AVERAGE(D58:J58) -> 14000
B59: - Kacang Hijau | C59: Kg | D59: 22000 | E59: 23000 | F59: 23000 | G59: 22000 | H59: 22000 | I59: 23000 | J59: 22000 | K59: =AVERAGE(D59:J59) -> 22428.571
B60: - Kacang Tanah (Jenis Besar) | C60: Kg | D60: 30000 | E60: 30000 | F60: 28000 | G60: 29000 | H60: 26000 | I60: 28000 | J60: 28000 | K60: =AVERAGE(D60:J60) -> 28428.571
A61: 16 | B61: MIE INSTAN
B62: - Indomie Goreng | C62: 86 Gr/Bngks | D62: 3000 | E62: 3200 | F62: 3000 | G62: 3000 | H62: - | I62: 3500 | J62: 3500 | K62: =AVERAGE(D62:J62) -> 3200
A63: 17 | B63: C A B E
B64: - Cabe Merah Besar | C64: Kg | D64: 52000 | E64: 45000 | F64: 45000 | G64: 50000 | H64: 50000 | I64: 25000 | J64: 50000 | K64: =AVERAGE(D64:J64) -> 45285.714
B65: - Cabe Merah Kriting | C65: Kg | D65: 65000 | E65: 55000 | F65: 50000 | G65: 55000 | H65: 50000 | I65: 25000 | J65: - | K65: =AVERAGE(D65:J65) -> 50000
B66: - Cabe Merah Kecil-Rawit | C66: Kg | D66: 62000 | E66: 65000 | F66: 67000 | G66: 65000 | H66: 70000 | I66: 70000 | J66: 70000 | K66: =AVERAGE(D66:J66) -> 67000
A67: 18 | B67: BAHAN BAKAR GAS LPG
B68: - Gas LPG Tabung (3 Kg.) | C68: Per Tabung | D68: 20000 | E68: 18000 | F68: 20000 | G68: 18000 | H68: - | I68: 18000 | J68: 18000 | K68: =AVERAGE(D68:J68) -> 18666.667
A69: 19 | B69: BAWANG
B70: - Bawang Putih (Jenis Kating) | C70: Kg | D70: 34000 | E70: 34000 | F70: 34000 | G70: 35000 | H70: 32000 | I70: 35000 | J70: 35000 | K70: =AVERAGE(D70:J70) -> 34142.857
B71: - Bawang Putih (Jenis Sinco) | C71: Kg | D71: 32000 | E71: 32000 | F71: 32000 | G71: 32000 | H71: 28000 | I71: 33000 | J71: 32000 | K71: =AVERAGE(D71:J71) -> 31571.429
B72: - Bawang Merah (Kualitas Lokal) | C72: Kg | D72: 25000 | E72: 20000 | F72: 20000 | G72: 25000 | H72: 25000 | I72: 22000 | J72: 25000 | K72: =AVERAGE(D72:J72) -> 23142.857
B73: - Bawang Bombay | C73: Kg | D73: 30000 | E73: 25000 | F73: 25000 | G73: 30000 | H73: 25000 | I73: 27000 | J73: - | K73: =AVERAGE(D73:J73) -> 27000
A74: 20 | B74: UBI-UBIAN
B75: - Ketela Pohon | C75: Kg | D75: 6000 | E75: 7000 | F75: 5000 | G75: 6000 | H75: 5000 | I75: 5000 | J75: 5000 | K75: =AVERAGE(D75:J75) -> 5571.4286
B76: - Ubi Jalar | C76: Kg | D76: 6000 | E76: 6000 | F76: 6000 | G76: 6000 | H76: 5000 | I76: 6000 | J76: 6000 | K76: =AVERAGE(D76:J76) -> 5857.1429
A77: 21 | B77: SAYUR-SAYURAN
B78: - Kubis | C78: Kg | D78: 7000 | E78: 7000 | F78: 8000 | G78: 8000 | H78: 10000 | I78: 6000 | J78: - | K78: =AVERAGE(D78:J78) -> 7666.6667
B79: - Buncis | C79: Kg | D79: 20000 | E79: 12000 | F79: 12000 | G79: 16000 | H79: 10000 | I79: 12000 | J79: 20000 | K79: =AVERAGE(D79:J79) -> 14571.429
B80: - Kentang | C80: Kg | D80: 14000 | E80: 15000 | F80: 15000 | G80: 15000 | H80: 15000 | I80: 16000 | J80: 15000 | K80: =AVERAGE(D80:J80) -> 15000
B81: - Tomat | C81: Kg | D81: 8000 | E81: 8000 | F81: 5000 | G81: 10000 | H81: 5000 | I81: 9000 | J81: 5000 | K81: =AVERAGE(D81:J81) -> 7142.8571
B82: - Wortel (Kualitas Lokal) | C82: Kg | D82: 12000 | E82: 12000 | F82: 13000 | G82: 12000 | H82: 10000 | I82: 13000 | J82: 13000 | K82: =AVERAGE(D82:J82) -> 12142.857
B83: - Terong Ungu (Jenis Sayur) | C83: Kg | D83: 8000 | E83: 8000 | F83: 9000 | G83: 8000 | H83: 9000 | I83: 9000 | J83: 8000 | K83: =AVERAGE(D83:J83) -> 8428.5714
B84: - Bayam (Jenis Sayur) | C84: Ikat Kecil | D84: 1500 | E84: 1500 | F84: 2000 | G84: 2000 | H84: 1500 | I84: 2000 | J84: 1500 | K84: =AVERAGE(D84:J84) -> 1714.2857
B85: - Kangkung (Jenis Panjang) | C85: Ikat Kecil | D85: 1000 | E85: 1500 | F85: 1500 | G85: 2000 | H85: 1500 | I85: 1500 | J85: 1000 | K85: =AVERAGE(D85:J85) -> 1428.5714
B86: - Sawi (Jenis Hijau) | C86: Ikat Kecil | D86: - | E86: 2000 | F86: - | H86: 2500 | J86: 2000 | K86: =AVERAGE(D86:J86) -> 2166.6667
A87: 22 | B87: AIR MINERAL
B88: - Air Mineral (Aqua Galon) | C88: 19 Ltr/Galon | D88: - | E88: - | F88: 18000 | G88: 17000 | H88: - | I88: 19000 | J88: 18000 | K88: =AVERAGE(D88:J88) -> 18000

Sheet 10
A1: HARGA BAHAN-BAHAN POKOK
A2: DI PASAR TRADISIONAL KOTA SURABAYA
A3: Hari / Tanggal : Jumat , 10 November 2023
B4: NAMA BAHAN POKOK DAN PENTING LAINNYA | C4: SATUAN | D4: Pasar Tambahrejo | E4: Pasar Pucang Anom | F4: Pasar Wonokromo | G4: Pasar Genteng Baru | H4: Pasar Pabean | I4: Pasar Kembang | J4: Pasar Balongsari | K4: Rata-Rata
A7: 1 | B7: BERAS
B8: - Beras Premium | C8: Kg | D8: 15000 | E8: 14000 | F8: 13800 | G8: 14000 | H8: 14000 | I8: 14000 | J8: 14000 | K8: =AVERAGE(D8:J8) -> 14114.286
B9: - Beras Medium Bulog | C9: Kg | D9: 10900 | E9: 10900 | F9: 10900 | G9: 10900 | H9: 10900 | I9: 10900 | J9: - | K9: =AVERAGE(D9:J9) -> 10900
B10: - Beras Medium | C10: Kg | D10: - | E10: - | F10: - | G10: - | H10: - | I10: - | J10: - | K10: 0
B11: - Beras Jagung | C11: Kg | D11: - | E11: 10000 | F11: 12000 | G11: 10000 | H11: - | I11: 12000 | J11: 8000 | K11: =AVERAGE(D11:J11) -> 10400
B12: - Beras Ketan (Jenis Siyem) | C12: Kg | D12: - | E12: - | F12: 17000 | G12: 20000 | H12: - | I12: 17000 | J12: 17000 | K12: =AVERAGE(D12:J12) -> 17750
A13: 2 | B13: GULA
B14: - Gula pasir lokal curah | C14: Kg | D14: 16000 | E14: 15000 | F14: 15000 | G14: 15000 | H14: 15000 | I14: 14000 | J14: 16000 | K14: =AVERAGE(D14:J14) -> 15142.857
B15: - Gula Jawa/Merah (Bahan Kelapa) | C15: Kg | D15: 15000 | E15: 16000 | F15: 15000 | G15: 15000 | H15: 15000 | I15: 15000 | J15: 16000 | K15: =AVERAGE(D15:J15) -> 15285.714
A16: 3 | B16: MINYAK GORENG
B17: - Minyak Goreng Curah (Bening) | C17: Kg | D17: 15000 | E17: 15000 | F17: 15000 | G17: 15000 | H17: 15000 | I17: 16000 | J17: 15000 | K17: =AVERAGE(D17:J17) -> 15142.857
B18: - Minyak Kita | C18: Liter | D18: 14000 | E18: 14000 | F18: 14000 | G18: 14000 | H18: - | I18: 14000 | J18: 14000 | K18: =AVERAGE(D18:J18) -> 14000
A19: 4 | B19: MENTEGA
B20: - Mentega Curah (Amanda) | C20: Kg | D20: 20000 | E20: 20000 | F20: 20000 | G20: 22000 | H20: - | I20: 20000 | J20: - | K20: =AVERAGE(D20:J20) -> 20400
A21: 5 | B21: DAGING
B22: - Daging Sapi Grade Atas | C22: Kg | D22: 120000 | E22: 120000 | F22: 120000 | G22: 120000 | H22: 120000 | I22: 120000 | J22: - | K22: =AVERAGE(D22:J22) -> 120000
B23: - Daging Sapi Grade Sedang | C23: Kg | D23: 110000 | E23: 110000 | F23: 110000 | G23: 110000 | H23: 115000 | I23: 110000 | J23: 110000 | K23: =AVERAGE(D23:J23) -> 110714.29
B24: - Daging Sapi Grade Bawah | C24: Kg | D24: 90000 | E24: 95000 | F24: 100000 | G24: 105000 | H24: 110000 | I24: 100000 | J24: 105000 | K24: =AVERAGE(D24:J24) -> 100714.29
B25: - Daging Ayam Broiler | C25: Kg | D25: 34000 | E25: 34000 | F25: 33000 | G25: 34000 | H25: 35000 | I25: 34000 | J25: 35000 | K25: =AVERAGE(D25:J25) -> 34142.857
A26: 6 | B26: I K A N
B27: - Ikan Tongkol Segar (Uk. Sedang) | C27: Kg | D27: 35000 | E27: 36000 | F27: - | G27: 35000 | H27: 35000 | I27: - | J27: 38000 | K27: =AVERAGE(D27:J27) -> 35800
B28: - Ikan Mujair Segar (Uk. Sedang) | C28: Kg | D28: 30000 | E28: 28000 | F28: 32000 | G28: 30000 | H28: 23000 | I28: 32000 | J28: 25000 | K28: =AVERAGE(D28:J28) -> 28571.429
B29: - Udang Segar (Uk. Sedang) | C29: Kg | D29: 60000 | E29: 60000 | F29: 65000 | G29: 70000 | H29: 68000 | I29: 65000 | J29: 70000 | K29: =AVERAGE(D29:J29) -> 65428.571
B30: - Ikan Lele Segar (Ukuran Sedang) | C30: Kg | D30: 25000 | E30: - | F30: - | G30: 25000 | H30: 23000 | I30: - | J30: 26000 | K30: =AVERAGE(D30:J30) -> 24750
B31: - Ikan Bandeng Segar (Uk. Sedang) | C31: Kg | D31: 40000 | E31: 36000 | F31: 42000 | G31: 35000 | H31: 28000 | I31: 42000 | J31: 40000 | K31: =AVERAGE(D31:J31) -> 37571.429
B32: - Ikan Teri Asin (Bukan Teri Medan) | C32: Kg | D32: - | E32: 100000 | F32: 100000 | G32: - | H32: 80000 | I32: - | J32: 70000 | K32: =AVERAGE(D32:J32) -> 87500
A33: 7 | B33: TELUR
B34: - Telur Ayam Broiler | C34: Kg | D34: 27000 | E34: 26000 | F34: 26000 | G34: 25000 | H34: 26000 | I34: 25000 | J34: 27000 | K34: =AVERAGE(D34:J34) -> 26000
B35: - Telur Ayam Kampung | C35: Butir | D35: 3000 | E35: 2500 | F35: 2500 | G35: 2600 | H35: 2500 | I35: 2500 | J35: 3000 | K35: =AVERAGE(D35:J35) -> 2657.1429
A36: 8 | B36: TAHU
B37: - Tahu biasa | C37: Kg | D37: 10000 | E37: 1250 | F37: 9000 | G37: 9000 | H37: 16000 | I37: 9000 | J37: 9000 | K37: =AVERAGE(D37:J37) -> 9035.7143
B38: - Tahu susu | C38: Kg | D38: - | E38: 10000 | F38: 12000 | G38: 14000 | H38: - | I38: 12000 | J38: 12000 | K38: =AVERAGE(D38:J38) -> 12000
A39: 9 | B39: TEMPE
B40: - Tempe Kw I (campuran kedelai) | C40: Kg | D40: - | E40: - | F40: - | G40: 16000 | H40: 14000 | I40: 6000 | J40: 15000 | K40: =AVERAGE(D40:J40) -> 12750
B41: - Tempe Kw II (campuran jagung) | C41: Kg | D41: - | E41: - | F41: 6000 | G41: - | H41: - | I41: - | J41: - | K41: =AVERAGE(D41:J41) -> 6000
B42: - Tempe Kw III (campuran kulit) | C42: Kg | D42: - | E42: 2500 | F42: - | G42: - | H42: - | I42: - | J42: - | K42: =AVERAGE(D42:J42) -> 2500
A43: 10 | B43: S U S U
B44: - Susu Kental Manis "INDOMILK" Putih | C44: 390 Gr/kaleng | D44: 12500 | E44: 12000 | F44: 12500 | G44: 12500 | H44: - | I44: 12500 | J44: 12500 | K44: =AVERAGE(D44:J44) -> 12416.667
B45: - Susu Kental Manis "BENDERA" Putih | C45: 390 Gr/kaleng | D45: 12500 | E45: 13000 | F45: 12500 | G45: 12500 | H45: - | I45: 12500 | J45: 12500 | K45: =AVERAGE(D45:J45) -> 12583.333
A46: 11 | B46: SABUN CUCI
B47: - Sabun Detergen Rinso (Anti Noda) | C47: 900 Gram | D47: - | E47: - | F47: - | G47: - | H47: 17500 | I47: - | J47: - | K47: =AVERAGE(D47:J47) -> 17500
B48: - Sabun Colek "Wing's Biru" | C48: 350 Gram | D48: - | E48: - | F48: - | G48: - | H48: 2000 | I48: - | J48: - | K48: =AVERAGE(D48:J48) -> 2000
A49: 12 | B49: JAGUNG
B50: - Jagung Pipilan Kering (Jenis Kecil) | C50: Kg | D50: - | E50: 8000 | F50: 10000 | G50: 10000 | H50: 9000 | I50: 10000 | J50: 10000 | K50: =AVERAGE(D50:J50) -> 9500
B51: - Jagung Pipilan Kering (Jenis Besar) | C51: Kg | D51: 10000 | E51: 10000 | F51: 9000 | G51: 10000 | H51: 6000 | I51: 9000 | J51: 8000 | K51: =AVERAGE(D51:J51) -> 8857.1429
A52: 13 | B52: GARAM BERYODIUM
B53: - Garam Halus (Cap Kapal) | C53: 250 Gr/Bngks | D53: 3000 | E53: 8000 | F53: 5000 | G53: 5000 | H53: 2500 | I53: 2500 | J53: 2500 | K53: =AVERAGE(D53:J53) -> 4071.4286
A54: 14 | B54: TEPUNG TERIGU
B55: - Tepung Terigu "Segitiga Biru" Curah | C55: Kg | D55: 10000 | E55: 10500 | F55: 10000 | G55: 11000 | H55: 12000 | I55: 10000 | J55: 10000 | K55: =AVERAGE(D55:J55) -> 10500
A56: 15 | B56: KACANG-KACANGAN
B57: - Kacang Kedelai (Kualitas Import) | C57: Kg | D57: 15000 | E57: 13000 | F57: 15000 | G57: 13000 | H57: 13000 | I57: 15000 | J57: - | K57: =AVERAGE(D57:J57) -> 14000
B58: - Kacang Kedelai (Kualitas Lokal) | C58: Kg | D58: - | E58: - | F58: 14000 | G58: - | H58: - | I58: 14000 | J58: 14000 | K58: =AVERAGE(D58:J58) -> 14000
B59: - Kacang Hijau | C59: Kg | D59: 22000 | E59: 23000 | F59: 23000 | G59: 22000 | H59: 22000 | I59: 23000 | J59: 22000 | K59: =AVERAGE(D59:J59) -> 22428.571
B60: - Kacang Tanah (Jenis Besar) | C60: Kg | D60: 30000 | E60: 30000 | F60: 28000 | G60: 29000 | H60: 26000 | I60: 28000 | J60: 28000 | K60: =AVERAGE(D60:J60) -> 28428.571
A61: 16 | B61: MIE INSTAN
B62: - Indomie Goreng | C62: 86 Gr/Bngks | D62: 3000 | E62: 3200 | F62: 3000 | G62: 3000 | H62: - | I62: 3000 | J62: 3500 | K62: =AVERAGE(D62:J62) -> 3116.6667
A63: 17 | B63: C A B E
B64: - Cabe Merah Besar | C64: Kg | D64: 56000 | E64: 45000 | F64: 50000 | G64: 45000 | H64: 50000 | I64: 45000 | J64: 50000 | K64: =AVERAGE(D64:J64) -> 48714.286
B65: - Cabe Merah Kriting | C65: Kg | D65: 65000 | E65: 55000 | F65: 60000 | G65: 50000 | H65: 50000 | I65: 50000 | J65: - | K65: =AVERAGE(D65:J65) -> 55000
B66: - Cabe Merah Kecil-Rawit | C66: Kg | D66: 66000 | E66: 65000 | F66: 67000 | G66: 67000 | H66: 70000 | I66: 80000 | J66: 70000 | K66: =AVERAGE(D66:J66) -> 69285.714
A67: 18 | B67: BAHAN BAKAR GAS LPG
B68: - Gas LPG Tabung (3 Kg.) | C68: Per Tabung | D68: 20000 | E68: 18000 | F68: 20000 | G68: 18000 | H68: - | I68: 18000 | J68: 18000 | K68: =AVERAGE(D68:J68) -> 18666.667
A69: 19 | B69: BAWANG
B70: - Bawang Putih (Jenis Kating) | C70: Kg | D70: 34000 | E70: 34000 | F70: 34000 | G70: 35000 | H70: 32000 | I70: 34000 | J70: 35000 | K70: =AVERAGE(D70:J70) -> 34000
B71: - Bawang Putih (Jenis Sinco) | C71: Kg | D71: 32000 | E71: 32000 | F71: 32000 | G71: 32000 | H71: 28000 | I71: 30000 | J71: 32000 | K71: =AVERAGE(D71:J71) -> 31142.857
B72: - Bawang Merah (Kualitas Lokal) | C72: Kg | D72: 25000 | E72: 20000 | F72: 20000 | G72: 25000 | H72: 25000 | I72: 22000 | J72: 25000 | K72: =AVERAGE(D72:J72) -> 23142.857
B73: - Bawang Bombay | C73: Kg | D73: 30000 | E73: 25000 | F73: 25000 | G73: 30000 | H73: 25000 | I73: 25000 | J73: - | K73: =AVERAGE(D73:J73) -> 26666.667
A74: 20 | B74: UBI-UBIAN
B75: - Ketela Pohon | C75: Kg | D75: 6000 | E75: 7000 | F75: 5000 | G75: 6000 | H75: 5000 | I75: 5000 | J75: 5000 | K75: =AVERAGE(D75:J75) -> 5571.4286
B76: - Ubi Jalar | C76: Kg | D76: 6000 | E76: 6000 | F76: 6000 | G76: 6000 | H76: 5000 | I76: 6000 | J76: 6000 | K76: =AVERAGE(D76:J76) -> 5857.1429
A77: 21 | B77: SAYUR-SAYURAN
B78: - Kubis | C78: Kg | D78: 7000 | E78: 7000 | F78: 8000 | G78: 8000 | H78: 10000 | I78: 8000 | J78: - | K78: =AVERAGE(D78:J78) -> 8000
B79: - Buncis | C79: Kg | D79: 20000 | E79: 12000 | F79: 12000 | G79: 16000 | H79: 10000 | I79: 12000 | J79: 20000 | K79: =AVERAGE(D79:J79) -> 14571.429
B80: - Kentang | C80: Kg | D80: 14000 | E80: 15000 | F80: 15000 | G80: 15000 | H80: 15000 | I80: 15000 | J80: 15000 | K80: =AVERAGE(D80:J80) -> 14857.143
B81: - Tomat | C81: Kg | D81: 8000 | E81: 8000 | F81: 5000 | G81: 10000 | H81: 5000 | I81: 5000 | J81: 5000 | K81: =AVERAGE(D81:J81) -> 6571.4286
B82: - Wortel (Kualitas Lokal) | C82: Kg | D82: 12000 | E82: 12000 | F82: 13000 | G82: 12000 | H82: 10000 | I82: 13000 | J82: 13000 | K82: =AVERAGE(D82:J82) -> 12142.857
B83: - Terong Ungu (Jenis Sayur) | C83: Kg | D83: 8000 | E83: 8000 | F83: 9000 | G83: 8000 | H83: 9000 | I83: 9000 | J83: 8000 | K83: =AVERAGE(D83:J83) -> 8428.5714
B84: - Bayam (Jenis Sayur) | C84: Ikat Kecil | D84: 1500 | E84: 1500 | F84: 2000 | G84: 2000 | H84: 1500 | I84: 2000 | J84: 1500 | K84: =AVERAGE(D84:J84) -> 1714.2857
B85: - Kangkung (Jenis Panjang) | C85: Ikat Kecil | D85: 1000 | E85: 1500 | F85: 1500 | G85: 2000 | H85: 1500 | I85: 1500 | J85: 1000 | K85: =AVERAGE(D85:J85) -> 1428.5714
B86: - Sawi (Jenis Hijau) | C86: Ikat Kecil | D86: - | E86: 2000 | F86: - | H86: 2500 | J86: 2000 | K86: =AVERAGE(D86:J86) -> 2166.6667
A87: 22 | B87: AIR MINERAL
B88: - Air Mineral (Aqua Galon) | C88: 19 Ltr/Galon | D88: - | E88: - | F88: 18000 | G88: 17000 | H88: - | I88: 19000 | J88: 18000 | K88: =AVERAGE(D88:J88) -> 18000

Sheet 11
A1: HARGA BAHAN-BAHAN POKOK
A2: DI PASAR TRADISIONAL KOTA SURABAYA
A3: Hari / Tanggal : Sabtu , 11 November 2023
B4: NAMA BAHAN POKOK DAN PENTING LAINNYA | C4: SATUAN | D4: Pasar Tambahrejo | E4: Pasar Pucang Anom | F4: Pasar Wonokromo | G4: Pasar Genteng Baru | H4: Pasar Pabean | I4: Pasar Kembang | J4: Pasar Balongsari | K4: Rata-Rata
A7: 1 | B7: BERAS
B8: - Beras Premium | C8: Kg | D8: 14000 | E8: 14000 | F8: 13800 | G8: 14000 | H8: 14000 | I8: 14000 | J8: 14000 | K8: =AVERAGE(D8:J8) -> 13971.429
B9: - Beras Medium Bulog | C9: Kg | D9: 10900 | E9: 10900 | F9: 10900 | G9: 10900 | H9: 10900 | I9: 10900 | J9: - | K9: =AVERAGE(D9:J9) -> 10900
B10: - Beras Medium | C10: Kg | D10: - | E10: - | F10: - | G10: - | H10: - | I10: - | J10: - | K10: 0
B11: - Beras Jagung | C11: Kg | D11: - | E11: 10000 | F11: 12000 | G11: 10000 | H11: - | I11: 12000 | J11: 8000 | K11: =AVERAGE(D11:J11) -> 10400
B12: - Beras Ketan (Jenis Siyem) | C12: Kg | D12: - | E12: - | F12: 17000 | G12: 20000 | H12: - | I12: 17000 | J12: 17000 | K12: =AVERAGE(D12:J12) -> 17750
A13: 2 | B13: GULA
B14: - Gula pasir lokal curah | C14: Kg | D14: 16000 | E14: 15000 | F14: 15000 | G14: 15000 | H14: 15000 | I14: 14500 | J14: 16000 | K14: =AVERAGE(D14:J14) -> 15214.286
B15: - Gula Jawa/Merah (Bahan Kelapa) | C15: Kg | D15: 15000 | E15: 16000 | F15: 15000 | G15: 15000 | H15: 15000 | I15: 15000 | J15: 16000 | K15: =AVERAGE(D15:J15) -> 15285.714
A16: 3 | B16: MINYAK GORENG
B17: - Minyak Goreng Curah (Bening) | C17: Kg | D17: 15000 | E17: 15000 | F17: 15000 | G17: 15000 | H17: 15000 | I17: 16000 | J17: 15000 | K17: =AVERAGE(D17:J17) -> 15142.857
B18: - Minyak Kita | C18: Liter | D18: 14000 | E18: 14000 | F18: 14000 | G18: 14000 | H18: - | I18: 14000 | J18: 14000 | K18: =AVERAGE(D18:J18) -> 14000
A19: 4 | B19: MENTEGA
B20: - Mentega Curah (Amanda) | C20: Kg | D20: 20000 | E20: 20000 | F20: 20000 | G20: 22000 | H20: - | I20: 20000 | J20: - | K20: =AVERAGE(D20:J20) -> 20400
A21: 5 | B21: DAGING
B22: - Daging Sapi Grade Atas | C22: Kg | D22: 120000 | E22: 120000 | F22: 120000 | G22: 120000 | H22: 120000 | I22: 120000 | J22: - | K22: =AVERAGE(D22:J22) -> 120000
B23: - Daging Sapi Grade Sedang | C23: Kg | D23: 110000 | E23: 110000 | F23: 110000 | G23: 110000 | H23: 115000 | I23: 110000 | J23: 110000 | K23: =AVERAGE(D23:J23) -> 110714.29
B24: - Daging Sapi Grade Bawah | C24: Kg | D24: 90000 | E24: 95000 | F24: 100000 | G24: 105000 | H24: 110000 | I24: 100000 | J24: 105000 | K24: =AVERAGE(D24:J24) -> 100714.29
B25: - Daging Ayam Broiler | C25: Kg | D25: 34000 | E25: 34000 | F25: 33000 | G25: 34000 | H25: 35000 | I25: 34000 | J25: 35000 | K25: =AVERAGE(D25:J25) -> 34142.857
A26: 6 | B26: I K A N
B27: - Ikan Tongkol Segar (Uk. Sedang) | C27: Kg | D27: 35000 | E27: 36000 | F27: - | G27: 35000 | H27: 35000 | I27: - | J27: 38000 | K27: =AVERAGE(D27:J27) -> 35800
B28: - Ikan Mujair Segar (Uk. Sedang) | C28: Kg | D28: 30000 | E28: 28000 | F28: 32000 | G28: 30000 | H28: 23000 | I28: 32000 | J28: 25000 | K28: =AVERAGE(D28:J28) -> 28571.429
B29: - Udang Segar (Uk. Sedang) | C29: Kg | D29: 60000 | E29: 60000 | F29: 65000 | G29: 70000 | H29: 68000 | I29: 65000 | J29: 70000 | K29: =AVERAGE(D29:J29) -> 65428.571
B30: - Ikan Lele Segar (Ukuran Sedang) | C30: Kg | D30: 25000 | E30: - | F30: - | G30: 25000 | H30: 23000 | I30: - | J30: 26000 | K30: =AVERAGE(D30:J30) -> 24750
B31: - Ikan Bandeng Segar (Uk. Sedang) | C31: Kg | D31: 40000 | E31: 36000 | F31: 42000 | G31: 35000 | H31: 30000 | I31: 42000 | J31: 40000 | K31: =AVERAGE(D31:J31) -> 37857.143
B32: - Ikan Teri Asin (Bukan Teri Medan) | C32: Kg | D32: - | E32: 100000 | F32: 100000 | G32: - | H32: 80000 | I32: - | J32: 70000 | K32: =AVERAGE(D32:J32) -> 87500
A33: 7 | B33: TELUR
B34: - Telur Ayam Broiler | C34: Kg | D34: 27000 | E34: 26000 | F34: 26000 | G34: 25000 | H34: 25000 | I34: 25000 | J34: 27000 | K34: =AVERAGE(D34:J34) -> 25857.143
B35: - Telur Ayam Kampung | C35: Butir | D35: 3000 | E35: 2500 | F35: 2500 | G35: 2600 | H35: 2500 | I35: 2500 | J35: 3000 | K35: =AVERAGE(D35:J35) -> 2657.1429
A36: 8 | B36: TAHU
B37: - Tahu biasa | C37: Kg | D37: 10000 | E37: 1250 | F37: 9000 | G37: 9000 | H37: 16000 | I37: 9000 | J37: 9000 | K37: =AVERAGE(D37:J37) -> 9035.7143
B38: - Tahu susu | C38: Kg | D38: - | E38: 10000 | F38: 12000 | G38: 14000 | H38: - | I38: 12000 | J38: 12000 | K38: =AVERAGE(D38:J38) -> 12000
A39: 9 | B39: TEMPE
B40: - Tempe Kw I (campuran kedelai) | C40: Kg | D40: - | E40: - | F40: - | G40: 16000 | H40: 14000 | I40: - | J40: 15000 | K40: =AVERAGE(D40:J40) -> 15000
B41: - Tempe Kw II (campuran jagung) | C41: Kg | D41: - | E41: - | F41: 6000 | G41: - | H41: - | I41: 6000 | J41: - | K41: =AVERAGE(D41:J41) -> 6000
B42: - Tempe Kw III (campuran kulit) | C42: Kg | D42: - | E42: 2500 | F42: - | G42: - | H42: - | I42: - | J42: - | K42: =AVERAGE(D42:J42) -> 2500
A43: 10 | B43: S U S U
B44: - Susu Kental Manis "INDOMILK" Putih | C44: 390 Gr/kaleng | D44: 12500 | E44: 12000 | F44: 12500 | G44: 12500 | H44: - | I44: 12500 | J44: 12500 | K44: =AVERAGE(D44:J44) -> 12416.667
B45: - Susu Kental Manis "BENDERA" Putih | C45: 390 Gr/kaleng | D45: 12500 | E45: 13000 | F45: 12500 | G45: 12500 | H45: - | I45: 12500 | J45: 12500 | K45: =AVERAGE(D45:J45) -> 12583.333
A46: 11 | B46: SABUN CUCI
B47: - Sabun Detergen Rinso (Anti Noda) | C47: 900 Gram | D47: - | E47: - | F47: - | G47: - | H47: 17500 | I47: - | J47: - | K47: =AVERAGE(D47:J47) -> 17500
B48: - Sabun Colek "Wing's Biru" | C48: 350 Gram | D48: - | E48: - | F48: - | G48: - | H48: 2000 | I48: - | J48: - | K48: =AVERAGE(D48:J48) -> 2000
A49: 12 | B49: JAGUNG
B50: - Jagung Pipilan Kering (Jenis Kecil) | C50: Kg | D50: - | E50: 8000 | F50: 10000 | G50: 10000 | H50: 9000 | I50: 10000 | J50: 10000 | K50: =AVERAGE(D50:J50) -> 9500
B51: - Jagung Pipilan Kering (Jenis Besar) | C51: Kg | D51: 10000 | E51: 10000 | F51: 9000 | G51: 10000 | H51: 6000 | I51: 9000 | J51: 8000 | K51: =AVERAGE(D51:J51) -> 8857.1429
A52: 13 | B52: GARAM BERYODIUM
B53: - Garam Halus (Cap Kapal) | C53: 250 Gr/Bngks | D53: 3000 | E53: 8000 | F53: 5000 | G53: 5000 | H53: 2500 | I53: 5000 | J53: 2500 | K53: =AVERAGE(D53:J53) -> 4428.5714
A54: 14 | B54: TEPUNG TERIGU
B55: - Tepung Terigu "Segitiga Biru" Curah | C55: Kg | D55: 10000 | E55: 10500 | F55: 10000 | G55: 11000 | H55: 12000 | I55: 10000 | J55: 10000 | K55: =AVERAGE(D55:J55) -> 10500
A56: 15 | B56: KACANG-KACANGAN
B57: - Kacang Kedelai (Kualitas Import) | C57: Kg | D57: 15000 | E57: 13000 | F57: 15000 | G57: 13000 | H57: 13000 | I57: 15000 | J57: - | K57: =AVERAGE(D57:J57) -> 14000
B58: - Kacang Kedelai (Kualitas Lokal) | C58: Kg | D58: - | E58: - | F58: 14000 | G58: - | H58: - | I58: 14000 | J58: 14000 | K58: =AVERAGE(D58:J58) -> 14000
B59: - Kacang Hijau | C59: Kg | D59: 22000 | E59: 23000 | F59: 23000 | G59: 22000 | H59: 22000 | I59: 23000 | J59: 22000 | K59: =AVERAGE(D59:J59) -> 22428.571
B60: - Kacang Tanah (Jenis Besar) | C60: Kg | D60: 30000 | E60: 30000 | F60: 28000 | G60: 29000 | H60: 26000 | I60: 28000 | J60: 28000 | K60: =AVERAGE(D60:J60) -> 28428.571
A61: 16 | B61: MIE INSTAN
B62: - Indomie Goreng | C62: 86 Gr/Bngks | D62: 3000 | E62: 3200 | F62: 3000 | G62: 3000 | H62: - | I62: 3000 | J62: 3500 | K62: =AVERAGE(D62:J62) -> 3116.6667
A63: 17 | B63: C A B E
B64: - Cabe Merah Besar | C64: Kg | D64: 56000 | E64: 45000 | F64: 50000 | G64: 50000 | H64: 50000 | I64: 45000 | J64: 50000 | K64: =AVERAGE(D64:J64) -> 49428.571
B65: - Cabe Merah Kriting | C65: Kg | D65: 65000 | E65: 55000 | F65: 60000 | G65: 60000 | H65: 50000 | I65: 50000 | J65: - | K65: =AVERAGE(D65:J65) -> 56666.667
B66: - Cabe Merah Kecil-Rawit | C66: Kg | D66: 66000 | E66: 65000 | F66: 67000 | G66: 67000 | H66: 55000 | I66: 80000 | J66: 70000 | K66: =AVERAGE(D66:J66) -> 67142.857
A67: 18 | B67: BAHAN BAKAR GAS LPG
B68: - Gas LPG Tabung (3 Kg.) | C68: Per Tabung | D68: 20000 | E68: 18000 | F68: 20000 | G68: 18000 | H68: - | I68: 18000 | J68: 18000 | K68: =AVERAGE(D68:J68) -> 18666.667
A69: 19 | B69: BAWANG
B70: - Bawang Putih (Jenis Kating) | C70: Kg | D70: 34000 | E70: 34000 | F70: 34000 | G70: 35000 | H70: 32000 | I70: 34000 | J70: 35000 | K70: =AVERAGE(D70:J70) -> 34000
B71: - Bawang Putih (Jenis Sinco) | C71: Kg | D71: 32000 | E71: 32000 | F71: 32000 | G71: 32000 | H71: 28000 | I71: 30000 | J71: 32000 | K71: =AVERAGE(D71:J71) -> 31142.857
B72: - Bawang Merah (Kualitas Lokal) | C72: Kg | D72: 25000 | E72: 20000 | F72: 20000 | G72: 25000 | H72: 25000 | I72: 22000 | J72: 25000 | K72: =AVERAGE(D72:J72) -> 23142.857
B73: - Bawang Bombay | C73: Kg | D73: 30000 | E73: 25000 | F73: 25000 | G73: 30000 | H73: 25000 | I73: 25000 | J73: - | K73: =AVERAGE(D73:J73) -> 26666.667
A74: 20 | B74: UBI-UBIAN
B75: - Ketela Pohon | C75: Kg | D75: 6000 | E75: 7000 | F75: 5000 | G75: 6000 | H75: 5000 | I75: 5000 | J75: 5000 | K75: =AVERAGE(D75:J75) -> 5571.4286
B76: - Ubi Jalar | C76: Kg | D76: 6000 | E76: 6000 | F76: 6000 | G76: 6000 | H76: 5000 | I76: 6000 | J76: 6000 | K76: =AVERAGE(D76:J76) -> 5857.1429
A77: 21 | B77: SAYUR-SAYURAN
B78: - Kubis | C78: Kg | D78: 7000 | E78: 7000 | F78: 8000 | G78: 8000 | H78: 10000 | I78: 8000 | J78: - | K78: =AVERAGE(D78:J78) -> 8000
B79: - Buncis | C79: Kg | D79: 20000 | E79: 12000 | F79: 12000 | G79: 16000 | H79: 10000 | I79: 12000 | J79: 20000 | K79: =AVERAGE(D79:J79) -> 14571.429
B80: - Kentang | C80: Kg | D80: 14000 | E80: 15000 | F80: 15000 | G80: 15000 | H80: 15000 | I80: 15000 | J80: 15000 | K80: =AVERAGE(D80:J80) -> 14857.143
B81: - Tomat | C81: Kg | D81: 8000 | E81: 8000 | F81: 5000 | G81: 10000 | H81: 5000 | I81: 5000 | J81: 5000 | K81: =AVERAGE(D81:J81) -> 6571.4286
B82: - Wortel (Kualitas Lokal) | C82: Kg | D82: 12000 | E82: 12000 | F82: 13000 | G82: 12000 | H82: 10000 | I82: 13000 | J82: 13000 | K82: =AVERAGE(D82:J82) -> 12142.857
B83: - Terong Ungu (Jenis Sayur) | C83: Kg | D83: 8000 | E83: 8000 | F83: 9000 | G83: 8000 | H83: 9000 | I83: 9000 | J83: 8000 | K83: =AVERAGE(D83:J83) -> 8428.5714
B84: - Bayam (Jenis Sayur) | C84: Ikat Kecil | D84: 1500 | E84: 1500 | F84: 2000 | G84: 2000 | H84: 1500 | I84: 2000 | J84: 1500 | K84: =AVERAGE(D84:J84) -> 1714.2857
B85: - Kangkung (Jenis Panjang) | C85: Ikat Kecil | D85: 1000 | E85: 1500 | F85: 1500 | G85: 2000 | H85: 1500 | I85: 1500 | J85: 1000 | K85: =AVERAGE(D85:J85) -> 1428.5714
B86: - Sawi (Jenis Hijau) | C86: Ikat Kecil | D86: - | E86: 2000 | F86: - | H86: 2500 | J86: 2000 | K86: =AVERAGE(D86:J86) -> 2166.6667
A87: 22 | B87: AIR MINERAL
B88: - Air Mineral (Aqua Galon) | C88: 19 Ltr/Galon | D88: - | E88: - | F88: 18000 | G88: 17000 | H88: - | I88: 19000 | J88: 18000 | K88: =AVERAGE(D88:J88) -> 18000

Sheet 12
A1: HARGA BAHAN-BAHAN POKOK
A2: DI PASAR TRADISIONAL KOTA SURABAYA
A3: Hari / Tanggal : Minggu , 12 November 2023
B4: NAMA BAHAN POKOK DAN PENTING LAINNYA | C4: SATUAN | D4: Pasar Tambahrejo | E4: Pasar Pucang Anom | F4: Pasar Wonokromo | G4: Pasar Genteng Baru | H4: Pasar Pabean | I4: Pasar Kembang | J4: Pasar Balongsari | K4: Rata-Rata
A7: 1 | B7: BERAS
B8: - Beras Premium | C8: Kg | D8: 14000 | E8: 14000 | F8: 13800 | G8: 14000 | H8: 14000 | I8: 14000 | J8: 14000 | K8: =AVERAGE(D8:J8) -> 13971.429
B9: - Beras Medium Bulog | C9: Kg | D9: 10900 | E9: 10900 | F9: 10900 | G9: 10900 | H9: 10900 | I9: 10900 | J9: - | K9: =AVERAGE(D9:J9) -> 10900
B10: - Beras Medium | C10: Kg | D10: - | E10: - | F10: - | G10: - | H10: - | I10: - | J10: - | K10: 0
B11: - Beras Jagung | C11: Kg | D11: - | E11: 10000 | F11: 12000 | G11: 10000 | H11: - | I11: 12000 | J11: 8000 | K11: =AVERAGE(D11:J11) -> 10400
B12: - Beras Ketan (Jenis Siyem) | C12: Kg | D12: - | E12: - | F12: 17000 | G12: 20000 | H12: - | I12: 17000 | J12: 17000 | K12: =AVERAGE(D12:J12) -> 17750
A13: 2 | B13: GULA
B14: - Gula pasir lokal curah | C14: Kg | D14: 16000 | E14: 15000 | F14: 15000 | G14: 15000 | H14: 15000 | I14: 14500 | J14: 16000 | K14: =AVERAGE(D14:J14) -> 15214.286
B15: - Gula Jawa/Merah (Bahan Kelapa) | C15: Kg | D15: 15000 | E15: 16000 | F15: 15000 | G15: 15000 | H15: 15000 | I15: 15000 | J15: 16000 | K15: =AVERAGE(D15:J15) -> 15285.714
A16: 3 | B16: MINYAK GORENG
B17: - Minyak Goreng Curah (Bening) | C17: Kg | D17: 15000 | E17: 15000 | F17: 15000 | G17: 15000 | H17: 15000 | I17: 16000 | J17: 15000 | K17: =AVERAGE(D17:J17) -> 15142.857
B18: - Minyak Kita | C18: Liter | D18: 14000 | E18: 14000 | F18: 14000 | G18: 14000 | H18: - | I18: 14000 | J18: 14000 | K18: =AVERAGE(D18:J18) -> 14000
A19: 4 | B19: MENTEGA
B20: - Mentega Curah (Amanda) | C20: Kg | D20: 20000 | E20: 20000 | F20: 20000 | G20: 22000 | H20: - | I20: 20000 | J20: - | K20: =AVERAGE(D20:J20) -> 20400
A21: 5 | B21: DAGING
B22: - Daging Sapi Grade Atas | C22: Kg | D22: 120000 | E22: 120000 | F22: 120000 | G22: 120000 | H22: 120000 | I22: 120000 | J22: - | K22: =AVERAGE(D22:J22) -> 120000
B23: - Daging Sapi Grade Sedang | C23: Kg | D23: 110000 | E23: 110000 | F23: 110000 | G23: 110000 | H23: 115000 | I23: 110000 | J23: 110000 | K23: =AVERAGE(D23:J23) -> 110714.29
B24: - Daging Sapi Grade Bawah | C24: Kg | D24: 90000 | E24: 95000 | F24: 100000 | G24: 105000 | H24: 110000 | I24: 100000 | J24: 105000 | K24: =AVERAGE(D24:J24) -> 100714.29
B25: - Daging Ayam Broiler | C25: Kg | D25: 34000 | E25: 34000 | F25: 33000 | G25: 34000 | H25: 35000 | I25: 34000 | J25: 35000 | K25: =AVERAGE(D25:J25) -> 34142.857
A26: 6 | B26: I K A N
B27: - Ikan Tongkol Segar (Uk. Sedang) | C27: Kg | D27: 35000 | E27: 36000 | F27: - | G27: 35000 | H27: 35000 | I27: - | J27: 38000 | K27: =AVERAGE(D27:J27) -> 35800
B28: - Ikan Mujair Segar (Uk. Sedang) | C28: Kg | D28: 30000 | E28: 28000 | F28: 32000 | G28: 30000 | H28: 23000 | I28: 32000 | J28: 25000 | K28: =AVERAGE(D28:J28) -> 28571.429
B29: - Udang Segar (Uk. Sedang) | C29: Kg | D29: 60000 | E29: 60000 | F29: 65000 | G29: 70000 | H29: 68000 | I29: 65000 | J29: 70000 | K29: =AVERAGE(D29:J29) -> 65428.571
B30: - Ikan Lele Segar (Ukuran Sedang) | C30: Kg | D30: 25000 | E30: - | F30: - | G30: 25000 | H30: 23000 | I30: - | J30: 26000 | K30: =AVERAGE(D30:J30) -> 24750
B31: - Ikan Bandeng Segar (Uk. Sedang) | C31: Kg | D31: 40000 | E31: 36000 | F31: 42000 | G31: 35000 | H31: 28000 | I31: 42000 | J31: 40000 | K31: =AVERAGE(D31:J31) -> 37571.429
B32: - Ikan Teri Asin (Bukan Teri Medan) | C32: Kg | D32: - | E32: 100000 | F32: 100000 | G32: - | H32: 80000 | I32: - | J32: 70000 | K32: =AVERAGE(D32:J32) -> 87500
A33: 7 | B33: TELUR
B34: - Telur Ayam Broiler | C34: Kg | D34: 27000 | E34: 26000 | F34: 27000 | G34: 25000 | H34: 26000 | I34: 25000 | J34: 27000 | K34: =AVERAGE(D34:J34) -> 26142.857
B35: - Telur Ayam Kampung | C35: Butir | D35: 3000 | E35: 2500 | F35: 2500 | G35: 2600 | H35: 2500 | I35: 2500 | J35: 3000 | K35: =AVERAGE(D35:J35) -> 2657.1429
A36: 8 | B36: TAHU
B37: - Tahu biasa | C37: Kg | D37: 10000 | E37: 1250 | F37: 9000 | G37: 9000 | H37: 16000 | I37: 9000 | J37: 9000 | K37: =AVERAGE(D37:J37) -> 9035.7143
B38: - Tahu susu | C38: Kg | D38: - | E38: 10000 | F38: 12000 | G38: 14000 | H38: - | I38: 12000 | J38: 12000 | K38: =AVERAGE(D38:J38) -> 12000
A39: 9 | B39: TEMPE
B40: - Tempe Kw I (campuran kedelai) | C40: Kg | D40: - | E40: - | F40: - | G40: 16000 | H40: 14000 | I40: - | J40: 15000 | K40: =AVERAGE(D40:J40) -> 15000
B41: - Tempe Kw II (campuran jagung) | C41: Kg | D41: - | E41: - | F41: 6000 | G41: - | H41: - | I41: 6000 | J41: - | K41: =AVERAGE(D41:J41) -> 6000
B42: - Tempe Kw III (campuran kulit) | C42: Kg | D42: - | E42: 2500 | F42: - | G42: - | H42: - | I42: - | J42: - | K42: =AVERAGE(D42:J42) -> 2500
A43: 10 | B43: S U S U
B44: - Susu Kental Manis "INDOMILK" Putih | C44: 390 Gr/kaleng | D44: 12500 | E44: 12000 | F44: 12500 | G44: 12500 | H44: - | I44: 12500 | J44: 12500 | K44: =AVERAGE(D44:J44) -> 12416.667
B45: - Susu Kental Manis "BENDERA" Putih | C45: 390 Gr/kaleng | D45: 12500 | E45: 13000 | F45: 12500 | G45: 12500 | H45: - | I45: 12500 | J45: 12500 | K45: =AVERAGE(D45:J45) -> 12583.333
A46: 11 | B46: SABUN CUCI
B47: - Sabun Detergen Rinso (Anti Noda) | C47: 900 Gram | D47: - | E47: - | F47: - | G47: - | H47: 17500 | I47: - | J47: - | K47: =AVERAGE(D47:J47) -> 17500
B48: - Sabun Colek "Wing's Biru" | C48: 350 Gram | D48: - | E48: - | F48: - | G48: - | H48: 2000 | I48: - | J48: - | K48: =AVERAGE(D48:J48) -> 2000
A49: 12 | B49: JAGUNG
B50: - Jagung Pipilan Kering (Jenis Kecil) | C50: Kg | D50: - | E50: 8000 | F50: 10000 | G50: 10000 | H50: 9000 | I50: 10000 | J50: 10000 | K50: =AVERAGE(D50:J50) -> 9500
B51: - Jagung Pipilan Kering (Jenis Besar) | C51: Kg | D51: 10000 | E51: 10000 | F51: 9000 | G51: 10000 | H51: 6000 | I51: 9000 | J51: 8000 | K51: =AVERAGE(D51:J51) -> 8857.1429
A52: 13 | B52: GARAM BERYODIUM
B53: - Garam Halus (Cap Kapal) | C53: 250 Gr/Bngks | D53: 3000 | E53: 8000 | F53: 5000 | G53: 5000 | H53: 2500 | I53: 5000 | J53: 2500 | K53: =AVERAGE(D53:J53) -> 4428.5714
A54: 14 | B54: TEPUNG TERIGU
B55: - Tepung Terigu "Segitiga Biru" Curah | C55: Kg | D55: 10000 | E55: 10500 | F55: 10000 | G55: 11000 | H55: 12000 | I55: 10000 | J55: 10000 | K55: =AVERAGE(D55:J55) -> 10500
A56: 15 | B56: KACANG-KACANGAN
B57: - Kacang Kedelai (Kualitas Import) | C57: Kg | D57: 15000 | E57: 13000 | F57: 15000 | G57: 13000 | H57: 13000 | I57: 15000 | J57: - | K57: =AVERAGE(D57:J57) -> 14000
B58: - Kacang Kedelai (Kualitas Lokal) | C58: Kg | D58: - | E58: - | F58: 14000 | G58: - | H58: - | I58: 14000 | J58: 14000 | K58: =AVERAGE(D58:J58) -> 14000
B59: - Kacang Hijau | C59: Kg | D59: 22000 | E59: 23000 | F59: 23000 | G59: 22000 | H59: 22000 | I59: 23000 | J59: 22000 | K59: =AVERAGE(D59:J59) -> 22428.571
B60: - Kacang Tanah (Jenis Besar) | C60: Kg | D60: 30000 | E60: 30000 | F60: 28000 | G60: 29000 | H60: 26000 | I60: 28000 | J60: 28000 | K60: =AVERAGE(D60:J60) -> 28428.571
A61: 16 | B61: MIE INSTAN
B62: - Indomie Goreng | C62: 86 Gr/Bngks | D62: 3000 | E62: 3200 | F62: 3000 | G62: 3000 | H62: - | I62: 3000 | J62: 3500 | K62: =AVERAGE(D62:J62) -> 3116.6667
A63: 17 | B63: C A B E
B64: - Cabe Merah Besar | C64: Kg | D64: 56000 | E64: 45000 | F64: 50000 | G64: 50000 | H64: 50000 | I64: 45000 | J64: 45000 | K64: =AVERAGE(D64:J64) -> 48714.286
B65: - Cabe Merah Kriting | C65: Kg | D65: 65000 | E65: 55000 | F65: 65000 | G65: 60000 | H65: 50000 | I65: 50000 | J65: - | K65: =AVERAGE(D65:J65) -> 57500
B66: - Cabe Merah Kecil-Rawit | C66: Kg | D66: 66000 | E66: 65000 | F66: 64000 | G66: 65000 | H66: 70000 | I66: 80000 | J66: 60000 | K66: =AVERAGE(D66:J66) -> 67142.857
A67: 18 | B67: BAHAN BAKAR GAS LPG
B68: - Gas LPG Tabung (3 Kg.) | C68: Per Tabung | D68: 20000 | E68: 18000 | F68: 20000 | G68: 18000 | H68: - | I68: 18000 | J68: 18000 | K68: =AVERAGE(D68:J68) -> 18666.667
A69: 19 | B69: BAWANG
B70: - Bawang Putih (Jenis Kating) | C70: Kg | D70: 34000 | E70: 34000 | F70: 34000 | G70: 35000 | H70: 32000 | I70: 34000 | J70: 35000 | K70: =AVERAGE(D70:J70) -> 34000
B71: - Bawang Putih (Jenis Sinco) | C71: Kg | D71: 32000 | E71: 32000 | F71: 32000 | G71: 32000 | H71: 28000 | I71: 30000 | J71: 32000 | K71: =AVERAGE(D71:J71) -> 31142.857
B72: - Bawang Merah (Kualitas Lokal) | C72: Kg | D72: 25000 | E72: 20000 | F72: 20000 | G72: 25000 | H72: 25000 | I72: 22000 | J72: 25000 | K72: =AVERAGE(D72:J72) -> 23142.857
B73: - Bawang Bombay | C73: Kg | D73: 30000 | E73: 25000 | F73: 25000 | G73: 30000 | H73: 25000 | I73: 25000 | J73: - | K73: =AVERAGE(D73:J73) -> 26666.667
A74: 20 | B74: UBI-UBIAN
B75: - Ketela Pohon | C75: Kg | D75: 6000 | E75: 7000 | F75: 5000 | G75: 6000 | H75: 5000 | I75: 5000 | J75: 5000 | K75: =AVERAGE(D75:J75) -> 5571.4286
B76: - Ubi Jalar | C76: Kg | D76: 6000 | E76: 6000 | F76: 6000 | G76: 6000 | H76: 5000 | I76: 6000 | J76: 6000 | K76: =AVERAGE(D76:J76) -> 5857.1429
A77: 21 | B77: SAYUR-SAYURAN
B78: - Kubis | C78: Kg | D78: 7000 | E78: 7000 | F78: 8000 | G78: 8000 | H78: 10000 | I78: 8000 | J78: - | K78: =AVERAGE(D78:J78) -> 8000
B79: - Buncis | C79: Kg | D79: 20000 | E79: 12000 | F79: 12000 | G79: 16000 | H79: 10000 | I79: 12000 | J79: 20000 | K79: =AVERAGE(D79:J79) -> 14571.429
B80: - Kentang | C80: Kg | D80: 14000 | E80: 15000 | F80: 15000 | G80: 15000 | H80: 15000 | I80: 15000 | J80: 15000 | K80: =AVERAGE(D80:J80) -> 14857.143
B81: - Tomat | C81: Kg | D81: 8000 | E81: 8000 | F81: 5000 | G81: 10000 | H81: 5000 | I81: 5000 | J81: 5000 | K81: =AVERAGE(D81:J81) -> 6571.4286
B82: - Wortel (Kualitas Lokal) | C82: Kg | D82: 12000 | E82: 12000 | F82: 13000 | G82: 12000 | H82: 10000 | I82: 13000 | J82: 13000 | K82: =AVERAGE(D82:J82) -> 12142.857
B83: - Terong Ungu (Jenis Sayur) | C83: Kg | D83: 8000 | E83: 8000 | F83: 9000 | G83: 8000 | H83: 9000 | I83: 9000 | J83: 8000 | K83: =AVERAGE(D83:J83) -> 8428.5714
